stazione,ora,vento_medio_ms,raffica_ms,direzione
TOS01001205,2026-10-05T00:00,0.9,2.4,255.0
TOS01001205,2026-10-05T00:15,1.4,3.9,334.0
TOS01001205,2026-10-05T00:30,2.2,4.3,53.0
TOS01001205,2026-10-05T00:45,1.3,3.3,42.0
TOS01001205,2026-10-05T01:00,1.1,2.3,262.0
TOS01001205,2026-10-05T01:15,0.8,1.9,296.0
TOS01001205,2026-10-05T01:30,0.8,1.7,52.0
TOS01001205,2026-10-05T01:45,0.7,2.2,256.0
TOS01001205,2026-10-05T02:00,1.0,2.4,259.0
TOS01001205,2026-10-05T02:15,1.1,2.3,254.0
TOS01001205,2026-10-05T02:30,0.9,2.1,251.0
TOS01001205,2026-10-05T02:45,1.1,2.1,262.0
TOS01001205,2026-10-05T03:00,1.1,2.5,55.0
TOS01001205,2026-10-05T03:15,0.5,1.2,78.0
TOS01001205,2026-10-05T03:30,0.7,1.4,56.0
TOS01001205,2026-10-05T03:45,0.6,1.3,273.0
TOS01001205,2026-10-05T04:00,1.5,3.5,51.0
TOS01001205,2026-10-05T04:15,1.1,3.1,60.0
TOS01001205,2026-10-05T04:30,1.3,3.3,58.0
TOS01001205,2026-10-05T04:45,0.8,1.9,268.0
TOS01001205,2026-10-05T05:00,1.1,2.8,64.0
TOS01001205,2026-10-05T05:15,0.8,2.3,41.0
TOS01001205,2026-10-05T05:30,1.0,2.5,57.0
TOS01001205,2026-10-05T05:45,0.9,2.2,259.0
TOS01001205,2026-10-05T06:00,1.1,2.9,321.0
TOS01001205,2026-10-05T06:15,1.3,3.4,38.0
TOS01001205,2026-10-05T06:30,1.2,3.0,31.0
TOS01001205,2026-10-05T06:45,1.2,3.0,43.0
TOS01001205,2026-10-05T07:00,1.0,3.1,59.0
TOS01001205,2026-10-05T07:15,1.4,3.8,54.0
TOS01001205,2026-10-05T07:30,1.3,2.9,58.0
TOS01001205,2026-10-05T07:45,1.3,3.1,48.0
TOS01001205,2026-10-05T08:00,1.6,3.0,51.0
TOS01001205,2026-10-05T08:15,1.4,2.6,56.0
TOS01001205,2026-10-05T08:30,1.2,2.7,60.0
TOS01001205,2026-10-05T08:45,1.0,1.6,78.0
TOS01001205,2026-10-05T09:00,0.8,1.7,90.0
TOS01001205,2026-10-05T09:15,0.6,1.2,131.0
TOS01001205,2026-10-05T09:30,1.0,1.7,104.0
TOS01001205,2026-10-05T09:45,0.8,1.5,114.0
TOS01001205,2026-10-05T10:00,0.7,1.7,131.0
TOS01001205,2026-10-05T10:15,1.2,1.7,96.0
TOS01001205,2026-10-05T10:30,0.9,1.9,99.0
TOS01001205,2026-10-05T10:45,0.5,1.4,281.0
TOS01001205,2026-10-05T11:00,0.8,1.7,234.0
TOS01001205,2026-10-05T11:15,1.0,1.7,219.0
TOS01001205,2026-10-05T11:30,1.2,2.4,237.0
TOS01001205,2026-10-05T11:45,0.8,1.8,211.0
TOS01001205,2026-10-05T12:00,1.0,1.8,225.0
TOS01001205,2026-10-05T12:30,0.9,1.8,218.0
TOS01001205,2026-10-05T12:45,0.6,1.5,1.0
TOS01001205,2026-10-05T13:00,1.0,1.7,68.0
TOS01001205,2026-10-05T13:15,0.8,1.8,94.0
TOS01001205,2026-10-05T13:30,0.9,1.7,104.0
TOS01001205,2026-10-05T13:45,1.0,2.2,94.0
TOS01001205,2026-10-05T14:00,0.8,1.6,83.0
TOS01001205,2026-10-05T14:15,0.5,1.4,15.0
TOS01001205,2026-10-05T14:30,0.8,1.8,122.0
TOS01001205,2026-10-05T14:45,1.1,1.7,68.0
TOS01001205,2026-10-05T15:00,0.9,1.8,69.0
TOS01001205,2026-10-05T15:15,0.8,1.7,64.0
TOS01001205,2026-10-05T15:30,0.7,1.6,78.0
TOS01001205,2026-10-05T15:45,0.7,1.4,80.0
TOS01001205,2026-10-05T16:00,0.5,1.0,109.0
TOS01001205,2026-10-05T16:15,0.4,1.0,134.0
TOS01001205,2026-10-05T16:30,0.6,1.4,217.0
TOS01001205,2026-10-05T16:45,1.0,2.2,232.0
TOS01001205,2026-10-05T17:00,1.2,2.1,243.0
TOS01001205,2026-10-05T17:15,0.8,1.8,262.0
TOS01001205,2026-10-05T17:30,0.5,1.2,80.0
TOS01001205,2026-10-05T17:45,0.6,1.1,59.0
TOS01001205,2026-10-05T18:00,0.4,1.0,71.0
TOS01001205,2026-10-05T18:15,0.5,1.1,73.0
TOS01001205,2026-10-05T18:30,0.4,0.9,79.0
TOS01001205,2026-10-05T18:45,0.6,1.4,252.0
TOS01001205,2026-10-05T19:00,0.9,1.9,259.0
TOS01001205,2026-10-05T19:15,0.9,2.0,253.0
TOS01001205,2026-10-05T19:30,0.9,2.2,255.0
TOS01001205,2026-10-05T19:45,0.8,2.2,292.0
TOS01001205,2026-10-05T20:00,1.2,2.8,43.0
TOS01001205,2026-10-05T20:15,1.5,3.6,30.0
TOS01001205,2026-10-05T20:30,1.1,3.0,49.0
TOS01001205,2026-10-05T20:45,0.6,2.0,0.0
TOS01001205,2026-10-05T21:00,0.6,1.5,244.0
TOS01001205,2026-10-05T21:15,0.6,1.5,103.0
TOS01001205,2026-10-05T21:30,0.8,2.0,276.0
TOS01001205,2026-10-05T21:45,1.0,2.3,35.0
TOS01001205,2026-10-05T22:00,0.7,2.0,264.0
TOS01001205,2026-10-05T22:15,0.9,2.2,262.0
TOS01001205,2026-10-05T22:30,1.2,3.3,327.0
TOS01001205,2026-10-05T22:45,1.3,3.1,13.0
TOS01001205,2026-10-05T23:00,1.1,3.1,271.0
TOS01001205,2026-10-05T23:15,1.5,3.8,319.0
TOS01001205,2026-10-05T23:30,1.1,4.0,274.0
TOS01001205,2026-10-05T23:45,0.9,2.3,266.0
TOS01001269,2026-10-05T00:00,1.0,1.4,230.0
TOS01001269,2026-10-05T00:15,0.9,1.6,44.0
TOS01001269,2026-10-05T00:30,0.7,1.5,53.0
TOS01001269,2026-10-05T00:45,0.2,0.5,154.0
TOS01001269,2026-10-05T01:00,0.9,1.5,205.0
TOS01001269,2026-10-05T01:15,0.9,1.5,229.0
TOS01001269,2026-10-05T01:30,0.4,0.8,287.0
TOS01001269,2026-10-05T01:45,0.8,1.2,31.0
TOS01001269,2026-10-05T02:00,0.9,1.0,11.0
TOS01001269,2026-10-05T02:15,1.3,1.9,338.0
TOS01001269,2026-10-05T02:30,0.5,0.8,322.0
TOS01001269,2026-10-05T02:45,0.7,1.0,237.0
TOS01001269,2026-10-05T03:00,0.9,1.1,241.0
TOS01001269,2026-10-05T03:15,1.1,1.3,229.0
TOS01001269,2026-10-05T03:30,0.5,0.9,252.0
TOS01001269,2026-10-05T03:45,0.9,1.1,353.0
TOS01001269,2026-10-05T04:00,1.0,1.4,344.0
TOS01001269,2026-10-05T04:15,0.6,1.2,305.0
TOS01001269,2026-10-05T04:30,0.4,1.1,289.0
TOS01001269,2026-10-05T04:45,0.9,1.7,271.0
TOS01001269,2026-10-05T05:00,0.2,0.5,249.0
TOS01001269,2026-10-05T05:15,0.4,0.7,334.0
TOS01001269,2026-10-05T05:30,0.5,0.9,268.0
TOS01001269,2026-10-05T05:45,0.8,1.0,243.0
TOS01001269,2026-10-05T06:00,0.5,0.8,285.0
TOS01001269,2026-10-05T06:15,0.5,0.9,280.0
TOS01001269,2026-10-05T06:30,0.5,1.0,299.0
TOS01001269,2026-10-05T06:45,0.5,0.9,286.0
TOS01001269,2026-10-05T07:00,0.6,1.0,313.0
TOS01001269,2026-10-05T07:15,0.7,1.2,239.0
TOS01001269,2026-10-05T07:30,0.4,0.7,182.0
TOS01001269,2026-10-05T07:45,0.4,0.7,114.0
TOS01001269,2026-10-05T08:00,0.3,0.5,33.0
TOS01001269,2026-10-05T08:15,0.2,0.5,61.0
TOS01001269,2026-10-05T08:30,0.3,0.8,179.0
TOS01001269,2026-10-05T08:45,0.4,0.9,234.0
TOS01001269,2026-10-05T09:00,0.5,1.1,204.0
TOS01001269,2026-10-05T09:15,0.5,1.4,225.0
TOS01001269,2026-10-05T09:30,0.8,1.7,129.0
TOS01001269,2026-10-05T09:45,0.5,1.6,120.0
TOS01001269,2026-10-05T10:00,0.7,1.9,250.0
TOS01001269,2026-10-05T10:15,0.7,1.4,229.0
TOS01001269,2026-10-05T10:30,0.5,1.2,196.0
TOS01001269,2026-10-05T10:45,0.7,1.6,202.0
TOS01001269,2026-10-05T11:00,0.8,1.5,194.0
TOS01001269,2026-10-05T11:15,0.7,1.5,233.0
TOS01001269,2026-10-05T11:30,0.6,1.2,181.0
TOS01001269,2026-10-05T11:45,0.7,1.4,7.0
TOS01001269,2026-10-05T12:00,0.8,1.7,359.0
TOS01001269,2026-10-05T12:15,0.7,1.2,359.0
TOS01001269,2026-10-05T12:30,0.6,1.4,217.0
TOS01001269,2026-10-05T12:45,0.6,1.1,258.0
TOS01001269,2026-10-05T13:00,0.8,2.1,344.0
TOS01001269,2026-10-05T13:15,0.4,0.8,68.0
TOS01001269,2026-10-05T13:30,0.7,1.7,195.0
TOS01001269,2026-10-05T13:45,0.7,1.7,199.0
TOS01001269,2026-10-05T14:00,0.4,1.2,242.0
TOS01001269,2026-10-05T14:15,0.7,1.8,80.0
TOS01001269,2026-10-05T14:30,0.7,1.3,323.0
TOS01001269,2026-10-05T14:45,0.4,1.1,327.0
TOS01001269,2026-10-05T15:00,0.3,0.7,253.0
TOS01001269,2026-10-05T15:15,0.2,0.5,56.0
TOS01001269,2026-10-05T15:30,0.3,1.1,329.0
TOS01001269,2026-10-05T15:45,0.9,1.2,277.0
TOS01001269,2026-10-05T16:00,1.2,1.8,263.0
TOS01001269,2026-10-05T16:15,1.2,1.8,266.0
TOS01001269,2026-10-05T16:30,1.1,1.7,247.0
TOS01001269,2026-10-05T16:45,1.0,1.6,256.0
TOS01001269,2026-10-05T17:00,1.0,1.7,262.0
TOS01001269,2026-10-05T17:15,0.5,1.1,309.0
TOS01001269,2026-10-05T17:30,0.5,0.7,242.0
TOS01001269,2026-10-05T17:45,0.3,0.6,323.0
TOS01001269,2026-10-05T18:00,0.7,0.9,344.0
TOS01001269,2026-10-05T18:15,0.9,1.0,2.0
TOS01001269,2026-10-05T18:30,0.4,0.9,314.0
TOS01001269,2026-10-05T18:45,1.2,1.7,247.0
TOS01001269,2026-10-05T19:00,0.4,0.9,313.0
TOS01001269,2026-10-05T19:15,0.8,1.1,325.0
TOS01001269,2026-10-05T19:30,1.2,1.6,319.0
TOS01001269,2026-10-05T19:45,0.7,1.5,293.0
TOS01001269,2026-10-05T20:00,0.4,0.7,272.0
TOS01001269,2026-10-05T20:15,0.9,1.2,355.0
TOS01001269,2026-10-05T20:30,0.6,1.3,97.0
TOS01001269,2026-10-05T20:45,1.1,1.5,219.0
TOS01001269,2026-10-05T21:00,0.4,0.8,292.0
TOS01001269,2026-10-05T21:15,0.3,0.7,98.0
TOS01001269,2026-10-05T21:30,0.4,0.6,81.0
TOS01001269,2026-10-05T21:45,0.4,0.7,302.0
TOS01001269,2026-10-05T22:00,0.3,0.7,245.0
TOS01001269,2026-10-05T22:15,0.7,1.3,266.0
TOS01001269,2026-10-05T22:30,0.5,1.0,306.0
TOS01001269,2026-10-05T22:45,0.8,1.2,269.0
TOS01001269,2026-10-05T23:00,1.1,1.8,259.0
TOS01001269,2026-10-05T23:15,1.6,2.1,253.0
TOS01001269,2026-10-05T23:30,1.7,2.2,258.0
TOS01001269,2026-10-05T23:45,1.6,2.2,242.0
TOS01004007,2026-10-05T00:00,1.7,2.7,297.0
TOS01004007,2026-10-05T00:15,1.7,2.6,298.0
TOS01004007,2026-10-05T00:30,2.0,2.7,298.0
TOS01004007,2026-10-05T00:45,1.6,2.1,304.0
TOS01004007,2026-10-05T01:00,1.6,2.8,294.0
TOS01004007,2026-10-05T01:15,1.6,2.7,303.0
TOS01004007,2026-10-05T01:30,1.8,2.6,310.0
TOS01004007,2026-10-05T01:45,1.7,3.2,297.0
TOS01004007,2026-10-05T02:00,2.0,3.0,297.0
TOS01004007,2026-10-05T02:15,1.8,2.9,298.0
TOS01004007,2026-10-05T02:30,2.2,3.1,297.0
TOS01004007,2026-10-05T02:45,1.7,2.9,295.0
TOS01004007,2026-10-05T03:00,1.4,2.1,290.0
TOS01004007,2026-10-05T03:15,1.4,2.6,311.0
TOS01004007,2026-10-05T03:30,1.4,3.0,325.0
TOS01004007,2026-10-05T03:45,1.0,1.4,318.0
TOS01004007,2026-10-05T04:00,1.3,1.9,299.0
TOS01004007,2026-10-05T04:15,1.8,2.5,300.0
TOS01004007,2026-10-05T04:30,2.2,3.3,306.0
TOS01004007,2026-10-05T04:45,1.7,2.4,302.0
TOS01004007,2026-10-05T05:00,1.6,2.5,285.0
TOS01004007,2026-10-05T05:15,1.9,2.7,293.0
TOS01004007,2026-10-05T05:30,1.9,2.8,302.0
TOS01004007,2026-10-05T05:45,2.2,3.3,306.0
TOS01004007,2026-10-05T06:00,1.9,2.5,306.0
TOS01004007,2026-10-05T06:15,1.9,2.5,302.0
TOS01004007,2026-10-05T06:30,1.9,2.8,295.0
TOS01004007,2026-10-05T06:45,2.2,3.2,300.0
TOS01004007,2026-10-05T07:00,2.0,3.1,296.0
TOS01004007,2026-10-05T07:15,1.9,2.5,301.0
TOS01004007,2026-10-05T07:30,2.4,3.6,296.0
TOS01004007,2026-10-05T07:45,2.0,3.7,291.0
TOS01004007,2026-10-05T08:00,1.9,3.1,295.0
TOS01004007,2026-10-05T08:15,1.9,3.2,299.0
TOS01004007,2026-10-05T08:30,1.9,3.2,297.0
TOS01004007,2026-10-05T08:45,1.9,3.1,298.0
TOS01004007,2026-10-05T09:00,1.9,3.2,293.0
TOS01004007,2026-10-05T09:15,2.0,3.4,303.0
TOS01004007,2026-10-05T09:30,1.7,2.6,293.0
TOS01004007,2026-10-05T09:45,1.5,3.1,283.0
TOS01004007,2026-10-05T10:00,1.6,3.1,288.0
TOS01004007,2026-10-05T10:15,1.6,2.5,283.0
TOS01004007,2026-10-05T10:30,1.4,2.9,293.0
TOS01004007,2026-10-05T10:45,1.8,2.7,301.0
TOS01004007,2026-10-05T11:00,1.5,2.3,281.0
TOS01004007,2026-10-05T11:15,1.2,2.0,282.0
TOS01004007,2026-10-05T11:30,1.2,2.2,289.0
TOS01004007,2026-10-05T11:45,2.1,3.3,279.0
TOS01004007,2026-10-05T12:00,1.7,2.8,278.0
TOS01004007,2026-10-05T12:15,1.5,2.8,279.0
TOS01004007,2026-10-05T12:30,1.0,2.5,297.0
TOS01004007,2026-10-05T12:45,0.8,1.5,268.0
TOS01004007,2026-10-05T13:00,0.6,1.5,292.0
TOS01004007,2026-10-05T13:15,0.9,1.8,251.0
TOS01004007,2026-10-05T13:30,1.3,2.1,282.0
TOS01004007,2026-10-05T13:45,1.0,1.9,265.0
TOS01004007,2026-10-05T14:00,0.8,1.7,266.0
TOS01004007,2026-10-05T14:15,0.7,1.5,228.0
TOS01004007,2026-10-05T14:30,1.3,2.8,228.0
TOS01004007,2026-10-05T14:45,1.0,1.8,169.0
TOS01004007,2026-10-05T15:00,1.1,2.1,186.0
TOS01004007,2026-10-05T15:15,1.5,3.0,174.0
TOS01004007,2026-10-05T15:30,1.7,3.2,183.0
TOS01004007,2026-10-05T15:45,1.4,2.8,168.0
TOS01004007,2026-10-05T16:00,2.0,3.3,193.0
TOS01004007,2026-10-05T16:15,1.6,3.4,192.0
TOS01004007,2026-10-05T16:30,1.2,2.6,233.0
TOS01004007,2026-10-05T16:45,1.9,4.1,201.0
TOS01004007,2026-10-05T17:00,2.4,3.6,190.0
TOS01004007,2026-10-05T17:15,2.4,3.8,189.0
TOS01004007,2026-10-05T17:30,1.8,3.4,184.0
TOS01004007,2026-10-05T17:45,1.5,2.7,174.0
TOS01004007,2026-10-05T18:00,0.9,1.8,135.0
TOS01004007,2026-10-05T18:15,0.8,1.4,132.0
TOS01004007,2026-10-05T18:30,0.4,0.9,89.0
TOS01004007,2026-10-05T18:45,0.6,1.0,58.0
TOS01004007,2026-10-05T19:00,1.0,1.9,38.0
TOS01004007,2026-10-05T19:15,0.8,1.6,56.0
TOS01004007,2026-10-05T19:30,0.8,2.1,48.0
TOS01004007,2026-10-05T19:45,1.2,2.2,36.0
TOS01004007,2026-10-05T20:00,0.9,2.4,49.0
TOS01004007,2026-10-05T20:15,1.1,3.5,47.0
TOS01004007,2026-10-05T20:30,1.1,2.2,23.0
TOS01004007,2026-10-05T20:45,1.1,1.9,333.0
TOS01004007,2026-10-05T21:00,1.1,2.4,8.0
TOS01004007,2026-10-05T21:15,1.1,1.9,303.0
TOS01004007,2026-10-05T21:30,1.2,2.0,302.0
TOS01004007,2026-10-05T21:45,0.8,1.6,306.0
TOS01004007,2026-10-05T22:00,1.1,1.5,320.0
TOS01004007,2026-10-05T22:15,1.1,2.2,296.0
TOS01004007,2026-10-05T22:30,1.1,2.1,322.0
TOS01004007,2026-10-05T22:45,0.7,1.5,313.0
TOS01004007,2026-10-05T23:00,1.1,1.7,310.0
TOS01004007,2026-10-05T23:15,1.3,2.3,317.0
TOS01004007,2026-10-05T23:30,1.1,1.8,301.0
TOS01004007,2026-10-05T23:45,0.7,1.6,322.0
TOS01004971,2026-10-05T00:00,0.8,1.4,151.0
TOS01004971,2026-10-05T00:15,0.8,1.5,170.0
TOS01004971,2026-10-05T00:30,0.9,1.5,172.0
TOS01004971,2026-10-05T00:45,0.7,1.4,180.0
TOS01004971,2026-10-05T01:00,0.9,2.0,164.0
TOS01004971,2026-10-05T01:15,0.9,1.5,172.0
TOS01004971,2026-10-05T01:30,0.6,1.2,182.0
TOS01004971,2026-10-05T01:45,0.7,1.4,159.0
TOS01004971,2026-10-05T02:00,0.6,1.2,186.0
TOS01004971,2026-10-05T02:15,0.2,0.7,114.0
TOS01004971,2026-10-05T02:30,0.7,1.1,141.0
TOS01004971,2026-10-05T02:45,0.8,1.2,155.0
TOS01004971,2026-10-05T03:00,1.0,1.6,169.0
TOS01004971,2026-10-05T03:15,1.0,1.5,167.0
TOS01004971,2026-10-05T03:30,0.9,1.6,164.0
TOS01004971,2026-10-05T03:45,0.8,1.4,168.0
TOS01004971,2026-10-05T04:00,0.7,1.3,166.0
TOS01004971,2026-10-05T04:15,0.8,1.5,176.0
TOS01004971,2026-10-05T04:30,0.6,1.0,168.0
TOS01004971,2026-10-05T04:45,0.6,1.2,173.0
TOS01004971,2026-10-05T05:00,0.5,1.3,162.0
TOS01004971,2026-10-05T05:15,0.6,1.3,156.0
TOS01004971,2026-10-05T05:30,0.8,1.3,177.0
TOS01004971,2026-10-05T05:45,0.6,1.2,160.0
TOS01004971,2026-10-05T06:00,0.6,1.0,159.0
TOS01004971,2026-10-05T06:15,0.3,0.8,165.0
TOS01004971,2026-10-05T06:30,0.1,0.3,212.0
TOS01004971,2026-10-05T06:45,0.6,1.0,141.0
TOS01004971,2026-10-05T07:00,0.5,1.0,165.0
TOS01004971,2026-10-05T07:15,0.4,0.8,155.0
TOS01004971,2026-10-05T07:30,0.6,1.3,150.0
TOS01004971,2026-10-05T07:45,0.9,1.2,166.0
TOS01004971,2026-10-05T08:00,0.6,1.1,176.0
TOS01004971,2026-10-05T08:15,0.4,0.6,124.0
TOS01004971,2026-10-05T08:30,0.9,1.7,162.0
TOS01004971,2026-10-05T08:45,0.8,1.7,153.0
TOS01004971,2026-10-05T09:00,0.6,1.5,192.0
TOS01004971,2026-10-05T09:15,0.3,0.8,60.0
TOS01004971,2026-10-05T09:30,0.3,0.8,253.0
TOS01004971,2026-10-05T09:45,0.4,1.0,155.0
TOS01004971,2026-10-05T10:00,0.6,1.8,215.0
TOS01004971,2026-10-05T10:15,0.7,1.7,176.0
TOS01004971,2026-10-05T10:30,0.5,1.2,222.0
TOS01004971,2026-10-05T10:45,0.4,1.1,236.0
TOS01004971,2026-10-05T11:00,0.9,1.9,325.0
TOS01004971,2026-10-05T11:15,1.0,2.4,328.0
TOS01004971,2026-10-05T11:30,1.0,2.6,322.0
TOS01004971,2026-10-05T11:45,1.4,3.2,322.0
TOS01004971,2026-10-05T12:00,1.0,2.0,317.0
TOS01004971,2026-10-05T12:15,1.2,3.1,324.0
TOS01004971,2026-10-05T12:30,0.9,2.8,316.0
TOS01004971,2026-10-05T12:45,1.1,2.5,316.0
TOS01004971,2026-10-05T13:00,1.1,2.8,314.0
TOS01004971,2026-10-05T13:15,1.0,2.5,314.0
TOS01004971,2026-10-05T13:30,1.0,2.9,327.0
TOS01004971,2026-10-05T13:45,0.9,2.2,328.0
TOS01004971,2026-10-05T14:00,0.7,1.7,315.0
TOS01004971,2026-10-05T14:15,0.6,1.6,314.0
TOS01004971,2026-10-05T14:30,0.6,1.4,314.0
TOS01004971,2026-10-05T14:45,0.5,1.1,312.0
TOS01004971,2026-10-05T15:00,0.5,1.1,319.0
TOS01004971,2026-10-05T15:15,0.5,1.0,317.0
TOS01004971,2026-10-05T15:30,0.5,1.3,313.0
TOS01004971,2026-10-05T15:45,0.6,1.2,317.0
TOS01004971,2026-10-05T16:00,0.3,0.9,301.0
TOS01004971,2026-10-05T16:15,0.2,0.6,234.0
TOS01004971,2026-10-05T16:30,0.5,0.9,238.0
TOS01004971,2026-10-05T16:45,0.3,1.1,273.0
TOS01004971,2026-10-05T17:00,0.2,0.5,153.0
TOS01004971,2026-10-05T17:15,0.5,1.3,179.0
TOS01004971,2026-10-05T17:30,0.7,1.3,165.0
TOS01004971,2026-10-05T17:45,0.7,1.0,156.0
TOS01004971,2026-10-05T18:00,0.6,0.9,155.0
TOS01004971,2026-10-05T18:15,0.6,1.1,156.0
TOS01004971,2026-10-05T18:30,0.7,1.2,135.0
TOS01004971,2026-10-05T18:45,0.6,1.1,166.0
TOS01004971,2026-10-05T19:00,0.7,1.3,153.0
TOS01004971,2026-10-05T19:15,0.6,1.0,181.0
TOS01004971,2026-10-05T19:30,0.5,0.8,166.0
TOS01004971,2026-10-05T19:45,0.9,1.6,153.0
TOS01004971,2026-10-05T20:00,0.8,1.9,165.0
TOS01004971,2026-10-05T20:15,0.9,1.4,131.0
TOS01004971,2026-10-05T20:30,0.9,1.6,163.0
TOS01004971,2026-10-05T20:45,0.8,1.5,162.0
TOS01004971,2026-10-05T21:00,0.7,1.1,172.0
TOS01004971,2026-10-05T21:15,0.8,1.9,149.0
TOS01004971,2026-10-05T21:30,0.8,1.7,145.0
TOS01004971,2026-10-05T21:45,0.7,1.5,160.0
TOS01004971,2026-10-05T22:00,0.8,1.4,171.0
TOS01004971,2026-10-05T22:15,0.9,1.5,178.0
TOS01004971,2026-10-05T22:30,0.7,1.2,178.0
TOS01004971,2026-10-05T22:45,0.7,1.1,183.0
TOS01004971,2026-10-05T23:00,0.6,0.8,160.0
TOS01004971,2026-10-05T23:15,0.6,0.9,147.0
TOS01004971,2026-10-05T23:30,0.3,0.6,166.0
TOS01004971,2026-10-05T23:45,0.4,0.9,161.0
TOS01005251,2026-10-05T00:00,2.2,2.8,106.0
TOS01005251,2026-10-05T00:15,2.5,3.4,110.0
TOS01005251,2026-10-05T00:30,2.6,3.0,114.0
TOS01005251,2026-10-05T00:45,2.5,3.4,110.0
TOS01005251,2026-10-05T01:00,2.3,3.1,110.0
TOS01005251,2026-10-05T01:15,2.5,3.3,112.0
TOS01005251,2026-10-05T01:30,2.2,3.2,111.0
TOS01005251,2026-10-05T01:45,2.6,3.2,107.0
TOS01005251,2026-10-05T02:00,2.6,3.5,109.0
TOS01005251,2026-10-05T02:15,2.1,3.0,102.0
TOS01005251,2026-10-05T02:30,2.5,3.5,112.0
TOS01005251,2026-10-05T02:45,2.3,3.8,115.0
TOS01005251,2026-10-05T03:00,2.7,3.7,117.0
TOS01005251,2026-10-05T03:15,3.1,4.1,111.0
TOS01005251,2026-10-05T03:30,3.2,4.2,115.0
TOS01005251,2026-10-05T03:45,3.2,4.6,124.0
TOS01005251,2026-10-05T04:00,2.8,4.0,127.0
TOS01005251,2026-10-05T04:15,2.6,3.7,118.0
TOS01005251,2026-10-05T04:30,3.0,4.5,116.0
TOS01005251,2026-10-05T04:45,3.0,4.5,115.0
TOS01005251,2026-10-05T05:00,2.8,3.9,124.0
TOS01005251,2026-10-05T05:15,2.7,3.9,124.0
TOS01005251,2026-10-05T05:30,2.7,4.5,126.0
TOS01005251,2026-10-05T05:45,2.8,3.8,130.0
TOS01005251,2026-10-05T06:00,2.9,4.4,116.0
TOS01005251,2026-10-05T06:15,3.0,4.2,111.0
TOS01005251,2026-10-05T06:30,3.0,4.1,112.0
TOS01005251,2026-10-05T06:45,2.9,4.2,116.0
TOS01005251,2026-10-05T07:00,3.0,4.4,109.0
TOS01005251,2026-10-05T07:15,3.2,4.5,114.0
TOS01005251,2026-10-05T07:30,2.7,4.2,117.0
TOS01005251,2026-10-05T07:45,2.9,4.3,121.0
TOS01005251,2026-10-05T08:00,2.9,4.3,122.0
TOS01005251,2026-10-05T08:15,3.6,5.5,124.0
TOS01005251,2026-10-05T08:30,3.7,5.1,120.0
TOS01005251,2026-10-05T08:45,4.0,6.3,117.0
TOS01005251,2026-10-05T09:00,4.4,6.7,114.0
TOS01005251,2026-10-05T09:15,4.9,7.7,112.0
TOS01005251,2026-10-05T09:30,4.1,6.5,108.0
TOS01005251,2026-10-05T09:45,4.2,5.6,107.0
TOS01005251,2026-10-05T10:00,5.0,6.7,98.0
TOS01005251,2026-10-05T10:15,5.1,6.4,97.0
TOS01005251,2026-10-05T10:30,5.2,6.6,99.0
TOS01005251,2026-10-05T10:45,5.0,6.2,93.0
TOS01005251,2026-10-05T11:00,4.9,5.7,98.0
TOS01005251,2026-10-05T11:15,4.0,5.0,94.0
TOS01005251,2026-10-05T11:30,3.1,4.1,95.0
TOS01005251,2026-10-05T11:45,3.2,4.4,93.0
TOS01005251,2026-10-05T12:00,2.9,3.7,97.0
TOS01005251,2026-10-05T12:15,3.2,4.2,98.0
TOS01005251,2026-10-05T12:30,2.8,3.6,98.0
TOS01005251,2026-10-05T12:45,2.6,3.6,94.0
TOS01005251,2026-10-05T13:00,1.9,2.7,98.0
TOS01005251,2026-10-05T13:15,1.2,2.0,97.0
TOS01005251,2026-10-05T13:30,1.2,2.0,127.0
TOS01005251,2026-10-05T13:45,1.2,1.9,131.0
TOS01005251,2026-10-05T14:00,1.2,1.6,125.0
TOS01005251,2026-10-05T14:15,1.4,2.2,123.0
TOS01005251,2026-10-05T14:30,0.9,1.8,134.0
TOS01005251,2026-10-05T14:45,0.6,1.0,188.0
TOS01005251,2026-10-05T15:00,0.5,1.2,103.0
TOS01005251,2026-10-05T15:15,0.9,1.4,135.0
TOS01005251,2026-10-05T15:30,1.1,1.5,154.0
TOS01005251,2026-10-05T15:45,1.5,3.0,185.0
TOS01005251,2026-10-05T16:00,2.2,3.9,189.0
TOS01005251,2026-10-05T16:15,2.2,3.7,181.0
TOS01005251,2026-10-05T16:30,2.1,3.3,185.0
TOS01005251,2026-10-05T16:45,1.4,2.9,179.0
TOS01005251,2026-10-05T17:00,1.1,1.9,159.0
TOS01005251,2026-10-05T17:15,1.0,1.4,134.0
TOS01005251,2026-10-05T17:30,1.2,1.7,140.0
TOS01005251,2026-10-05T17:45,1.3,1.7,137.0
TOS01005251,2026-10-05T18:00,1.1,1.6,130.0
TOS01005251,2026-10-05T18:15,1.1,1.4,124.0
TOS01005251,2026-10-05T18:30,0.8,1.3,116.0
TOS01005251,2026-10-05T18:45,1.1,1.4,122.0
TOS01005251,2026-10-05T19:00,1.1,1.3,121.0
TOS01005251,2026-10-05T19:15,1.3,1.5,94.0
TOS01005251,2026-10-05T19:30,1.3,2.0,130.0
TOS01005251,2026-10-05T19:45,1.9,2.4,144.0
TOS01005251,2026-10-05T20:00,1.4,1.9,147.0
TOS01005251,2026-10-05T20:15,1.7,2.2,148.0
TOS01005251,2026-10-05T20:30,1.9,2.2,152.0
TOS01005251,2026-10-05T20:45,1.9,2.5,144.0
TOS01005251,2026-10-05T21:00,1.7,2.0,122.0
TOS01005251,2026-10-05T21:15,1.9,2.2,134.0
TOS01005251,2026-10-05T21:30,1.7,2.0,141.0
TOS01005251,2026-10-05T21:45,1.6,2.1,141.0
TOS01005251,2026-10-05T22:00,1.4,1.7,102.0
TOS01005251,2026-10-05T22:15,1.4,3.0,77.0
TOS01005251,2026-10-05T22:30,2.5,3.3,63.0
TOS01005251,2026-10-05T22:45,1.9,2.4,91.0
TOS01005251,2026-10-05T23:00,1.0,1.7,91.0
TOS01005251,2026-10-05T23:15,1.2,1.9,114.0
TOS01005251,2026-10-05T23:30,1.4,2.2,130.0
TOS01005251,2026-10-05T23:45,2.2,2.8,135.0
TOS02000108,2026-10-05T00:00,1.0,1.3,18.0
TOS02000108,2026-10-05T00:15,1.0,1.7,15.0
TOS02000108,2026-10-05T00:30,1.0,1.5,9.0
TOS02000108,2026-10-05T00:45,1.1,1.5,356.0
TOS02000108,2026-10-05T01:00,1.2,1.6,0.0
TOS02000108,2026-10-05T01:15,1.3,1.6,4.0
TOS02000108,2026-10-05T01:30,1.3,1.6,3.0
TOS02000108,2026-10-05T01:45,1.4,1.6,6.0
TOS02000108,2026-10-05T02:00,1.0,1.4,13.0
TOS02000108,2026-10-05T02:15,0.9,1.3,11.0
TOS02000108,2026-10-05T02:30,0.9,1.4,25.0
TOS02000108,2026-10-05T02:45,1.1,1.5,15.0
TOS02000108,2026-10-05T03:00,1.3,1.6,9.0
TOS02000108,2026-10-05T03:15,0.9,1.4,20.0
TOS02000108,2026-10-05T03:30,0.9,1.4,15.0
TOS02000108,2026-10-05T03:45,0.9,1.3,19.0
TOS02000108,2026-10-05T04:00,1.1,1.4,8.0
TOS02000108,2026-10-05T04:15,1.2,1.4,8.0
TOS02000108,2026-10-05T04:30,1.2,1.5,6.0
TOS02000108,2026-10-05T04:45,1.0,1.3,3.0
TOS02000108,2026-10-05T05:00,1.1,1.4,2.0
TOS02000108,2026-10-05T05:15,1.3,1.5,7.0
TOS02000108,2026-10-05T05:30,1.2,1.4,6.0
TOS02000108,2026-10-05T05:45,1.0,1.3,4.0
TOS02000108,2026-10-05T06:00,1.0,1.2,6.0
TOS02000108,2026-10-05T06:15,1.1,1.4,5.0
TOS02000108,2026-10-05T06:30,1.2,1.4,4.0
TOS02000108,2026-10-05T06:45,1.1,1.4,2.0
TOS02000108,2026-10-05T07:00,0.9,1.2,359.0
TOS02000108,2026-10-05T07:15,0.8,1.0,9.0
TOS02000108,2026-10-05T07:30,0.6,0.8,353.0
TOS02000108,2026-10-05T07:45,0.6,0.7,12.0
TOS02000108,2026-10-05T08:00,0.2,0.6,230.0
TOS02000108,2026-10-05T08:15,0.4,1.2,228.0
TOS02000108,2026-10-05T08:30,0.2,0.5,48.0
TOS02000108,2026-10-05T08:45,0.3,0.6,231.0
TOS02000108,2026-10-05T09:00,0.5,1.6,219.0
TOS02000108,2026-10-05T09:15,0.9,2.0,234.0
TOS02000108,2026-10-05T09:30,0.6,1.7,246.0
TOS02000108,2026-10-05T09:45,0.7,1.7,232.0
TOS02000108,2026-10-05T10:00,0.7,2.1,235.0
TOS02000108,2026-10-05T10:15,1.2,2.6,258.0
TOS02000108,2026-10-05T10:30,0.8,2.0,233.0
TOS02000108,2026-10-05T10:45,0.9,1.8,226.0
TOS02000108,2026-10-05T11:00,0.8,1.9,238.0
TOS02000108,2026-10-05T11:15,1.1,2.3,247.0
TOS02000108,2026-10-05T11:30,1.3,2.6,278.0
TOS02000108,2026-10-05T11:45,0.9,2.3,219.0
TOS02000108,2026-10-05T12:00,0.8,2.4,211.0
TOS02000108,2026-10-05T12:15,1.1,2.6,225.0
TOS02000108,2026-10-05T12:30,0.9,2.2,240.0
TOS02000108,2026-10-05T12:45,1.0,1.9,232.0
TOS02000108,2026-10-05T13:00,0.8,1.8,209.0
TOS02000108,2026-10-05T13:15,0.7,1.8,208.0
TOS02000108,2026-10-05T13:30,0.6,2.1,195.0
TOS02000108,2026-10-05T13:45,0.6,1.7,197.0
TOS02000108,2026-10-05T14:00,0.7,1.8,233.0
TOS02000108,2026-10-05T14:15,0.7,1.6,215.0
TOS02000108,2026-10-05T14:30,0.6,1.5,215.0
TOS02000108,2026-10-05T14:45,0.9,1.9,233.0
TOS02000108,2026-10-05T15:00,0.7,1.6,212.0
TOS02000108,2026-10-05T15:15,0.7,1.8,213.0
TOS02000108,2026-10-05T15:30,0.6,2.2,219.0
TOS02000108,2026-10-05T15:45,0.6,1.6,210.0
TOS02000108,2026-10-05T16:00,1.3,2.5,196.0
TOS02000108,2026-10-05T16:15,1.1,2.8,174.0
TOS02000108,2026-10-05T16:30,0.8,2.0,208.0
TOS02000108,2026-10-05T16:45,0.8,1.7,225.0
TOS02000108,2026-10-05T17:00,0.9,2.1,255.0
TOS02000108,2026-10-05T17:15,1.0,2.4,281.0
TOS02000108,2026-10-05T17:30,0.6,1.6,211.0
TOS02000108,2026-10-05T17:45,0.5,1.8,278.0
TOS02000108,2026-10-05T18:00,0.5,0.9,342.0
TOS02000108,2026-10-05T18:15,0.6,0.8,352.0
TOS02000108,2026-10-05T18:30,0.7,0.9,18.0
TOS02000108,2026-10-05T18:45,0.7,1.0,357.0
TOS02000108,2026-10-05T19:00,0.9,1.3,11.0
TOS02000108,2026-10-05T19:15,0.9,1.3,6.0
TOS02000108,2026-10-05T19:30,0.9,1.3,13.0
TOS02000108,2026-10-05T19:45,0.9,1.3,4.0
TOS02000108,2026-10-05T20:00,0.9,1.3,5.0
TOS02000108,2026-10-05T20:15,0.7,1.1,25.0
TOS02000108,2026-10-05T20:30,0.8,1.9,35.0
TOS02000108,2026-10-05T20:45,1.0,1.5,9.0
TOS02000108,2026-10-05T21:00,1.0,1.6,10.0
TOS02000108,2026-10-05T21:15,1.3,1.7,354.0
TOS02000108,2026-10-05T21:30,1.0,1.6,12.0
TOS02000108,2026-10-05T21:45,1.0,1.4,12.0
TOS02000108,2026-10-05T22:00,1.1,1.5,3.0
TOS02000108,2026-10-05T22:15,1.0,1.3,2.0
TOS02000108,2026-10-05T22:30,1.1,1.3,10.0
TOS02000108,2026-10-05T22:45,1.1,1.3,10.0
TOS02000108,2026-10-05T23:00,1.0,1.4,4.0
TOS02000108,2026-10-05T23:15,0.9,1.5,4.0
TOS02000108,2026-10-05T23:30,1.0,1.5,7.0
TOS02000108,2026-10-05T23:45,1.0,1.6,359.0
TOS02000275,2026-10-05T00:00,3.5,5.1,249.0
TOS02000275,2026-10-05T00:15,2.9,4.7,253.0
TOS02000275,2026-10-05T00:30,2.7,4.5,257.0
TOS02000275,2026-10-05T00:45,2.8,4.3,250.0
TOS02000275,2026-10-05T01:00,3.1,4.5,249.0
TOS02000275,2026-10-05T01:15,3.0,4.8,247.0
TOS02000275,2026-10-05T01:30,3.4,4.8,250.0
TOS02000275,2026-10-05T01:45,3.3,4.9,251.0
TOS02000275,2026-10-05T02:00,3.6,5.2,251.0
TOS02000275,2026-10-05T02:15,3.3,4.9,250.0
TOS02000275,2026-10-05T02:30,2.5,4.3,255.0
TOS02000275,2026-10-05T02:45,2.3,3.4,254.0
TOS02000275,2026-10-05T03:00,2.4,4.0,256.0
TOS02000275,2026-10-05T03:15,3.0,4.7,250.0
TOS02000275,2026-10-05T03:30,3.3,4.9,251.0
TOS02000275,2026-10-05T03:45,3.4,5.5,250.0
TOS02000275,2026-10-05T04:00,3.7,5.5,249.0
TOS02000275,2026-10-05T04:15,3.6,5.2,249.0
TOS02000275,2026-10-05T04:30,3.7,5.5,247.0
TOS02000275,2026-10-05T04:45,3.6,6.2,250.0
TOS02000275,2026-10-05T05:00,3.4,5.2,250.0
TOS02000275,2026-10-05T05:15,3.5,5.2,248.0
TOS02000275,2026-10-05T05:30,2.9,5.1,248.0
TOS02000275,2026-10-05T05:45,2.7,4.0,251.0
TOS02000275,2026-10-05T06:00,2.7,4.4,253.0
TOS02000275,2026-10-05T06:15,2.7,4.4,248.0
TOS02000275,2026-10-05T06:30,3.0,4.6,240.0
TOS02000275,2026-10-05T06:45,3.6,4.7,230.0
TOS02000275,2026-10-05T07:00,3.7,5.7,234.0
TOS02000275,2026-10-05T07:15,3.7,5.3,240.0
TOS02000275,2026-10-05T07:30,3.2,4.7,238.0
TOS02000275,2026-10-05T07:45,3.7,5.2,241.0
TOS02000275,2026-10-05T08:00,3.7,5.4,238.0
TOS02000275,2026-10-05T08:15,3.8,5.3,230.0
TOS02000275,2026-10-05T08:30,4.0,4.9,235.0
TOS02000275,2026-10-05T08:45,3.5,4.8,235.0
TOS02000275,2026-10-05T09:00,3.0,5.3,247.0
TOS02000275,2026-10-05T09:15,2.7,5.4,254.0
TOS02000275,2026-10-05T09:30,3.1,4.9,246.0
TOS02000275,2026-10-05T09:45,3.4,4.4,239.0
TOS02000275,2026-10-05T10:00,3.2,4.4,242.0
TOS02000275,2026-10-05T10:15,2.8,4.0,245.0
TOS02000275,2026-10-05T10:30,2.7,4.2,250.0
TOS02000275,2026-10-05T10:45,3.2,4.7,245.0
TOS02000275,2026-10-05T11:00,2.4,3.7,245.0
TOS02000275,2026-10-05T11:15,3.1,5.1,246.0
TOS02000275,2026-10-05T11:30,2.8,3.9,247.0
TOS02000275,2026-10-05T11:45,2.7,4.3,249.0
TOS02000275,2026-10-05T12:00,2.2,3.6,252.0
TOS02000275,2026-10-05T12:15,2.2,3.7,252.0
TOS02000275,2026-10-05T12:30,2.3,3.6,254.0
TOS02000275,2026-10-05T12:45,1.9,3.2,251.0
TOS02000275,2026-10-05T13:00,2.8,4.6,246.0
TOS02000275,2026-10-05T13:15,2.5,4.9,242.0
TOS02000275,2026-10-05T13:30,2.6,5.1,253.0
TOS02000275,2026-10-05T13:45,2.1,3.5,248.0
TOS02000275,2026-10-05T14:00,2.2,4.3,248.0
TOS02000275,2026-10-05T14:15,2.3,3.6,249.0
TOS02000275,2026-10-05T14:30,2.0,3.0,251.0
TOS02000275,2026-10-05T14:45,2.0,4.0,250.0
TOS02000275,2026-10-05T15:00,2.0,4.0,249.0
TOS02000275,2026-10-05T15:15,1.7,3.3,247.0
TOS02000275,2026-10-05T15:30,1.7,3.3,251.0
TOS02000275,2026-10-05T15:45,2.2,3.7,243.0
TOS02000275,2026-10-05T16:00,2.4,4.3,251.0
TOS02000275,2026-10-05T16:15,2.4,4.3,259.0
TOS02000275,2026-10-05T16:30,2.2,3.8,255.0
TOS02000275,2026-10-05T16:45,2.3,3.6,257.0
TOS02000275,2026-10-05T17:00,2.2,3.3,250.0
TOS02000275,2026-10-05T17:15,2.1,2.7,252.0
TOS02000275,2026-10-05T17:30,2.3,3.0,251.0
TOS02000275,2026-10-05T17:45,2.1,2.9,246.0
TOS02000275,2026-10-05T18:00,1.5,2.4,257.0
TOS02000275,2026-10-05T18:15,0.9,2.6,5.0
TOS02000275,2026-10-05T18:30,2.0,3.8,43.0
TOS02000275,2026-10-05T18:45,2.5,4.5,45.0
TOS02000275,2026-10-05T19:00,2.2,3.7,43.0
TOS02000275,2026-10-05T19:15,1.9,4.0,45.0
TOS02000275,2026-10-05T19:30,1.8,3.6,41.0
TOS02000275,2026-10-05T19:45,3.3,5.4,57.0
TOS02000275,2026-10-05T20:00,4.2,5.6,70.0
TOS02000275,2026-10-05T20:15,2.9,4.8,90.0
TOS02000275,2026-10-05T20:30,1.5,3.0,176.0
TOS02000275,2026-10-05T20:45,2.1,3.7,253.0
TOS02000275,2026-10-05T21:00,1.7,2.7,259.0
TOS02000275,2026-10-05T21:15,1.7,2.7,231.0
TOS02000275,2026-10-05T21:30,2.0,3.4,230.0
TOS02000275,2026-10-05T21:45,1.5,2.4,258.0
TOS02000275,2026-10-05T22:00,1.7,3.2,216.0
TOS02000275,2026-10-05T22:15,1.4,2.4,228.0
TOS02000275,2026-10-05T22:30,1.4,2.3,222.0
TOS02000275,2026-10-05T22:45,1.1,2.5,171.0
TOS02000275,2026-10-05T23:00,1.3,1.6,75.0
TOS02000275,2026-10-05T23:15,0.7,1.3,66.0
TOS02000275,2026-10-05T23:30,0.5,0.9,265.0
TOS02000275,2026-10-05T23:45,0.5,0.9,89.0
TOS02000329,2026-10-05T00:00,0.7,1.4,317.0
TOS02000329,2026-10-05T00:15,0.7,1.3,10.0
TOS02000329,2026-10-05T00:30,0.6,1.1,75.0
TOS02000329,2026-10-05T00:45,0.6,2.0,348.0
TOS02000329,2026-10-05T01:00,0.9,1.6,340.0
TOS02000329,2026-10-05T01:15,0.8,1.8,328.0
TOS02000329,2026-10-05T01:30,0.7,1.5,308.0
TOS02000329,2026-10-05T01:45,0.6,1.5,312.0
TOS02000329,2026-10-05T02:00,0.7,1.9,285.0
TOS02000329,2026-10-05T02:15,0.7,1.5,321.0
TOS02000329,2026-10-05T02:30,0.4,0.7,279.0
TOS02000329,2026-10-05T02:45,0.6,1.0,95.0
TOS02000329,2026-10-05T03:00,0.7,1.1,97.0
TOS02000329,2026-10-05T03:15,0.7,1.1,359.0
TOS02000329,2026-10-05T03:30,0.8,1.5,346.0
TOS02000329,2026-10-05T03:45,0.8,1.7,329.0
TOS02000329,2026-10-05T04:00,0.8,1.4,354.0
TOS02000329,2026-10-05T04:15,0.5,1.5,24.0
TOS02000329,2026-10-05T04:30,0.6,1.4,8.0
TOS02000329,2026-10-05T04:45,0.3,1.0,357.0
TOS02000329,2026-10-05T05:00,0.6,1.4,6.0
TOS02000329,2026-10-05T05:15,0.3,0.6,121.0
TOS02000329,2026-10-05T05:30,0.6,1.2,333.0
TOS02000329,2026-10-05T05:45,0.7,1.0,353.0
TOS02000329,2026-10-05T06:00,0.4,1.1,99.0
TOS02000329,2026-10-05T06:15,0.3,0.6,232.0
TOS02000329,2026-10-05T06:30,0.4,0.8,356.0
TOS02000329,2026-10-05T06:45,0.4,0.9,348.0
TOS02000329,2026-10-05T07:00,0.5,0.8,68.0
TOS02000329,2026-10-05T07:15,0.3,0.6,82.0
TOS02000329,2026-10-05T07:30,0.3,1.0,70.0
TOS02000329,2026-10-05T07:45,0.3,0.9,271.0
TOS02000329,2026-10-05T08:00,0.4,0.8,83.0
TOS02000329,2026-10-05T08:15,0.6,1.1,99.0
TOS02000329,2026-10-05T08:30,0.3,0.7,124.0
TOS02000329,2026-10-05T08:45,0.3,0.6,311.0
TOS02000329,2026-10-05T09:00,0.3,0.5,249.0
TOS02000329,2026-10-05T09:15,0.6,1.0,298.0
TOS02000329,2026-10-05T09:30,0.5,0.9,272.0
TOS02000329,2026-10-05T09:45,0.3,0.8,167.0
TOS02000329,2026-10-05T10:00,0.6,1.1,113.0
TOS02000329,2026-10-05T10:15,0.8,1.5,114.0
TOS02000329,2026-10-05T10:30,0.8,1.5,160.0
TOS02000329,2026-10-05T10:45,0.7,1.4,149.0
TOS02000329,2026-10-05T11:00,0.7,1.6,168.0
TOS02000329,2026-10-05T11:15,0.7,1.5,229.0
TOS02000329,2026-10-05T11:30,0.9,1.6,244.0
TOS02000329,2026-10-05T11:45,0.9,2.0,191.0
TOS02000329,2026-10-05T12:00,1.0,1.8,154.0
TOS02000329,2026-10-05T12:15,1.0,2.6,158.0
TOS02000329,2026-10-05T12:30,1.1,2.7,107.0
TOS02000329,2026-10-05T12:45,1.6,2.9,112.0
TOS02000329,2026-10-05T13:00,1.3,2.5,115.0
TOS02000329,2026-10-05T13:15,1.1,2.0,130.0
TOS02000329,2026-10-05T13:30,0.8,1.8,122.0
TOS02000329,2026-10-05T13:45,0.7,2.4,108.0
TOS02000329,2026-10-05T14:00,1.4,2.8,106.0
TOS02000329,2026-10-05T14:15,1.2,2.4,94.0
TOS02000329,2026-10-05T14:30,1.3,2.8,87.0
TOS02000329,2026-10-05T14:45,1.1,2.9,105.0
TOS02000329,2026-10-05T15:00,1.5,3.2,107.0
TOS02000329,2026-10-05T15:15,1.3,3.1,96.0
TOS02000329,2026-10-05T15:30,1.3,2.5,113.0
TOS02000329,2026-10-05T15:45,1.0,2.5,102.0
TOS02000329,2026-10-05T16:00,0.6,1.7,103.0
TOS02000329,2026-10-05T16:15,1.1,2.2,122.0
TOS02000329,2026-10-05T16:30,1.0,2.4,179.0
TOS02000329,2026-10-05T16:45,1.1,2.9,146.0
TOS02000329,2026-10-05T17:00,0.6,1.5,265.0
TOS02000329,2026-10-05T17:15,0.6,1.5,103.0
TOS02000329,2026-10-05T17:30,0.5,1.3,93.0
TOS02000329,2026-10-05T17:45,0.7,1.4,79.0
TOS02000329,2026-10-05T18:00,0.5,0.9,86.0
TOS02000329,2026-10-05T18:15,0.6,1.2,337.0
TOS02000329,2026-10-05T18:30,0.6,1.3,46.0
TOS02000329,2026-10-05T18:45,0.7,1.0,318.0
TOS02000329,2026-10-05T19:00,0.6,1.0,341.0
TOS02000329,2026-10-05T19:15,0.5,0.8,52.0
TOS02000329,2026-10-05T19:30,0.6,1.0,46.0
TOS02000329,2026-10-05T19:45,0.5,1.1,346.0
TOS02000329,2026-10-05T20:00,0.6,1.1,331.0
TOS02000329,2026-10-05T20:15,0.8,1.2,353.0
TOS02000329,2026-10-05T20:30,1.0,1.7,353.0
TOS02000329,2026-10-05T20:45,0.6,1.2,34.0
TOS02000329,2026-10-05T21:00,0.5,0.8,39.0
TOS02000329,2026-10-05T21:15,0.4,1.0,51.0
TOS02000329,2026-10-05T21:30,0.5,0.9,37.0
TOS02000329,2026-10-05T21:45,0.3,0.6,321.0
TOS02000329,2026-10-05T22:00,0.2,0.5,33.0
TOS02000329,2026-10-05T22:15,0.4,0.7,358.0
TOS02000329,2026-10-05T22:30,0.4,0.9,18.0
TOS02000329,2026-10-05T22:45,0.3,0.7,9.0
TOS02000329,2026-10-05T23:00,0.2,0.6,33.0
TOS02000329,2026-10-05T23:15,0.4,0.8,83.0
TOS02000329,2026-10-05T23:30,0.5,0.9,329.0
TOS02000329,2026-10-05T23:45,0.5,1.4,332.0
TOS02000332,2026-10-05T00:00,0.7,1.8,230.0
TOS02000332,2026-10-05T00:15,0.4,0.8,231.0
TOS02000332,2026-10-05T00:30,0.6,1.6,221.0
TOS02000332,2026-10-05T00:45,0.3,0.8,251.0
TOS02000332,2026-10-05T01:00,0.4,1.0,248.0
TOS02000332,2026-10-05T01:15,0.5,1.1,220.0
TOS02000332,2026-10-05T01:30,0.4,1.3,240.0
TOS02000332,2026-10-05T01:45,0.6,1.8,264.0
TOS02000332,2026-10-05T02:00,0.4,1.4,213.0
TOS02000332,2026-10-05T02:15,0.5,1.6,222.0
TOS02000332,2026-10-05T02:30,0.4,1.1,254.0
TOS02000332,2026-10-05T02:45,0.4,0.9,252.0
TOS02000332,2026-10-05T03:00,0.3,0.9,199.0
TOS02000332,2026-10-05T03:15,0.6,1.2,245.0
TOS02000332,2026-10-05T03:30,0.6,1.7,207.0
TOS02000332,2026-10-05T03:45,0.7,1.3,235.0
TOS02000332,2026-10-05T04:00,0.5,1.5,214.0
TOS02000332,2026-10-05T04:15,0.4,0.9,250.0
TOS02000332,2026-10-05T04:30,0.6,1.9,247.0
TOS02000332,2026-10-05T04:45,0.5,1.2,248.0
TOS02000332,2026-10-05T05:00,0.6,1.6,201.0
TOS02000332,2026-10-05T05:15,0.7,2.0,222.0
TOS02000332,2026-10-05T05:30,0.4,0.9,293.0
TOS02000332,2026-10-05T05:45,0.5,1.3,211.0
TOS02000332,2026-10-05T06:00,0.6,1.6,263.0
TOS02000332,2026-10-05T06:15,0.4,0.8,235.0
TOS02000332,2026-10-05T06:30,0.3,0.7,205.0
TOS02000332,2026-10-05T06:45,0.4,1.4,331.0
TOS02000332,2026-10-05T07:00,0.5,1.1,254.0
TOS02000332,2026-10-05T07:15,0.6,1.4,211.0
TOS02000332,2026-10-05T07:30,0.5,1.1,189.0
TOS02000332,2026-10-05T07:45,0.4,1.0,106.0
TOS02000332,2026-10-05T08:00,0.3,0.6,124.0
TOS02000332,2026-10-05T08:15,0.3,0.6,113.0
TOS02000332,2026-10-05T08:30,0.4,1.1,160.0
TOS02000332,2026-10-05T08:45,0.7,1.2,167.0
TOS02000332,2026-10-05T09:00,0.5,1.3,102.0
TOS02000332,2026-10-05T09:15,0.7,1.5,68.0
TOS02000332,2026-10-05T09:30,0.8,1.2,70.0
TOS02000332,2026-10-05T09:45,1.3,2.7,78.0
TOS02000332,2026-10-05T10:00,1.0,1.9,81.0
TOS02000332,2026-10-05T10:15,0.7,1.8,87.0
TOS02000332,2026-10-05T10:30,0.5,1.1,75.0
TOS02000332,2026-10-05T10:45,0.4,0.8,135.0
TOS02000332,2026-10-05T11:00,0.4,0.8,89.0
TOS02000332,2026-10-05T11:15,0.7,1.2,76.0
TOS02000332,2026-10-05T11:30,1.3,2.1,68.0
TOS02000332,2026-10-05T11:45,1.2,2.2,75.0
TOS02000332,2026-10-05T12:00,1.5,3.5,102.0
TOS02000332,2026-10-05T12:15,1.4,3.1,107.0
TOS02000332,2026-10-05T12:30,0.9,2.0,108.0
TOS02000332,2026-10-05T12:45,0.5,1.2,76.0
TOS02000332,2026-10-05T13:00,0.4,0.9,162.0
TOS02000332,2026-10-05T13:15,0.5,1.0,128.0
TOS02000332,2026-10-05T13:30,0.6,1.1,64.0
TOS02000332,2026-10-05T13:45,0.4,0.9,64.0
TOS02000332,2026-10-05T14:00,1.0,1.7,68.0
TOS02000332,2026-10-05T14:15,0.8,1.8,86.0
TOS02000332,2026-10-05T14:30,0.8,1.6,82.0
TOS02000332,2026-10-05T14:45,0.5,1.0,94.0
TOS02000332,2026-10-05T15:00,0.3,0.7,166.0
TOS02000332,2026-10-05T15:15,0.5,0.9,175.0
TOS02000332,2026-10-05T15:30,0.4,0.8,192.0
TOS02000332,2026-10-05T15:45,0.4,1.2,215.0
TOS02000332,2026-10-05T16:00,0.4,0.8,197.0
TOS02000332,2026-10-05T16:15,0.4,0.9,197.0
TOS02000332,2026-10-05T16:30,0.5,1.4,171.0
TOS02000332,2026-10-05T16:45,0.5,1.7,246.0
TOS02000332,2026-10-05T17:00,0.9,2.4,223.0
TOS02000332,2026-10-05T17:15,1.1,2.1,181.0
TOS02000332,2026-10-05T17:30,0.5,1.5,179.0
TOS02000332,2026-10-05T17:45,0.6,1.5,184.0
TOS02000332,2026-10-05T18:00,0.4,1.5,235.0
TOS02000332,2026-10-05T18:15,0.8,2.0,183.0
TOS02000332,2026-10-05T18:30,0.6,1.6,227.0
TOS02000332,2026-10-05T18:45,0.6,1.2,192.0
TOS02000332,2026-10-05T19:00,0.6,1.5,216.0
TOS02000332,2026-10-05T19:15,0.6,1.4,213.0
TOS02000332,2026-10-05T19:30,0.7,1.6,199.0
TOS02000332,2026-10-05T19:45,0.7,2.0,221.0
TOS02000332,2026-10-05T20:00,0.8,1.7,200.0
TOS02000332,2026-10-05T20:15,0.8,1.9,227.0
TOS02000332,2026-10-05T20:30,0.8,1.7,212.0
TOS02000332,2026-10-05T20:45,0.6,1.4,249.0
TOS02000332,2026-10-05T21:00,1.2,2.2,196.0
TOS02000332,2026-10-05T21:15,0.5,1.4,267.0
TOS02000332,2026-10-05T21:30,0.2,0.5,61.0
TOS02000332,2026-10-05T21:45,0.3,0.8,241.0
TOS02000332,2026-10-05T22:00,0.6,1.8,202.0
TOS02000332,2026-10-05T22:15,0.7,1.7,215.0
TOS02000332,2026-10-05T22:30,0.3,0.7,233.0
TOS02000332,2026-10-05T22:45,0.9,2.2,217.0
TOS02000332,2026-10-05T23:00,0.4,0.9,239.0
TOS02000332,2026-10-05T23:15,0.4,1.4,233.0
TOS02000332,2026-10-05T23:30,0.6,1.6,242.0
TOS02000332,2026-10-05T23:45,0.4,1.1,274.0
TOS02000372,2026-10-05T00:00,2.2,4.4,160.0
TOS02000372,2026-10-05T00:15,2.4,4.9,161.0
TOS02000372,2026-10-05T00:30,2.8,4.8,160.0
TOS02000372,2026-10-05T00:45,2.1,4.5,160.0
TOS02000372,2026-10-05T01:00,2.3,4.5,160.0
TOS02000372,2026-10-05T01:15,2.5,5.5,161.0
TOS02000372,2026-10-05T01:30,2.1,3.7,160.0
TOS02000372,2026-10-05T01:45,1.9,2.9,161.0
TOS02000372,2026-10-05T02:00,2.1,5.7,159.0
TOS02000372,2026-10-05T02:15,1.9,3.5,157.0
TOS02000372,2026-10-05T02:30,1.9,4.4,161.0
TOS02000372,2026-10-05T02:45,1.8,4.6,157.0
TOS02000372,2026-10-05T03:00,2.6,5.0,158.0
TOS02000372,2026-10-05T03:15,2.7,4.6,159.0
TOS02000372,2026-10-05T03:30,2.8,4.5,159.0
TOS02000372,2026-10-05T03:45,1.9,3.6,158.0
TOS02000372,2026-10-05T04:00,1.8,4.8,157.0
TOS02000372,2026-10-05T04:15,1.7,3.7,152.0
TOS02000372,2026-10-05T04:30,1.4,3.7,153.0
TOS02000372,2026-10-05T04:45,2.0,4.4,150.0
TOS02000372,2026-10-05T05:00,1.7,4.4,151.0
TOS02000372,2026-10-05T05:15,1.9,4.9,156.0
TOS02000372,2026-10-05T05:30,1.2,3.5,145.0
TOS02000372,2026-10-05T05:45,1.0,3.0,151.0
TOS02000372,2026-10-05T06:00,1.3,2.6,156.0
TOS02000372,2026-10-05T06:15,1.1,2.8,152.0
TOS02000372,2026-10-05T06:30,0.9,3.2,149.0
TOS02000372,2026-10-05T06:45,0.9,3.4,147.0
TOS02000372,2026-10-05T07:00,0.6,2.0,147.0
TOS02000372,2026-10-05T07:15,0.8,1.9,159.0
TOS02000372,2026-10-05T07:30,0.6,2.5,157.0
TOS02000372,2026-10-05T07:45,0.7,2.0,163.0
TOS02000372,2026-10-05T08:00,0.9,2.7,164.0
TOS02000372,2026-10-05T08:15,1.3,2.6,161.0
TOS02000372,2026-10-05T08:30,1.6,3.0,160.0
TOS02000372,2026-10-05T08:45,1.2,2.6,159.0
TOS02000372,2026-10-05T09:00,1.2,2.5,161.0
TOS02000372,2026-10-05T09:15,1.9,3.2,155.0
TOS02000372,2026-10-05T09:30,1.3,2.9,161.0
TOS02000372,2026-10-05T09:45,1.3,2.9,161.0
TOS02000372,2026-10-05T10:00,1.4,2.8,163.0
TOS02000372,2026-10-05T10:15,1.4,3.1,156.0
TOS02000372,2026-10-05T10:30,1.3,3.3,162.0
TOS02000372,2026-10-05T10:45,1.3,2.9,160.0
TOS02000372,2026-10-05T11:00,1.2,2.6,159.0
TOS02000372,2026-10-05T11:15,1.2,3.3,164.0
TOS02000372,2026-10-05T11:30,1.4,3.6,164.0
TOS02000372,2026-10-05T11:45,1.5,3.4,161.0
TOS02000372,2026-10-05T12:00,1.3,2.8,161.0
TOS02000372,2026-10-05T12:15,1.6,3.9,157.0
TOS02000372,2026-10-05T12:30,1.6,3.5,158.0
TOS02000372,2026-10-05T12:45,1.7,4.1,152.0
TOS02000372,2026-10-05T13:00,2.0,5.1,156.0
TOS02000372,2026-10-05T13:15,1.6,3.6,159.0
TOS02000372,2026-10-05T13:30,1.7,3.1,158.0
TOS02000372,2026-10-05T13:45,1.6,3.3,158.0
TOS02000372,2026-10-05T14:00,1.5,3.2,154.0
TOS02000372,2026-10-05T14:15,1.5,2.9,159.0
TOS02000372,2026-10-05T14:30,1.5,3.0,161.0
TOS02000372,2026-10-05T14:45,1.5,3.2,162.0
TOS02000372,2026-10-05T15:00,1.4,2.5,160.0
TOS02000372,2026-10-05T15:15,1.4,3.6,150.0
TOS02000372,2026-10-05T15:30,1.2,3.0,155.0
TOS02000372,2026-10-05T15:45,0.9,1.8,162.0
TOS02000372,2026-10-05T16:00,0.6,1.4,142.0
TOS02000372,2026-10-05T16:15,0.6,1.4,162.0
TOS02000372,2026-10-05T16:30,0.8,2.4,159.0
TOS02000372,2026-10-05T16:45,0.8,2.0,161.0
TOS02000372,2026-10-05T17:00,0.6,1.7,151.0
TOS02000372,2026-10-05T17:15,0.3,1.1,151.0
TOS02000372,2026-10-05T17:30,0.4,1.0,152.0
TOS02000372,2026-10-05T17:45,0.4,1.1,152.0
TOS02000372,2026-10-05T18:00,0.3,1.0,164.0
TOS02000372,2026-10-05T18:15,0.9,1.7,259.0
TOS02000372,2026-10-05T18:30,1.3,2.1,305.0
TOS02000372,2026-10-05T18:45,0.7,2.2,321.0
TOS02000372,2026-10-05T19:00,0.4,1.7,306.0
TOS02000372,2026-10-05T19:15,0.9,1.8,320.0
TOS02000372,2026-10-05T19:30,1.0,2.6,321.0
TOS02000372,2026-10-05T19:45,1.3,2.5,331.0
TOS02000372,2026-10-05T20:00,1.9,2.9,44.0
TOS02000372,2026-10-05T20:15,2.9,3.6,74.0
TOS02000372,2026-10-05T20:30,2.8,3.8,103.0
TOS02000372,2026-10-05T20:45,3.1,3.9,117.0
TOS02000372,2026-10-05T21:00,3.5,4.3,120.0
TOS02000372,2026-10-05T21:15,3.1,4.4,130.0
TOS02000372,2026-10-05T21:30,3.2,4.2,129.0
TOS02000372,2026-10-05T21:45,2.7,3.5,133.0
TOS02000372,2026-10-05T22:00,1.9,3.1,140.0
TOS02000372,2026-10-05T22:15,1.1,1.9,126.0
TOS02000372,2026-10-05T22:30,0.5,1.3,118.0
TOS02000372,2026-10-05T22:45,1.3,1.5,104.0
TOS02000372,2026-10-05T23:00,1.6,2.1,107.0
TOS02000372,2026-10-05T23:15,1.8,2.5,121.0
TOS02000372,2026-10-05T23:30,1.2,2.0,143.0
TOS02000372,2026-10-05T23:45,1.9,3.2,135.0
TOS02004059,2026-10-05T00:00,2.2,3.0,44.0
TOS02004059,2026-10-05T00:15,2.2,3.0,50.0
TOS02004059,2026-10-05T00:30,2.0,3.0,51.0
TOS02004059,2026-10-05T00:45,2.6,3.5,47.0
TOS02004059,2026-10-05T01:00,2.4,3.2,42.0
TOS02004059,2026-10-05T01:15,2.4,3.3,44.0
TOS02004059,2026-10-05T01:30,2.3,3.2,40.0
TOS02004059,2026-10-05T01:45,2.5,3.2,42.0
TOS02004059,2026-10-05T02:00,2.0,3.5,48.0
TOS02004059,2026-10-05T02:15,2.4,3.1,45.0
TOS02004059,2026-10-05T02:30,2.0,3.2,50.0
TOS02004059,2026-10-05T02:45,2.2,2.9,46.0
TOS02004059,2026-10-05T03:00,1.8,3.0,54.0
TOS02004059,2026-10-05T03:15,2.2,3.3,51.0
TOS02004059,2026-10-05T03:30,2.5,3.7,43.0
TOS02004059,2026-10-05T03:45,2.5,3.9,45.0
TOS02004059,2026-10-05T04:00,2.8,3.8,42.0
TOS02004059,2026-10-05T04:15,2.6,3.5,43.0
TOS02004059,2026-10-05T04:30,2.5,3.9,42.0
TOS02004059,2026-10-05T04:45,2.0,3.0,50.0
TOS02004059,2026-10-05T05:00,2.1,3.1,53.0
TOS02004059,2026-10-05T05:15,2.2,3.2,52.0
TOS02004059,2026-10-05T05:30,2.7,3.5,48.0
TOS02004059,2026-10-05T05:45,2.7,3.8,49.0
TOS02004059,2026-10-05T06:00,2.1,3.3,49.0
TOS02004059,2026-10-05T06:15,2.2,3.8,51.0
TOS02004059,2026-10-05T06:30,2.0,3.1,50.0
TOS02004059,2026-10-05T06:45,1.8,2.9,55.0
TOS02004059,2026-10-05T07:00,1.8,2.9,55.0
TOS02004059,2026-10-05T07:15,1.8,2.5,53.0
TOS02004059,2026-10-05T07:30,2.1,3.0,46.0
TOS02004059,2026-10-05T07:45,2.6,3.2,46.0
TOS02004059,2026-10-05T08:00,2.2,3.0,48.0
TOS02004059,2026-10-05T08:15,2.0,2.7,46.0
TOS02004059,2026-10-05T08:30,1.4,2.2,49.0
TOS02004059,2026-10-05T08:45,1.3,1.9,54.0
TOS02004059,2026-10-05T09:00,1.6,2.8,54.0
TOS02004059,2026-10-05T09:15,1.6,2.6,60.0
TOS02004059,2026-10-05T09:30,1.5,2.6,67.0
TOS02004059,2026-10-05T09:45,1.9,3.1,54.0
TOS02004059,2026-10-05T10:00,1.6,2.5,56.0
TOS02004059,2026-10-05T10:15,1.4,2.3,58.0
TOS02004059,2026-10-05T10:30,1.3,2.2,61.0
TOS02004059,2026-10-05T10:45,1.6,2.5,52.0
TOS02004059,2026-10-05T11:00,1.5,2.0,49.0
TOS02004059,2026-10-05T11:15,1.5,2.4,53.0
TOS02004059,2026-10-05T11:30,1.5,2.2,52.0
TOS02004059,2026-10-05T11:45,1.6,2.6,51.0
TOS02004059,2026-10-05T12:00,1.4,2.4,49.0
TOS02004059,2026-10-05T12:15,1.5,2.7,50.0
TOS02004059,2026-10-05T12:30,1.8,2.8,53.0
TOS02004059,2026-10-05T12:45,1.6,3.2,44.0
TOS02004059,2026-10-05T13:00,1.1,2.3,65.0
TOS02004059,2026-10-05T13:15,1.2,2.0,44.0
TOS02004059,2026-10-05T13:30,0.6,1.2,48.0
TOS02004059,2026-10-05T13:45,0.9,2.1,61.0
TOS02004059,2026-10-05T14:00,1.0,2.3,56.0
TOS02004059,2026-10-05T14:15,1.2,2.4,47.0
TOS02004059,2026-10-05T14:30,1.1,2.1,42.0
TOS02004059,2026-10-05T14:45,0.7,2.2,188.0
TOS02004059,2026-10-05T15:00,0.7,1.8,186.0
TOS02004059,2026-10-05T15:15,0.8,1.6,218.0
TOS02004059,2026-10-05T15:30,0.8,1.7,201.0
TOS02004059,2026-10-05T15:45,0.2,0.6,112.0
TOS02004059,2026-10-05T16:00,0.4,0.8,102.0
TOS02004059,2026-10-05T16:15,1.1,2.3,50.0
TOS02004059,2026-10-05T16:30,0.8,2.1,233.0
TOS02004059,2026-10-05T16:45,1.2,2.4,234.0
TOS02004059,2026-10-05T17:00,1.4,3.1,222.0
TOS02004059,2026-10-05T17:15,0.9,2.1,242.0
TOS02004059,2026-10-05T17:30,0.7,1.2,253.0
TOS02004059,2026-10-05T17:45,0.6,1.5,206.0
TOS02004059,2026-10-05T18:00,0.5,1.0,77.0
TOS02004059,2026-10-05T18:15,0.4,0.8,75.0
TOS02004059,2026-10-05T18:30,0.5,0.7,63.0
TOS02004059,2026-10-05T18:45,0.8,1.4,72.0
TOS02004059,2026-10-05T19:00,0.9,1.4,69.0
TOS02004059,2026-10-05T19:15,1.0,1.6,58.0
TOS02004059,2026-10-05T19:30,1.0,1.6,62.0
TOS02004059,2026-10-05T19:45,0.9,1.6,74.0
TOS02004059,2026-10-05T20:00,1.2,2.0,62.0
TOS02004059,2026-10-05T20:15,1.1,1.8,65.0
TOS02004059,2026-10-05T20:30,1.5,2.3,53.0
TOS02004059,2026-10-05T20:45,1.2,1.8,57.0
TOS02004059,2026-10-05T21:00,1.0,1.5,70.0
TOS02004059,2026-10-05T21:15,1.2,2.1,59.0
TOS02004059,2026-10-05T21:30,1.9,3.1,51.0
TOS02004059,2026-10-05T21:45,1.5,2.8,52.0
TOS02004059,2026-10-05T22:00,1.6,2.4,52.0
TOS02004059,2026-10-05T22:15,1.6,2.7,47.0
TOS02004059,2026-10-05T22:30,1.4,2.3,56.0
TOS02004059,2026-10-05T22:45,1.7,2.5,52.0
TOS02004059,2026-10-05T23:00,1.6,2.2,52.0
TOS02004059,2026-10-05T23:15,1.7,2.5,54.0
TOS02004059,2026-10-05T23:30,2.0,2.6,51.0
TOS02004059,2026-10-05T23:45,2.4,3.3,43.0
TOS02004081,2026-10-05T00:00,0.4,0.6,263.0
TOS02004081,2026-10-05T00:15,0.5,0.9,173.0
TOS02004081,2026-10-05T00:30,0.5,1.1,169.0
TOS02004081,2026-10-05T00:45,1.0,2.2,141.0
TOS02004081,2026-10-05T01:00,0.8,1.4,179.0
TOS02004081,2026-10-05T01:15,0.7,1.6,170.0
TOS02004081,2026-10-05T01:30,1.4,2.1,162.0
TOS02004081,2026-10-05T01:45,1.1,1.7,152.0
TOS02004081,2026-10-05T02:00,1.0,1.7,157.0
TOS02004081,2026-10-05T02:15,0.9,1.9,152.0
TOS02004081,2026-10-05T02:30,0.6,1.3,172.0
TOS02004081,2026-10-05T02:45,0.8,1.2,164.0
TOS02004081,2026-10-05T03:00,1.4,2.4,154.0
TOS02004081,2026-10-05T03:15,1.5,2.3,153.0
TOS02004081,2026-10-05T03:30,1.9,2.5,150.0
TOS02004081,2026-10-05T03:45,2.0,2.9,148.0
TOS02004081,2026-10-05T04:00,1.8,2.4,148.0
TOS02004081,2026-10-05T04:15,1.5,2.4,161.0
TOS02004081,2026-10-05T04:30,1.0,1.8,159.0
TOS02004081,2026-10-05T04:45,1.3,2.0,160.0
TOS02004081,2026-10-05T05:00,1.4,2.4,157.0
TOS02004081,2026-10-05T05:15,1.7,2.9,146.0
TOS02004081,2026-10-05T05:30,1.0,4.3,121.0
TOS02004081,2026-10-05T05:45,2.1,5.1,89.0
TOS02004081,2026-10-05T06:00,1.2,3.2,86.0
TOS02004081,2026-10-05T06:15,1.3,3.2,99.0
TOS02004081,2026-10-05T06:30,1.3,3.6,106.0
TOS02004081,2026-10-05T06:45,3.2,4.2,104.0
TOS02004081,2026-10-05T07:00,3.0,5.6,102.0
TOS02004081,2026-10-05T07:15,2.1,4.4,82.0
TOS02004081,2026-10-05T07:30,2.0,4.6,79.0
TOS02004081,2026-10-05T07:45,2.4,4.1,56.0
TOS02004081,2026-10-05T08:00,1.8,3.8,66.0
TOS02004081,2026-10-05T08:15,1.6,3.9,69.0
TOS02004081,2026-10-05T08:30,1.8,3.9,69.0
TOS02004081,2026-10-05T08:45,1.6,3.8,80.0
TOS02004081,2026-10-05T09:00,1.8,4.7,72.0
TOS02004081,2026-10-05T09:15,2.1,4.1,65.0
TOS02004081,2026-10-05T09:30,2.5,4.4,79.0
TOS02004081,2026-10-05T09:45,3.3,5.1,89.0
TOS02004081,2026-10-05T10:00,1.5,3.7,73.0
TOS02004081,2026-10-05T10:15,1.5,3.6,77.0
TOS02004081,2026-10-05T10:30,1.7,3.3,83.0
TOS02004081,2026-10-05T10:45,1.5,2.9,81.0
TOS02004081,2026-10-05T11:00,1.3,2.8,70.0
TOS02004081,2026-10-05T11:15,1.9,3.4,83.0
TOS02004081,2026-10-05T11:30,2.3,3.9,88.0
TOS02004081,2026-10-05T11:45,2.9,4.1,93.0
TOS02004081,2026-10-05T12:00,2.9,4.0,93.0
TOS02004081,2026-10-05T12:15,2.2,3.6,90.0
TOS02004081,2026-10-05T12:30,1.6,3.2,81.0
TOS02004081,2026-10-05T12:45,1.7,2.5,91.0
TOS02004081,2026-10-05T13:00,1.8,2.9,96.0
TOS02004081,2026-10-05T13:15,1.2,1.8,99.0
TOS02004081,2026-10-05T13:30,0.9,1.4,86.0
TOS02004081,2026-10-05T13:45,1.4,1.9,105.0
TOS02004081,2026-10-05T14:00,1.4,2.0,111.0
TOS02004081,2026-10-05T14:15,1.7,2.2,107.0
TOS02004081,2026-10-05T14:30,1.2,1.9,118.0
TOS02004081,2026-10-05T14:45,0.8,1.2,143.0
TOS02004081,2026-10-05T15:00,0.6,0.8,134.0
TOS02004081,2026-10-05T15:15,0.6,1.2,107.0
TOS02004081,2026-10-05T15:30,0.7,1.5,77.0
TOS02004081,2026-10-05T15:45,1.1,1.9,101.0
TOS02004081,2026-10-05T16:00,1.5,2.4,115.0
TOS02004081,2026-10-05T16:15,1.3,2.2,143.0
TOS02004081,2026-10-05T16:30,1.2,1.6,161.0
TOS02004081,2026-10-05T16:45,1.2,2.4,166.0
TOS02004081,2026-10-05T17:00,1.0,2.0,161.0
TOS02004081,2026-10-05T17:15,0.8,1.6,166.0
TOS02004081,2026-10-05T17:30,0.4,0.9,222.0
TOS02004081,2026-10-05T17:45,0.6,1.6,211.0
TOS02004081,2026-10-05T18:00,0.9,1.7,187.0
TOS02004081,2026-10-05T18:15,0.4,1.1,222.0
TOS02004081,2026-10-05T18:30,0.4,0.6,215.0
TOS02004081,2026-10-05T18:45,0.4,0.6,277.0
TOS02004081,2026-10-05T19:00,0.3,0.5,289.0
TOS02004081,2026-10-05T19:15,0.3,0.9,122.0
TOS02004081,2026-10-05T19:30,0.6,1.6,19.0
TOS02004081,2026-10-05T19:45,0.3,0.9,26.0
TOS02004081,2026-10-05T20:00,0.8,1.7,58.0
TOS02004081,2026-10-05T20:15,0.5,1.3,126.0
TOS02004081,2026-10-05T20:30,0.7,1.4,3.0
TOS02004081,2026-10-05T20:45,0.6,1.0,179.0
TOS02004081,2026-10-05T21:00,0.7,1.1,198.0
TOS02004081,2026-10-05T21:15,0.4,1.0,288.0
TOS02004081,2026-10-05T21:30,0.4,1.0,318.0
TOS02004081,2026-10-05T21:45,0.3,0.7,298.0
TOS02004081,2026-10-05T22:00,0.4,0.7,285.0
TOS02004081,2026-10-05T22:15,0.5,1.1,300.0
TOS02004081,2026-10-05T22:30,0.3,0.4,275.0
TOS02004081,2026-10-05T22:45,0.3,0.6,288.0
TOS02004081,2026-10-05T23:00,0.4,0.8,321.0
TOS02004081,2026-10-05T23:15,0.4,0.7,328.0
TOS02004081,2026-10-05T23:30,0.3,0.8,15.0
TOS02004081,2026-10-05T23:45,0.5,0.9,234.0
TOS02004311,2026-10-05T00:00,2.1,2.9,46.0
TOS02004311,2026-10-05T00:15,2.0,2.6,42.0
TOS02004311,2026-10-05T00:30,2.2,2.8,58.0
TOS02004311,2026-10-05T00:45,1.8,2.6,45.0
TOS02004311,2026-10-05T01:00,1.9,2.5,52.0
TOS02004311,2026-10-05T01:15,1.8,2.6,45.0
TOS02004311,2026-10-05T01:30,2.0,2.6,50.0
TOS02004311,2026-10-05T01:45,2.1,3.2,42.0
TOS02004311,2026-10-05T02:00,1.9,2.5,37.0
TOS02004311,2026-10-05T02:15,1.9,2.7,33.0
TOS02004311,2026-10-05T02:30,2.1,2.7,37.0
TOS02004311,2026-10-05T02:45,2.3,3.3,39.0
TOS02004311,2026-10-05T03:00,2.1,2.9,33.0
TOS02004311,2026-10-05T03:15,2.2,3.1,33.0
TOS02004311,2026-10-05T03:30,2.1,3.2,35.0
TOS02004311,2026-10-05T03:45,1.6,2.7,22.0
TOS02004311,2026-10-05T04:00,2.2,3.4,29.0
TOS02004311,2026-10-05T04:15,1.7,3.4,25.0
TOS02004311,2026-10-05T04:30,2.4,3.4,32.0
TOS02004311,2026-10-05T04:45,2.6,3.3,34.0
TOS02004311,2026-10-05T05:00,2.6,3.7,42.0
TOS02004311,2026-10-05T05:15,2.0,4.1,28.0
TOS02004311,2026-10-05T05:30,2.1,3.5,20.0
TOS02004311,2026-10-05T05:45,2.2,3.3,26.0
TOS02004311,2026-10-05T06:00,1.4,2.3,20.0
TOS02004311,2026-10-05T06:15,1.5,2.5,15.0
TOS02004311,2026-10-05T06:30,2.1,3.2,20.0
TOS02004311,2026-10-05T06:45,2.2,3.1,32.0
TOS02004311,2026-10-05T07:00,2.7,3.8,39.0
TOS02004311,2026-10-05T07:15,2.6,3.9,32.0
TOS02004311,2026-10-05T07:30,1.8,3.3,13.0
TOS02004311,2026-10-05T07:45,1.8,3.7,15.0
TOS02004311,2026-10-05T08:00,1.8,3.0,7.0
TOS02004311,2026-10-05T08:15,1.8,3.4,6.0
TOS02004311,2026-10-05T08:30,1.9,3.3,3.0
TOS02004311,2026-10-05T08:45,2.0,3.4,1.0
TOS02004311,2026-10-05T09:00,1.9,3.7,359.0
TOS02004311,2026-10-05T09:15,2.1,3.4,5.0
TOS02004311,2026-10-05T09:30,2.1,3.3,1.0
TOS02004311,2026-10-05T09:45,1.9,3.0,2.0
TOS02004311,2026-10-05T10:00,2.1,3.7,4.0
TOS02004311,2026-10-05T10:15,2.4,4.0,358.0
TOS02004311,2026-10-05T10:30,2.4,4.4,355.0
TOS02004311,2026-10-05T10:45,2.3,3.8,359.0
TOS02004311,2026-10-05T11:00,2.5,4.0,2.0
TOS02004311,2026-10-05T11:15,2.7,4.6,358.0
TOS02004311,2026-10-05T11:30,2.4,3.8,356.0
TOS02004311,2026-10-05T11:45,2.1,3.4,0.0
TOS02004311,2026-10-05T12:00,2.0,3.7,358.0
TOS02004311,2026-10-05T12:15,2.0,3.0,359.0
TOS02004311,2026-10-05T12:30,2.0,3.3,355.0
TOS02004311,2026-10-05T12:45,2.2,3.7,356.0
TOS02004311,2026-10-05T13:00,1.9,3.3,355.0
TOS02004311,2026-10-05T13:15,1.8,3.5,358.0
TOS02004311,2026-10-05T13:30,1.7,2.3,353.0
TOS02004311,2026-10-05T13:45,1.5,2.9,4.0
TOS02004311,2026-10-05T14:00,1.4,2.5,356.0
TOS02004311,2026-10-05T14:15,1.3,2.4,2.0
TOS02004311,2026-10-05T14:30,1.0,1.9,356.0
TOS02004311,2026-10-05T14:45,1.0,1.9,7.0
TOS02004311,2026-10-05T15:00,1.2,2.1,1.0
TOS02004311,2026-10-05T15:15,1.2,2.2,5.0
TOS02004311,2026-10-05T15:30,1.2,1.9,0.0
TOS02004311,2026-10-05T15:45,1.1,1.8,355.0
TOS02004311,2026-10-05T16:00,1.1,1.5,348.0
TOS02004311,2026-10-05T16:15,1.2,1.8,342.0
TOS02004311,2026-10-05T16:30,1.0,1.6,316.0
TOS02004311,2026-10-05T16:45,0.5,1.3,331.0
TOS02004311,2026-10-05T17:00,0.6,1.0,357.0
TOS02004311,2026-10-05T17:15,1.5,3.1,178.0
TOS02004311,2026-10-05T17:30,1.0,2.8,196.0
TOS02004311,2026-10-05T17:45,0.2,0.5,191.0
TOS02004311,2026-10-05T18:00,0.6,1.2,170.0
TOS02004311,2026-10-05T18:15,0.7,1.1,179.0
TOS02004311,2026-10-05T18:30,0.4,1.3,110.0
TOS02004311,2026-10-05T18:45,0.5,1.2,16.0
TOS02004311,2026-10-05T19:00,0.2,0.3,228.0
TOS02004311,2026-10-05T19:15,0.6,1.0,40.0
TOS02004311,2026-10-05T19:30,0.7,1.6,33.0
TOS02004311,2026-10-05T19:45,1.5,2.2,54.0
TOS02004311,2026-10-05T20:00,0.8,1.1,36.0
TOS02004311,2026-10-05T20:15,0.6,1.2,51.0
TOS02004311,2026-10-05T20:30,1.4,2.5,34.0
TOS02004311,2026-10-05T20:45,0.9,1.2,18.0
TOS02004311,2026-10-05T21:00,1.1,1.7,45.0
TOS02004311,2026-10-05T21:15,1.9,2.9,45.0
TOS02004311,2026-10-05T21:30,1.3,1.8,32.0
TOS02004311,2026-10-05T21:45,1.5,2.1,53.0
TOS02004311,2026-10-05T22:00,1.8,2.7,54.0
TOS02004311,2026-10-05T22:15,1.9,2.6,48.0
TOS02004311,2026-10-05T22:30,1.8,2.7,44.0
TOS02004311,2026-10-05T22:45,2.0,2.7,51.0
TOS02004311,2026-10-05T23:00,1.8,2.8,52.0
TOS02004311,2026-10-05T23:15,1.9,2.7,49.0
TOS02004311,2026-10-05T23:30,1.9,2.7,43.0
TOS02004311,2026-10-05T23:45,2.0,2.9,50.0
TOS03000091,2026-10-05T00:00,0.2,0.6,41.0
TOS03000091,2026-10-05T00:15,0.2,0.4,98.0
TOS03000091,2026-10-05T00:30,0.2,0.3,326.0
TOS03000091,2026-10-05T00:45,0.4,0.8,200.0
TOS03000091,2026-10-05T01:00,0.3,0.6,165.0
TOS03000091,2026-10-05T01:15,0.2,0.5,355.0
TOS03000091,2026-10-05T01:30,0.2,0.5,191.0
TOS03000091,2026-10-05T01:45,0.3,0.7,61.0
TOS03000091,2026-10-05T02:00,0.2,0.7,280.0
TOS03000091,2026-10-05T02:15,0.2,0.5,179.0
TOS03000091,2026-10-05T02:30,0.2,0.5,186.0
TOS03000091,2026-10-05T02:45,0.2,0.6,256.0
TOS03000091,2026-10-05T03:00,0.2,0.5,241.0
TOS03000091,2026-10-05T03:15,0.3,0.5,12.0
TOS03000091,2026-10-05T03:30,0.2,0.4,212.0
TOS03000091,2026-10-05T03:45,0.2,0.4,110.0
TOS03000091,2026-10-05T04:00,0.4,0.7,213.0
TOS03000091,2026-10-05T04:15,0.4,0.8,282.0
TOS03000091,2026-10-05T04:30,0.2,0.4,237.0
TOS03000091,2026-10-05T04:45,0.3,0.6,232.0
TOS03000091,2026-10-05T05:00,0.5,0.7,234.0
TOS03000091,2026-10-05T05:15,0.2,0.5,296.0
TOS03000091,2026-10-05T05:30,0.2,0.4,85.0
TOS03000091,2026-10-05T05:45,0.2,0.4,318.0
TOS03000091,2026-10-05T06:00,0.3,0.7,46.0
TOS03000091,2026-10-05T06:15,0.2,0.4,22.0
TOS03000091,2026-10-05T06:30,0.2,0.5,102.0
TOS03000091,2026-10-05T06:45,0.2,0.6,112.0
TOS03000091,2026-10-05T07:00,0.4,0.6,231.0
TOS03000091,2026-10-05T07:15,0.4,0.8,301.0
TOS03000091,2026-10-05T07:30,0.3,0.6,11.0
TOS03000091,2026-10-05T07:45,0.3,0.7,225.0
TOS03000091,2026-10-05T08:00,0.3,0.5,279.0
TOS03000091,2026-10-05T08:15,0.2,0.5,274.0
TOS03000091,2026-10-05T08:30,0.3,0.6,246.0
TOS03000091,2026-10-05T08:45,0.3,0.5,236.0
TOS03000091,2026-10-05T09:00,0.3,0.9,115.0
TOS03000091,2026-10-05T09:15,0.8,1.5,164.0
TOS03000091,2026-10-05T09:30,0.7,1.4,149.0
TOS03000091,2026-10-05T09:45,0.9,2.1,138.0
TOS03000091,2026-10-05T10:00,1.0,1.8,159.0
TOS03000091,2026-10-05T10:15,1.0,1.7,152.0
TOS03000091,2026-10-05T10:30,1.2,1.9,152.0
TOS03000091,2026-10-05T10:45,1.2,2.4,160.0
TOS03000091,2026-10-05T11:00,1.0,2.0,155.0
TOS03000091,2026-10-05T11:15,1.2,2.3,145.0
TOS03000091,2026-10-05T11:30,1.3,2.3,153.0
TOS03000091,2026-10-05T11:45,1.5,3.0,133.0
TOS03000091,2026-10-05T12:00,1.2,2.7,134.0
TOS03000091,2026-10-05T12:15,1.4,2.7,165.0
TOS03000091,2026-10-05T12:30,1.3,2.5,162.0
TOS03000091,2026-10-05T12:45,1.3,2.8,156.0
TOS03000091,2026-10-05T13:00,1.1,2.0,224.0
TOS03000091,2026-10-05T13:15,1.3,2.2,185.0
TOS03000091,2026-10-05T13:30,1.4,2.6,184.0
TOS03000091,2026-10-05T13:45,1.2,2.2,180.0
TOS03000091,2026-10-05T14:00,1.0,1.7,183.0
TOS03000091,2026-10-05T14:15,0.9,1.8,187.0
TOS03000091,2026-10-05T14:30,1.0,1.8,192.0
TOS03000091,2026-10-05T14:45,1.3,2.3,190.0
TOS03000091,2026-10-05T15:00,1.0,2.1,187.0
TOS03000091,2026-10-05T15:15,0.8,1.7,185.0
TOS03000091,2026-10-05T15:30,0.8,1.8,174.0
TOS03000091,2026-10-05T15:45,0.9,1.9,179.0
TOS03000091,2026-10-05T16:00,1.3,2.6,186.0
TOS03000091,2026-10-05T16:15,1.3,2.5,181.0
TOS03000091,2026-10-05T16:30,1.4,2.9,206.0
TOS03000091,2026-10-05T16:45,2.8,4.4,227.0
TOS03000091,2026-10-05T17:00,2.4,3.9,227.0
TOS03000091,2026-10-05T17:15,1.0,2.8,219.0
TOS03000091,2026-10-05T17:30,0.6,1.4,78.0
TOS03000091,2026-10-05T17:45,0.6,1.2,103.0
TOS03000091,2026-10-05T18:00,0.4,0.8,44.0
TOS03000091,2026-10-05T18:15,0.5,0.9,49.0
TOS03000091,2026-10-05T18:30,0.3,0.8,38.0
TOS03000091,2026-10-05T18:45,0.5,1.2,74.0
TOS03000091,2026-10-05T19:00,0.5,1.5,88.0
TOS03000091,2026-10-05T19:15,0.3,0.8,5.0
TOS03000091,2026-10-05T19:30,0.4,0.6,257.0
TOS03000091,2026-10-05T19:45,0.3,0.7,182.0
TOS03000091,2026-10-05T20:00,0.4,1.1,111.0
TOS03000091,2026-10-05T20:15,0.5,1.2,123.0
TOS03000091,2026-10-05T20:30,0.4,0.9,139.0
TOS03000091,2026-10-05T20:45,0.7,1.0,337.0
TOS03000091,2026-10-05T21:00,0.6,1.3,318.0
TOS03000091,2026-10-05T21:15,0.3,0.7,237.0
TOS03000091,2026-10-05T21:30,0.4,0.7,269.0
TOS03000091,2026-10-05T21:45,0.4,0.8,305.0
TOS03000091,2026-10-05T22:00,0.3,0.5,113.0
TOS03000091,2026-10-05T22:15,0.3,0.5,229.0
TOS03000091,2026-10-05T22:30,0.4,0.6,345.0
TOS03000091,2026-10-05T22:45,0.1,0.3,110.0
TOS03000091,2026-10-05T23:00,0.2,0.4,63.0
TOS03000091,2026-10-05T23:15,0.2,0.5,359.0
TOS03000091,2026-10-05T23:30,0.3,0.6,176.0
TOS03000091,2026-10-05T23:45,0.3,0.6,253.0
TOS03000278,2026-10-05T00:00,0.3,0.7,20.0
TOS03000278,2026-10-05T00:15,0.6,1.2,84.0
TOS03000278,2026-10-05T00:30,0.4,1.0,47.0
TOS03000278,2026-10-05T00:45,0.2,0.7,38.0
TOS03000278,2026-10-05T01:00,0.4,1.0,130.0
TOS03000278,2026-10-05T01:15,0.6,1.1,77.0
TOS03000278,2026-10-05T01:30,0.5,1.0,36.0
TOS03000278,2026-10-05T01:45,0.3,0.9,16.0
TOS03000278,2026-10-05T02:00,0.7,1.2,14.0
TOS03000278,2026-10-05T02:15,0.8,1.2,32.0
TOS03000278,2026-10-05T02:30,0.6,1.3,34.0
TOS03000278,2026-10-05T02:45,0.5,0.9,71.0
TOS03000278,2026-10-05T03:00,0.3,0.7,114.0
TOS03000278,2026-10-05T03:15,0.3,0.6,87.0
TOS03000278,2026-10-05T03:30,0.6,1.1,66.0
TOS03000278,2026-10-05T03:45,0.4,0.8,51.0
TOS03000278,2026-10-05T04:00,0.4,0.9,12.0
TOS03000278,2026-10-05T04:15,0.3,0.7,95.0
TOS03000278,2026-10-05T04:30,0.3,0.7,154.0
TOS03000278,2026-10-05T04:45,0.3,0.7,96.0
TOS03000278,2026-10-05T05:00,0.7,1.1,98.0
TOS03000278,2026-10-05T05:15,0.5,0.9,108.0
TOS03000278,2026-10-05T05:30,0.7,1.2,125.0
TOS03000278,2026-10-05T05:45,0.7,1.2,177.0
TOS03000278,2026-10-05T06:00,0.6,1.2,195.0
TOS03000278,2026-10-05T06:15,0.6,1.4,124.0
TOS03000278,2026-10-05T06:30,0.7,1.3,97.0
TOS03000278,2026-10-05T06:45,0.7,1.3,129.0
TOS03000278,2026-10-05T07:00,0.7,1.4,144.0
TOS03000278,2026-10-05T07:15,0.3,0.7,138.0
TOS03000278,2026-10-05T07:30,0.3,0.8,115.0
TOS03000278,2026-10-05T07:45,0.3,0.9,92.0
TOS03000278,2026-10-05T08:00,0.4,0.7,79.0
TOS03000278,2026-10-05T08:15,0.5,1.3,126.0
TOS03000278,2026-10-05T08:30,0.6,1.1,228.0
TOS03000278,2026-10-05T08:45,0.7,1.5,216.0
TOS03000278,2026-10-05T09:00,1.0,1.8,225.0
TOS03000278,2026-10-05T09:15,0.6,1.4,290.0
TOS03000278,2026-10-05T09:30,0.5,1.1,278.0
TOS03000278,2026-10-05T09:45,0.5,1.1,231.0
TOS03000278,2026-10-05T10:00,0.6,1.4,237.0
TOS03000278,2026-10-05T10:15,0.8,1.6,248.0
TOS03000278,2026-10-05T10:30,0.8,1.4,236.0
TOS03000278,2026-10-05T10:45,0.8,1.2,225.0
TOS03000278,2026-10-05T11:00,0.7,1.3,264.0
TOS03000278,2026-10-05T11:15,0.7,2.0,319.0
TOS03000278,2026-10-05T11:30,1.0,2.0,240.0
TOS03000278,2026-10-05T11:45,0.9,2.4,242.0
TOS03000278,2026-10-05T12:00,1.0,1.8,243.0
TOS03000278,2026-10-05T12:15,0.8,1.6,237.0
TOS03000278,2026-10-05T12:30,0.8,1.6,213.0
TOS03000278,2026-10-05T12:45,0.8,1.8,244.0
TOS03000278,2026-10-05T13:00,0.8,1.9,238.0
TOS03000278,2026-10-05T13:15,0.8,2.0,250.0
TOS03000278,2026-10-05T13:30,1.1,2.5,252.0
TOS03000278,2026-10-05T13:45,0.9,1.9,244.0
TOS03000278,2026-10-05T14:00,0.9,1.9,259.0
TOS03000278,2026-10-05T14:15,0.8,1.6,246.0
TOS03000278,2026-10-05T14:30,0.7,1.5,246.0
TOS03000278,2026-10-05T14:45,0.9,1.8,249.0
TOS03000278,2026-10-05T15:00,0.6,1.5,246.0
TOS03000278,2026-10-05T15:15,0.9,1.9,236.0
TOS03000278,2026-10-05T15:30,0.9,2.2,233.0
TOS03000278,2026-10-05T15:45,0.9,2.3,202.0
TOS03000278,2026-10-05T16:00,1.2,2.7,242.0
TOS03000278,2026-10-05T16:15,1.1,2.4,246.0
TOS03000278,2026-10-05T16:30,0.8,1.9,213.0
TOS03000278,2026-10-05T16:45,0.9,2.2,203.0
TOS03000278,2026-10-05T17:00,1.0,2.3,236.0
TOS03000278,2026-10-05T17:15,0.9,2.1,202.0
TOS03000278,2026-10-05T17:30,0.7,1.7,218.0
TOS03000278,2026-10-05T17:45,0.5,1.5,216.0
TOS03000278,2026-10-05T18:00,0.6,1.2,36.0
TOS03000278,2026-10-05T18:15,0.6,1.4,61.0
TOS03000278,2026-10-05T18:30,0.4,0.8,127.0
TOS03000278,2026-10-05T18:45,0.4,1.0,111.0
TOS03000278,2026-10-05T19:00,0.4,0.9,76.0
TOS03000278,2026-10-05T19:15,0.4,0.9,64.0
TOS03000278,2026-10-05T19:30,0.6,1.1,50.0
TOS03000278,2026-10-05T19:45,0.4,1.0,113.0
TOS03000278,2026-10-05T20:00,0.3,2.0,97.0
TOS03000278,2026-10-05T20:15,0.8,3.1,173.0
TOS03000278,2026-10-05T20:30,0.5,1.0,58.0
TOS03000278,2026-10-05T20:45,0.5,1.1,44.0
TOS03000278,2026-10-05T21:00,0.8,1.4,45.0
TOS03000278,2026-10-05T21:15,0.6,1.2,62.0
TOS03000278,2026-10-05T21:30,0.4,0.9,67.0
TOS03000278,2026-10-05T21:45,0.4,0.8,50.0
TOS03000278,2026-10-05T22:00,0.4,0.8,22.0
TOS03000278,2026-10-05T22:15,0.9,1.5,37.0
TOS03000278,2026-10-05T22:30,0.6,1.2,24.0
TOS03000278,2026-10-05T22:45,0.5,0.9,27.0
TOS03000278,2026-10-05T23:00,0.4,0.9,37.0
TOS03000278,2026-10-05T23:15,0.5,1.0,55.0
TOS03000278,2026-10-05T23:30,0.3,0.8,201.0
TOS03000278,2026-10-05T23:45,0.4,1.1,46.0
TOS03000335,2026-10-05T00:00,2.0,3.9,190.0
TOS03000335,2026-10-05T00:15,1.7,3.4,197.0
TOS03000335,2026-10-05T00:30,1.2,2.9,209.0
TOS03000335,2026-10-05T00:45,0.8,1.8,185.0
TOS03000335,2026-10-05T01:00,1.4,2.9,159.0
TOS03000335,2026-10-05T01:15,1.7,2.9,186.0
TOS03000335,2026-10-05T01:30,2.3,3.4,188.0
TOS03000335,2026-10-05T01:45,2.5,4.0,174.0
TOS03000335,2026-10-05T02:00,2.5,5.0,178.0
TOS03000335,2026-10-05T02:15,2.5,3.8,184.0
TOS03000335,2026-10-05T02:30,1.7,4.1,162.0
TOS03000335,2026-10-05T02:45,1.9,4.3,157.0
TOS03000335,2026-10-05T03:00,0.8,2.1,171.0
TOS03000335,2026-10-05T03:15,1.7,3.3,164.0
TOS03000335,2026-10-05T03:30,1.9,3.9,178.0
TOS03000335,2026-10-05T03:45,2.2,4.3,178.0
TOS03000335,2026-10-05T04:00,2.3,3.6,176.0
TOS03000335,2026-10-05T04:15,3.0,4.0,179.0
TOS03000335,2026-10-05T04:30,3.0,4.2,187.0
TOS03000335,2026-10-05T04:45,2.6,3.9,188.0
TOS03000335,2026-10-05T05:00,2.5,3.8,191.0
TOS03000335,2026-10-05T05:15,2.7,4.7,182.0
TOS03000335,2026-10-05T05:30,2.6,5.1,185.0
TOS03000335,2026-10-05T05:45,3.6,5.1,172.0
TOS03000335,2026-10-05T06:00,3.5,5.4,161.0
TOS03000335,2026-10-05T06:15,3.5,5.1,160.0
TOS03000335,2026-10-05T06:30,3.7,5.2,165.0
TOS03000335,2026-10-05T06:45,4.5,5.9,179.0
TOS03000335,2026-10-05T07:00,4.2,5.6,164.0
TOS03000335,2026-10-05T07:15,4.5,5.4,175.0
TOS03000335,2026-10-05T07:30,4.2,5.5,172.0
TOS03000335,2026-10-05T07:45,4.3,5.2,162.0
TOS03000335,2026-10-05T08:00,4.4,5.5,164.0
TOS03000335,2026-10-05T08:15,4.1,5.4,155.0
TOS03000335,2026-10-05T08:30,5.0,6.6,157.0
TOS03000335,2026-10-05T08:45,5.0,6.3,159.0
TOS03000335,2026-10-05T09:00,6.0,7.0,155.0
TOS03000335,2026-10-05T09:15,5.3,6.5,151.0
TOS03000335,2026-10-05T09:30,5.2,6.5,148.0
TOS03000335,2026-10-05T09:45,4.9,6.1,149.0
TOS03000335,2026-10-05T10:00,5.3,6.3,153.0
TOS03000335,2026-10-05T10:15,4.8,5.8,152.0
TOS03000335,2026-10-05T10:30,5.2,5.9,152.0
TOS03000335,2026-10-05T10:45,5.1,5.9,154.0
TOS03000335,2026-10-05T11:00,5.0,5.9,154.0
TOS03000335,2026-10-05T11:15,4.3,5.1,153.0
TOS03000335,2026-10-05T11:30,4.4,5.1,154.0
TOS03000335,2026-10-05T11:45,4.8,5.8,153.0
TOS03000335,2026-10-05T12:00,4.5,5.6,152.0
TOS03000335,2026-10-05T12:15,4.9,6.5,151.0
TOS03000335,2026-10-05T12:30,4.8,6.0,153.0
TOS03000335,2026-10-05T12:45,4.9,6.5,151.0
TOS03000335,2026-10-05T13:00,5.0,6.8,150.0
TOS03000335,2026-10-05T13:15,4.9,6.2,153.0
TOS03000335,2026-10-05T13:30,4.9,6.3,153.0
TOS03000335,2026-10-05T13:45,4.7,6.3,152.0
TOS03000335,2026-10-05T14:00,4.7,6.3,153.0
TOS03000335,2026-10-05T14:15,4.6,5.6,152.0
TOS03000335,2026-10-05T14:30,4.6,6.0,153.0
TOS03000335,2026-10-05T14:45,4.6,5.7,154.0
TOS03000335,2026-10-05T15:00,4.0,4.9,154.0
TOS03000335,2026-10-05T15:15,3.5,4.4,160.0
TOS03000335,2026-10-05T15:30,3.4,4.0,157.0
TOS03000335,2026-10-05T15:45,2.0,3.3,160.0
TOS03000335,2026-10-05T16:00,2.5,3.6,156.0
TOS03000335,2026-10-05T16:15,3.7,4.3,151.0
TOS03000335,2026-10-05T16:30,4.1,4.6,153.0
TOS03000335,2026-10-05T16:45,3.7,4.6,151.0
TOS03000335,2026-10-05T17:00,3.3,3.6,159.0
TOS03000335,2026-10-05T17:15,3.2,3.7,159.0
TOS03000335,2026-10-05T17:30,4.0,4.3,158.0
TOS03000335,2026-10-05T17:45,3.5,3.8,156.0
TOS03000335,2026-10-05T18:00,2.6,3.6,163.0
TOS03000335,2026-10-05T18:15,2.3,4.1,344.0
TOS03000335,2026-10-05T18:30,4.3,4.9,332.0
TOS03000335,2026-10-05T18:45,3.8,5.0,335.0
TOS03000335,2026-10-05T19:00,3.0,3.7,333.0
TOS03000335,2026-10-05T19:15,3.6,4.1,336.0
TOS03000335,2026-10-05T19:30,3.4,4.0,347.0
TOS03000335,2026-10-05T19:45,2.2,3.3,318.0
TOS03000335,2026-10-05T20:00,1.4,2.8,88.0
TOS03000335,2026-10-05T20:15,2.4,4.6,155.0
TOS03000335,2026-10-05T20:30,4.9,6.0,173.0
TOS03000335,2026-10-05T20:45,4.7,5.6,163.0
TOS03000335,2026-10-05T21:00,6.1,6.8,169.0
TOS03000335,2026-10-05T21:15,5.4,6.4,168.0
TOS03000335,2026-10-05T21:30,5.8,6.5,170.0
TOS03000335,2026-10-05T21:45,5.1,5.9,169.0
TOS03000335,2026-10-05T22:00,5.2,5.8,169.0
TOS03000335,2026-10-05T22:15,4.6,5.6,163.0
TOS03000335,2026-10-05T22:30,3.5,4.0,162.0
TOS03000335,2026-10-05T22:45,3.4,3.9,161.0
TOS03000335,2026-10-05T23:00,2.7,3.2,159.0
TOS03000335,2026-10-05T23:15,3.4,3.9,162.0
TOS03000335,2026-10-05T23:30,3.9,4.5,164.0
TOS03000335,2026-10-05T23:45,3.4,3.8,165.0
TOS03000481,2026-10-05T00:00,2.0,2.6,47.0
TOS03000481,2026-10-05T00:15,2.3,2.7,56.0
TOS03000481,2026-10-05T00:30,2.4,3.0,69.0
TOS03000481,2026-10-05T00:45,2.5,3.0,77.0
TOS03000481,2026-10-05T01:00,2.4,2.9,100.0
TOS03000481,2026-10-05T01:15,1.8,2.6,114.0
TOS03000481,2026-10-05T01:30,1.8,2.8,111.0
TOS03000481,2026-10-05T01:45,1.3,2.0,93.0
TOS03000481,2026-10-05T02:00,1.4,2.0,87.0
TOS03000481,2026-10-05T02:15,1.8,2.6,100.0
TOS03000481,2026-10-05T02:30,1.8,2.8,112.0
TOS03000481,2026-10-05T02:45,2.1,3.1,96.0
TOS03000481,2026-10-05T03:00,2.9,3.5,105.0
TOS03000481,2026-10-05T03:15,2.6,3.3,113.0
TOS03000481,2026-10-05T03:30,3.0,4.0,113.0
TOS03000481,2026-10-05T03:45,3.0,4.2,101.0
TOS03000481,2026-10-05T04:00,2.8,3.7,99.0
TOS03000481,2026-10-05T04:15,3.0,3.8,99.0
TOS03000481,2026-10-05T04:30,2.9,3.7,113.0
TOS03000481,2026-10-05T04:45,2.6,3.6,116.0
TOS03000481,2026-10-05T05:00,2.7,3.7,113.0
TOS03000481,2026-10-05T05:15,2.8,3.8,109.0
TOS03000481,2026-10-05T05:30,2.9,3.8,94.0
TOS03000481,2026-10-05T05:45,2.7,3.5,88.0
TOS03000481,2026-10-05T06:00,2.5,3.1,86.0
TOS03000481,2026-10-05T06:15,2.8,3.4,81.0
TOS03000481,2026-10-05T06:30,2.4,3.1,100.0
TOS03000481,2026-10-05T06:45,2.8,3.6,117.0
TOS03000481,2026-10-05T07:00,2.8,3.8,120.0
TOS03000481,2026-10-05T07:15,2.6,3.7,106.0
TOS03000481,2026-10-05T07:30,2.4,3.6,94.0
TOS03000481,2026-10-05T07:45,2.6,3.8,87.0
TOS03000481,2026-10-05T08:00,2.4,3.3,80.0
TOS03000481,2026-10-05T08:15,2.2,3.1,82.0
TOS03000481,2026-10-05T08:30,2.1,3.1,91.0
TOS03000481,2026-10-05T08:45,2.5,3.9,105.0
TOS03000481,2026-10-05T09:00,3.1,4.7,117.0
TOS03000481,2026-10-05T09:15,3.7,6.0,120.0
TOS03000481,2026-10-05T09:30,3.7,6.4,111.0
TOS03000481,2026-10-05T09:45,3.4,5.4,103.0
TOS03000481,2026-10-05T10:00,2.7,4.2,103.0
TOS03000481,2026-10-05T10:15,2.9,4.7,104.0
TOS03000481,2026-10-05T10:30,2.9,4.1,105.0
TOS03000481,2026-10-05T10:45,2.2,3.6,104.0
TOS03000481,2026-10-05T11:00,2.2,3.8,110.0
TOS03000481,2026-10-05T11:15,2.0,3.3,104.0
TOS03000481,2026-10-05T11:30,2.6,4.5,119.0
TOS03000481,2026-10-05T11:45,2.7,4.2,127.0
TOS03000481,2026-10-05T12:00,2.7,5.2,122.0
TOS03000481,2026-10-05T12:15,2.8,4.4,131.0
TOS03000481,2026-10-05T12:30,2.6,4.3,114.0
TOS03000481,2026-10-05T12:45,2.2,4.4,119.0
TOS03000481,2026-10-05T13:00,2.5,4.4,129.0
TOS03000481,2026-10-05T13:15,2.3,4.1,137.0
TOS03000481,2026-10-05T13:30,1.9,3.7,122.0
TOS03000481,2026-10-05T13:45,2.2,4.1,136.0
TOS03000481,2026-10-05T14:00,2.6,4.3,154.0
TOS03000481,2026-10-05T14:15,3.2,4.4,151.0
TOS03000481,2026-10-05T14:30,2.4,3.8,146.0
TOS03000481,2026-10-05T14:45,2.2,3.3,154.0
TOS03000481,2026-10-05T15:00,2.0,3.4,154.0
TOS03000481,2026-10-05T15:15,1.4,2.5,150.0
TOS03000481,2026-10-05T15:30,1.8,2.7,154.0
TOS03000481,2026-10-05T15:45,1.9,3.1,144.0
TOS03000481,2026-10-05T16:00,2.3,3.6,155.0
TOS03000481,2026-10-05T16:15,2.5,3.6,183.0
TOS03000481,2026-10-05T16:30,2.9,4.5,194.0
TOS03000481,2026-10-05T16:45,4.7,6.5,195.0
TOS03000481,2026-10-05T17:00,5.0,6.3,190.0
TOS03000481,2026-10-05T17:15,5.1,6.1,176.0
TOS03000481,2026-10-05T17:30,4.4,6.1,170.0
TOS03000481,2026-10-05T17:45,3.3,4.7,161.0
TOS03000481,2026-10-05T18:00,3.1,4.3,160.0
TOS03000481,2026-10-05T18:15,1.6,2.8,148.0
TOS03000481,2026-10-05T18:30,1.5,2.2,96.0
TOS03000481,2026-10-05T18:45,1.7,2.3,74.0
TOS03000481,2026-10-05T19:00,1.6,2.4,79.0
TOS03000481,2026-10-05T19:15,1.6,2.5,78.0
TOS03000481,2026-10-05T19:30,1.8,2.4,79.0
TOS03000481,2026-10-05T19:45,1.5,2.1,94.0
TOS03000481,2026-10-05T20:00,1.5,2.2,108.0
TOS03000481,2026-10-05T20:15,1.6,2.3,95.0
TOS03000481,2026-10-05T20:30,1.6,2.2,103.0
TOS03000481,2026-10-05T20:45,2.2,3.0,125.0
TOS03000481,2026-10-05T21:00,1.7,2.4,99.0
TOS03000481,2026-10-05T21:15,2.3,2.6,57.0
TOS03000481,2026-10-05T21:30,2.2,2.6,59.0
TOS03000481,2026-10-05T21:45,2.1,2.5,69.0
TOS03000481,2026-10-05T22:00,2.4,2.6,53.0
TOS03000481,2026-10-05T22:15,2.7,3.0,39.0
TOS03000481,2026-10-05T22:30,2.5,2.8,58.0
TOS03000481,2026-10-05T22:45,2.1,2.3,59.0
TOS03000481,2026-10-05T23:00,2.3,2.4,50.0
TOS03000481,2026-10-05T23:15,2.4,2.5,56.0
TOS03000481,2026-10-05T23:30,2.5,2.9,37.0
TOS03000481,2026-10-05T23:45,2.5,2.8,45.0
TOS03000513,2026-10-05T00:00,0.3,0.6,164.0
TOS03000513,2026-10-05T00:15,0.3,0.5,262.0
TOS03000513,2026-10-05T00:30,0.5,0.7,269.0
TOS03000513,2026-10-05T00:45,0.5,1.2,238.0
TOS03000513,2026-10-05T01:00,0.5,0.8,242.0
TOS03000513,2026-10-05T01:15,0.7,1.1,224.0
TOS03000513,2026-10-05T01:30,0.5,0.8,214.0
TOS03000513,2026-10-05T01:45,0.4,0.8,260.0
TOS03000513,2026-10-05T02:00,0.2,0.6,184.0
TOS03000513,2026-10-05T02:15,0.4,1.1,197.0
TOS03000513,2026-10-05T02:30,0.4,0.9,158.0
TOS03000513,2026-10-05T02:45,0.5,0.9,134.0
TOS03000513,2026-10-05T03:00,0.3,0.7,70.0
TOS03000513,2026-10-05T03:15,0.6,1.0,103.0
TOS03000513,2026-10-05T03:30,0.5,1.0,146.0
TOS03000513,2026-10-05T03:45,0.2,0.3,216.0
TOS03000513,2026-10-05T04:00,0.4,0.8,104.0
TOS03000513,2026-10-05T04:15,0.5,0.9,133.0
TOS03000513,2026-10-05T04:30,0.6,1.1,179.0
TOS03000513,2026-10-05T04:45,0.6,0.9,133.0
TOS03000513,2026-10-05T05:00,0.4,0.9,134.0
TOS03000513,2026-10-05T05:15,0.4,0.7,70.0
TOS03000513,2026-10-05T05:30,0.4,1.0,107.0
TOS03000513,2026-10-05T05:45,0.5,0.9,137.0
TOS03000513,2026-10-05T06:00,0.4,0.8,134.0
TOS03000513,2026-10-05T06:15,0.4,0.9,126.0
TOS03000513,2026-10-05T06:30,0.4,0.8,158.0
TOS03000513,2026-10-05T06:45,0.6,1.0,178.0
TOS03000513,2026-10-05T07:00,0.7,1.5,191.0
TOS03000513,2026-10-05T07:15,0.5,0.9,145.0
TOS03000513,2026-10-05T07:30,0.4,1.1,52.0
TOS03000513,2026-10-05T07:45,0.5,1.2,41.0
TOS03000513,2026-10-05T08:00,0.3,0.6,59.0
TOS03000513,2026-10-05T08:15,0.3,0.7,90.0
TOS03000513,2026-10-05T08:30,0.3,0.8,109.0
TOS03000513,2026-10-05T08:45,0.3,0.7,90.0
TOS03000513,2026-10-05T09:00,0.3,0.6,118.0
TOS03000513,2026-10-05T09:15,0.5,0.9,105.0
TOS03000513,2026-10-05T09:30,0.8,1.4,3.0
TOS03000513,2026-10-05T09:45,1.1,1.7,356.0
TOS03000513,2026-10-05T10:00,1.1,1.8,30.0
TOS03000513,2026-10-05T10:15,0.9,1.9,36.0
TOS03000513,2026-10-05T10:30,0.5,1.4,27.0
TOS03000513,2026-10-05T10:45,0.7,1.8,23.0
TOS03000513,2026-10-05T11:00,0.8,1.8,39.0
TOS03000513,2026-10-05T11:15,0.7,1.2,6.0
TOS03000513,2026-10-05T11:30,0.8,1.9,69.0
TOS03000513,2026-10-05T11:45,0.5,1.2,227.0
TOS03000513,2026-10-05T12:00,0.7,1.5,40.0
TOS03000513,2026-10-05T12:15,1.2,2.4,94.0
TOS03000513,2026-10-05T12:30,1.3,2.1,74.0
TOS03000513,2026-10-05T12:45,1.0,2.4,28.0
TOS03000513,2026-10-05T13:00,1.0,2.3,117.0
TOS03000513,2026-10-05T13:15,0.6,1.6,134.0
TOS03000513,2026-10-05T13:30,0.7,1.4,355.0
TOS03000513,2026-10-05T13:45,0.6,1.3,355.0
TOS03000513,2026-10-05T14:00,0.4,1.2,30.0
TOS03000513,2026-10-05T14:15,0.6,1.2,38.0
TOS03000513,2026-10-05T14:30,0.4,1.0,16.0
TOS03000513,2026-10-05T14:45,0.6,1.0,338.0
TOS03000513,2026-10-05T15:00,0.6,1.1,351.0
TOS03000513,2026-10-05T15:15,0.5,0.9,342.0
TOS03000513,2026-10-05T15:30,0.7,1.2,295.0
TOS03000513,2026-10-05T15:45,0.9,1.4,249.0
TOS03000513,2026-10-05T16:00,0.4,0.9,267.0
TOS03000513,2026-10-05T16:15,0.6,1.2,283.0
TOS03000513,2026-10-05T16:30,0.6,1.2,250.0
TOS03000513,2026-10-05T16:45,0.6,0.9,239.0
TOS03000513,2026-10-05T17:00,0.6,0.9,204.0
TOS03000513,2026-10-05T17:15,0.9,1.6,216.0
TOS03000513,2026-10-05T17:30,0.9,1.6,240.0
TOS03000513,2026-10-05T17:45,0.5,0.8,247.0
TOS03000513,2026-10-05T18:00,0.9,1.4,246.0
TOS03000513,2026-10-05T18:15,0.8,1.3,256.0
TOS03000513,2026-10-05T18:30,0.7,1.2,267.0
TOS03000513,2026-10-05T18:45,0.8,1.1,289.0
TOS03000513,2026-10-05T19:00,0.8,1.2,282.0
TOS03000513,2026-10-05T19:15,0.8,1.1,304.0
TOS03000513,2026-10-05T19:30,0.4,0.8,333.0
TOS03000513,2026-10-05T19:45,0.5,0.9,282.0
TOS03000513,2026-10-05T20:00,0.3,0.5,224.0
TOS03000513,2026-10-05T20:15,0.3,0.7,97.0
TOS03000513,2026-10-05T20:30,0.4,0.8,333.0
TOS03000513,2026-10-05T20:45,0.4,1.0,140.0
TOS03000513,2026-10-05T21:00,0.3,0.7,236.0
TOS03000513,2026-10-05T21:15,0.9,1.6,298.0
TOS03000513,2026-10-05T21:30,1.0,2.5,324.0
TOS03000513,2026-10-05T21:45,1.0,1.7,242.0
TOS03000513,2026-10-05T22:00,0.5,0.8,241.0
TOS03000513,2026-10-05T22:15,0.6,1.2,215.0
TOS03000513,2026-10-05T22:30,0.5,1.0,250.0
TOS03000513,2026-10-05T22:45,0.5,0.7,285.0
TOS03000513,2026-10-05T23:00,0.4,0.7,246.0
TOS03000513,2026-10-05T23:15,0.4,1.3,237.0
TOS03000513,2026-10-05T23:30,0.8,1.5,204.0
TOS03000513,2026-10-05T23:45,0.2,0.5,275.0
TOS03001241,2026-10-05T00:00,1.2,1.3,44.0
TOS03001241,2026-10-05T00:15,1.2,1.3,44.0
TOS03001241,2026-10-05T00:30,1.3,1.6,41.0
TOS03001241,2026-10-05T00:45,1.1,1.3,43.0
TOS03001241,2026-10-05T01:00,1.2,1.5,42.0
TOS03001241,2026-10-05T01:15,1.1,1.5,47.0
TOS03001241,2026-10-05T01:30,1.2,1.5,42.0
TOS03001241,2026-10-05T01:45,1.3,1.5,39.0
TOS03001241,2026-10-05T02:00,1.2,1.3,46.0
TOS03001241,2026-10-05T02:15,1.2,1.9,45.0
TOS03001241,2026-10-05T02:30,1.2,1.7,45.0
TOS03001241,2026-10-05T02:45,1.2,1.9,44.0
TOS03001241,2026-10-05T03:00,1.2,1.8,45.0
TOS03001241,2026-10-05T03:15,1.2,1.6,46.0
TOS03001241,2026-10-05T03:30,1.1,1.3,43.0
TOS03001241,2026-10-05T03:45,1.1,1.3,42.0
TOS03001241,2026-10-05T04:00,1.1,1.6,39.0
TOS03001241,2026-10-05T04:15,1.1,1.7,35.0
TOS03001241,2026-10-05T04:30,1.1,1.4,39.0
TOS03001241,2026-10-05T04:45,1.0,1.2,39.0
TOS03001241,2026-10-05T05:00,1.1,1.3,38.0
TOS03001241,2026-10-05T05:15,1.0,1.3,36.0
TOS03001241,2026-10-05T05:30,1.1,1.4,35.0
TOS03001241,2026-10-05T05:45,1.1,1.3,36.0
TOS03001241,2026-10-05T06:00,1.1,1.3,33.0
TOS03001241,2026-10-05T06:15,1.0,1.2,36.0
TOS03001241,2026-10-05T06:30,1.0,1.1,35.0
TOS03001241,2026-10-05T06:45,1.0,1.2,36.0
TOS03001241,2026-10-05T07:00,0.9,1.1,37.0
TOS03001241,2026-10-05T07:15,0.9,1.0,38.0
TOS03001241,2026-10-05T07:30,0.8,1.0,42.0
TOS03001241,2026-10-05T07:45,0.7,0.8,48.0
TOS03001241,2026-10-05T08:00,0.6,0.8,48.0
TOS03001241,2026-10-05T08:15,0.5,0.9,56.0
TOS03001241,2026-10-05T08:30,0.3,0.6,57.0
TOS03001241,2026-10-05T08:45,0.2,0.4,53.0
TOS03001241,2026-10-05T09:00,0.7,1.6,213.0
TOS03001241,2026-10-05T09:15,0.9,1.4,224.0
TOS03001241,2026-10-05T09:30,0.9,1.6,225.0
TOS03001241,2026-10-05T09:45,0.7,1.7,205.0
TOS03001241,2026-10-05T10:00,0.8,1.6,228.0
TOS03001241,2026-10-05T10:15,0.4,0.8,226.0
TOS03001241,2026-10-05T10:30,0.8,1.5,214.0
TOS03001241,2026-10-05T10:45,0.8,1.5,218.0
TOS03001241,2026-10-05T11:00,0.7,1.1,226.0
TOS03001241,2026-10-05T11:15,0.9,1.4,225.0
TOS03001241,2026-10-05T11:30,1.3,1.9,224.0
TOS03001241,2026-10-05T11:45,1.1,1.9,220.0
TOS03001241,2026-10-05T12:00,1.0,1.9,216.0
TOS03001241,2026-10-05T12:15,0.9,1.5,224.0
TOS03001241,2026-10-05T12:30,0.9,1.6,226.0
TOS03001241,2026-10-05T12:45,0.9,1.4,219.0
TOS03001241,2026-10-05T13:00,0.8,1.9,201.0
TOS03001241,2026-10-05T13:15,1.0,1.7,222.0
TOS03001241,2026-10-05T13:30,1.1,2.1,216.0
TOS03001241,2026-10-05T13:45,1.5,2.7,231.0
TOS03001241,2026-10-05T14:00,1.4,2.8,201.0
TOS03001241,2026-10-05T14:15,1.3,2.9,215.0
TOS03001241,2026-10-05T14:30,1.5,3.2,228.0
TOS03001241,2026-10-05T14:45,1.2,2.4,233.0
TOS03001241,2026-10-05T15:00,1.1,2.2,239.0
TOS03001241,2026-10-05T15:15,0.8,1.9,232.0
TOS03001241,2026-10-05T15:30,0.8,1.5,230.0
TOS03001241,2026-10-05T15:45,0.7,1.4,219.0
TOS03001241,2026-10-05T16:00,0.6,1.1,207.0
TOS03001241,2026-10-05T16:15,0.8,1.5,222.0
TOS03001241,2026-10-05T16:30,0.6,1.4,247.0
TOS03001241,2026-10-05T16:45,0.3,0.7,271.0
TOS03001241,2026-10-05T17:00,0.4,0.6,336.0
TOS03001241,2026-10-05T17:15,0.6,0.9,18.0
TOS03001241,2026-10-05T17:30,0.7,0.9,32.0
TOS03001241,2026-10-05T17:45,0.8,0.9,46.0
TOS03001241,2026-10-05T18:00,0.9,1.1,45.0
TOS03001241,2026-10-05T18:15,1.0,1.1,48.0
TOS03001241,2026-10-05T18:30,1.0,1.1,46.0
TOS03001241,2026-10-05T18:45,1.1,1.3,43.0
TOS03001241,2026-10-05T19:00,1.1,1.3,42.0
TOS03001241,2026-10-05T19:15,1.1,1.4,41.0
TOS03001241,2026-10-05T19:30,1.2,1.3,41.0
TOS03001241,2026-10-05T19:45,1.2,1.3,40.0
TOS03001241,2026-10-05T20:00,1.2,1.3,40.0
TOS03001241,2026-10-05T20:15,1.2,1.5,41.0
TOS03001241,2026-10-05T20:30,1.2,1.5,40.0
TOS03001241,2026-10-05T20:45,1.3,2.1,33.0
TOS03001241,2026-10-05T21:00,1.1,1.6,42.0
TOS03001241,2026-10-05T21:15,0.9,1.5,37.0
TOS03001241,2026-10-05T21:30,0.9,1.0,43.0
TOS03001241,2026-10-05T21:45,1.0,1.1,40.0
TOS03001241,2026-10-05T22:00,1.0,1.3,40.0
TOS03001241,2026-10-05T22:15,1.0,1.2,38.0
TOS03001241,2026-10-05T22:30,1.2,1.9,39.0
TOS03001241,2026-10-05T22:45,1.2,1.7,42.0
TOS03001241,2026-10-05T23:00,1.3,1.9,36.0
TOS03001241,2026-10-05T23:15,1.3,1.7,43.0
TOS03001241,2026-10-05T23:30,1.2,1.4,38.0
TOS03001241,2026-10-05T23:45,1.1,1.2,35.0
TOS03001841,2026-10-05T00:00,1.3,1.7,298.0
TOS03001841,2026-10-05T00:15,1.9,2.6,319.0
TOS03001841,2026-10-05T00:30,1.8,2.8,331.0
TOS03001841,2026-10-05T00:45,1.7,3.1,291.0
TOS03001841,2026-10-05T01:00,1.4,2.2,265.0
TOS03001841,2026-10-05T01:15,1.3,1.8,237.0
TOS03001841,2026-10-05T01:30,1.7,2.3,252.0
TOS03001841,2026-10-05T01:45,2.2,2.9,243.0
TOS03001841,2026-10-05T02:00,2.2,3.2,243.0
TOS03001841,2026-10-05T02:15,1.6,2.9,270.0
TOS03001841,2026-10-05T02:30,1.3,2.6,4.0
TOS03001841,2026-10-05T02:45,1.1,2.6,284.0
TOS03001841,2026-10-05T03:00,1.4,2.6,308.0
TOS03001841,2026-10-05T03:15,1.1,2.1,329.0
TOS03001841,2026-10-05T03:30,1.3,1.9,248.0
TOS03001841,2026-10-05T03:45,1.4,2.1,307.0
TOS03001841,2026-10-05T04:00,1.1,2.3,222.0
TOS03001841,2026-10-05T04:15,1.2,2.3,289.0
TOS03001841,2026-10-05T04:30,1.2,1.7,243.0
TOS03001841,2026-10-05T04:45,1.5,2.5,213.0
TOS03001841,2026-10-05T05:00,2.3,2.8,227.0
TOS03001841,2026-10-05T05:15,1.9,2.8,238.0
TOS03001841,2026-10-05T05:30,1.8,2.4,242.0
TOS03001841,2026-10-05T05:45,2.0,2.5,231.0
TOS03001841,2026-10-05T06:00,1.9,2.4,219.0
TOS03001841,2026-10-05T06:15,1.9,2.5,234.0
TOS03001841,2026-10-05T06:30,1.1,1.8,249.0
TOS03001841,2026-10-05T06:45,1.6,2.5,226.0
TOS03001841,2026-10-05T07:00,1.5,1.9,241.0
TOS03001841,2026-10-05T07:15,2.0,2.6,225.0
TOS03001841,2026-10-05T07:30,1.7,2.3,206.0
TOS03001841,2026-10-05T07:45,1.2,1.6,234.0
TOS03001841,2026-10-05T08:00,0.8,1.1,232.0
TOS03001841,2026-10-05T08:15,1.0,1.9,204.0
TOS03001841,2026-10-05T08:30,1.4,2.3,233.0
TOS03001841,2026-10-05T08:45,1.1,2.1,216.0
TOS03001841,2026-10-05T09:00,1.3,2.1,185.0
TOS03001841,2026-10-05T09:15,1.5,2.5,211.0
TOS03001841,2026-10-05T09:30,1.7,3.1,221.0
TOS03001841,2026-10-05T09:45,1.8,2.8,221.0
TOS03001841,2026-10-05T10:00,1.7,3.1,210.0
TOS03001841,2026-10-05T10:15,1.8,3.4,201.0
TOS03001841,2026-10-05T10:30,1.9,3.0,233.0
TOS03001841,2026-10-05T10:45,2.1,3.1,239.0
TOS03001841,2026-10-05T11:00,1.9,2.7,232.0
TOS03001841,2026-10-05T11:15,2.1,3.7,238.0
TOS03001841,2026-10-05T11:30,2.3,3.7,235.0
TOS03001841,2026-10-05T11:45,2.4,3.6,247.0
TOS03001841,2026-10-05T12:00,2.3,3.3,234.0
TOS03001841,2026-10-05T12:15,2.9,4.0,243.0
TOS03001841,2026-10-05T12:30,2.4,3.4,247.0
TOS03001841,2026-10-05T12:45,2.0,3.1,233.0
TOS03001841,2026-10-05T13:00,2.1,3.2,243.0
TOS03001841,2026-10-05T13:15,2.4,3.6,239.0
TOS03001841,2026-10-05T13:30,2.3,3.6,233.0
TOS03001841,2026-10-05T13:45,2.4,4.0,235.0
TOS03001841,2026-10-05T14:00,1.9,3.6,233.0
TOS03001841,2026-10-05T14:15,1.6,2.7,236.0
TOS03001841,2026-10-05T14:30,1.9,3.5,220.0
TOS03001841,2026-10-05T14:45,1.5,3.0,198.0
TOS03001841,2026-10-05T15:00,1.2,1.9,238.0
TOS03001841,2026-10-05T15:15,1.7,2.7,234.0
TOS03001841,2026-10-05T15:30,1.7,3.3,207.0
TOS03001841,2026-10-05T15:45,1.7,3.0,213.0
TOS03001841,2026-10-05T16:00,1.3,2.5,226.0
TOS03001841,2026-10-05T16:15,1.6,3.2,195.0
TOS03001841,2026-10-05T16:30,2.2,4.7,214.0
TOS03001841,2026-10-05T16:45,2.6,4.4,213.0
TOS03001841,2026-10-05T17:00,2.9,4.7,226.0
TOS03001841,2026-10-05T17:15,2.1,3.5,212.0
TOS03001841,2026-10-05T17:30,1.7,2.7,194.0
TOS03001841,2026-10-05T17:45,1.6,2.7,171.0
TOS03001841,2026-10-05T18:00,1.6,2.9,179.0
TOS03001841,2026-10-05T18:15,1.1,2.3,176.0
TOS03001841,2026-10-05T18:30,0.7,1.2,85.0
TOS03001841,2026-10-05T18:45,1.6,2.3,183.0
TOS03001841,2026-10-05T19:00,1.5,1.9,174.0
TOS03001841,2026-10-05T19:15,1.2,1.4,135.0
TOS03001841,2026-10-05T19:30,0.8,1.8,125.0
TOS03001841,2026-10-05T19:45,0.9,1.7,129.0
TOS03001841,2026-10-05T20:00,0.7,1.3,118.0
TOS03001841,2026-10-05T20:15,1.1,2.1,127.0
TOS03001841,2026-10-05T20:30,1.6,3.6,152.0
TOS03001841,2026-10-05T20:45,1.4,2.8,155.0
TOS03001841,2026-10-05T21:00,1.1,2.1,150.0
TOS03001841,2026-10-05T21:15,1.0,1.9,147.0
TOS03001841,2026-10-05T21:30,1.0,1.6,136.0
TOS03001841,2026-10-05T21:45,0.9,1.9,123.0
TOS03001841,2026-10-05T22:00,1.0,1.6,146.0
TOS03001841,2026-10-05T22:15,0.9,1.2,95.0
TOS03001841,2026-10-05T22:30,0.9,1.5,103.0
TOS03001841,2026-10-05T22:45,0.9,1.8,212.0
TOS03001841,2026-10-05T23:00,1.2,1.9,14.0
TOS03001841,2026-10-05T23:15,1.6,2.4,44.0
TOS03001841,2026-10-05T23:30,1.4,2.2,51.0
TOS03001841,2026-10-05T23:45,1.2,2.1,96.0
TOS03001963,2026-10-05T00:00,0.8,0.0,118.0
TOS03001963,2026-10-05T00:15,0.8,0.0,116.0
TOS03001963,2026-10-05T00:30,0.8,0.0,123.0
TOS03001963,2026-10-05T00:45,0.7,0.0,153.0
TOS03001963,2026-10-05T01:00,1.0,0.0,107.0
TOS03001963,2026-10-05T01:15,1.8,0.0,112.0
TOS03001963,2026-10-05T01:30,1.7,0.0,108.0
TOS03001963,2026-10-05T01:45,0.7,0.0,117.0
TOS03001963,2026-10-05T02:00,0.8,0.0,114.0
TOS03001963,2026-10-05T02:15,1.1,0.0,103.0
TOS03001963,2026-10-05T02:30,0.9,0.0,105.0
TOS03001963,2026-10-05T02:45,1.7,0.0,112.0
TOS03001963,2026-10-05T03:00,2.0,0.0,108.0
TOS03001963,2026-10-05T03:15,1.5,0.0,113.0
TOS03001963,2026-10-05T03:30,2.1,0.0,103.0
TOS03001963,2026-10-05T03:45,2.3,0.0,101.0
TOS03001963,2026-10-05T04:00,2.7,0.0,106.0
TOS03001963,2026-10-05T04:15,2.7,0.0,105.0
TOS03001963,2026-10-05T04:30,2.8,0.0,104.0
TOS03001963,2026-10-05T04:45,2.4,0.0,108.0
TOS03001963,2026-10-05T05:00,1.9,0.0,105.0
TOS03001963,2026-10-05T05:15,1.9,0.0,95.0
TOS03001963,2026-10-05T05:30,3.2,0.0,101.0
TOS03001963,2026-10-05T05:45,3.0,0.0,100.0
TOS03001963,2026-10-05T06:00,3.7,0.0,108.0
TOS03001963,2026-10-05T06:15,4.1,0.0,108.0
TOS03001963,2026-10-05T06:30,3.8,0.0,102.0
TOS03001963,2026-10-05T06:45,2.8,0.0,91.0
TOS03001963,2026-10-05T07:00,3.1,0.0,88.0
TOS03001963,2026-10-05T07:15,3.0,0.0,87.0
TOS03001963,2026-10-05T07:30,3.2,0.0,87.0
TOS03001963,2026-10-05T07:45,3.0,0.0,83.0
TOS03001963,2026-10-05T08:00,2.8,0.0,87.0
TOS03001963,2026-10-05T08:15,2.8,0.0,84.0
TOS03001963,2026-10-05T08:30,2.9,0.0,82.0
TOS03001963,2026-10-05T08:45,2.7,0.0,83.0
TOS03001963,2026-10-05T09:00,3.2,0.0,92.0
TOS03001963,2026-10-05T09:15,3.2,0.0,83.0
TOS03001963,2026-10-05T09:30,3.2,0.0,89.0
TOS03001963,2026-10-05T09:45,2.8,0.0,81.0
TOS03001963,2026-10-05T10:00,2.6,0.0,81.0
TOS03001963,2026-10-05T10:15,2.9,0.0,78.0
TOS03001963,2026-10-05T10:30,3.1,0.0,83.0
TOS03001963,2026-10-05T10:45,2.8,0.0,79.0
TOS03001963,2026-10-05T11:00,2.7,0.0,76.0
TOS03001963,2026-10-05T11:15,2.6,0.0,74.0
TOS03001963,2026-10-05T11:30,2.8,0.0,77.0
TOS03001963,2026-10-05T11:45,2.9,0.0,65.0
TOS03001963,2026-10-05T12:00,2.4,0.0,63.0
TOS03001963,2026-10-05T12:15,2.0,0.0,55.0
TOS03001963,2026-10-05T12:30,1.6,0.0,43.0
TOS03001963,2026-10-05T12:45,1.4,0.0,42.0
TOS03001963,2026-10-05T13:00,1.1,0.0,35.0
TOS03001963,2026-10-05T13:15,0.7,0.0,31.0
TOS03001963,2026-10-05T13:30,1.2,0.0,41.0
TOS03001963,2026-10-05T13:45,1.1,0.0,35.0
TOS03001963,2026-10-05T14:00,1.3,0.0,46.0
TOS03001963,2026-10-05T14:15,1.0,0.0,46.0
TOS03001963,2026-10-05T14:30,1.1,0.0,70.0
TOS03001963,2026-10-05T14:45,1.2,0.0,68.0
TOS03001963,2026-10-05T15:00,1.4,0.0,58.0
TOS03001963,2026-10-05T15:15,1.0,0.0,176.0
TOS03001963,2026-10-05T15:30,1.0,0.0,226.0
TOS03001963,2026-10-05T15:45,0.4,0.0,274.0
TOS03001963,2026-10-05T16:00,0.4,0.0,221.0
TOS03001963,2026-10-05T16:15,0.8,0.0,111.0
TOS03001963,2026-10-05T16:30,0.8,0.0,120.0
TOS03001963,2026-10-05T16:45,0.4,0.0,149.0
TOS03001963,2026-10-05T17:00,0.4,0.0,120.0
TOS03001963,2026-10-05T17:15,0.6,0.0,115.0
TOS03001963,2026-10-05T17:30,0.5,0.0,127.0
TOS03001963,2026-10-05T17:45,0.8,0.0,106.0
TOS03001963,2026-10-05T18:00,1.1,0.0,107.0
TOS03001963,2026-10-05T18:15,1.3,0.0,107.0
TOS03001963,2026-10-05T18:30,1.2,0.0,109.0
TOS03001963,2026-10-05T18:45,1.5,0.0,109.0
TOS03001963,2026-10-05T19:00,1.4,0.0,104.0
TOS03001963,2026-10-05T19:15,2.0,0.0,107.0
TOS03001963,2026-10-05T19:30,1.8,0.0,109.0
TOS03001963,2026-10-05T19:45,1.7,0.0,111.0
TOS03001963,2026-10-05T20:00,1.5,0.0,114.0
TOS03001963,2026-10-05T20:15,1.6,0.0,133.0
TOS03001963,2026-10-05T20:30,1.4,0.0,139.0
TOS03001963,2026-10-05T20:45,1.2,0.0,125.0
TOS03001963,2026-10-05T21:00,1.6,0.0,141.0
TOS03001963,2026-10-05T21:15,2.0,0.0,140.0
TOS03001963,2026-10-05T21:30,2.1,0.0,149.0
TOS03001963,2026-10-05T21:45,1.9,0.0,149.0
TOS03001963,2026-10-05T22:00,1.8,0.0,149.0
TOS03001963,2026-10-05T22:15,1.7,0.0,141.0
TOS03001963,2026-10-05T22:30,1.5,0.0,139.0
TOS03001963,2026-10-05T22:45,1.7,0.0,137.0
TOS03001963,2026-10-05T23:00,1.5,0.0,130.0
TOS03001963,2026-10-05T23:15,1.3,0.0,124.0
TOS03001963,2026-10-05T23:30,1.3,0.0,140.0
TOS03001963,2026-10-05T23:45,1.4,0.0,131.0
TOS11000001,2026-10-05T00:00,1.2,1.6,157.0
TOS11000001,2026-10-05T00:15,1.2,1.6,146.0
TOS11000001,2026-10-05T00:30,1.5,1.7,119.0
TOS11000001,2026-10-05T00:45,1.0,1.4,77.0
TOS11000001,2026-10-05T01:00,0.8,1.3,120.0
TOS11000001,2026-10-05T01:15,0.7,1.3,145.0
TOS11000001,2026-10-05T01:30,0.6,0.9,155.0
TOS11000001,2026-10-05T01:45,0.6,1.0,180.0
TOS11000001,2026-10-05T02:00,0.4,0.7,122.0
TOS11000001,2026-10-05T02:15,0.5,1.4,143.0
TOS11000001,2026-10-05T02:30,0.9,1.6,205.0
TOS11000001,2026-10-05T02:45,1.1,1.9,190.0
TOS11000001,2026-10-05T03:00,0.9,1.2,174.0
TOS11000001,2026-10-05T03:15,1.7,2.6,173.0
TOS11000001,2026-10-05T03:30,1.5,2.2,115.0
TOS11000001,2026-10-05T03:45,0.8,1.1,135.0
TOS11000001,2026-10-05T04:00,1.0,1.3,182.0
TOS11000001,2026-10-05T04:15,1.1,1.4,229.0
TOS11000001,2026-10-05T04:30,0.7,1.2,250.0
TOS11000001,2026-10-05T04:45,1.0,1.5,240.0
TOS11000001,2026-10-05T05:00,0.5,1.0,243.0
TOS11000001,2026-10-05T05:15,1.0,1.4,247.0
TOS11000001,2026-10-05T05:30,0.7,1.1,250.0
TOS11000001,2026-10-05T05:45,0.7,1.5,257.0
TOS11000001,2026-10-05T06:00,1.0,1.6,248.0
TOS11000001,2026-10-05T06:15,0.6,1.4,224.0
TOS11000001,2026-10-05T06:30,0.6,1.1,251.0
TOS11000001,2026-10-05T06:45,1.0,1.4,243.0
TOS11000001,2026-10-05T07:00,1.1,1.3,237.0
TOS11000001,2026-10-05T07:15,0.7,1.2,232.0
TOS11000001,2026-10-05T07:30,0.7,1.1,242.0
TOS11000001,2026-10-05T07:45,0.5,1.0,253.0
TOS11000001,2026-10-05T08:00,0.9,1.2,241.0
TOS11000001,2026-10-05T08:15,0.8,1.1,245.0
TOS11000001,2026-10-05T08:30,1.2,1.5,252.0
TOS11000001,2026-10-05T08:45,1.4,2.0,254.0
TOS11000001,2026-10-05T09:00,1.3,1.6,236.0
TOS11000001,2026-10-05T09:15,1.2,1.6,239.0
TOS11000001,2026-10-05T09:30,1.2,1.7,260.0
TOS11000001,2026-10-05T09:45,0.9,1.5,247.0
TOS11000001,2026-10-05T10:00,0.5,1.0,171.0
TOS11000001,2026-10-05T10:15,0.7,2.1,332.0
TOS11000001,2026-10-05T10:30,0.7,1.8,342.0
TOS11000001,2026-10-05T10:45,0.6,1.4,43.0
TOS11000001,2026-10-05T11:00,0.9,1.8,8.0
TOS11000001,2026-10-05T11:15,1.9,3.8,7.0
TOS11000001,2026-10-05T11:30,2.5,4.4,8.0
TOS11000001,2026-10-05T11:45,2.4,3.7,19.0
TOS11000001,2026-10-05T12:00,1.9,3.0,31.0
TOS11000001,2026-10-05T12:15,1.8,3.0,44.0
TOS11000001,2026-10-05T12:30,2.2,3.6,51.0
TOS11000001,2026-10-05T12:45,2.3,3.8,58.0
TOS11000001,2026-10-05T13:00,1.9,3.0,4.0
TOS11000001,2026-10-05T13:15,1.8,3.5,32.0
TOS11000001,2026-10-05T13:30,1.6,3.0,27.0
TOS11000001,2026-10-05T13:45,1.2,2.6,351.0
TOS11000001,2026-10-05T14:00,1.7,2.9,25.0
TOS11000001,2026-10-05T14:15,1.3,1.9,47.0
TOS11000001,2026-10-05T14:30,1.4,2.4,53.0
TOS11000001,2026-10-05T14:45,1.2,1.7,36.0
TOS11000001,2026-10-05T15:00,1.3,2.2,27.0
TOS11000001,2026-10-05T15:15,1.1,1.5,34.0
TOS11000001,2026-10-05T15:30,1.5,2.4,13.0
TOS11000001,2026-10-05T15:45,1.2,2.0,32.0
TOS11000001,2026-10-05T16:00,1.1,1.9,25.0
TOS11000001,2026-10-05T16:15,0.6,1.2,38.0
TOS11000001,2026-10-05T16:30,0.8,2.6,142.0
TOS11000001,2026-10-05T16:45,2.1,3.8,230.0
TOS11000001,2026-10-05T17:00,2.3,3.5,207.0
TOS11000001,2026-10-05T17:15,0.8,2.0,236.0
TOS11000001,2026-10-05T17:30,1.1,2.0,196.0
TOS11000001,2026-10-05T17:45,1.0,1.7,200.0
TOS11000001,2026-10-05T18:00,0.5,1.1,11.0
TOS11000001,2026-10-05T18:15,0.6,1.0,12.0
TOS11000001,2026-10-05T18:30,0.3,0.5,328.0
TOS11000001,2026-10-05T18:45,0.4,0.9,6.0
TOS11000001,2026-10-05T19:00,0.1,0.3,17.0
TOS11000001,2026-10-05T19:15,0.3,0.6,140.0
TOS11000001,2026-10-05T19:30,0.7,1.0,128.0
TOS11000001,2026-10-05T19:45,0.3,0.5,21.0
TOS11000001,2026-10-05T20:00,0.3,0.7,137.0
TOS11000001,2026-10-05T20:15,0.6,0.9,144.0
TOS11000001,2026-10-05T20:30,0.8,1.0,157.0
TOS11000001,2026-10-05T20:45,0.6,1.1,191.0
TOS11000001,2026-10-05T21:00,0.8,1.3,154.0
TOS11000001,2026-10-05T21:15,0.9,1.2,71.0
TOS11000001,2026-10-05T21:30,0.8,1.3,64.0
TOS11000001,2026-10-05T21:45,0.8,1.4,59.0
TOS11000001,2026-10-05T22:00,0.6,1.1,11.0
TOS11000001,2026-10-05T22:15,0.7,1.5,212.0
TOS11000001,2026-10-05T22:30,0.5,0.8,61.0
TOS11000001,2026-10-05T22:45,0.7,0.9,345.0
TOS11000001,2026-10-05T23:00,0.4,0.8,57.0
TOS11000001,2026-10-05T23:15,0.6,1.3,178.0
TOS11000001,2026-10-05T23:30,0.4,0.7,107.0
TOS11000001,2026-10-05T23:45,0.5,0.8,141.0
TOS11000011,2026-10-05T08:45,0.6,0.9,37.0
TOS11000011,2026-10-05T09:00,0.6,1.2,85.0
TOS11000011,2026-10-05T09:15,2.0,3.3,127.0
TOS11000011,2026-10-05T09:30,1.7,2.6,120.0
TOS11000011,2026-10-05T09:45,1.1,1.9,124.0
TOS11000011,2026-10-05T10:00,1.4,2.0,134.0
TOS11000011,2026-10-05T10:15,1.8,2.7,113.0
TOS11000011,2026-10-05T10:30,1.4,2.2,114.0
TOS11000011,2026-10-05T10:45,1.5,2.4,113.0
TOS11000011,2026-10-05T11:00,1.3,2.4,86.0
TOS11000011,2026-10-05T11:15,1.7,2.6,102.0
TOS11000011,2026-10-05T11:30,1.6,3.0,93.0
TOS11000011,2026-10-05T11:45,2.0,3.8,117.0
TOS11000011,2026-10-05T12:00,1.9,3.9,117.0
TOS11000011,2026-10-05T12:15,1.8,4.2,116.0
TOS11000011,2026-10-05T12:30,1.8,3.3,124.0
TOS11000011,2026-10-05T12:45,1.7,3.2,132.0
TOS11000011,2026-10-05T13:00,1.6,3.1,112.0
TOS11000011,2026-10-05T13:15,1.7,2.9,133.0
TOS11000011,2026-10-05T13:30,1.7,3.0,159.0
TOS11000011,2026-10-05T13:45,1.8,2.6,152.0
TOS11000011,2026-10-05T14:00,1.5,2.6,144.0
TOS11000011,2026-10-05T14:15,1.7,2.7,143.0
TOS11000011,2026-10-05T14:30,1.3,2.2,140.0
TOS11000011,2026-10-05T14:45,1.9,2.9,154.0
TOS11000011,2026-10-05T15:00,2.0,3.0,150.0
TOS11000011,2026-10-05T15:15,1.4,2.3,134.0
TOS11000011,2026-10-05T15:30,1.3,2.3,127.0
TOS11000011,2026-10-05T15:45,1.7,3.0,123.0
TOS11000011,2026-10-05T16:00,1.6,2.8,156.0
TOS11000011,2026-10-05T16:15,2.2,3.4,162.0
TOS11000011,2026-10-05T16:30,2.4,4.0,192.0
TOS11000011,2026-10-05T16:45,3.5,5.9,206.0
TOS11000011,2026-10-05T17:00,2.6,4.3,190.0
TOS11000011,2026-10-05T17:15,2.5,4.0,192.0
TOS11000011,2026-10-05T17:30,2.1,3.4,189.0
TOS11000011,2026-10-05T17:45,1.5,2.4,164.0
TOS11000011,2026-10-05T18:00,0.9,1.5,70.0
TOS11000011,2026-10-05T18:15,0.7,1.1,32.0
TOS11000011,2026-10-05T18:30,0.5,0.9,29.0
TOS11000011,2026-10-05T18:45,0.4,0.8,72.0
TOS11000011,2026-10-05T19:00,0.6,1.0,91.0
TOS11000011,2026-10-05T19:15,0.4,0.8,131.0
TOS11000011,2026-10-05T19:30,0.6,1.2,97.0
TOS11000011,2026-10-05T19:45,0.3,0.9,131.0
TOS11000011,2026-10-05T20:00,0.6,0.8,81.0
TOS11000011,2026-10-05T20:15,0.5,0.7,18.0
TOS11000011,2026-10-05T20:30,0.6,0.8,126.0
TOS11000011,2026-10-05T20:45,0.6,1.4,99.0
TOS11000011,2026-10-05T21:00,0.5,1.1,55.0
TOS11000011,2026-10-05T21:15,0.5,0.9,161.0
TOS11000011,2026-10-05T21:30,0.2,0.5,77.0
TOS11000011,2026-10-05T21:45,0.5,1.0,44.0
TOS11000011,2026-10-05T22:00,0.6,1.0,31.0
TOS11000011,2026-10-05T22:15,0.4,0.8,76.0
TOS11000011,2026-10-05T22:30,0.3,0.4,37.0
TOS11000011,2026-10-05T22:45,0.4,0.7,1.0
TOS11000011,2026-10-05T23:00,0.3,0.5,63.0
TOS11000011,2026-10-05T23:15,0.3,0.7,47.0
TOS11000011,2026-10-05T23:30,0.3,0.6,9.0
TOS11000011,2026-10-05T23:45,0.5,0.9,72.0
TOS11000020,2026-10-05T00:00,0.6,0.8,356.0
TOS11000020,2026-10-05T00:15,0.6,0.8,4.0
TOS11000020,2026-10-05T00:30,0.7,1.1,350.0
TOS11000020,2026-10-05T00:45,0.6,1.1,347.0
TOS11000020,2026-10-05T01:00,0.6,0.9,359.0
TOS11000020,2026-10-05T01:15,0.6,0.8,358.0
TOS11000020,2026-10-05T01:30,0.7,1.1,359.0
TOS11000020,2026-10-05T01:45,0.7,1.1,358.0
TOS11000020,2026-10-05T02:00,0.6,0.8,6.0
TOS11000020,2026-10-05T02:15,0.6,0.7,16.0
TOS11000020,2026-10-05T02:30,0.5,0.7,3.0
TOS11000020,2026-10-05T02:45,0.8,0.9,356.0
TOS11000020,2026-10-05T03:00,0.5,0.7,5.0
TOS11000020,2026-10-05T03:15,0.6,0.9,3.0
TOS11000020,2026-10-05T03:30,0.6,0.8,355.0
TOS11000020,2026-10-05T03:45,0.5,0.8,346.0
TOS11000020,2026-10-05T04:00,0.4,0.7,12.0
TOS11000020,2026-10-05T04:15,0.4,0.7,33.0
TOS11000020,2026-10-05T04:30,0.4,0.6,348.0
TOS11000020,2026-10-05T04:45,0.3,0.7,2.0
TOS11000020,2026-10-05T05:00,0.4,0.6,332.0
TOS11000020,2026-10-05T05:15,0.5,0.7,354.0
TOS11000020,2026-10-05T05:30,0.5,0.9,333.0
TOS11000020,2026-10-05T05:45,0.4,0.7,5.0
TOS11000020,2026-10-05T06:00,0.5,1.4,110.0
TOS11000020,2026-10-05T06:15,0.4,1.1,235.0
TOS11000020,2026-10-05T06:30,0.4,0.8,299.0
TOS11000020,2026-10-05T06:45,0.5,1.1,285.0
TOS11000020,2026-10-05T07:00,0.5,1.5,295.0
TOS11000020,2026-10-05T07:15,0.6,1.5,295.0
TOS11000020,2026-10-05T07:30,0.7,1.8,254.0
TOS11000020,2026-10-05T07:45,0.6,1.4,257.0
TOS11000020,2026-10-05T08:00,0.6,1.5,226.0
TOS11000020,2026-10-05T08:15,0.6,1.6,218.0
TOS11000020,2026-10-05T08:30,0.6,1.6,235.0
TOS11000020,2026-10-05T08:45,0.7,1.6,224.0
TOS11000020,2026-10-05T09:00,0.5,2.1,264.0
TOS11000020,2026-10-05T09:15,0.6,1.9,268.0
TOS11000020,2026-10-05T09:30,0.6,1.7,278.0
TOS11000020,2026-10-05T09:45,0.7,2.1,267.0
TOS11000020,2026-10-05T10:00,0.9,2.4,257.0
TOS11000020,2026-10-05T10:15,0.6,1.4,245.0
TOS11000020,2026-10-05T10:30,0.7,1.5,209.0
TOS11000020,2026-10-05T10:45,0.6,1.3,232.0
TOS11000020,2026-10-05T11:00,0.6,2.0,245.0
TOS11000020,2026-10-05T11:15,0.8,2.1,201.0
TOS11000020,2026-10-05T11:30,1.1,2.2,198.0
TOS11000020,2026-10-05T11:45,1.2,2.9,166.0
TOS11000020,2026-10-05T12:00,1.0,1.9,178.0
TOS11000020,2026-10-05T12:15,1.1,2.4,184.0
TOS11000020,2026-10-05T12:30,0.9,2.2,198.0
TOS11000020,2026-10-05T12:45,0.8,2.0,220.0
TOS11000020,2026-10-05T13:00,1.1,2.5,228.0
TOS11000020,2026-10-05T13:15,1.1,2.6,191.0
TOS11000020,2026-10-05T13:30,1.0,2.6,192.0
TOS11000020,2026-10-05T13:45,0.9,1.9,181.0
TOS11000020,2026-10-05T14:00,0.6,1.6,195.0
TOS11000020,2026-10-05T14:15,0.8,1.4,185.0
TOS11000020,2026-10-05T14:30,0.8,1.7,134.0
TOS11000020,2026-10-05T14:45,0.7,1.6,141.0
TOS11000020,2026-10-05T15:00,0.7,1.6,129.0
TOS11000020,2026-10-05T15:15,0.6,1.4,162.0
TOS11000020,2026-10-05T15:30,0.5,1.1,162.0
TOS11000020,2026-10-05T15:45,1.0,2.5,173.0
TOS11000020,2026-10-05T16:00,0.8,1.5,174.0
TOS11000020,2026-10-05T16:15,0.7,2.0,190.0
TOS11000020,2026-10-05T16:30,0.8,1.3,196.0
TOS11000020,2026-10-05T16:45,0.8,1.8,158.0
TOS11000020,2026-10-05T17:00,0.8,1.1,156.0
TOS11000020,2026-10-05T17:15,0.7,1.1,157.0
TOS11000020,2026-10-05T17:30,0.6,1.1,159.0
TOS11000020,2026-10-05T17:45,0.5,1.3,121.0
TOS11000020,2026-10-05T18:00,0.7,1.3,95.0
TOS11000020,2026-10-05T18:15,0.5,1.2,83.0
TOS11000020,2026-10-05T18:30,0.5,1.0,35.0
TOS11000020,2026-10-05T18:45,0.5,1.0,33.0
TOS11000020,2026-10-05T19:00,0.3,0.5,50.0
TOS11000020,2026-10-05T19:15,0.4,0.6,42.0
TOS11000020,2026-10-05T19:30,0.4,0.7,35.0
TOS11000020,2026-10-05T19:45,0.4,0.7,37.0
TOS11000020,2026-10-05T20:00,0.5,1.0,31.0
TOS11000020,2026-10-05T20:15,0.6,1.4,35.0
TOS11000020,2026-10-05T20:30,0.4,0.9,36.0
TOS11000020,2026-10-05T20:45,0.5,1.1,26.0
TOS11000020,2026-10-05T21:00,0.5,1.0,31.0
TOS11000020,2026-10-05T21:15,0.7,1.4,41.0
TOS11000020,2026-10-05T21:30,0.6,1.3,33.0
TOS11000020,2026-10-05T21:45,0.7,1.2,30.0
TOS11000020,2026-10-05T22:00,0.7,1.3,25.0
TOS11000020,2026-10-05T22:15,0.6,1.2,25.0
TOS11000020,2026-10-05T22:30,0.7,1.0,24.0
TOS11000020,2026-10-05T22:45,0.6,0.9,19.0
TOS11000020,2026-10-05T23:00,0.5,0.9,39.0
TOS11000020,2026-10-05T23:15,0.5,0.8,41.0
TOS11000020,2026-10-05T23:30,0.4,0.7,65.0
TOS11000020,2026-10-05T23:45,0.5,0.9,72.0
TOS11000027,2026-10-05T00:00,0.4,1.0,351.0
TOS11000027,2026-10-05T00:15,0.3,0.8,343.0
TOS11000027,2026-10-05T00:30,0.2,0.7,14.0
TOS11000027,2026-10-05T00:45,0.5,0.8,224.0
TOS11000027,2026-10-05T01:00,0.5,0.8,216.0
TOS11000027,2026-10-05T01:15,0.3,0.5,223.0
TOS11000027,2026-10-05T01:30,0.5,0.9,335.0
TOS11000027,2026-10-05T01:45,0.9,1.3,17.0
TOS11000027,2026-10-05T02:00,1.3,1.8,10.0
TOS11000027,2026-10-05T02:15,0.6,1.5,2.0
TOS11000027,2026-10-05T02:30,0.3,0.8,216.0
TOS11000027,2026-10-05T02:45,0.4,0.8,214.0
TOS11000027,2026-10-05T03:00,0.5,2.1,154.0
TOS11000027,2026-10-05T03:15,0.4,2.0,217.0
TOS11000027,2026-10-05T03:30,0.9,1.5,24.0
TOS11000027,2026-10-05T03:45,0.4,0.8,2.0
TOS11000027,2026-10-05T04:00,0.2,0.7,21.0
TOS11000027,2026-10-05T04:15,0.3,0.5,226.0
TOS11000027,2026-10-05T04:30,0.3,0.6,305.0
TOS11000027,2026-10-05T04:45,0.7,1.4,342.0
TOS11000027,2026-10-05T05:00,0.9,1.5,9.0
TOS11000027,2026-10-05T05:15,0.3,0.6,102.0
TOS11000027,2026-10-05T05:30,0.2,0.5,358.0
TOS11000027,2026-10-05T05:45,0.7,1.1,1.0
TOS11000027,2026-10-05T06:00,0.8,1.1,24.0
TOS11000027,2026-10-05T06:15,1.0,1.5,43.0
TOS11000027,2026-10-05T06:30,1.0,1.6,42.0
TOS11000027,2026-10-05T06:45,0.8,1.3,46.0
TOS11000027,2026-10-05T07:00,0.7,1.1,21.0
TOS11000027,2026-10-05T07:15,0.7,1.1,17.0
TOS11000027,2026-10-05T07:30,1.0,1.2,25.0
TOS11000027,2026-10-05T07:45,0.7,1.2,21.0
TOS11000027,2026-10-05T08:00,0.9,1.6,42.0
TOS11000027,2026-10-05T08:15,0.7,1.5,45.0
TOS11000027,2026-10-05T08:30,0.2,0.9,50.0
TOS11000027,2026-10-05T08:45,0.2,0.8,65.0
TOS11000027,2026-10-05T09:00,0.2,0.8,76.0
TOS11000027,2026-10-05T09:15,0.2,0.5,59.0
TOS11000027,2026-10-05T09:30,0.4,1.3,25.0
TOS11000027,2026-10-05T09:45,0.3,1.0,82.0
TOS11000027,2026-10-05T10:00,0.2,0.7,72.0
TOS11000027,2026-10-05T10:15,0.3,0.9,134.0
TOS11000027,2026-10-05T10:30,0.2,0.5,113.0
TOS11000027,2026-10-05T10:45,0.2,0.6,128.0
TOS11000027,2026-10-05T11:00,0.4,1.0,120.0
TOS11000027,2026-10-05T11:15,0.2,0.9,145.0
TOS11000027,2026-10-05T11:30,0.5,1.3,169.0
TOS11000027,2026-10-05T11:45,0.3,0.7,187.0
TOS11000027,2026-10-05T12:00,0.2,0.6,209.0
TOS11000027,2026-10-05T12:15,0.2,1.0,213.0
TOS11000027,2026-10-05T12:30,0.6,1.7,208.0
TOS11000027,2026-10-05T12:45,0.3,1.0,195.0
TOS11000027,2026-10-05T13:00,0.3,0.9,159.0
TOS11000027,2026-10-05T13:15,0.1,0.8,110.0
TOS11000027,2026-10-05T13:30,0.3,0.9,215.0
TOS11000027,2026-10-05T13:45,0.4,1.1,165.0
TOS11000027,2026-10-05T14:00,0.2,0.9,172.0
TOS11000027,2026-10-05T14:15,0.2,0.8,195.0
TOS11000027,2026-10-05T14:30,0.3,0.9,177.0
TOS11000027,2026-10-05T14:45,0.3,0.9,190.0
TOS11000027,2026-10-05T15:00,0.2,0.8,201.0
TOS11000027,2026-10-05T15:15,0.5,1.2,174.0
TOS11000027,2026-10-05T15:30,0.7,1.4,167.0
TOS11000027,2026-10-05T15:45,0.6,1.9,152.0
TOS11000027,2026-10-05T16:00,0.5,1.5,186.0
TOS11000027,2026-10-05T16:15,0.5,1.0,248.0
TOS11000027,2026-10-05T16:30,0.3,0.7,237.0
TOS11000027,2026-10-05T16:45,0.3,0.9,264.0
TOS11000027,2026-10-05T17:00,0.5,0.9,239.0
TOS11000027,2026-10-05T17:15,0.4,0.8,258.0
TOS11000027,2026-10-05T17:30,0.3,0.9,241.0
TOS11000027,2026-10-05T17:45,0.2,0.4,291.0
TOS11000027,2026-10-05T18:00,0.1,0.5,203.0
TOS11000027,2026-10-05T18:15,0.0,0.3,53.0
TOS11000027,2026-10-05T18:30,0.1,0.5,158.0
TOS11000027,2026-10-05T18:45,0.4,1.0,14.0
TOS11000027,2026-10-05T19:00,1.3,1.9,359.0
TOS11000027,2026-10-05T19:15,1.2,1.6,8.0
TOS11000027,2026-10-05T19:30,0.8,1.7,7.0
TOS11000027,2026-10-05T19:45,0.6,1.0,21.0
TOS11000027,2026-10-05T20:00,0.7,1.4,17.0
TOS11000027,2026-10-05T20:15,0.6,1.3,6.0
TOS11000027,2026-10-05T20:30,1.6,2.2,358.0
TOS11000027,2026-10-05T20:45,1.1,1.9,19.0
TOS11000027,2026-10-05T21:00,1.4,2.2,10.0
TOS11000027,2026-10-05T21:15,1.5,2.1,9.0
TOS11000027,2026-10-05T21:30,1.6,2.4,8.0
TOS11000027,2026-10-05T21:45,1.3,2.2,7.0
TOS11000027,2026-10-05T22:00,0.7,1.3,22.0
TOS11000027,2026-10-05T22:15,0.4,0.7,11.0
TOS11000027,2026-10-05T22:30,0.9,1.2,28.0
TOS11000027,2026-10-05T22:45,0.7,1.0,43.0
TOS11000027,2026-10-05T23:00,1.1,1.5,32.0
TOS11000027,2026-10-05T23:15,1.5,1.9,9.0
TOS11000027,2026-10-05T23:30,1.0,1.5,12.0
TOS11000027,2026-10-05T23:45,0.4,1.1,19.0
TOS11000029,2026-10-05T00:00,1.3,2.7,26.0
TOS11000029,2026-10-05T00:15,1.6,2.9,25.0
TOS11000029,2026-10-05T00:30,1.3,3.0,28.0
TOS11000029,2026-10-05T00:45,1.1,2.2,24.0
TOS11000029,2026-10-05T01:00,1.1,2.0,22.0
TOS11000029,2026-10-05T01:15,0.6,1.6,27.0
TOS11000029,2026-10-05T01:30,1.1,2.1,17.0
TOS11000029,2026-10-05T01:45,1.4,2.7,19.0
TOS11000029,2026-10-05T02:00,1.3,2.4,23.0
TOS11000029,2026-10-05T02:15,1.3,2.2,18.0
TOS11000029,2026-10-05T02:30,1.1,2.1,12.0
TOS11000029,2026-10-05T02:45,1.1,2.1,27.0
TOS11000029,2026-10-05T03:00,1.1,2.2,24.0
TOS11000029,2026-10-05T03:15,0.7,1.6,357.0
TOS11000029,2026-10-05T03:30,0.5,1.2,310.0
TOS11000029,2026-10-05T03:45,1.2,2.1,33.0
TOS11000029,2026-10-05T04:00,1.2,2.2,25.0
TOS11000029,2026-10-05T04:15,1.0,2.0,26.0
TOS11000029,2026-10-05T04:30,0.7,1.6,62.0
TOS11000029,2026-10-05T04:45,0.8,1.8,58.0
TOS11000029,2026-10-05T05:00,1.1,2.3,77.0
TOS11000029,2026-10-05T05:15,1.6,2.7,120.0
TOS11000029,2026-10-05T05:30,1.8,3.4,116.0
TOS11000029,2026-10-05T05:45,1.2,2.3,73.0
TOS11000029,2026-10-05T06:00,0.9,2.3,70.0
TOS11000029,2026-10-05T06:15,0.7,1.5,86.0
TOS11000029,2026-10-05T06:30,1.0,2.2,77.0
TOS11000029,2026-10-05T06:45,1.2,2.2,78.0
TOS11000029,2026-10-05T07:00,1.0,2.1,71.0
TOS11000029,2026-10-05T07:15,0.8,1.8,61.0
TOS11000029,2026-10-05T07:30,1.0,2.4,57.0
TOS11000029,2026-10-05T07:45,1.1,2.2,57.0
TOS11000029,2026-10-05T08:00,1.1,2.1,63.0
TOS11000029,2026-10-05T08:15,1.3,2.0,69.0
TOS11000029,2026-10-05T08:30,1.3,3.0,87.0
TOS11000029,2026-10-05T08:45,1.7,3.0,146.0
TOS11000029,2026-10-05T09:00,0.8,1.7,123.0
TOS11000029,2026-10-05T09:15,0.7,1.6,137.0
TOS11000029,2026-10-05T09:30,0.7,1.9,126.0
TOS11000029,2026-10-05T09:45,0.7,1.7,125.0
TOS11000029,2026-10-05T10:00,0.8,1.9,114.0
TOS11000029,2026-10-05T10:15,1.0,1.9,122.0
TOS11000029,2026-10-05T10:30,1.0,2.1,133.0
TOS11000029,2026-10-05T10:45,1.2,2.5,146.0
TOS11000029,2026-10-05T11:00,1.4,2.7,161.0
TOS11000029,2026-10-05T11:15,1.1,2.1,160.0
TOS11000029,2026-10-05T11:30,0.8,2.6,140.0
TOS11000029,2026-10-05T11:45,0.7,2.4,118.0
TOS11000029,2026-10-05T12:00,0.8,2.1,140.0
TOS11000029,2026-10-05T12:15,1.1,2.3,153.0
TOS11000029,2026-10-05T12:30,1.0,2.1,159.0
TOS11000029,2026-10-05T12:45,1.1,3.2,161.0
TOS11000029,2026-10-05T13:00,1.2,3.1,172.0
TOS11000029,2026-10-05T13:15,1.1,2.5,171.0
TOS11000029,2026-10-05T13:30,0.9,3.1,147.0
TOS11000029,2026-10-05T13:45,1.0,2.3,164.0
TOS11000029,2026-10-05T14:00,0.7,2.1,188.0
TOS11000029,2026-10-05T14:15,1.0,2.5,192.0
TOS11000029,2026-10-05T14:30,1.1,2.2,191.0
TOS11000029,2026-10-05T14:45,1.1,3.1,175.0
TOS11000029,2026-10-05T15:00,1.4,3.2,184.0
TOS11000029,2026-10-05T15:15,1.9,3.4,182.0
TOS11000029,2026-10-05T15:30,1.4,2.8,167.0
TOS11000029,2026-10-05T15:45,1.1,2.4,200.0
TOS11000029,2026-10-05T16:00,1.3,3.3,206.0
TOS11000029,2026-10-05T16:15,1.1,3.0,188.0
TOS11000029,2026-10-05T16:30,1.6,3.4,163.0
TOS11000029,2026-10-05T16:45,1.8,3.8,181.0
TOS11000029,2026-10-05T17:00,1.6,3.5,167.0
TOS11000029,2026-10-05T17:15,1.3,3.1,168.0
TOS11000029,2026-10-05T17:30,1.2,2.7,175.0
TOS11000029,2026-10-05T17:45,1.0,2.4,193.0
TOS11000029,2026-10-05T18:00,0.8,2.5,178.0
TOS11000029,2026-10-05T18:15,0.4,1.5,113.0
TOS11000029,2026-10-05T18:30,0.6,1.5,309.0
TOS11000029,2026-10-05T18:45,0.6,1.8,123.0
TOS11000029,2026-10-05T19:00,0.4,1.6,71.0
TOS11000029,2026-10-05T19:15,0.6,1.5,62.0
TOS11000029,2026-10-05T19:30,0.6,1.2,69.0
TOS11000029,2026-10-05T19:45,1.5,3.3,123.0
TOS11000029,2026-10-05T20:00,2.4,4.2,139.0
TOS11000029,2026-10-05T20:15,1.7,3.3,140.0
TOS11000029,2026-10-05T20:30,1.7,2.7,131.0
TOS11000029,2026-10-05T20:45,1.4,3.1,115.0
TOS11000029,2026-10-05T21:00,0.6,1.2,69.0
TOS11000029,2026-10-05T21:15,0.6,1.2,43.0
TOS11000029,2026-10-05T21:30,0.7,1.4,10.0
TOS11000029,2026-10-05T21:45,1.2,2.7,21.0
TOS11000029,2026-10-05T22:00,1.6,2.6,23.0
TOS11000029,2026-10-05T22:15,1.5,3.2,27.0
TOS11000029,2026-10-05T22:30,1.2,2.3,53.0
TOS11000029,2026-10-05T22:45,0.7,1.7,73.0
TOS11000029,2026-10-05T23:00,0.7,1.7,45.0
TOS11000029,2026-10-05T23:15,1.2,2.2,30.0
TOS11000029,2026-10-05T23:30,1.0,2.1,35.0
TOS11000029,2026-10-05T23:45,0.9,2.0,38.0
TOS11000031,2026-10-05T00:00,1.0,1.7,316.0
TOS11000031,2026-10-05T00:15,1.0,1.9,319.0
TOS11000031,2026-10-05T00:30,0.5,1.4,347.0
TOS11000031,2026-10-05T00:45,0.4,0.7,340.0
TOS11000031,2026-10-05T01:00,0.3,0.6,323.0
TOS11000031,2026-10-05T01:15,0.4,0.7,333.0
TOS11000031,2026-10-05T01:30,0.5,0.9,328.0
TOS11000031,2026-10-05T01:45,0.5,0.8,320.0
TOS11000031,2026-10-05T02:00,0.5,0.9,330.0
TOS11000031,2026-10-05T02:15,0.4,0.8,14.0
TOS11000031,2026-10-05T02:30,0.3,0.7,17.0
TOS11000031,2026-10-05T02:45,0.2,0.6,151.0
TOS11000031,2026-10-05T03:00,0.5,1.1,332.0
TOS11000031,2026-10-05T03:15,0.3,0.6,359.0
TOS11000031,2026-10-05T03:30,0.3,0.6,342.0
TOS11000031,2026-10-05T03:45,0.4,0.7,333.0
TOS11000031,2026-10-05T04:00,0.6,0.9,323.0
TOS11000031,2026-10-05T04:15,0.3,0.6,345.0
TOS11000031,2026-10-05T04:30,0.2,0.4,341.0
TOS11000031,2026-10-05T04:45,0.4,1.0,338.0
TOS11000031,2026-10-05T05:00,0.5,0.8,344.0
TOS11000031,2026-10-05T05:15,0.5,0.8,346.0
TOS11000031,2026-10-05T05:30,0.5,0.9,338.0
TOS11000031,2026-10-05T05:45,0.5,0.9,355.0
TOS11000031,2026-10-05T06:00,0.4,1.1,358.0
TOS11000031,2026-10-05T06:15,0.3,0.6,334.0
TOS11000031,2026-10-05T06:30,0.4,0.9,336.0
TOS11000031,2026-10-05T06:45,0.4,0.7,350.0
TOS11000031,2026-10-05T07:00,0.4,0.7,4.0
TOS11000031,2026-10-05T07:15,0.6,1.2,349.0
TOS11000031,2026-10-05T07:30,0.4,0.8,4.0
TOS11000031,2026-10-05T07:45,0.5,0.8,28.0
TOS11000031,2026-10-05T08:00,0.5,0.8,49.0
TOS11000031,2026-10-05T08:15,0.3,0.6,44.0
TOS11000031,2026-10-05T08:30,0.3,0.6,67.0
TOS11000031,2026-10-05T08:45,0.8,1.7,116.0
TOS11000031,2026-10-05T09:00,1.1,1.8,151.0
TOS11000031,2026-10-05T09:15,1.2,1.8,155.0
TOS11000031,2026-10-05T09:30,0.7,1.4,157.0
TOS11000031,2026-10-05T09:45,0.8,1.7,298.0
TOS11000031,2026-10-05T10:00,0.6,1.8,272.0
TOS11000031,2026-10-05T10:15,0.6,1.3,261.0
TOS11000031,2026-10-05T10:30,0.6,1.0,273.0
TOS11000031,2026-10-05T10:45,0.6,1.2,328.0
TOS11000031,2026-10-05T11:00,0.5,1.1,248.0
TOS11000031,2026-10-05T11:15,0.5,1.2,336.0
TOS11000031,2026-10-05T11:30,0.7,1.4,310.0
TOS11000031,2026-10-05T11:45,0.6,2.1,18.0
TOS11000031,2026-10-05T12:00,0.7,1.7,80.0
TOS11000031,2026-10-05T12:15,0.5,1.5,41.0
TOS11000031,2026-10-05T12:30,0.8,1.7,187.0
TOS11000031,2026-10-05T12:45,0.9,2.5,324.0
TOS11000031,2026-10-05T13:00,0.7,1.9,62.0
TOS11000031,2026-10-05T13:15,1.2,2.1,154.0
TOS11000031,2026-10-05T13:30,0.7,1.9,9.0
TOS11000031,2026-10-05T13:45,0.8,1.6,179.0
TOS11000031,2026-10-05T14:00,0.6,1.5,152.0
TOS11000031,2026-10-05T14:15,0.5,1.9,68.0
TOS11000031,2026-10-05T14:30,0.6,1.2,352.0
TOS11000031,2026-10-05T14:45,0.6,1.1,157.0
TOS11000031,2026-10-05T15:00,0.5,1.0,346.0
TOS11000031,2026-10-05T15:15,0.8,1.8,356.0
TOS11000031,2026-10-05T15:30,0.7,1.2,336.0
TOS11000031,2026-10-05T15:45,0.6,1.3,354.0
TOS11000031,2026-10-05T16:00,0.4,1.0,333.0
TOS11000031,2026-10-05T16:15,0.5,1.0,339.0
TOS11000031,2026-10-05T16:30,0.5,0.7,323.0
TOS11000031,2026-10-05T16:45,0.7,1.0,298.0
TOS11000031,2026-10-05T17:00,0.4,0.8,267.0
TOS11000031,2026-10-05T17:15,0.6,1.0,255.0
TOS11000031,2026-10-05T17:30,0.5,0.8,304.0
TOS11000031,2026-10-05T17:45,0.6,0.9,23.0
TOS11000031,2026-10-05T18:00,0.8,1.0,33.0
TOS11000031,2026-10-05T18:15,0.4,0.9,49.0
TOS11000031,2026-10-05T18:30,0.5,1.0,8.0
TOS11000031,2026-10-05T18:45,0.4,0.9,68.0
TOS11000031,2026-10-05T19:00,0.3,0.9,9.0
TOS11000031,2026-10-05T19:15,0.6,1.2,33.0
TOS11000031,2026-10-05T19:30,0.4,1.0,23.0
TOS11000031,2026-10-05T19:45,0.6,1.2,27.0
TOS11000031,2026-10-05T20:00,0.5,1.4,23.0
TOS11000031,2026-10-05T20:15,0.6,1.4,10.0
TOS11000031,2026-10-05T20:30,0.6,1.3,19.0
TOS11000031,2026-10-05T20:45,0.3,1.0,49.0
TOS11000031,2026-10-05T21:00,0.3,1.0,7.0
TOS11000031,2026-10-05T21:15,0.4,0.8,356.0
TOS11000031,2026-10-05T21:30,0.4,1.2,349.0
TOS11000031,2026-10-05T21:45,0.4,1.1,349.0
TOS11000031,2026-10-05T22:00,0.4,0.7,342.0
TOS11000031,2026-10-05T22:15,0.4,0.7,357.0
TOS11000031,2026-10-05T22:30,0.5,0.9,342.0
TOS11000031,2026-10-05T22:45,0.8,1.1,340.0
TOS11000031,2026-10-05T23:00,0.5,1.0,333.0
TOS11000031,2026-10-05T23:15,0.5,1.0,344.0
TOS11000031,2026-10-05T23:30,0.5,1.1,334.0
TOS11000031,2026-10-05T23:45,0.5,0.9,337.0
TOS11000032,2026-10-05T00:00,0.5,0.9,299.0
TOS11000032,2026-10-05T00:15,0.7,1.2,297.0
TOS11000032,2026-10-05T00:30,1.0,2.7,329.0
TOS11000032,2026-10-05T00:45,1.1,2.2,327.0
TOS11000032,2026-10-05T01:00,0.7,1.4,303.0
TOS11000032,2026-10-05T01:15,0.8,1.6,316.0
TOS11000032,2026-10-05T01:30,0.8,1.2,325.0
TOS11000032,2026-10-05T01:45,0.5,1.1,335.0
TOS11000032,2026-10-05T02:00,0.8,1.6,303.0
TOS11000032,2026-10-05T02:15,0.6,1.2,319.0
TOS11000032,2026-10-05T02:30,0.4,0.9,321.0
TOS11000032,2026-10-05T02:45,1.3,2.5,343.0
TOS11000032,2026-10-05T03:00,1.3,2.0,350.0
TOS11000032,2026-10-05T03:15,0.4,0.9,27.0
TOS11000032,2026-10-05T03:30,0.8,1.3,312.0
TOS11000032,2026-10-05T03:45,0.5,1.2,328.0
TOS11000032,2026-10-05T04:00,0.6,1.2,255.0
TOS11000032,2026-10-05T04:15,0.6,1.8,315.0
TOS11000032,2026-10-05T04:30,1.3,2.3,343.0
TOS11000032,2026-10-05T04:45,0.5,0.9,294.0
TOS11000032,2026-10-05T05:00,0.8,1.5,334.0
TOS11000032,2026-10-05T05:15,0.5,1.0,335.0
TOS11000032,2026-10-05T05:30,0.6,1.2,324.0
TOS11000032,2026-10-05T05:45,0.6,1.3,324.0
TOS11000032,2026-10-05T06:00,0.6,1.2,313.0
TOS11000032,2026-10-05T06:15,0.8,1.5,320.0
TOS11000032,2026-10-05T06:30,0.9,1.9,337.0
TOS11000032,2026-10-05T06:45,0.9,1.8,278.0
TOS11000032,2026-10-05T07:00,0.7,1.3,317.0
TOS11000032,2026-10-05T07:15,0.4,0.7,310.0
TOS11000032,2026-10-05T07:30,0.4,0.7,251.0
TOS11000032,2026-10-05T07:45,0.3,0.6,274.0
TOS11000032,2026-10-05T08:00,0.5,1.0,14.0
TOS11000032,2026-10-05T08:15,0.4,0.9,225.0
TOS11000032,2026-10-05T08:30,0.6,1.3,298.0
TOS11000032,2026-10-05T08:45,0.7,1.3,236.0
TOS11000032,2026-10-05T09:00,0.5,0.9,230.0
TOS11000032,2026-10-05T09:15,0.9,1.7,171.0
TOS11000032,2026-10-05T09:30,0.7,1.5,160.0
TOS11000032,2026-10-05T09:45,1.0,1.8,183.0
TOS11000032,2026-10-05T10:00,0.6,1.7,169.0
TOS11000032,2026-10-05T10:15,0.9,1.5,169.0
TOS11000032,2026-10-05T10:30,0.8,1.4,246.0
TOS11000032,2026-10-05T10:45,0.7,1.7,162.0
TOS11000032,2026-10-05T11:00,0.7,1.6,152.0
TOS11000032,2026-10-05T11:15,0.9,1.8,147.0
TOS11000032,2026-10-05T11:30,0.8,1.6,146.0
TOS11000032,2026-10-05T11:45,1.4,2.7,171.0
TOS11000032,2026-10-05T12:00,1.1,2.4,161.0
TOS11000032,2026-10-05T12:15,0.7,1.4,199.0
TOS11000032,2026-10-05T12:30,0.7,1.5,234.0
TOS11000032,2026-10-05T12:45,0.9,1.9,175.0
TOS11000032,2026-10-05T13:00,1.0,1.9,158.0
TOS11000032,2026-10-05T13:15,1.0,2.0,156.0
TOS11000032,2026-10-05T13:30,1.2,2.2,156.0
TOS11000032,2026-10-05T13:45,1.4,2.7,162.0
TOS11000032,2026-10-05T14:00,0.8,1.8,145.0
TOS11000032,2026-10-05T14:15,0.8,1.5,190.0
TOS11000032,2026-10-05T14:30,0.9,2.1,159.0
TOS11000032,2026-10-05T14:45,0.8,1.5,135.0
TOS11000032,2026-10-05T15:00,0.6,1.2,155.0
TOS11000032,2026-10-05T15:15,0.7,1.6,177.0
TOS11000032,2026-10-05T15:30,0.6,1.4,194.0
TOS11000032,2026-10-05T15:45,0.5,1.1,249.0
TOS11000032,2026-10-05T16:00,0.5,0.8,69.0
TOS11000032,2026-10-05T16:15,0.6,1.3,78.0
TOS11000032,2026-10-05T16:30,0.3,0.6,144.0
TOS11000032,2026-10-05T16:45,0.4,1.0,324.0
TOS11000032,2026-10-05T17:00,0.4,0.8,227.0
TOS11000032,2026-10-05T17:15,0.3,0.8,183.0
TOS11000032,2026-10-05T17:30,0.9,1.7,2.0
TOS11000032,2026-10-05T17:45,1.2,1.9,349.0
TOS11000032,2026-10-05T18:00,1.5,2.2,354.0
TOS11000032,2026-10-05T18:15,1.6,3.3,355.0
TOS11000032,2026-10-05T18:30,1.6,3.5,0.0
TOS11000032,2026-10-05T18:45,1.5,2.2,355.0
TOS11000032,2026-10-05T19:00,1.8,3.0,351.0
TOS11000032,2026-10-05T19:15,1.6,2.3,353.0
TOS11000032,2026-10-05T19:30,1.8,3.1,359.0
TOS11000032,2026-10-05T19:45,1.7,3.1,354.0
TOS11000032,2026-10-05T20:00,1.8,3.0,3.0
TOS11000032,2026-10-05T20:15,1.3,2.1,2.0
TOS11000032,2026-10-05T20:30,1.5,2.5,7.0
TOS11000032,2026-10-05T20:45,1.7,2.9,4.0
TOS11000032,2026-10-05T21:00,1.7,2.4,1.0
TOS11000032,2026-10-05T21:15,1.7,2.9,4.0
TOS11000032,2026-10-05T21:30,1.6,2.4,357.0
TOS11000032,2026-10-05T21:45,1.7,3.5,348.0
TOS11000032,2026-10-05T22:00,1.8,3.0,2.0
TOS11000032,2026-10-05T22:15,1.9,3.6,1.0
TOS11000032,2026-10-05T22:30,1.5,2.9,4.0
TOS11000032,2026-10-05T22:45,1.9,3.0,7.0
TOS11000032,2026-10-05T23:00,2.2,3.5,3.0
TOS11000032,2026-10-05T23:15,2.2,3.7,356.0
TOS11000032,2026-10-05T23:30,2.0,3.5,26.0
TOS11000032,2026-10-05T23:45,2.3,4.4,18.0
TOS11000033,2026-10-05T00:00,1.2,1.9,268.0
TOS11000033,2026-10-05T00:15,1.2,2.2,264.0
TOS11000033,2026-10-05T00:30,0.9,1.9,257.0
TOS11000033,2026-10-05T00:45,0.9,2.1,257.0
TOS11000033,2026-10-05T01:00,1.0,1.8,263.0
TOS11000033,2026-10-05T01:15,0.8,1.9,250.0
TOS11000033,2026-10-05T01:30,0.9,1.8,260.0
TOS11000033,2026-10-05T01:45,0.8,1.5,240.0
TOS11000033,2026-10-05T02:00,0.5,1.4,227.0
TOS11000033,2026-10-05T02:15,0.6,1.3,224.0
TOS11000033,2026-10-05T02:30,0.7,1.5,262.0
TOS11000033,2026-10-05T02:45,0.7,1.7,240.0
TOS11000033,2026-10-05T03:00,0.4,0.9,201.0
TOS11000033,2026-10-05T03:15,0.6,1.3,250.0
TOS11000033,2026-10-05T03:30,0.8,1.8,256.0
TOS11000033,2026-10-05T03:45,0.8,1.6,259.0
TOS11000033,2026-10-05T04:00,0.8,1.5,255.0
TOS11000033,2026-10-05T04:15,0.5,1.7,250.0
TOS11000033,2026-10-05T04:30,0.4,1.0,248.0
TOS11000033,2026-10-05T04:45,0.5,1.0,249.0
TOS11000033,2026-10-05T05:00,0.8,1.5,262.0
TOS11000033,2026-10-05T05:15,0.7,1.1,235.0
TOS11000033,2026-10-05T05:30,0.7,1.3,237.0
TOS11000033,2026-10-05T05:45,0.6,1.3,255.0
TOS11000033,2026-10-05T06:00,0.6,1.6,263.0
TOS11000033,2026-10-05T06:15,0.9,1.5,256.0
TOS11000033,2026-10-05T06:30,0.7,1.3,250.0
TOS11000033,2026-10-05T06:45,0.5,1.4,252.0
TOS11000033,2026-10-05T07:00,0.6,1.1,205.0
TOS11000033,2026-10-05T07:15,0.6,1.1,253.0
TOS11000033,2026-10-05T07:30,0.5,1.0,241.0
TOS11000033,2026-10-05T07:45,0.3,0.7,62.0
TOS11000033,2026-10-05T08:00,0.3,0.7,203.0
TOS11000033,2026-10-05T08:15,0.3,0.6,65.0
TOS11000033,2026-10-05T08:30,0.3,0.7,66.0
TOS11000033,2026-10-05T08:45,0.5,1.2,57.0
TOS11000033,2026-10-05T09:00,0.5,1.1,83.0
TOS11000033,2026-10-05T09:15,0.3,1.4,44.0
TOS11000033,2026-10-05T09:30,0.6,1.4,27.0
TOS11000033,2026-10-05T09:45,0.5,1.3,44.0
TOS11000033,2026-10-05T10:00,0.4,1.3,96.0
TOS11000033,2026-10-05T10:15,0.5,1.3,36.0
TOS11000033,2026-10-05T10:30,0.6,1.5,50.0
TOS11000033,2026-10-05T10:45,0.6,1.5,122.0
TOS11000033,2026-10-05T11:00,0.5,1.2,45.0
TOS11000033,2026-10-05T11:15,0.7,1.7,44.0
TOS11000033,2026-10-05T11:30,0.7,1.3,47.0
TOS11000033,2026-10-05T11:45,0.7,1.7,25.0
TOS11000033,2026-10-05T12:00,0.8,1.6,109.0
TOS11000033,2026-10-05T12:15,0.9,1.8,140.0
TOS11000033,2026-10-05T12:30,0.8,2.2,112.0
TOS11000033,2026-10-05T12:45,0.7,1.8,152.0
TOS11000033,2026-10-05T13:00,0.7,1.6,208.0
TOS11000033,2026-10-05T13:15,0.8,2.0,17.0
TOS11000033,2026-10-05T13:30,0.7,1.5,217.0
TOS11000033,2026-10-05T13:45,0.9,1.8,15.0
TOS11000033,2026-10-05T14:00,0.7,1.3,167.0
TOS11000033,2026-10-05T14:15,0.7,1.4,181.0
TOS11000033,2026-10-05T14:30,0.5,1.2,137.0
TOS11000033,2026-10-05T14:45,0.4,1.0,294.0
TOS11000033,2026-10-05T15:00,0.3,0.7,249.0
TOS11000033,2026-10-05T15:15,0.5,1.1,271.0
TOS11000033,2026-10-05T15:30,0.4,0.8,227.0
TOS11000033,2026-10-05T15:45,0.5,0.9,198.0
TOS11000033,2026-10-05T16:00,0.6,1.0,184.0
TOS11000033,2026-10-05T16:15,0.7,0.9,184.0
TOS11000033,2026-10-05T16:30,0.7,1.0,192.0
TOS11000033,2026-10-05T16:45,0.7,1.0,197.0
TOS11000033,2026-10-05T17:00,0.5,1.2,225.0
TOS11000033,2026-10-05T17:15,0.6,1.0,209.0
TOS11000033,2026-10-05T17:30,0.6,1.0,200.0
TOS11000033,2026-10-05T17:45,0.5,1.3,211.0
TOS11000033,2026-10-05T18:00,0.7,1.5,244.0
TOS11000033,2026-10-05T18:15,0.5,1.1,255.0
TOS11000033,2026-10-05T18:30,0.8,1.8,267.0
TOS11000033,2026-10-05T18:45,1.0,1.6,267.0
TOS11000033,2026-10-05T19:00,0.9,1.6,274.0
TOS11000033,2026-10-05T19:15,1.0,1.7,282.0
TOS11000033,2026-10-05T19:30,0.7,1.2,221.0
TOS11000033,2026-10-05T19:45,0.9,1.8,244.0
TOS11000033,2026-10-05T20:00,0.8,1.8,255.0
TOS11000033,2026-10-05T20:15,1.0,1.7,251.0
TOS11000033,2026-10-05T20:30,1.0,1.7,257.0
TOS11000033,2026-10-05T20:45,0.8,1.6,248.0
TOS11000033,2026-10-05T21:00,1.1,2.0,270.0
TOS11000033,2026-10-05T21:15,0.8,1.7,253.0
TOS11000033,2026-10-05T21:30,0.9,1.7,266.0
TOS11000033,2026-10-05T21:45,0.9,2.2,268.0
TOS11000033,2026-10-05T22:00,1.0,2.0,269.0
TOS11000033,2026-10-05T22:15,0.8,1.7,271.0
TOS11000033,2026-10-05T22:30,0.9,1.8,255.0
TOS11000033,2026-10-05T22:45,1.2,2.0,266.0
TOS11000033,2026-10-05T23:00,0.7,1.3,234.0
TOS11000033,2026-10-05T23:15,0.9,1.6,249.0
TOS11000033,2026-10-05T23:30,0.7,1.6,229.0
TOS11000033,2026-10-05T23:45,0.7,1.4,242.0
TOS11000034,2026-10-05T00:00,0.5,2.3,341.0
TOS11000034,2026-10-05T00:15,0.4,1.1,322.0
TOS11000034,2026-10-05T00:30,0.4,0.6,321.0
TOS11000034,2026-10-05T00:45,0.2,0.5,328.0
TOS11000034,2026-10-05T01:00,0.3,0.7,327.0
TOS11000034,2026-10-05T01:15,0.3,0.6,309.0
TOS11000034,2026-10-05T01:30,0.3,0.9,325.0
TOS11000034,2026-10-05T01:45,0.3,0.9,329.0
TOS11000034,2026-10-05T02:00,0.5,2.0,332.0
TOS11000034,2026-10-05T02:15,0.4,0.9,320.0
TOS11000034,2026-10-05T02:30,0.4,1.4,336.0
TOS11000034,2026-10-05T02:45,0.3,1.3,332.0
TOS11000034,2026-10-05T03:00,0.4,1.0,330.0
TOS11000034,2026-10-05T03:15,0.5,2.5,329.0
TOS11000034,2026-10-05T03:30,0.3,0.6,309.0
TOS11000034,2026-10-05T03:45,0.4,0.8,323.0
TOS11000034,2026-10-05T04:00,0.4,1.2,327.0
TOS11000034,2026-10-05T04:15,0.4,1.2,352.0
TOS11000034,2026-10-05T04:30,0.4,1.0,296.0
TOS11000034,2026-10-05T04:45,0.2,0.5,312.0
TOS11000034,2026-10-05T05:00,0.3,0.7,322.0
TOS11000034,2026-10-05T05:15,0.3,1.1,311.0
TOS11000034,2026-10-05T05:30,0.3,1.1,325.0
TOS11000034,2026-10-05T05:45,0.2,0.4,336.0
TOS11000034,2026-10-05T06:00,0.3,0.6,330.0
TOS11000034,2026-10-05T06:15,0.3,0.7,3.0
TOS11000034,2026-10-05T06:30,0.3,0.8,317.0
TOS11000034,2026-10-05T06:45,0.4,1.1,283.0
TOS11000034,2026-10-05T07:00,0.3,1.3,317.0
TOS11000034,2026-10-05T07:15,0.2,0.5,330.0
TOS11000034,2026-10-05T07:30,0.2,0.8,318.0
TOS11000034,2026-10-05T07:45,0.3,0.5,334.0
TOS11000034,2026-10-05T08:00,0.3,0.8,343.0
TOS11000034,2026-10-05T08:15,0.3,0.7,264.0
TOS11000034,2026-10-05T08:30,0.5,1.0,233.0
TOS11000034,2026-10-05T08:45,0.5,1.0,168.0
TOS11000034,2026-10-05T09:00,0.3,0.6,26.0
TOS11000034,2026-10-05T09:15,0.4,0.8,12.0
TOS11000034,2026-10-05T09:30,0.6,1.0,201.0
TOS11000034,2026-10-05T09:45,0.9,1.5,225.0
TOS11000034,2026-10-05T10:00,1.3,1.8,229.0
TOS11000034,2026-10-05T10:15,0.8,1.4,221.0
TOS11000034,2026-10-05T10:30,0.6,0.9,213.0
TOS11000034,2026-10-05T10:45,0.4,0.7,179.0
TOS11000034,2026-10-05T11:00,0.5,0.9,186.0
TOS11000034,2026-10-05T11:15,0.6,1.2,152.0
TOS11000034,2026-10-05T11:30,0.6,1.1,184.0
TOS11000034,2026-10-05T11:45,0.8,1.6,205.0
TOS11000034,2026-10-05T12:00,0.9,1.5,206.0
TOS11000034,2026-10-05T12:15,0.7,1.7,210.0
TOS11000034,2026-10-05T12:30,0.5,1.4,168.0
TOS11000034,2026-10-05T12:45,0.6,1.5,128.0
TOS11000034,2026-10-05T13:00,0.6,1.2,161.0
TOS11000034,2026-10-05T13:15,1.0,2.0,158.0
TOS11000034,2026-10-05T13:30,1.1,1.9,176.0
TOS11000034,2026-10-05T13:45,1.3,2.2,169.0
TOS11000034,2026-10-05T14:00,1.6,3.5,160.0
TOS11000034,2026-10-05T14:15,1.8,3.0,148.0
TOS11000034,2026-10-05T14:30,1.8,3.4,136.0
TOS11000034,2026-10-05T14:45,2.1,3.4,135.0
TOS11000034,2026-10-05T15:00,2.1,3.8,135.0
TOS11000034,2026-10-05T15:15,2.5,4.1,142.0
TOS11000034,2026-10-05T15:30,2.5,4.0,139.0
TOS11000034,2026-10-05T15:45,2.4,3.7,136.0
TOS11000034,2026-10-05T16:00,2.0,3.5,124.0
TOS11000034,2026-10-05T16:15,1.6,2.7,127.0
TOS11000034,2026-10-05T16:30,1.7,3.5,126.0
TOS11000034,2026-10-05T16:45,1.4,2.6,122.0
TOS11000034,2026-10-05T17:00,1.4,2.5,130.0
TOS11000034,2026-10-05T17:15,1.0,1.6,200.0
TOS11000034,2026-10-05T17:30,1.0,1.5,240.0
TOS11000034,2026-10-05T17:45,0.4,0.9,269.0
TOS11000034,2026-10-05T18:00,0.6,1.3,267.0
TOS11000034,2026-10-05T18:15,0.3,0.5,298.0
TOS11000034,2026-10-05T18:30,0.2,0.5,337.0
TOS11000034,2026-10-05T18:45,0.4,0.7,224.0
TOS11000034,2026-10-05T19:00,0.2,0.5,275.0
TOS11000034,2026-10-05T19:15,0.3,0.9,3.0
TOS11000034,2026-10-05T19:30,0.5,1.3,5.0
TOS11000034,2026-10-05T19:45,0.5,1.0,351.0
TOS11000034,2026-10-05T20:00,0.5,1.9,351.0
TOS11000034,2026-10-05T20:15,0.5,1.8,352.0
TOS11000034,2026-10-05T20:30,0.3,0.7,339.0
TOS11000034,2026-10-05T20:45,0.5,1.3,268.0
TOS11000034,2026-10-05T21:00,0.3,1.0,314.0
TOS11000034,2026-10-05T21:15,0.3,1.1,311.0
TOS11000034,2026-10-05T21:30,0.3,1.3,322.0
TOS11000034,2026-10-05T21:45,0.4,1.5,299.0
TOS11000034,2026-10-05T22:00,0.3,0.7,314.0
TOS11000034,2026-10-05T22:15,0.3,0.8,287.0
TOS11000034,2026-10-05T22:30,0.3,0.8,335.0
TOS11000034,2026-10-05T22:45,0.3,0.9,18.0
TOS11000034,2026-10-05T23:00,0.4,0.8,337.0
TOS11000034,2026-10-05T23:15,0.3,0.7,345.0
TOS11000034,2026-10-05T23:30,0.5,1.2,356.0
TOS11000034,2026-10-05T23:45,0.4,0.9,342.0
TOS11000036,2026-10-05T00:00,0.4,0.9,201.0
TOS11000036,2026-10-05T00:15,0.7,0.9,173.0
TOS11000036,2026-10-05T00:30,0.8,1.0,206.0
TOS11000036,2026-10-05T00:45,0.6,0.8,199.0
TOS11000036,2026-10-05T01:00,0.8,1.2,185.0
TOS11000036,2026-10-05T01:15,0.6,1.3,168.0
TOS11000036,2026-10-05T01:30,0.7,1.0,185.0
TOS11000036,2026-10-05T01:45,0.7,1.0,188.0
TOS11000036,2026-10-05T02:00,0.8,1.0,181.0
TOS11000036,2026-10-05T02:15,1.1,1.3,181.0
TOS11000036,2026-10-05T02:30,0.8,1.1,179.0
TOS11000036,2026-10-05T02:45,1.0,1.4,194.0
TOS11000036,2026-10-05T03:00,0.8,1.1,185.0
TOS11000036,2026-10-05T03:15,0.7,1.0,174.0
TOS11000036,2026-10-05T03:30,0.9,1.3,199.0
TOS11000036,2026-10-05T03:45,0.8,1.2,207.0
TOS11000036,2026-10-05T04:00,0.4,0.9,205.0
TOS11000036,2026-10-05T04:15,0.8,1.4,185.0
TOS11000036,2026-10-05T04:30,1.1,1.7,183.0
TOS11000036,2026-10-05T04:45,1.1,1.5,177.0
TOS11000036,2026-10-05T05:00,0.8,1.2,195.0
TOS11000036,2026-10-05T05:15,0.4,0.9,223.0
TOS11000036,2026-10-05T05:30,0.6,1.0,153.0
TOS11000036,2026-10-05T05:45,0.4,0.9,165.0
TOS11000036,2026-10-05T06:00,0.3,0.8,157.0
TOS11000036,2026-10-05T06:15,0.9,1.5,207.0
TOS11000036,2026-10-05T06:30,0.6,1.4,256.0
TOS11000036,2026-10-05T06:45,0.4,1.8,303.0
TOS11000036,2026-10-05T07:00,0.6,1.8,207.0
TOS11000036,2026-10-05T07:15,0.6,2.2,86.0
TOS11000036,2026-10-05T07:30,0.5,1.5,138.0
TOS11000036,2026-10-05T07:45,0.7,2.1,128.0
TOS11000036,2026-10-05T08:00,0.7,1.8,181.0
TOS11000036,2026-10-05T08:15,0.5,1.2,91.0
TOS11000036,2026-10-05T08:30,0.7,1.5,143.0
TOS11000036,2026-10-05T08:45,0.8,2.1,134.0
TOS11000036,2026-10-05T09:00,1.0,2.1,142.0
TOS11000036,2026-10-05T09:15,0.6,1.8,99.0
TOS11000036,2026-10-05T09:30,0.8,3.3,106.0
TOS11000036,2026-10-05T09:45,0.7,1.7,107.0
TOS11000036,2026-10-05T10:00,0.4,0.9,91.0
TOS11000036,2026-10-05T10:15,0.6,2.3,63.0
TOS11000036,2026-10-05T10:30,0.5,1.8,68.0
TOS11000036,2026-10-05T10:45,0.6,2.2,65.0
TOS11000036,2026-10-05T11:00,0.7,2.9,85.0
TOS11000036,2026-10-05T11:15,0.7,2.3,77.0
TOS11000036,2026-10-05T11:30,0.7,2.5,69.0
TOS11000036,2026-10-05T11:45,0.8,2.4,85.0
TOS11000036,2026-10-05T12:00,0.7,2.7,83.0
TOS11000036,2026-10-05T12:15,0.9,2.7,86.0
TOS11000036,2026-10-05T12:30,0.7,2.3,78.0
TOS11000036,2026-10-05T12:45,0.7,2.1,81.0
TOS11000036,2026-10-05T13:00,0.6,1.8,85.0
TOS11000036,2026-10-05T13:15,0.7,1.7,88.0
TOS11000036,2026-10-05T13:30,0.7,2.2,90.0
TOS11000036,2026-10-05T13:45,0.6,2.2,88.0
TOS11000036,2026-10-05T14:00,0.8,1.9,91.0
TOS11000036,2026-10-05T14:15,0.6,1.6,85.0
TOS11000036,2026-10-05T14:30,0.7,2.5,93.0
TOS11000036,2026-10-05T14:45,0.8,2.2,97.0
TOS11000036,2026-10-05T15:00,1.1,2.5,106.0
TOS11000036,2026-10-05T15:15,1.2,3.0,133.0
TOS11000036,2026-10-05T15:30,1.4,3.0,126.0
TOS11000036,2026-10-05T15:45,1.0,2.7,139.0
TOS11000036,2026-10-05T16:00,0.8,1.3,173.0
TOS11000036,2026-10-05T16:15,0.3,0.6,227.0
TOS11000036,2026-10-05T16:30,0.3,0.5,272.0
TOS11000036,2026-10-05T16:45,0.5,0.7,243.0
TOS11000036,2026-10-05T17:00,0.6,1.0,181.0
TOS11000036,2026-10-05T17:15,0.7,1.3,172.0
TOS11000036,2026-10-05T17:30,0.4,0.8,253.0
TOS11000036,2026-10-05T17:45,0.6,0.8,199.0
TOS11000036,2026-10-05T18:00,0.6,0.9,161.0
TOS11000036,2026-10-05T18:15,0.8,1.3,188.0
TOS11000036,2026-10-05T18:30,0.5,1.3,207.0
TOS11000036,2026-10-05T18:45,0.5,0.9,151.0
TOS11000036,2026-10-05T19:00,0.7,1.2,197.0
TOS11000036,2026-10-05T19:15,0.7,1.1,165.0
TOS11000036,2026-10-05T19:30,0.8,1.3,193.0
TOS11000036,2026-10-05T19:45,0.9,1.5,171.0
TOS11000036,2026-10-05T20:00,1.2,1.6,193.0
TOS11000036,2026-10-05T20:15,1.1,1.5,176.0
TOS11000036,2026-10-05T20:30,1.0,1.4,168.0
TOS11000036,2026-10-05T20:45,0.6,1.1,166.0
TOS11000036,2026-10-05T21:00,1.2,1.6,188.0
TOS11000036,2026-10-05T21:15,1.2,1.7,188.0
TOS11000036,2026-10-05T21:30,1.1,1.7,178.0
TOS11000036,2026-10-05T21:45,0.8,1.2,158.0
TOS11000036,2026-10-05T22:00,1.2,1.6,168.0
TOS11000036,2026-10-05T22:15,1.0,1.7,190.0
TOS11000036,2026-10-05T22:30,0.5,0.9,111.0
TOS11000036,2026-10-05T22:45,0.6,1.4,332.0
TOS11000036,2026-10-05T23:00,0.5,1.2,179.0
TOS11000036,2026-10-05T23:15,0.5,1.1,154.0
TOS11000036,2026-10-05T23:30,0.8,1.2,183.0
TOS11000036,2026-10-05T23:45,1.1,1.5,182.0
TOS11000045,2026-10-05T00:00,0.5,0.9,159.0
TOS11000045,2026-10-05T00:15,0.6,1.0,234.0
TOS11000045,2026-10-05T00:30,1.4,1.7,109.0
TOS11000045,2026-10-05T00:45,1.2,1.5,138.0
TOS11000045,2026-10-05T01:00,0.7,1.3,118.0
TOS11000045,2026-10-05T01:15,1.7,2.3,109.0
TOS11000045,2026-10-05T01:30,2.0,2.6,141.0
TOS11000045,2026-10-05T01:45,2.2,3.2,138.0
TOS11000045,2026-10-05T02:00,2.2,2.8,137.0
TOS11000045,2026-10-05T02:15,2.2,2.9,130.0
TOS11000045,2026-10-05T02:30,2.1,2.6,129.0
TOS11000045,2026-10-05T02:45,2.1,2.8,119.0
TOS11000045,2026-10-05T03:00,2.4,2.8,120.0
TOS11000045,2026-10-05T03:15,2.5,3.0,132.0
TOS11000045,2026-10-05T03:30,2.4,3.1,139.0
TOS11000045,2026-10-05T03:45,3.0,4.6,139.0
TOS11000045,2026-10-05T04:00,2.7,3.7,138.0
TOS11000045,2026-10-05T04:15,2.5,3.6,128.0
TOS11000045,2026-10-05T04:30,3.3,4.3,133.0
TOS11000045,2026-10-05T04:45,3.3,4.2,139.0
TOS11000045,2026-10-05T05:00,3.0,4.0,134.0
TOS11000045,2026-10-05T05:15,2.5,3.3,143.0
TOS11000045,2026-10-05T05:30,2.5,3.1,141.0
TOS11000045,2026-10-05T05:45,2.0,2.8,134.0
TOS11000045,2026-10-05T06:00,1.9,2.7,130.0
TOS11000045,2026-10-05T06:15,1.9,2.4,127.0
TOS11000045,2026-10-05T06:30,2.3,3.5,126.0
TOS11000045,2026-10-05T06:45,2.2,3.6,116.0
TOS11000045,2026-10-05T07:00,1.8,2.1,109.0
TOS11000045,2026-10-05T07:15,1.3,2.4,122.0
TOS11000045,2026-10-05T07:30,2.0,2.7,111.0
TOS11000045,2026-10-05T07:45,2.5,3.6,130.0
TOS11000045,2026-10-05T08:00,2.7,3.6,124.0
TOS11000045,2026-10-05T08:15,2.4,3.1,121.0
TOS11000045,2026-10-05T08:30,2.5,3.1,121.0
TOS11000045,2026-10-05T08:45,2.0,2.7,105.0
TOS11000045,2026-10-05T09:00,1.6,2.2,114.0
TOS11000045,2026-10-05T09:15,1.8,2.3,118.0
TOS11000045,2026-10-05T09:30,1.7,2.6,124.0
TOS11000045,2026-10-05T09:45,1.9,3.2,134.0
TOS11000045,2026-10-05T10:00,1.8,2.9,115.0
TOS11000045,2026-10-05T10:15,1.1,1.8,119.0
TOS11000045,2026-10-05T10:30,1.0,1.9,102.0
TOS11000045,2026-10-05T10:45,1.1,2.1,12.0
TOS11000045,2026-10-05T11:00,1.2,2.3,15.0
TOS11000045,2026-10-05T11:15,1.2,2.1,71.0
TOS11000045,2026-10-05T11:30,0.9,1.8,57.0
TOS11000045,2026-10-05T11:45,1.1,2.6,84.0
TOS11000045,2026-10-05T12:00,1.1,2.3,81.0
TOS11000045,2026-10-05T12:15,1.1,2.3,86.0
TOS11000045,2026-10-05T12:30,0.9,2.1,99.0
TOS11000045,2026-10-05T12:45,1.0,2.4,97.0
TOS11000045,2026-10-05T13:00,1.3,2.4,6.0
TOS11000045,2026-10-05T13:15,1.1,2.4,77.0
TOS11000045,2026-10-05T13:30,1.2,2.0,85.0
TOS11000045,2026-10-05T13:45,1.2,2.3,88.0
TOS11000045,2026-10-05T14:00,0.7,1.7,82.0
TOS11000045,2026-10-05T14:15,0.7,1.5,108.0
TOS11000045,2026-10-05T14:30,0.5,1.1,79.0
TOS11000045,2026-10-05T14:45,0.7,1.1,108.0
TOS11000045,2026-10-05T15:00,0.8,1.5,98.0
TOS11000045,2026-10-05T15:15,1.0,1.5,122.0
TOS11000045,2026-10-05T15:30,0.9,1.4,116.0
TOS11000045,2026-10-05T15:45,0.8,1.4,143.0
TOS11000045,2026-10-05T16:00,0.2,0.5,235.0
TOS11000045,2026-10-05T16:15,0.4,1.0,217.0
TOS11000045,2026-10-05T16:30,1.0,1.3,190.0
TOS11000045,2026-10-05T16:45,0.8,1.4,208.0
TOS11000045,2026-10-05T17:00,1.0,1.5,224.0
TOS11000045,2026-10-05T17:15,1.2,2.4,220.0
TOS11000045,2026-10-05T17:30,2.0,2.8,223.0
TOS11000045,2026-10-05T17:45,2.2,3.0,206.0
TOS11000045,2026-10-05T18:00,2.5,3.3,199.0
TOS11000045,2026-10-05T18:15,2.7,3.6,200.0
TOS11000045,2026-10-05T18:30,2.4,3.3,202.0
TOS11000045,2026-10-05T18:45,1.7,3.0,207.0
TOS11000045,2026-10-05T19:00,1.2,2.0,356.0
TOS11000045,2026-10-05T19:15,1.0,2.1,357.0
TOS11000045,2026-10-05T19:30,0.6,1.0,325.0
TOS11000045,2026-10-05T19:45,0.2,0.4,289.0
TOS11000045,2026-10-05T20:00,0.6,0.9,146.0
TOS11000045,2026-10-05T20:15,0.6,0.9,332.0
TOS11000045,2026-10-05T20:30,0.9,2.4,225.0
TOS11000045,2026-10-05T20:45,1.8,3.0,155.0
TOS11000045,2026-10-05T21:00,1.5,2.7,127.0
TOS11000045,2026-10-05T21:15,2.4,3.5,147.0
TOS11000045,2026-10-05T21:30,2.5,3.6,141.0
TOS11000045,2026-10-05T21:45,2.7,3.6,144.0
TOS11000045,2026-10-05T22:00,2.3,3.5,150.0
TOS11000045,2026-10-05T22:15,2.4,3.5,146.0
TOS11000045,2026-10-05T22:30,1.8,2.7,136.0
TOS11000045,2026-10-05T22:45,0.7,1.3,251.0
TOS11000045,2026-10-05T23:00,1.0,1.8,298.0
TOS11000045,2026-10-05T23:15,1.1,1.8,303.0
TOS11000045,2026-10-05T23:30,0.9,1.3,218.0
TOS11000045,2026-10-05T23:45,0.9,1.3,168.0
TOS11000046,2026-10-05T00:00,0.6,1.2,134.0
TOS11000046,2026-10-05T00:15,0.7,1.2,134.0
TOS11000046,2026-10-05T00:30,0.6,1.4,138.0
TOS11000046,2026-10-05T00:45,0.9,2.0,146.0
TOS11000046,2026-10-05T01:00,0.6,1.4,143.0
TOS11000046,2026-10-05T01:15,0.6,1.7,131.0
TOS11000046,2026-10-05T01:30,0.5,1.0,137.0
TOS11000046,2026-10-05T01:45,0.6,1.5,132.0
TOS11000046,2026-10-05T02:00,0.7,1.9,138.0
TOS11000046,2026-10-05T02:15,0.6,1.1,129.0
TOS11000046,2026-10-05T02:30,0.4,0.9,123.0
TOS11000046,2026-10-05T02:45,0.6,1.8,142.0
TOS11000046,2026-10-05T03:00,0.6,1.3,143.0
TOS11000046,2026-10-05T03:15,0.6,1.3,136.0
TOS11000046,2026-10-05T03:30,0.6,1.0,131.0
TOS11000046,2026-10-05T03:45,0.4,1.0,140.0
TOS11000046,2026-10-05T04:00,0.4,0.8,144.0
TOS11000046,2026-10-05T04:15,0.5,0.8,123.0
TOS11000046,2026-10-05T04:30,0.5,1.0,134.0
TOS11000046,2026-10-05T04:45,0.3,0.6,168.0
TOS11000046,2026-10-05T05:00,0.5,0.9,126.0
TOS11000046,2026-10-05T05:15,0.4,0.8,107.0
TOS11000046,2026-10-05T05:30,0.4,0.8,148.0
TOS11000046,2026-10-05T05:45,0.4,0.7,108.0
TOS11000046,2026-10-05T06:00,0.4,0.7,128.0
TOS11000046,2026-10-05T06:15,0.5,1.0,108.0
TOS11000046,2026-10-05T06:30,0.4,0.7,118.0
TOS11000046,2026-10-05T06:45,0.3,0.6,112.0
TOS11000046,2026-10-05T07:00,0.4,0.6,128.0
TOS11000046,2026-10-05T07:15,0.4,0.6,128.0
TOS11000046,2026-10-05T07:30,0.5,1.0,129.0
TOS11000046,2026-10-05T07:45,0.6,1.1,119.0
TOS11000046,2026-10-05T08:00,0.5,0.9,119.0
TOS11000046,2026-10-05T08:15,0.6,1.4,125.0
TOS11000046,2026-10-05T08:30,0.5,1.0,154.0
TOS11000046,2026-10-05T08:45,0.7,1.6,91.0
TOS11000046,2026-10-05T09:00,1.1,2.0,33.0
TOS11000046,2026-10-05T09:15,0.9,1.5,28.0
TOS11000046,2026-10-05T09:30,0.6,1.4,69.0
TOS11000046,2026-10-05T09:45,0.9,2.3,75.0
TOS11000046,2026-10-05T10:00,1.1,2.0,58.0
TOS11000046,2026-10-05T10:15,1.0,2.1,62.0
TOS11000046,2026-10-05T10:30,1.3,2.6,36.0
TOS11000046,2026-10-05T10:45,1.4,2.4,48.0
TOS11000046,2026-10-05T11:00,1.2,2.2,52.0
TOS11000046,2026-10-05T11:15,1.2,2.4,63.0
TOS11000046,2026-10-05T11:30,1.3,2.8,64.0
TOS11000046,2026-10-05T11:45,1.3,2.8,77.0
TOS11000046,2026-10-05T12:00,0.6,1.9,115.0
TOS11000046,2026-10-05T12:15,0.9,2.5,47.0
TOS11000046,2026-10-05T12:30,1.0,2.8,70.0
TOS11000046,2026-10-05T12:45,0.7,1.5,77.0
TOS11000046,2026-10-05T13:00,0.9,2.0,81.0
TOS11000046,2026-10-05T13:15,0.9,1.9,48.0
TOS11000046,2026-10-05T13:30,0.8,1.7,74.0
TOS11000046,2026-10-05T13:45,0.5,1.2,118.0
TOS11000046,2026-10-05T14:00,0.4,1.0,150.0
TOS11000046,2026-10-05T14:15,0.4,0.8,150.0
TOS11000046,2026-10-05T14:30,0.4,0.8,142.0
TOS11000046,2026-10-05T14:45,0.2,0.6,133.0
TOS11000046,2026-10-05T15:00,0.4,1.1,138.0
TOS11000046,2026-10-05T15:15,0.5,1.0,138.0
TOS11000046,2026-10-05T15:30,0.2,0.7,128.0
TOS11000046,2026-10-05T15:45,0.2,0.9,133.0
TOS11000046,2026-10-05T16:00,0.2,0.5,219.0
TOS11000046,2026-10-05T16:15,0.5,0.9,146.0
TOS11000046,2026-10-05T16:30,0.4,0.6,128.0
TOS11000046,2026-10-05T16:45,0.3,0.7,109.0
TOS11000046,2026-10-05T17:00,0.5,0.9,130.0
TOS11000046,2026-10-05T17:15,0.7,1.1,132.0
TOS11000046,2026-10-05T17:30,0.6,1.3,129.0
TOS11000046,2026-10-05T17:45,0.8,1.6,138.0
TOS11000046,2026-10-05T18:00,0.7,1.5,133.0
TOS11000046,2026-10-05T18:15,0.7,1.4,144.0
TOS11000046,2026-10-05T18:30,0.7,1.6,136.0
TOS11000046,2026-10-05T18:45,0.5,1.0,117.0
TOS11000046,2026-10-05T19:00,0.4,0.7,173.0
TOS11000046,2026-10-05T19:15,0.6,1.2,160.0
TOS11000046,2026-10-05T19:30,0.5,1.2,139.0
TOS11000046,2026-10-05T19:45,0.5,1.0,139.0
TOS11000046,2026-10-05T20:00,0.4,1.0,143.0
TOS11000046,2026-10-05T20:15,0.6,1.6,146.0
TOS11000046,2026-10-05T20:30,0.6,1.6,124.0
TOS11000046,2026-10-05T20:45,0.6,2.0,122.0
TOS11000046,2026-10-05T21:00,0.5,1.3,101.0
TOS11000046,2026-10-05T21:15,0.6,1.5,142.0
TOS11000046,2026-10-05T21:30,0.7,1.8,136.0
TOS11000046,2026-10-05T21:45,0.7,2.1,134.0
TOS11000046,2026-10-05T22:00,0.5,1.1,146.0
TOS11000046,2026-10-05T22:15,0.5,1.0,176.0
TOS11000046,2026-10-05T22:30,0.4,0.8,146.0
TOS11000046,2026-10-05T22:45,0.4,0.8,150.0
TOS11000046,2026-10-05T23:00,0.4,0.8,135.0
TOS11000046,2026-10-05T23:15,0.8,1.6,140.0
TOS11000046,2026-10-05T23:30,0.7,1.4,139.0
TOS11000046,2026-10-05T23:45,0.7,1.4,133.0
TOS11000048,2026-10-05T00:00,0.3,0.8,147.0
TOS11000048,2026-10-05T00:15,0.3,1.0,358.0
TOS11000048,2026-10-05T00:30,0.6,0.9,88.0
TOS11000048,2026-10-05T00:45,0.5,0.8,100.0
TOS11000048,2026-10-05T01:00,0.6,1.0,69.0
TOS11000048,2026-10-05T01:15,0.6,0.9,78.0
TOS11000048,2026-10-05T01:30,0.6,1.0,73.0
TOS11000048,2026-10-05T01:45,0.5,1.0,51.0
TOS11000048,2026-10-05T02:00,0.5,0.9,48.0
TOS11000048,2026-10-05T02:15,0.6,1.0,65.0
TOS11000048,2026-10-05T02:30,0.5,0.9,70.0
TOS11000048,2026-10-05T02:45,0.6,0.8,83.0
TOS11000048,2026-10-05T03:00,0.6,0.9,69.0
TOS11000048,2026-10-05T03:15,0.6,0.9,95.0
TOS11000048,2026-10-05T03:30,0.6,1.0,74.0
TOS11000048,2026-10-05T03:45,0.3,0.9,54.0
TOS11000048,2026-10-05T04:00,0.6,1.0,62.0
TOS11000048,2026-10-05T04:15,0.6,1.0,72.0
TOS11000048,2026-10-05T04:30,0.5,1.1,50.0
TOS11000048,2026-10-05T04:45,0.7,1.0,87.0
TOS11000048,2026-10-05T05:00,0.5,0.9,75.0
TOS11000048,2026-10-05T05:15,0.8,1.4,72.0
TOS11000048,2026-10-05T05:30,0.5,0.9,75.0
TOS11000048,2026-10-05T05:45,0.6,0.9,73.0
TOS11000048,2026-10-05T06:00,0.6,1.4,55.0
TOS11000048,2026-10-05T06:15,0.4,0.8,36.0
TOS11000048,2026-10-05T06:30,0.5,1.0,88.0
TOS11000048,2026-10-05T06:45,0.6,1.0,86.0
TOS11000048,2026-10-05T07:00,0.8,1.1,70.0
TOS11000048,2026-10-05T07:15,0.4,0.8,56.0
TOS11000048,2026-10-05T07:30,0.5,0.8,91.0
TOS11000048,2026-10-05T07:45,0.5,0.7,61.0
TOS11000048,2026-10-05T08:00,0.7,2.4,350.0
TOS11000048,2026-10-05T08:15,0.4,1.2,315.0
TOS11000048,2026-10-05T08:30,0.4,1.1,291.0
TOS11000048,2026-10-05T08:45,0.5,1.1,196.0
TOS11000048,2026-10-05T09:00,0.6,1.3,3.0
TOS11000048,2026-10-05T09:15,0.6,1.5,276.0
TOS11000048,2026-10-05T09:30,0.5,1.3,312.0
TOS11000048,2026-10-05T09:45,0.7,2.0,346.0
TOS11000048,2026-10-05T10:00,1.1,1.9,3.0
TOS11000048,2026-10-05T10:15,1.0,1.6,351.0
TOS11000048,2026-10-05T10:30,1.0,1.6,13.0
TOS11000048,2026-10-05T10:45,0.7,1.4,17.0
TOS11000048,2026-10-05T11:00,0.4,0.9,219.0
TOS11000048,2026-10-05T11:15,0.4,0.9,341.0
TOS11000048,2026-10-05T11:30,0.8,1.3,337.0
TOS11000048,2026-10-05T11:45,0.5,1.0,235.0
TOS11000048,2026-10-05T12:00,0.5,1.2,264.0
TOS11000048,2026-10-05T12:15,0.4,0.7,194.0
TOS11000048,2026-10-05T12:30,0.6,1.4,3.0
TOS11000048,2026-10-05T12:45,0.7,1.3,320.0
TOS11000048,2026-10-05T13:00,0.6,1.1,223.0
TOS11000048,2026-10-05T13:15,0.5,0.9,268.0
TOS11000048,2026-10-05T13:30,0.4,0.9,288.0
TOS11000048,2026-10-05T13:45,0.8,1.6,223.0
TOS11000048,2026-10-05T14:00,0.7,1.3,209.0
TOS11000048,2026-10-05T14:15,0.6,1.1,209.0
TOS11000048,2026-10-05T14:30,0.7,1.1,228.0
TOS11000048,2026-10-05T14:45,0.5,1.2,205.0
TOS11000048,2026-10-05T15:00,0.2,0.6,212.0
TOS11000048,2026-10-05T15:15,0.5,1.1,212.0
TOS11000048,2026-10-05T15:30,0.4,1.1,228.0
TOS11000048,2026-10-05T15:45,0.6,1.2,194.0
TOS11000048,2026-10-05T16:00,0.6,1.2,215.0
TOS11000048,2026-10-05T16:15,0.7,1.6,238.0
TOS11000048,2026-10-05T16:30,0.8,1.2,245.0
TOS11000048,2026-10-05T16:45,0.7,1.1,223.0
TOS11000048,2026-10-05T17:00,0.6,1.3,230.0
TOS11000048,2026-10-05T17:15,0.6,1.1,220.0
TOS11000048,2026-10-05T17:30,0.4,0.8,117.0
TOS11000048,2026-10-05T17:45,0.5,1.0,16.0
TOS11000048,2026-10-05T18:00,0.7,1.1,131.0
TOS11000048,2026-10-05T18:15,0.8,1.4,149.0
TOS11000048,2026-10-05T18:30,0.8,1.5,85.0
TOS11000048,2026-10-05T18:45,0.5,1.4,97.0
TOS11000048,2026-10-05T19:00,0.4,0.7,44.0
TOS11000048,2026-10-05T19:15,0.6,1.4,69.0
TOS11000048,2026-10-05T19:30,0.5,0.7,96.0
TOS11000048,2026-10-05T19:45,0.7,1.2,132.0
TOS11000048,2026-10-05T20:00,0.8,1.3,115.0
TOS11000048,2026-10-05T20:15,0.5,1.3,34.0
TOS11000048,2026-10-05T20:30,1.0,1.6,49.0
TOS11000048,2026-10-05T20:45,0.5,1.2,111.0
TOS11000048,2026-10-05T21:00,0.6,1.2,71.0
TOS11000048,2026-10-05T21:15,0.6,1.0,58.0
TOS11000048,2026-10-05T21:30,0.6,1.1,52.0
TOS11000048,2026-10-05T21:45,0.7,1.4,26.0
TOS11000048,2026-10-05T22:00,0.5,1.6,71.0
TOS11000048,2026-10-05T22:15,0.4,0.8,100.0
TOS11000048,2026-10-05T22:30,0.6,1.0,87.0
TOS11000048,2026-10-05T22:45,0.4,1.0,88.0
TOS11000048,2026-10-05T23:00,0.7,1.1,78.0
TOS11000048,2026-10-05T23:15,0.5,1.0,91.0
TOS11000048,2026-10-05T23:30,0.5,0.9,46.0
TOS11000048,2026-10-05T23:45,0.5,0.9,82.0
TOS11000063,2026-10-05T00:00,0.3,0.6,186.0
TOS11000063,2026-10-05T00:15,0.4,0.7,167.0
TOS11000063,2026-10-05T00:30,0.4,0.8,39.0
TOS11000063,2026-10-05T00:45,0.8,1.3,90.0
TOS11000063,2026-10-05T01:00,0.5,0.9,109.0
TOS11000063,2026-10-05T01:15,0.7,1.3,122.0
TOS11000063,2026-10-05T01:30,1.1,1.9,109.0
TOS11000063,2026-10-05T01:45,1.3,2.3,86.0
TOS11000063,2026-10-05T02:00,1.7,2.7,91.0
TOS11000063,2026-10-05T02:15,1.6,3.1,87.0
TOS11000063,2026-10-05T02:30,1.1,2.0,98.0
TOS11000063,2026-10-05T02:45,2.2,4.1,82.0
TOS11000063,2026-10-05T03:00,2.4,5.0,86.0
TOS11000063,2026-10-05T03:15,2.5,3.9,87.0
TOS11000063,2026-10-05T03:30,2.1,3.7,90.0
TOS11000063,2026-10-05T03:45,2.1,3.3,83.0
TOS11000063,2026-10-05T04:00,2.5,4.0,78.0
TOS11000063,2026-10-05T04:15,2.6,4.2,81.0
TOS11000063,2026-10-05T04:30,2.0,3.3,90.0
TOS11000063,2026-10-05T04:45,1.7,2.9,85.0
TOS11000063,2026-10-05T05:00,1.9,3.3,81.0
TOS11000063,2026-10-05T05:15,2.1,3.9,74.0
TOS11000063,2026-10-05T05:30,1.7,2.7,82.0
TOS11000063,2026-10-05T05:45,1.9,2.6,71.0
TOS11000063,2026-10-05T06:00,2.0,3.2,77.0
TOS11000063,2026-10-05T06:15,2.5,4.0,81.0
TOS11000063,2026-10-05T06:30,2.5,4.1,81.0
TOS11000063,2026-10-05T06:45,2.8,4.4,69.0
TOS11000063,2026-10-05T07:00,3.2,4.7,64.0
TOS11000063,2026-10-05T07:15,3.3,4.8,70.0
TOS11000063,2026-10-05T07:30,3.2,5.2,76.0
TOS11000063,2026-10-05T07:45,3.1,5.1,77.0
TOS11000063,2026-10-05T08:00,2.9,4.9,71.0
TOS11000063,2026-10-05T08:15,2.8,4.4,70.0
TOS11000063,2026-10-05T08:30,2.5,4.7,72.0
TOS11000063,2026-10-05T08:45,2.4,4.1,70.0
TOS11000063,2026-10-05T09:00,2.4,4.1,76.0
TOS11000063,2026-10-05T09:15,2.7,4.4,66.0
TOS11000063,2026-10-05T09:30,2.4,3.8,59.0
TOS11000063,2026-10-05T09:45,2.2,3.7,63.0
TOS11000063,2026-10-05T10:00,1.9,3.4,72.0
TOS11000063,2026-10-05T10:15,2.0,3.3,55.0
TOS11000063,2026-10-05T10:30,2.4,3.4,52.0
TOS11000063,2026-10-05T10:45,2.5,3.7,48.0
TOS11000063,2026-10-05T11:00,2.3,3.5,62.0
TOS11000063,2026-10-05T11:15,2.8,4.2,49.0
TOS11000063,2026-10-05T11:30,2.9,4.7,52.0
TOS11000063,2026-10-05T11:45,2.7,4.2,58.0
TOS11000063,2026-10-05T12:00,2.6,4.3,68.0
TOS11000063,2026-10-05T12:15,2.5,4.7,50.0
TOS11000063,2026-10-05T12:30,2.7,4.6,45.0
TOS11000063,2026-10-05T12:45,2.6,4.5,52.0
TOS11000063,2026-10-05T13:00,2.1,3.1,62.0
TOS11000063,2026-10-05T13:15,1.7,3.1,70.0
TOS11000063,2026-10-05T13:30,1.6,3.0,81.0
TOS11000063,2026-10-05T13:45,1.8,3.8,75.0
TOS11000063,2026-10-05T14:00,1.7,3.3,80.0
TOS11000063,2026-10-05T14:15,1.6,2.7,79.0
TOS11000063,2026-10-05T14:30,1.6,3.5,86.0
TOS11000063,2026-10-05T14:45,1.5,3.1,94.0
TOS11000063,2026-10-05T15:00,1.4,2.7,110.0
TOS11000063,2026-10-05T15:15,1.2,2.0,130.0
TOS11000063,2026-10-05T15:30,1.5,2.2,167.0
TOS11000063,2026-10-05T15:45,0.6,1.6,152.0
TOS11000063,2026-10-05T16:00,0.5,1.1,205.0
TOS11000063,2026-10-05T16:15,0.7,1.1,220.0
TOS11000063,2026-10-05T16:30,0.7,1.1,180.0
TOS11000063,2026-10-05T16:45,0.7,1.1,181.0
TOS11000063,2026-10-05T17:00,0.7,1.2,171.0
TOS11000063,2026-10-05T17:15,0.8,1.1,158.0
TOS11000063,2026-10-05T17:30,1.1,1.9,166.0
TOS11000063,2026-10-05T17:45,0.9,1.2,169.0
TOS11000063,2026-10-05T18:00,0.8,1.2,163.0
TOS11000063,2026-10-05T18:15,0.7,1.2,149.0
TOS11000063,2026-10-05T18:30,1.0,1.4,144.0
TOS11000063,2026-10-05T18:45,0.9,1.5,146.0
TOS11000063,2026-10-05T19:00,0.8,1.1,136.0
TOS11000063,2026-10-05T19:15,0.6,0.9,145.0
TOS11000063,2026-10-05T19:30,0.7,1.1,133.0
TOS11000063,2026-10-05T19:45,0.8,1.3,171.0
TOS11000063,2026-10-05T20:00,0.8,1.3,138.0
TOS11000063,2026-10-05T20:15,1.1,1.5,144.0
TOS11000063,2026-10-05T20:30,0.8,1.1,142.0
TOS11000063,2026-10-05T20:45,0.6,0.8,146.0
TOS11000063,2026-10-05T21:00,0.7,1.4,148.0
TOS11000063,2026-10-05T21:15,0.9,2.0,156.0
TOS11000063,2026-10-05T21:30,1.5,2.7,165.0
TOS11000063,2026-10-05T21:45,1.8,2.8,159.0
TOS11000063,2026-10-05T22:00,1.2,2.8,135.0
TOS11000063,2026-10-05T22:15,1.0,2.5,60.0
TOS11000063,2026-10-05T22:30,1.2,2.1,76.0
TOS11000063,2026-10-05T22:45,0.5,0.8,111.0
TOS11000063,2026-10-05T23:00,0.7,1.1,106.0
TOS11000063,2026-10-05T23:15,1.0,2.0,88.0
TOS11000063,2026-10-05T23:30,1.5,2.5,86.0
TOS11000063,2026-10-05T23:45,1.6,3.0,99.0
TOS11000071,2026-10-05T00:00,0.8,1.1,209.0
TOS11000071,2026-10-05T00:15,0.9,1.3,195.0
TOS11000071,2026-10-05T00:30,1.2,1.4,190.0
TOS11000071,2026-10-05T00:45,1.0,1.4,207.0
TOS11000071,2026-10-05T01:00,1.2,1.5,207.0
TOS11000071,2026-10-05T01:15,0.9,1.4,184.0
TOS11000071,2026-10-05T01:30,0.7,1.2,184.0
TOS11000071,2026-10-05T01:45,1.2,1.7,169.0
TOS11000071,2026-10-05T02:00,0.7,1.2,124.0
TOS11000071,2026-10-05T02:15,0.6,1.1,94.0
TOS11000071,2026-10-05T02:30,0.6,1.1,50.0
TOS11000071,2026-10-05T02:45,0.6,1.0,138.0
TOS11000071,2026-10-05T03:00,1.0,1.6,151.0
TOS11000071,2026-10-05T03:15,1.0,1.4,155.0
TOS11000071,2026-10-05T03:30,1.1,1.7,191.0
TOS11000071,2026-10-05T03:45,1.1,1.8,136.0
TOS11000071,2026-10-05T04:00,0.8,1.2,153.0
TOS11000071,2026-10-05T04:15,0.9,1.4,131.0
TOS11000071,2026-10-05T04:30,0.7,1.6,102.0
TOS11000071,2026-10-05T04:45,0.8,1.5,86.0
TOS11000071,2026-10-05T05:00,0.8,1.6,116.0
TOS11000071,2026-10-05T05:15,0.4,0.9,145.0
TOS11000071,2026-10-05T05:30,0.3,0.7,290.0
TOS11000071,2026-10-05T05:45,0.4,0.7,62.0
TOS11000071,2026-10-05T06:00,0.8,1.7,103.0
TOS11000071,2026-10-05T06:15,1.1,1.7,111.0
TOS11000071,2026-10-05T06:30,1.0,1.4,153.0
TOS11000071,2026-10-05T06:45,0.9,1.2,204.0
TOS11000071,2026-10-05T07:00,0.7,1.3,186.0
TOS11000071,2026-10-05T07:15,0.4,1.0,48.0
TOS11000071,2026-10-05T07:30,0.8,1.6,134.0
TOS11000071,2026-10-05T07:45,0.7,1.3,107.0
TOS11000071,2026-10-05T08:00,0.8,1.6,131.0
TOS11000071,2026-10-05T08:15,0.8,1.6,59.0
TOS11000071,2026-10-05T08:30,0.8,1.3,52.0
TOS11000071,2026-10-05T08:45,0.8,1.6,72.0
TOS11000071,2026-10-05T09:00,0.5,1.3,140.0
TOS11000071,2026-10-05T09:15,1.0,1.8,192.0
TOS11000071,2026-10-05T09:30,1.2,2.1,179.0
TOS11000071,2026-10-05T09:45,1.2,2.1,145.0
TOS11000071,2026-10-05T10:00,0.9,1.9,120.0
TOS11000071,2026-10-05T10:15,0.9,2.1,104.0
TOS11000071,2026-10-05T10:30,1.3,2.4,32.0
TOS11000071,2026-10-05T10:45,1.2,2.0,14.0
TOS11000071,2026-10-05T11:00,1.3,2.3,24.0
TOS11000071,2026-10-05T11:15,1.5,2.4,16.0
TOS11000071,2026-10-05T11:30,1.4,2.4,40.0
TOS11000071,2026-10-05T11:45,1.1,2.1,54.0
TOS11000071,2026-10-05T12:00,1.0,2.6,53.0
TOS11000071,2026-10-05T12:15,1.0,1.9,95.0
TOS11000071,2026-10-05T12:30,1.0,2.1,36.0
TOS11000071,2026-10-05T12:45,0.8,2.3,1.0
TOS11000071,2026-10-05T13:00,0.7,1.5,18.0
TOS11000071,2026-10-05T13:15,1.2,2.7,358.0
TOS11000071,2026-10-05T13:30,0.9,1.8,60.0
TOS11000071,2026-10-05T13:45,1.1,2.0,69.0
TOS11000071,2026-10-05T14:00,1.3,3.3,62.0
TOS11000071,2026-10-05T14:15,0.7,1.7,58.0
TOS11000071,2026-10-05T14:30,0.8,1.5,167.0
TOS11000071,2026-10-05T14:45,1.2,1.7,171.0
TOS11000071,2026-10-05T15:00,1.3,1.9,162.0
TOS11000071,2026-10-05T15:15,1.1,1.6,151.0
TOS11000071,2026-10-05T15:30,1.0,1.5,156.0
TOS11000071,2026-10-05T15:45,1.1,1.6,184.0
TOS11000071,2026-10-05T16:00,0.6,1.0,180.0
TOS11000071,2026-10-05T16:15,0.5,0.8,187.0
TOS11000071,2026-10-05T16:30,0.5,1.0,192.0
TOS11000071,2026-10-05T16:45,0.8,1.2,199.0
TOS11000071,2026-10-05T17:00,0.6,1.1,229.0
TOS11000071,2026-10-05T17:15,0.6,1.4,242.0
TOS11000071,2026-10-05T17:30,0.9,1.4,235.0
TOS11000071,2026-10-05T17:45,0.8,1.5,228.0
TOS11000071,2026-10-05T18:00,0.9,1.5,224.0
TOS11000071,2026-10-05T18:15,0.8,1.3,249.0
TOS11000071,2026-10-05T18:30,0.6,1.0,312.0
TOS11000071,2026-10-05T18:45,0.5,0.9,326.0
TOS11000071,2026-10-05T19:00,0.7,1.2,31.0
TOS11000071,2026-10-05T19:15,1.1,1.4,5.0
TOS11000071,2026-10-05T19:30,0.8,1.1,358.0
TOS11000071,2026-10-05T19:45,0.6,0.9,350.0
TOS11000071,2026-10-05T20:00,0.7,1.3,142.0
TOS11000071,2026-10-05T20:15,0.9,1.4,246.0
TOS11000071,2026-10-05T20:30,0.6,1.0,172.0
TOS11000071,2026-10-05T20:45,0.7,1.3,158.0
TOS11000071,2026-10-05T21:00,1.0,1.4,149.0
TOS11000071,2026-10-05T21:15,1.2,1.9,154.0
TOS11000071,2026-10-05T21:30,1.8,2.7,156.0
TOS11000071,2026-10-05T21:45,0.9,2.2,54.0
TOS11000071,2026-10-05T22:00,1.0,1.3,15.0
TOS11000071,2026-10-05T22:15,1.1,1.5,6.0
TOS11000071,2026-10-05T22:30,0.7,1.1,26.0
TOS11000071,2026-10-05T22:45,0.8,1.1,260.0
TOS11000071,2026-10-05T23:00,0.9,1.2,242.0
TOS11000071,2026-10-05T23:15,0.9,1.4,215.0
TOS11000071,2026-10-05T23:30,0.9,1.4,196.0
TOS11000071,2026-10-05T23:45,0.5,0.7,164.0
TOS11000076,2026-10-05T00:00,0.7,1.2,79.0
TOS11000076,2026-10-05T00:15,0.4,0.9,61.0
TOS11000076,2026-10-05T00:30,0.5,1.4,144.0
TOS11000076,2026-10-05T00:45,0.7,1.4,307.0
TOS11000076,2026-10-05T01:00,0.7,1.0,259.0
TOS11000076,2026-10-05T01:15,0.6,1.1,346.0
TOS11000076,2026-10-05T01:30,0.7,1.6,136.0
TOS11000076,2026-10-05T01:45,1.0,2.2,161.0
TOS11000076,2026-10-05T02:00,0.7,1.8,142.0
TOS11000076,2026-10-05T02:15,0.7,1.2,161.0
TOS11000076,2026-10-05T02:30,0.5,0.8,180.0
TOS11000076,2026-10-05T02:45,0.8,1.5,76.0
TOS11000076,2026-10-05T03:00,0.8,1.4,65.0
TOS11000076,2026-10-05T03:15,1.0,1.4,49.0
TOS11000076,2026-10-05T03:30,0.9,1.4,58.0
TOS11000076,2026-10-05T03:45,0.4,1.0,88.0
TOS11000076,2026-10-05T04:00,0.7,1.3,69.0
TOS11000076,2026-10-05T04:15,0.5,1.0,103.0
TOS11000076,2026-10-05T04:30,0.7,1.5,60.0
TOS11000076,2026-10-05T04:45,1.0,1.7,53.0
TOS11000076,2026-10-05T05:00,1.1,1.9,51.0
TOS11000076,2026-10-05T05:15,1.1,1.8,41.0
TOS11000076,2026-10-05T05:30,1.0,1.8,48.0
TOS11000076,2026-10-05T05:45,0.9,1.5,56.0
TOS11000076,2026-10-05T06:00,1.0,1.6,56.0
TOS11000076,2026-10-05T06:15,0.8,1.4,54.0
TOS11000076,2026-10-05T06:30,1.2,1.8,47.0
TOS11000076,2026-10-05T06:45,1.1,1.9,52.0
TOS11000076,2026-10-05T07:00,1.3,2.0,48.0
TOS11000076,2026-10-05T07:15,1.1,1.7,54.0
TOS11000076,2026-10-05T07:30,0.8,1.4,67.0
TOS11000076,2026-10-05T07:45,1.1,1.8,63.0
TOS11000076,2026-10-05T08:00,1.3,2.4,56.0
TOS11000076,2026-10-05T08:15,1.5,2.6,58.0
TOS11000076,2026-10-05T08:30,1.9,2.9,62.0
TOS11000076,2026-10-05T08:45,1.9,3.0,62.0
TOS11000076,2026-10-05T09:00,1.9,2.9,61.0
TOS11000076,2026-10-05T09:15,2.0,3.2,62.0
TOS11000076,2026-10-05T09:30,1.8,3.0,57.0
TOS11000076,2026-10-05T09:45,1.7,2.5,24.0
TOS11000076,2026-10-05T10:00,1.7,2.5,29.0
TOS11000076,2026-10-05T10:15,2.3,3.4,31.0
TOS11000076,2026-10-05T10:30,2.2,3.9,32.0
TOS11000076,2026-10-05T10:45,1.7,2.6,25.0
TOS11000076,2026-10-05T11:00,1.4,2.5,49.0
TOS11000076,2026-10-05T11:15,1.2,2.2,66.0
TOS11000076,2026-10-05T11:30,1.3,2.3,61.0
TOS11000076,2026-10-05T11:45,1.6,2.7,59.0
TOS11000076,2026-10-05T12:00,1.9,3.4,59.0
TOS11000076,2026-10-05T12:15,1.4,2.5,56.0
TOS11000076,2026-10-05T12:30,1.8,2.7,59.0
TOS11000076,2026-10-05T12:45,2.0,3.6,41.0
TOS11000076,2026-10-05T13:00,2.1,3.7,54.0
TOS11000076,2026-10-05T13:15,1.9,3.7,53.0
TOS11000076,2026-10-05T13:30,1.8,3.4,60.0
TOS11000076,2026-10-05T13:45,2.0,3.4,67.0
TOS11000076,2026-10-05T14:00,1.8,3.0,63.0
TOS11000076,2026-10-05T14:15,2.0,3.5,43.0
TOS11000076,2026-10-05T14:30,1.8,2.8,42.0
TOS11000076,2026-10-05T14:45,1.3,2.4,49.0
TOS11000076,2026-10-05T15:00,1.1,1.9,59.0
TOS11000076,2026-10-05T15:15,1.2,2.1,47.0
TOS11000076,2026-10-05T15:30,1.2,1.9,28.0
TOS11000076,2026-10-05T15:45,1.0,1.6,61.0
TOS11000076,2026-10-05T16:00,0.8,1.4,69.0
TOS11000076,2026-10-05T16:15,0.2,0.5,86.0
TOS11000076,2026-10-05T16:30,0.3,0.6,196.0
TOS11000076,2026-10-05T16:45,0.4,0.7,173.0
TOS11000076,2026-10-05T17:00,0.4,0.9,44.0
TOS11000076,2026-10-05T17:15,0.3,0.5,283.0
TOS11000076,2026-10-05T17:30,0.5,0.9,285.0
TOS11000076,2026-10-05T17:45,0.4,0.8,187.0
TOS11000076,2026-10-05T18:00,0.6,0.8,212.0
TOS11000076,2026-10-05T18:15,0.7,1.2,229.0
TOS11000076,2026-10-05T18:30,1.3,1.8,258.0
TOS11000076,2026-10-05T18:45,1.0,1.6,252.0
TOS11000076,2026-10-05T19:00,0.7,1.2,230.0
TOS11000076,2026-10-05T19:15,0.4,0.7,218.0
TOS11000076,2026-10-05T19:30,0.4,0.9,149.0
TOS11000076,2026-10-05T19:45,0.7,1.6,138.0
TOS11000076,2026-10-05T20:00,0.5,1.5,134.0
TOS11000076,2026-10-05T20:15,0.6,1.2,108.0
TOS11000076,2026-10-05T20:30,0.6,1.4,158.0
TOS11000076,2026-10-05T20:45,0.4,1.1,209.0
TOS11000076,2026-10-05T21:00,0.6,1.2,186.0
TOS11000076,2026-10-05T21:15,0.7,2.1,193.0
TOS11000076,2026-10-05T21:30,0.9,2.3,152.0
TOS11000076,2026-10-05T21:45,0.7,1.5,177.0
TOS11000076,2026-10-05T22:00,0.6,1.3,192.0
TOS11000076,2026-10-05T22:15,0.8,1.3,244.0
TOS11000076,2026-10-05T22:30,0.8,1.4,31.0
TOS11000076,2026-10-05T22:45,0.7,1.3,40.0
TOS11000076,2026-10-05T23:00,0.7,1.4,67.0
TOS11000076,2026-10-05T23:15,0.5,1.1,114.0
TOS11000076,2026-10-05T23:30,0.9,1.5,193.0
TOS11000076,2026-10-05T23:45,0.9,2.2,212.0
TOS11000077,2026-10-05T00:00,1.6,2.4,333.0
TOS11000077,2026-10-05T00:15,1.2,2.4,336.0
TOS11000077,2026-10-05T00:30,0.7,1.9,346.0
TOS11000077,2026-10-05T00:45,0.8,1.6,342.0
TOS11000077,2026-10-05T01:00,0.7,1.6,346.0
TOS11000077,2026-10-05T01:15,0.5,0.9,327.0
TOS11000077,2026-10-05T01:30,0.5,1.1,258.0
TOS11000077,2026-10-05T01:45,0.3,0.6,325.0
TOS11000077,2026-10-05T02:00,0.2,0.5,317.0
TOS11000077,2026-10-05T02:15,0.2,0.4,63.0
TOS11000077,2026-10-05T02:30,0.2,0.5,68.0
TOS11000077,2026-10-05T02:45,0.4,0.8,36.0
TOS11000077,2026-10-05T03:00,0.4,0.8,21.0
TOS11000077,2026-10-05T03:15,0.4,0.8,16.0
TOS11000077,2026-10-05T03:30,0.3,1.0,80.0
TOS11000077,2026-10-05T03:45,0.3,0.5,76.0
TOS11000077,2026-10-05T04:00,0.4,0.8,78.0
TOS11000077,2026-10-05T04:15,0.5,1.2,71.0
TOS11000077,2026-10-05T04:30,0.4,1.1,59.0
TOS11000077,2026-10-05T04:45,0.4,0.7,53.0
TOS11000077,2026-10-05T05:00,0.3,1.1,23.0
TOS11000077,2026-10-05T05:15,0.3,0.7,44.0
TOS11000077,2026-10-05T05:30,0.4,0.8,54.0
TOS11000077,2026-10-05T05:45,0.4,0.6,67.0
TOS11000077,2026-10-05T06:00,0.5,0.7,72.0
TOS11000077,2026-10-05T06:15,0.5,0.6,54.0
TOS11000077,2026-10-05T06:30,0.6,1.0,42.0
TOS11000077,2026-10-05T06:45,0.6,1.0,27.0
TOS11000077,2026-10-05T07:00,0.5,0.8,40.0
TOS11000077,2026-10-05T07:15,0.4,0.9,41.0
TOS11000077,2026-10-05T07:30,0.3,0.5,45.0
TOS11000077,2026-10-05T07:45,0.5,1.2,70.0
TOS11000077,2026-10-05T08:00,0.7,2.1,78.0
TOS11000077,2026-10-05T08:15,0.5,1.0,69.0
TOS11000077,2026-10-05T08:30,0.4,1.2,62.0
TOS11000077,2026-10-05T08:45,0.5,1.1,68.0
TOS11000077,2026-10-05T09:00,0.6,1.5,81.0
TOS11000077,2026-10-05T09:15,0.5,1.5,84.0
TOS11000077,2026-10-05T09:30,0.7,1.7,80.0
TOS11000077,2026-10-05T09:45,0.8,2.1,83.0
TOS11000077,2026-10-05T10:00,0.7,1.6,84.0
TOS11000077,2026-10-05T10:15,0.7,1.8,83.0
TOS11000077,2026-10-05T10:30,0.5,1.6,83.0
TOS11000077,2026-10-05T10:45,0.5,1.0,74.0
TOS11000077,2026-10-05T11:00,0.5,0.9,95.0
TOS11000077,2026-10-05T11:15,0.4,0.8,85.0
TOS11000077,2026-10-05T11:30,0.7,1.3,108.0
TOS11000077,2026-10-05T11:45,0.6,1.5,98.0
TOS11000077,2026-10-05T12:00,0.8,1.9,104.0
TOS11000077,2026-10-05T12:15,0.5,1.3,78.0
TOS11000077,2026-10-05T12:30,0.9,2.1,97.0
TOS11000077,2026-10-05T12:45,0.7,1.6,108.0
TOS11000077,2026-10-05T13:00,0.7,1.9,89.0
TOS11000077,2026-10-05T13:15,0.6,1.4,109.0
TOS11000077,2026-10-05T13:30,0.6,2.3,109.0
TOS11000077,2026-10-05T13:45,0.4,1.1,121.0
TOS11000077,2026-10-05T14:00,0.7,1.6,117.0
TOS11000077,2026-10-05T14:15,0.7,1.6,109.0
TOS11000077,2026-10-05T14:30,0.5,1.8,85.0
TOS11000077,2026-10-05T14:45,0.5,1.2,103.0
TOS11000077,2026-10-05T15:00,0.6,1.0,105.0
TOS11000077,2026-10-05T15:15,0.6,1.5,110.0
TOS11000077,2026-10-05T15:30,0.5,1.2,103.0
TOS11000077,2026-10-05T15:45,0.3,0.7,109.0
TOS11000077,2026-10-05T16:00,0.3,0.7,146.0
TOS11000077,2026-10-05T16:15,0.2,0.8,285.0
TOS11000077,2026-10-05T16:30,0.3,0.7,286.0
TOS11000077,2026-10-05T16:45,0.3,0.8,294.0
TOS11000077,2026-10-05T17:00,0.4,0.9,295.0
TOS11000077,2026-10-05T17:15,0.5,1.2,259.0
TOS11000077,2026-10-05T17:30,0.4,1.0,262.0
TOS11000077,2026-10-05T17:45,0.7,1.4,274.0
TOS11000077,2026-10-05T18:00,0.5,1.0,268.0
TOS11000077,2026-10-05T18:15,0.4,0.7,223.0
TOS11000077,2026-10-05T18:30,0.4,1.0,218.0
TOS11000077,2026-10-05T18:45,0.6,1.4,204.0
TOS11000077,2026-10-05T19:00,0.7,1.1,233.0
TOS11000077,2026-10-05T19:15,0.8,1.5,260.0
TOS11000077,2026-10-05T19:30,0.9,1.9,271.0
TOS11000077,2026-10-05T19:45,0.7,1.4,274.0
TOS11000077,2026-10-05T20:00,0.7,1.2,258.0
TOS11000077,2026-10-05T20:15,0.8,1.3,254.0
TOS11000077,2026-10-05T20:30,0.7,1.2,260.0
TOS11000077,2026-10-05T20:45,0.6,1.3,251.0
TOS11000077,2026-10-05T21:00,0.7,1.2,247.0
TOS11000077,2026-10-05T21:15,0.7,1.2,198.0
TOS11000077,2026-10-05T21:30,0.7,1.3,190.0
TOS11000077,2026-10-05T21:45,0.7,1.1,181.0
TOS11000077,2026-10-05T22:00,0.4,0.9,230.0
TOS11000077,2026-10-05T22:15,0.3,0.9,251.0
TOS11000077,2026-10-05T22:30,0.4,1.1,11.0
TOS11000077,2026-10-05T22:45,0.8,2.0,344.0
TOS11000077,2026-10-05T23:00,0.9,1.6,342.0
TOS11000077,2026-10-05T23:15,1.0,1.9,336.0
TOS11000077,2026-10-05T23:30,0.6,1.3,347.0
TOS11000077,2026-10-05T23:45,0.7,1.2,328.0
TOS11000091,2026-10-05T00:00,0.2,0.3,44.0
TOS11000091,2026-10-05T00:15,0.2,0.4,29.0
TOS11000091,2026-10-05T00:30,0.4,0.7,316.0
TOS11000091,2026-10-05T00:45,0.6,0.9,288.0
TOS11000091,2026-10-05T01:00,0.4,0.8,161.0
TOS11000091,2026-10-05T01:15,0.4,0.8,138.0
TOS11000091,2026-10-05T01:30,0.7,0.9,289.0
TOS11000091,2026-10-05T01:45,0.7,1.0,268.0
TOS11000091,2026-10-05T02:00,0.6,0.9,254.0
TOS11000091,2026-10-05T02:15,0.7,1.1,319.0
TOS11000091,2026-10-05T02:30,1.0,1.6,38.0
TOS11000091,2026-10-05T02:45,0.4,0.8,27.0
TOS11000091,2026-10-05T03:00,0.5,1.0,237.0
TOS11000091,2026-10-05T03:15,0.8,1.2,267.0
TOS11000091,2026-10-05T03:30,0.8,1.1,287.0
TOS11000091,2026-10-05T03:45,1.2,2.0,229.0
TOS11000091,2026-10-05T04:00,0.7,1.1,312.0
TOS11000091,2026-10-05T04:15,0.9,1.7,347.0
TOS11000091,2026-10-05T04:30,0.8,1.3,1.0
TOS11000091,2026-10-05T04:45,0.9,1.6,348.0
TOS11000091,2026-10-05T05:00,0.5,1.4,68.0
TOS11000091,2026-10-05T05:15,0.3,0.8,328.0
TOS11000091,2026-10-05T05:30,0.6,0.9,329.0
TOS11000091,2026-10-05T05:45,0.3,0.6,305.0
TOS11000091,2026-10-05T06:00,0.2,0.4,45.0
TOS11000091,2026-10-05T06:15,0.2,0.9,47.0
TOS11000091,2026-10-05T06:30,0.8,1.1,1.0
TOS11000091,2026-10-05T06:45,0.8,1.0,9.0
TOS11000091,2026-10-05T07:00,0.3,1.0,44.0
TOS11000091,2026-10-05T07:15,0.3,0.8,29.0
TOS11000091,2026-10-05T07:30,0.2,0.6,243.0
TOS11000091,2026-10-05T07:45,0.5,1.0,353.0
TOS11000091,2026-10-05T08:00,0.5,1.3,346.0
TOS11000091,2026-10-05T08:15,0.4,0.6,250.0
TOS11000091,2026-10-05T08:30,0.4,1.1,253.0
TOS11000091,2026-10-05T08:45,0.6,1.2,234.0
TOS11000091,2026-10-05T09:00,0.7,1.0,240.0
TOS11000091,2026-10-05T09:15,0.8,1.3,243.0
TOS11000091,2026-10-05T09:30,0.9,1.5,239.0
TOS11000091,2026-10-05T09:45,0.8,1.4,243.0
TOS11000091,2026-10-05T10:00,0.9,1.6,245.0
TOS11000091,2026-10-05T10:15,1.0,1.6,230.0
TOS11000091,2026-10-05T10:30,0.8,1.4,247.0
TOS11000091,2026-10-05T10:45,1.0,1.5,257.0
TOS11000091,2026-10-05T11:00,1.1,1.6,243.0
TOS11000091,2026-10-05T11:15,1.2,2.0,228.0
TOS11000091,2026-10-05T11:30,1.0,1.5,264.0
TOS11000091,2026-10-05T11:45,0.9,1.7,245.0
TOS11000091,2026-10-05T12:00,1.0,2.1,252.0
TOS11000091,2026-10-05T12:15,1.1,1.8,245.0
TOS11000091,2026-10-05T12:30,1.1,2.0,244.0
TOS11000091,2026-10-05T12:45,0.9,1.4,250.0
TOS11000091,2026-10-05T13:00,1.3,2.7,225.0
TOS11000091,2026-10-05T13:15,1.4,2.6,216.0
TOS11000091,2026-10-05T13:30,1.5,2.4,219.0
TOS11000091,2026-10-05T13:45,1.5,2.4,216.0
TOS11000091,2026-10-05T14:00,1.4,2.2,215.0
TOS11000091,2026-10-05T14:15,1.5,2.6,211.0
TOS11000091,2026-10-05T14:30,1.4,2.7,214.0
TOS11000091,2026-10-05T14:45,1.4,2.4,216.0
TOS11000091,2026-10-05T15:00,1.1,2.2,220.0
TOS11000091,2026-10-05T15:15,0.8,1.6,254.0
TOS11000091,2026-10-05T15:30,0.7,1.4,252.0
TOS11000091,2026-10-05T15:45,0.5,0.9,251.0
TOS11000091,2026-10-05T16:00,0.6,1.2,256.0
TOS11000091,2026-10-05T16:15,0.6,1.0,256.0
TOS11000091,2026-10-05T16:30,0.7,1.1,258.0
TOS11000091,2026-10-05T16:45,0.8,1.4,215.0
TOS11000091,2026-10-05T17:00,1.3,2.2,217.0
TOS11000091,2026-10-05T17:15,1.0,2.0,239.0
TOS11000091,2026-10-05T17:30,0.6,1.5,274.0
TOS11000091,2026-10-05T17:45,0.6,1.1,295.0
TOS11000091,2026-10-05T18:00,0.9,1.4,343.0
TOS11000091,2026-10-05T18:15,1.3,1.7,357.0
TOS11000091,2026-10-05T18:30,0.8,1.4,15.0
TOS11000091,2026-10-05T18:45,0.4,0.8,38.0
TOS11000091,2026-10-05T19:00,0.3,0.6,124.0
TOS11000091,2026-10-05T19:15,0.3,0.5,27.0
TOS11000091,2026-10-05T19:30,0.3,1.0,29.0
TOS11000091,2026-10-05T19:45,0.4,0.9,37.0
TOS11000091,2026-10-05T20:00,0.3,0.7,51.0
TOS11000091,2026-10-05T20:15,0.2,0.5,30.0
TOS11000091,2026-10-05T20:30,0.3,0.8,17.0
TOS11000091,2026-10-05T20:45,0.3,0.6,274.0
TOS11000091,2026-10-05T21:00,0.5,1.1,4.0
TOS11000091,2026-10-05T21:15,0.9,1.2,343.0
TOS11000091,2026-10-05T21:30,0.4,1.1,44.0
TOS11000091,2026-10-05T21:45,0.2,0.5,28.0
TOS11000091,2026-10-05T22:00,0.3,0.5,169.0
TOS11000091,2026-10-05T22:15,0.3,0.5,99.0
TOS11000091,2026-10-05T22:30,0.3,0.5,41.0
TOS11000091,2026-10-05T22:45,0.6,1.4,33.0
TOS11000091,2026-10-05T23:00,0.5,1.0,283.0
TOS11000091,2026-10-05T23:15,0.3,0.8,137.0
TOS11000091,2026-10-05T23:30,0.3,0.6,68.0
TOS11000091,2026-10-05T23:45,0.4,1.2,35.0
TOS11000096,2026-10-05T00:00,0.7,1.1,356.0
TOS11000096,2026-10-05T00:15,0.9,1.3,333.0
TOS11000096,2026-10-05T00:30,0.9,1.2,333.0
TOS11000096,2026-10-05T00:45,1.2,1.5,321.0
TOS11000096,2026-10-05T01:00,1.3,1.8,323.0
TOS11000096,2026-10-05T01:15,1.3,1.7,321.0
TOS11000096,2026-10-05T01:30,1.3,1.6,318.0
TOS11000096,2026-10-05T01:45,1.3,1.6,319.0
TOS11000096,2026-10-05T02:00,0.8,1.4,340.0
TOS11000096,2026-10-05T02:15,0.7,1.1,344.0
TOS11000096,2026-10-05T02:30,0.9,1.1,339.0
TOS11000096,2026-10-05T02:45,0.9,1.5,337.0
TOS11000096,2026-10-05T03:00,0.9,1.4,336.0
TOS11000096,2026-10-05T03:15,0.8,1.6,41.0
TOS11000096,2026-10-05T03:30,0.6,1.2,15.0
TOS11000096,2026-10-05T03:45,0.7,0.9,348.0
TOS11000096,2026-10-05T04:00,0.4,0.7,2.0
TOS11000096,2026-10-05T04:15,0.5,1.0,22.0
TOS11000096,2026-10-05T04:30,0.3,0.8,167.0
TOS11000096,2026-10-05T04:45,0.6,1.2,137.0
TOS11000096,2026-10-05T05:00,0.9,1.4,179.0
TOS11000096,2026-10-05T05:15,1.0,1.2,149.0
TOS11000096,2026-10-05T05:30,0.9,1.4,132.0
TOS11000096,2026-10-05T05:45,1.1,1.6,150.0
TOS11000096,2026-10-05T06:00,1.0,1.6,118.0
TOS11000096,2026-10-05T06:15,1.1,1.4,102.0
TOS11000096,2026-10-05T06:30,1.1,1.6,105.0
TOS11000096,2026-10-05T06:45,1.3,1.7,106.0
TOS11000096,2026-10-05T07:00,1.0,1.4,70.0
TOS11000096,2026-10-05T07:15,0.7,1.2,32.0
TOS11000096,2026-10-05T07:30,0.9,1.3,66.0
TOS11000096,2026-10-05T07:45,0.6,1.1,13.0
TOS11000096,2026-10-05T08:00,0.6,1.2,332.0
TOS11000096,2026-10-05T08:15,0.4,0.8,15.0
TOS11000096,2026-10-05T08:30,0.9,1.3,106.0
TOS11000096,2026-10-05T08:45,1.2,1.8,122.0
TOS11000096,2026-10-05T09:00,1.2,1.8,122.0
TOS11000096,2026-10-05T09:15,1.1,1.8,128.0
TOS11000096,2026-10-05T09:30,1.0,1.5,97.0
TOS11000096,2026-10-05T09:45,1.1,1.9,108.0
TOS11000096,2026-10-05T10:00,1.4,1.9,114.0
TOS11000096,2026-10-05T10:15,1.4,2.2,122.0
TOS11000096,2026-10-05T10:30,1.4,2.0,118.0
TOS11000096,2026-10-05T10:45,1.4,2.2,116.0
TOS11000096,2026-10-05T11:00,1.3,1.8,125.0
TOS11000096,2026-10-05T11:15,1.1,1.7,119.0
TOS11000096,2026-10-05T11:30,1.2,1.9,121.0
TOS11000096,2026-10-05T11:45,1.5,2.1,127.0
TOS11000096,2026-10-05T12:00,1.4,1.9,130.0
TOS11000096,2026-10-05T12:15,1.3,2.0,127.0
TOS11000096,2026-10-05T12:30,1.5,2.3,135.0
TOS11000096,2026-10-05T12:45,1.5,2.2,129.0
TOS11000096,2026-10-05T13:00,1.6,3.1,133.0
TOS11000096,2026-10-05T13:15,2.0,3.6,128.0
TOS11000096,2026-10-05T13:30,2.1,3.0,130.0
TOS11000096,2026-10-05T13:45,2.0,2.7,125.0
TOS11000096,2026-10-05T14:00,1.8,3.1,123.0
TOS11000096,2026-10-05T14:15,2.0,3.3,132.0
TOS11000096,2026-10-05T14:30,2.0,2.9,133.0
TOS11000096,2026-10-05T14:45,2.2,3.0,130.0
TOS11000096,2026-10-05T15:00,2.3,3.2,135.0
TOS11000096,2026-10-05T15:15,2.5,4.1,134.0
TOS11000096,2026-10-05T15:30,2.2,3.0,139.0
TOS11000096,2026-10-05T15:45,2.2,3.3,135.0
TOS11000096,2026-10-05T16:00,1.9,2.7,136.0
TOS11000096,2026-10-05T16:15,1.6,2.4,136.0
TOS11000096,2026-10-05T16:30,1.8,2.3,141.0
TOS11000096,2026-10-05T16:45,1.6,2.3,128.0
TOS11000096,2026-10-05T17:00,1.7,2.2,106.0
TOS11000096,2026-10-05T17:15,1.6,2.4,115.0
TOS11000096,2026-10-05T17:30,1.8,2.8,102.0
TOS11000096,2026-10-05T17:45,1.8,2.8,95.0
TOS11000096,2026-10-05T18:00,2.0,3.2,97.0
TOS11000096,2026-10-05T18:15,1.7,2.8,91.0
TOS11000096,2026-10-05T18:30,1.7,2.6,103.0
TOS11000096,2026-10-05T18:45,1.5,2.7,96.0
TOS11000096,2026-10-05T19:00,1.4,2.5,89.0
TOS11000096,2026-10-05T19:15,1.8,2.8,100.0
TOS11000096,2026-10-05T19:30,1.5,2.3,99.0
TOS11000096,2026-10-05T19:45,2.0,3.5,121.0
TOS11000096,2026-10-05T20:00,2.5,3.3,147.0
TOS11000096,2026-10-05T20:15,1.7,2.7,123.0
TOS11000096,2026-10-05T20:30,2.0,3.0,118.0
TOS11000096,2026-10-05T20:45,2.1,2.7,119.0
TOS11000096,2026-10-05T21:00,2.2,3.0,110.0
TOS11000096,2026-10-05T21:15,1.5,2.8,91.0
TOS11000096,2026-10-05T21:30,0.6,0.9,353.0
TOS11000096,2026-10-05T21:45,0.7,1.0,24.0
TOS11000096,2026-10-05T22:00,1.2,2.0,314.0
TOS11000096,2026-10-05T22:15,1.1,1.5,313.0
TOS11000096,2026-10-05T22:30,1.1,1.5,312.0
TOS11000096,2026-10-05T22:45,0.9,1.3,324.0
TOS11000096,2026-10-05T23:00,0.5,1.1,335.0
TOS11000096,2026-10-05T23:15,0.7,1.1,321.0
TOS11000096,2026-10-05T23:30,0.6,1.1,1.0
TOS11000096,2026-10-05T23:45,0.9,1.2,105.0
TOS11000100,2026-10-05T00:00,0.9,1.3,28.0
TOS11000100,2026-10-05T00:15,0.4,0.7,39.0
TOS11000100,2026-10-05T00:30,0.8,1.3,40.0
TOS11000100,2026-10-05T00:45,1.0,1.5,53.0
TOS11000100,2026-10-05T01:00,1.2,1.4,28.0
TOS11000100,2026-10-05T01:15,0.8,1.2,57.0
TOS11000100,2026-10-05T01:30,0.5,0.7,98.0
TOS11000100,2026-10-05T01:45,0.4,0.8,215.0
TOS11000100,2026-10-05T02:00,0.4,0.7,194.0
TOS11000100,2026-10-05T02:15,0.3,0.8,169.0
TOS11000100,2026-10-05T02:30,0.9,1.3,16.0
TOS11000100,2026-10-05T02:45,0.9,1.5,45.0
TOS11000100,2026-10-05T03:00,1.0,1.5,24.0
TOS11000100,2026-10-05T03:15,0.9,1.3,19.0
TOS11000100,2026-10-05T03:30,0.7,1.5,38.0
TOS11000100,2026-10-05T03:45,1.0,1.9,23.0
TOS11000100,2026-10-05T04:00,0.6,1.1,197.0
TOS11000100,2026-10-05T04:15,0.9,1.3,105.0
TOS11000100,2026-10-05T04:30,0.8,1.4,49.0
TOS11000100,2026-10-05T04:45,0.8,1.4,20.0
TOS11000100,2026-10-05T05:00,0.7,1.2,279.0
TOS11000100,2026-10-05T05:15,0.6,1.1,223.0
TOS11000100,2026-10-05T05:30,0.4,0.9,60.0
TOS11000100,2026-10-05T05:45,0.6,1.0,93.0
TOS11000100,2026-10-05T06:00,0.8,1.1,44.0
TOS11000100,2026-10-05T06:15,0.5,0.9,77.0
TOS11000100,2026-10-05T06:30,0.5,0.8,158.0
TOS11000100,2026-10-05T06:45,0.9,1.1,103.0
TOS11000100,2026-10-05T07:00,0.7,1.0,8.0
TOS11000100,2026-10-05T07:15,0.6,1.1,276.0
TOS11000100,2026-10-05T07:30,0.4,0.9,140.0
TOS11000100,2026-10-05T07:45,0.6,1.1,140.0
TOS11000100,2026-10-05T08:00,0.3,0.7,125.0
TOS11000100,2026-10-05T08:15,0.5,1.0,182.0
TOS11000100,2026-10-05T08:30,0.6,1.1,112.0
TOS11000100,2026-10-05T08:45,0.8,1.3,50.0
TOS11000100,2026-10-05T09:00,0.6,1.2,6.0
TOS11000100,2026-10-05T09:15,0.6,1.2,226.0
TOS11000100,2026-10-05T09:30,0.7,1.3,175.0
TOS11000100,2026-10-05T09:45,0.7,1.3,122.0
TOS11000100,2026-10-05T10:00,0.9,1.2,124.0
TOS11000100,2026-10-05T10:15,0.6,1.1,133.0
TOS11000100,2026-10-05T10:30,0.5,1.2,313.0
TOS11000100,2026-10-05T10:45,0.8,1.4,254.0
TOS11000100,2026-10-05T11:00,0.5,0.8,233.0
TOS11000100,2026-10-05T11:15,0.6,1.1,138.0
TOS11000100,2026-10-05T11:30,0.6,1.4,124.0
TOS11000100,2026-10-05T11:45,0.6,1.3,180.0
TOS11000100,2026-10-05T12:00,0.5,1.0,158.0
TOS11000100,2026-10-05T12:15,0.8,1.4,132.0
TOS11000100,2026-10-05T12:30,0.6,1.3,112.0
TOS11000100,2026-10-05T12:45,0.6,1.0,112.0
TOS11000100,2026-10-05T13:00,0.6,1.2,46.0
TOS11000100,2026-10-05T13:15,0.7,1.3,41.0
TOS11000100,2026-10-05T13:30,0.7,1.3,36.0
TOS11000100,2026-10-05T13:45,0.6,1.2,34.0
TOS11000100,2026-10-05T14:00,0.9,1.5,115.0
TOS11000100,2026-10-05T14:15,1.1,1.7,128.0
TOS11000100,2026-10-05T14:30,0.9,1.6,134.0
TOS11000100,2026-10-05T14:45,0.9,1.7,148.0
TOS11000100,2026-10-05T15:00,0.7,1.6,138.0
TOS11000100,2026-10-05T15:15,0.8,1.7,134.0
TOS11000100,2026-10-05T15:30,0.8,1.6,152.0
TOS11000100,2026-10-05T15:45,0.8,1.4,131.0
TOS11000100,2026-10-05T16:00,0.6,1.0,137.0
TOS11000100,2026-10-05T16:15,0.4,0.7,124.0
TOS11000100,2026-10-05T16:30,0.3,0.5,90.0
TOS11000100,2026-10-05T16:45,0.7,1.3,54.0
TOS11000100,2026-10-05T17:00,0.5,1.0,81.0
TOS11000100,2026-10-05T17:15,0.7,1.1,136.0
TOS11000100,2026-10-05T17:30,0.4,0.9,144.0
TOS11000100,2026-10-05T17:45,0.9,1.4,197.0
TOS11000100,2026-10-05T18:00,1.0,1.7,260.0
TOS11000100,2026-10-05T18:15,0.7,1.2,285.0
TOS11000100,2026-10-05T18:30,0.6,1.2,40.0
TOS11000100,2026-10-05T18:45,1.1,1.7,24.0
TOS11000100,2026-10-05T19:00,0.8,1.2,69.0
TOS11000100,2026-10-05T19:15,1.0,1.5,256.0
TOS11000100,2026-10-05T19:30,1.0,1.6,22.0
TOS11000100,2026-10-05T19:45,1.3,1.9,13.0
TOS11000100,2026-10-05T20:00,0.4,1.0,318.0
TOS11000100,2026-10-05T20:15,0.3,0.6,114.0
TOS11000100,2026-10-05T20:30,1.0,1.5,158.0
TOS11000100,2026-10-05T20:45,0.9,1.2,150.0
TOS11000100,2026-10-05T21:00,0.9,1.4,83.0
TOS11000100,2026-10-05T21:15,0.7,1.3,36.0
TOS11000100,2026-10-05T21:30,0.7,1.3,43.0
TOS11000100,2026-10-05T21:45,0.4,0.9,214.0
TOS11000100,2026-10-05T22:00,0.5,0.7,156.0
TOS11000100,2026-10-05T22:15,0.7,1.4,72.0
TOS11000100,2026-10-05T22:30,0.6,0.9,357.0
TOS11000100,2026-10-05T22:45,0.5,1.7,351.0
TOS11000100,2026-10-05T23:00,0.5,1.0,148.0
TOS11000100,2026-10-05T23:15,0.4,0.7,144.0
TOS11000100,2026-10-05T23:30,0.5,0.8,350.0
TOS11000100,2026-10-05T23:45,0.9,1.5,60.0
TOS11000102,2026-10-05T00:00,1.4,2.8,66.0
TOS11000102,2026-10-05T00:15,1.0,2.5,41.0
TOS11000102,2026-10-05T00:30,2.4,3.7,72.0
TOS11000102,2026-10-05T00:45,2.0,3.4,65.0
TOS11000102,2026-10-05T01:00,1.9,3.7,61.0
TOS11000102,2026-10-05T01:15,0.8,2.6,71.0
TOS11000102,2026-10-05T01:30,1.5,2.3,49.0
TOS11000102,2026-10-05T01:45,1.9,3.1,67.0
TOS11000102,2026-10-05T02:00,2.5,4.5,67.0
TOS11000102,2026-10-05T02:15,2.5,4.0,66.0
TOS11000102,2026-10-05T02:30,2.1,4.1,64.0
TOS11000102,2026-10-05T02:45,2.1,3.3,60.0
TOS11000102,2026-10-05T03:00,1.3,3.4,80.0
TOS11000102,2026-10-05T03:15,1.1,2.8,69.0
TOS11000102,2026-10-05T03:30,1.3,2.9,73.0
TOS11000102,2026-10-05T03:45,1.2,1.8,55.0
TOS11000102,2026-10-05T04:00,1.1,2.1,53.0
TOS11000102,2026-10-05T04:15,1.4,2.4,61.0
TOS11000102,2026-10-05T04:30,1.0,1.6,56.0
TOS11000102,2026-10-05T04:45,1.1,1.7,49.0
TOS11000102,2026-10-05T05:00,1.3,2.4,54.0
TOS11000102,2026-10-05T05:15,1.5,2.7,50.0
TOS11000102,2026-10-05T05:30,1.3,1.9,57.0
TOS11000102,2026-10-05T05:45,1.6,3.0,54.0
TOS11000102,2026-10-05T06:00,1.9,3.1,54.0
TOS11000102,2026-10-05T06:15,2.1,3.5,72.0
TOS11000102,2026-10-05T06:30,2.1,4.2,68.0
TOS11000102,2026-10-05T06:45,1.8,3.4,61.0
TOS11000102,2026-10-05T07:00,1.8,3.4,64.0
TOS11000102,2026-10-05T07:15,1.6,3.1,62.0
TOS11000102,2026-10-05T07:30,1.7,2.9,53.0
TOS11000102,2026-10-05T07:45,1.3,2.9,62.0
TOS11000102,2026-10-05T08:00,1.5,3.0,69.0
TOS11000102,2026-10-05T08:15,1.6,3.2,72.0
TOS11000102,2026-10-05T08:30,1.8,3.2,74.0
TOS11000102,2026-10-05T08:45,2.1,3.2,57.0
TOS11000102,2026-10-05T09:00,1.4,2.9,56.0
TOS11000102,2026-10-05T09:15,1.2,2.7,60.0
TOS11000102,2026-10-05T09:30,0.8,2.2,101.0
TOS11000102,2026-10-05T09:45,0.8,1.7,119.0
TOS11000102,2026-10-05T10:00,0.5,1.3,135.0
TOS11000102,2026-10-05T10:15,0.6,1.4,183.0
TOS11000102,2026-10-05T10:30,0.5,1.6,173.0
TOS11000102,2026-10-05T10:45,0.6,2.1,189.0
TOS11000102,2026-10-05T11:00,0.6,1.5,196.0
TOS11000102,2026-10-05T11:15,0.5,1.4,224.0
TOS11000102,2026-10-05T11:30,0.8,2.3,189.0
TOS11000102,2026-10-05T11:45,1.0,2.4,193.0
TOS11000102,2026-10-05T12:00,1.0,2.3,183.0
TOS11000102,2026-10-05T12:15,0.8,2.8,195.0
TOS11000102,2026-10-05T12:30,0.8,2.3,188.0
TOS11000102,2026-10-05T12:45,0.9,2.4,187.0
TOS11000102,2026-10-05T13:00,1.0,2.1,184.0
TOS11000102,2026-10-05T13:15,0.6,1.9,179.0
TOS11000102,2026-10-05T13:30,0.5,1.6,184.0
TOS11000102,2026-10-05T13:45,0.7,1.6,181.0
TOS11000102,2026-10-05T14:00,0.5,1.4,188.0
TOS11000102,2026-10-05T14:15,0.5,1.5,221.0
TOS11000102,2026-10-05T14:30,0.6,1.6,234.0
TOS11000102,2026-10-05T14:45,0.4,1.2,255.0
TOS11000102,2026-10-05T15:00,0.6,1.5,265.0
TOS11000102,2026-10-05T15:15,0.4,1.1,268.0
TOS11000102,2026-10-05T15:30,0.4,1.1,246.0
TOS11000102,2026-10-05T15:45,0.6,1.5,248.0
TOS11000102,2026-10-05T16:00,0.8,2.3,191.0
TOS11000102,2026-10-05T16:15,0.9,1.8,204.0
TOS11000102,2026-10-05T16:30,1.2,2.9,192.0
TOS11000102,2026-10-05T16:45,1.3,2.5,189.0
TOS11000102,2026-10-05T17:00,1.2,3.3,194.0
TOS11000102,2026-10-05T17:15,0.8,2.2,197.0
TOS11000102,2026-10-05T17:30,0.7,1.6,183.0
TOS11000102,2026-10-05T17:45,0.3,0.9,178.0
TOS11000102,2026-10-05T18:00,0.3,0.7,296.0
TOS11000102,2026-10-05T18:15,0.6,0.9,49.0
TOS11000102,2026-10-05T18:30,0.7,1.1,43.0
TOS11000102,2026-10-05T18:45,0.9,1.5,50.0
TOS11000102,2026-10-05T19:00,1.0,1.6,60.0
TOS11000102,2026-10-05T19:15,1.8,3.4,72.0
TOS11000102,2026-10-05T19:30,1.4,2.7,71.0
TOS11000102,2026-10-05T19:45,1.7,3.2,57.0
TOS11000102,2026-10-05T20:00,1.7,3.1,62.0
TOS11000102,2026-10-05T20:15,1.5,2.9,69.0
TOS11000102,2026-10-05T20:30,1.5,2.9,62.0
TOS11000102,2026-10-05T20:45,1.5,2.9,51.0
TOS11000102,2026-10-05T21:00,1.6,2.7,59.0
TOS11000102,2026-10-05T21:15,1.7,3.0,68.0
TOS11000102,2026-10-05T21:30,1.3,2.5,46.0
TOS11000102,2026-10-05T21:45,1.3,2.0,59.0
TOS11000102,2026-10-05T22:00,1.3,2.8,66.0
TOS11000102,2026-10-05T22:15,1.4,2.4,57.0
TOS11000102,2026-10-05T22:30,1.6,2.9,56.0
TOS11000102,2026-10-05T22:45,1.7,2.7,68.0
TOS11000102,2026-10-05T23:00,2.3,4.2,70.0
TOS11000102,2026-10-05T23:15,2.0,3.3,66.0
TOS11000102,2026-10-05T23:30,2.0,3.2,68.0
TOS11000102,2026-10-05T23:45,2.2,3.7,63.0
TOS11000106,2026-10-05T00:00,2.3,4.0,244.0
TOS11000106,2026-10-05T00:15,2.1,3.2,244.0
TOS11000106,2026-10-05T00:30,2.0,3.3,247.0
TOS11000106,2026-10-05T00:45,2.1,3.1,245.0
TOS11000106,2026-10-05T01:00,2.1,3.0,247.0
TOS11000106,2026-10-05T01:15,2.1,3.2,245.0
TOS11000106,2026-10-05T01:30,2.3,3.8,239.0
TOS11000106,2026-10-05T01:45,2.6,3.9,240.0
TOS11000106,2026-10-05T02:00,2.6,3.9,245.0
TOS11000106,2026-10-05T02:15,2.2,3.5,246.0
TOS11000106,2026-10-05T02:30,2.1,3.3,247.0
TOS11000106,2026-10-05T02:45,2.2,3.1,240.0
TOS11000106,2026-10-05T03:00,2.7,4.1,233.0
TOS11000106,2026-10-05T03:15,2.6,3.9,238.0
TOS11000106,2026-10-05T03:30,2.8,4.0,234.0
TOS11000106,2026-10-05T03:45,2.9,4.1,237.0
TOS11000106,2026-10-05T04:00,2.6,3.5,242.0
TOS11000106,2026-10-05T04:15,2.6,3.8,244.0
TOS11000106,2026-10-05T04:30,2.7,4.0,246.0
TOS11000106,2026-10-05T04:45,2.6,4.1,243.0
TOS11000106,2026-10-05T05:00,2.3,3.6,246.0
TOS11000106,2026-10-05T05:15,2.6,3.9,243.0
TOS11000106,2026-10-05T05:30,2.3,3.3,243.0
TOS11000106,2026-10-05T05:45,2.1,3.2,246.0
TOS11000106,2026-10-05T06:00,2.4,3.5,239.0
TOS11000106,2026-10-05T06:15,2.2,3.2,239.0
TOS11000106,2026-10-05T06:30,2.6,3.5,226.0
TOS11000106,2026-10-05T06:45,3.5,4.1,218.0
TOS11000106,2026-10-05T07:00,3.4,4.0,221.0
TOS11000106,2026-10-05T07:15,3.1,4.1,224.0
TOS11000106,2026-10-05T07:30,3.1,3.6,218.0
TOS11000106,2026-10-05T07:45,3.3,3.9,220.0
TOS11000106,2026-10-05T08:00,3.2,4.0,225.0
TOS11000106,2026-10-05T08:15,2.3,3.6,233.0
TOS11000106,2026-10-05T08:30,2.4,3.3,226.0
TOS11000106,2026-10-05T08:45,2.0,3.5,223.0
TOS11000106,2026-10-05T09:00,1.7,3.8,228.0
TOS11000106,2026-10-05T09:15,1.4,2.5,259.0
TOS11000106,2026-10-05T09:30,1.7,3.0,259.0
TOS11000106,2026-10-05T09:45,1.4,2.6,244.0
TOS11000106,2026-10-05T10:00,1.4,3.2,270.0
TOS11000106,2026-10-05T10:15,1.4,3.0,246.0
TOS11000106,2026-10-05T10:30,1.4,3.0,257.0
TOS11000106,2026-10-05T10:45,1.4,2.5,256.0
TOS11000106,2026-10-05T11:00,1.1,2.2,255.0
TOS11000106,2026-10-05T11:15,1.4,2.2,268.0
TOS11000106,2026-10-05T11:30,1.3,2.2,262.0
TOS11000106,2026-10-05T11:45,1.1,2.0,263.0
TOS11000106,2026-10-05T12:00,1.2,2.6,254.0
TOS11000106,2026-10-05T12:15,1.2,2.8,228.0
TOS11000106,2026-10-05T12:30,1.2,2.3,264.0
TOS11000106,2026-10-05T12:45,1.0,2.0,261.0
TOS11000106,2026-10-05T13:00,1.2,2.4,264.0
TOS11000106,2026-10-05T13:15,1.2,2.5,256.0
TOS11000106,2026-10-05T13:30,1.5,2.6,265.0
TOS11000106,2026-10-05T13:45,1.4,2.8,252.0
TOS11000106,2026-10-05T14:00,1.6,3.3,278.0
TOS11000106,2026-10-05T14:15,1.4,3.1,266.0
TOS11000106,2026-10-05T14:30,1.2,2.2,266.0
TOS11000106,2026-10-05T14:45,1.1,2.5,282.0
TOS11000106,2026-10-05T15:00,1.7,3.6,287.0
TOS11000106,2026-10-05T15:15,1.8,3.8,289.0
TOS11000106,2026-10-05T15:30,1.7,3.9,266.0
TOS11000106,2026-10-05T15:45,1.4,2.9,275.0
TOS11000106,2026-10-05T16:00,1.6,3.5,274.0
TOS11000106,2026-10-05T16:15,1.8,3.5,282.0
TOS11000106,2026-10-05T16:30,1.7,3.2,283.0
TOS11000106,2026-10-05T16:45,1.7,3.2,291.0
TOS11000106,2026-10-05T17:00,1.2,2.5,283.0
TOS11000106,2026-10-05T17:15,1.1,2.5,291.0
TOS11000106,2026-10-05T17:30,1.3,2.5,305.0
TOS11000106,2026-10-05T17:45,1.1,1.9,294.0
TOS11000106,2026-10-05T18:00,1.3,2.6,321.0
TOS11000106,2026-10-05T18:15,2.5,4.7,11.0
TOS11000106,2026-10-05T18:30,2.1,4.2,31.0
TOS11000106,2026-10-05T18:45,3.5,5.8,36.0
TOS11000106,2026-10-05T19:00,3.1,4.9,32.0
TOS11000106,2026-10-05T19:15,2.0,4.9,39.0
TOS11000106,2026-10-05T19:30,2.1,4.4,95.0
TOS11000106,2026-10-05T19:45,4.5,6.5,137.0
TOS11000106,2026-10-05T20:00,4.0,5.6,139.0
TOS11000106,2026-10-05T20:15,3.5,5.4,156.0
TOS11000106,2026-10-05T20:30,2.4,3.5,160.0
TOS11000106,2026-10-05T20:45,2.1,2.9,172.0
TOS11000106,2026-10-05T21:00,0.9,1.8,177.0
TOS11000106,2026-10-05T21:15,0.7,1.6,178.0
TOS11000106,2026-10-05T21:30,1.3,1.8,197.0
TOS11000106,2026-10-05T21:45,1.4,2.5,193.0
TOS11000106,2026-10-05T22:00,2.5,2.9,176.0
TOS11000106,2026-10-05T22:15,2.4,3.0,165.0
TOS11000106,2026-10-05T22:30,2.6,3.1,156.0
TOS11000106,2026-10-05T22:45,2.5,2.9,154.0
TOS11000106,2026-10-05T23:00,1.8,2.7,142.0
TOS11000106,2026-10-05T23:15,1.2,1.5,107.0
TOS11000106,2026-10-05T23:30,1.5,2.0,73.0
TOS11000106,2026-10-05T23:45,1.1,2.2,50.0
TOS11000504,2026-10-05T00:00,0.7,1.0,244.0
TOS11000504,2026-10-05T00:15,0.5,0.8,283.0
TOS11000504,2026-10-05T00:30,0.4,0.6,76.0
TOS11000504,2026-10-05T00:45,0.7,1.2,242.0
TOS11000504,2026-10-05T01:00,1.0,1.5,197.0
TOS11000504,2026-10-05T01:15,1.5,2.5,184.0
TOS11000504,2026-10-05T01:30,1.9,3.4,188.0
TOS11000504,2026-10-05T01:45,2.0,3.3,183.0
TOS11000504,2026-10-05T02:00,1.2,2.6,175.0
TOS11000504,2026-10-05T02:15,0.6,2.0,270.0
TOS11000504,2026-10-05T02:30,0.6,1.1,303.0
TOS11000504,2026-10-05T02:45,0.5,0.8,312.0
TOS11000504,2026-10-05T03:00,0.3,0.6,204.0
TOS11000504,2026-10-05T03:15,0.2,0.4,241.0
TOS11000504,2026-10-05T03:30,0.8,1.7,224.0
TOS11000504,2026-10-05T03:45,1.0,1.5,187.0
TOS11000504,2026-10-05T04:00,1.5,2.3,189.0
TOS11000504,2026-10-05T04:15,0.8,1.5,160.0
TOS11000504,2026-10-05T04:30,0.3,0.7,216.0
TOS11000504,2026-10-05T04:45,0.7,1.1,223.0
TOS11000504,2026-10-05T05:00,0.8,1.1,173.0
TOS11000504,2026-10-05T05:15,1.6,2.6,187.0
TOS11000504,2026-10-05T05:30,1.4,2.1,190.0
TOS11000504,2026-10-05T05:45,1.0,1.6,121.0
TOS11000504,2026-10-05T06:00,0.5,1.0,153.0
TOS11000504,2026-10-05T06:15,0.4,0.7,296.0
TOS11000504,2026-10-05T06:30,1.7,3.2,130.0
TOS11000504,2026-10-05T06:45,1.9,3.1,107.0
TOS11000504,2026-10-05T07:00,1.6,2.0,90.0
TOS11000504,2026-10-05T07:15,0.8,1.6,135.0
TOS11000504,2026-10-05T07:30,1.2,2.3,108.0
TOS11000504,2026-10-05T07:45,1.4,2.6,108.0
TOS11000504,2026-10-05T08:00,1.4,2.7,93.0
TOS11000504,2026-10-05T08:15,1.2,2.0,75.0
TOS11000504,2026-10-05T08:30,0.7,1.4,73.0
TOS11000504,2026-10-05T08:45,1.8,3.2,82.0
TOS11000504,2026-10-05T09:00,1.6,2.7,98.0
TOS11000504,2026-10-05T09:15,1.3,2.3,115.0
TOS11000504,2026-10-05T09:30,1.5,2.4,89.0
TOS11000504,2026-10-05T09:45,1.6,2.3,107.0
TOS11000504,2026-10-05T10:00,1.5,2.3,109.0
TOS11000504,2026-10-05T10:15,1.0,1.6,101.0
TOS11000504,2026-10-05T10:30,1.2,2.2,56.0
TOS11000504,2026-10-05T10:45,1.6,2.4,52.0
TOS11000504,2026-10-05T11:00,1.7,2.3,60.0
TOS11000504,2026-10-05T11:15,1.7,2.5,63.0
TOS11000504,2026-10-05T11:30,1.7,2.8,76.0
TOS11000504,2026-10-05T11:45,2.0,3.0,75.0
TOS11000504,2026-10-05T12:00,1.5,2.7,57.0
TOS11000504,2026-10-05T12:15,1.7,3.2,71.0
TOS11000504,2026-10-05T12:30,1.9,3.2,80.0
TOS11000504,2026-10-05T12:45,1.9,3.5,90.0
TOS11000504,2026-10-05T13:00,1.7,2.9,78.0
TOS11000504,2026-10-05T13:15,1.6,2.6,71.0
TOS11000504,2026-10-05T13:30,1.3,2.5,66.0
TOS11000504,2026-10-05T13:45,1.5,2.8,32.0
TOS11000504,2026-10-05T14:00,1.4,2.7,65.0
TOS11000504,2026-10-05T14:15,1.0,1.7,60.0
TOS11000504,2026-10-05T14:30,0.7,1.3,110.0
TOS11000504,2026-10-05T14:45,0.8,1.2,120.0
TOS11000504,2026-10-05T15:00,1.0,1.4,89.0
TOS11000504,2026-10-05T15:15,0.9,1.3,110.0
TOS11000504,2026-10-05T15:30,1.0,1.4,105.0
TOS11000504,2026-10-05T15:45,1.3,1.6,118.0
TOS11000504,2026-10-05T16:00,0.9,1.3,106.0
TOS11000504,2026-10-05T16:15,1.0,1.1,130.0
TOS11000504,2026-10-05T16:30,0.9,1.2,178.0
TOS11000504,2026-10-05T16:45,0.8,1.1,182.0
TOS11000504,2026-10-05T17:00,1.2,1.5,142.0
TOS11000504,2026-10-05T17:15,1.3,1.5,159.0
TOS11000504,2026-10-05T17:30,1.5,2.5,181.0
TOS11000504,2026-10-05T17:45,1.6,2.3,177.0
TOS11000504,2026-10-05T18:00,1.6,2.2,178.0
TOS11000504,2026-10-05T18:15,1.5,2.3,177.0
TOS11000504,2026-10-05T18:30,1.6,2.2,184.0
TOS11000504,2026-10-05T18:45,1.7,2.3,185.0
TOS11000504,2026-10-05T19:00,0.7,1.7,102.0
TOS11000504,2026-10-05T19:15,0.5,0.8,64.0
TOS11000504,2026-10-05T19:30,0.7,1.2,103.0
TOS11000504,2026-10-05T19:45,0.9,1.3,137.0
TOS11000504,2026-10-05T20:00,1.3,2.0,184.0
TOS11000504,2026-10-05T20:15,0.9,1.4,183.0
TOS11000504,2026-10-05T20:30,1.6,3.9,187.0
TOS11000504,2026-10-05T20:45,2.1,3.2,176.0
TOS11000504,2026-10-05T21:00,2.0,2.7,172.0
TOS11000504,2026-10-05T21:15,2.2,3.2,182.0
TOS11000504,2026-10-05T21:30,1.7,2.7,170.0
TOS11000504,2026-10-05T21:45,1.8,2.6,182.0
TOS11000504,2026-10-05T22:00,1.2,2.3,188.0
TOS11000504,2026-10-05T22:15,0.6,1.8,70.0
TOS11000504,2026-10-05T22:30,1.5,1.8,108.0
TOS11000504,2026-10-05T22:45,0.5,1.0,123.0
TOS11000504,2026-10-05T23:00,1.0,1.7,214.0
TOS11000504,2026-10-05T23:15,0.5,0.9,261.0
TOS11000504,2026-10-05T23:30,1.0,1.8,159.0
TOS11000504,2026-10-05T23:45,1.5,2.2,181.0
TOS11000505,2026-10-05T00:00,1.3,1.6,226.0
TOS11000505,2026-10-05T00:15,1.2,1.6,234.0
TOS11000505,2026-10-05T00:30,0.9,1.4,238.0
TOS11000505,2026-10-05T00:45,0.9,1.3,232.0
TOS11000505,2026-10-05T01:00,0.5,1.6,276.0
TOS11000505,2026-10-05T01:15,0.5,0.9,250.0
TOS11000505,2026-10-05T01:30,0.3,0.5,217.0
TOS11000505,2026-10-05T01:45,0.6,1.9,162.0
TOS11000505,2026-10-05T02:00,1.1,1.9,191.0
TOS11000505,2026-10-05T02:15,0.5,1.2,188.0
TOS11000505,2026-10-05T02:30,0.5,1.1,110.0
TOS11000505,2026-10-05T02:45,0.9,1.8,43.0
TOS11000505,2026-10-05T03:00,2.0,2.4,98.0
TOS11000505,2026-10-05T03:15,1.5,2.2,79.0
TOS11000505,2026-10-05T03:30,1.0,1.6,16.0
TOS11000505,2026-10-05T03:45,1.0,1.3,351.0
TOS11000505,2026-10-05T04:00,1.3,1.6,350.0
TOS11000505,2026-10-05T04:15,1.4,1.6,0.0
TOS11000505,2026-10-05T04:30,1.5,1.8,357.0
TOS11000505,2026-10-05T04:45,2.0,2.4,358.0
TOS11000505,2026-10-05T05:00,2.0,2.6,4.0
TOS11000505,2026-10-05T05:15,1.5,1.8,6.0
TOS11000505,2026-10-05T05:30,1.9,2.1,0.0
TOS11000505,2026-10-05T05:45,2.1,2.4,5.0
TOS11000505,2026-10-05T06:00,2.4,3.0,13.0
TOS11000505,2026-10-05T06:15,2.7,3.6,357.0
TOS11000505,2026-10-05T06:30,2.7,3.4,355.0
TOS11000505,2026-10-05T06:45,2.0,2.5,7.0
TOS11000505,2026-10-05T07:00,2.1,2.9,5.0
TOS11000505,2026-10-05T07:15,2.2,3.2,12.0
TOS11000505,2026-10-05T07:30,1.7,2.5,26.0
TOS11000505,2026-10-05T07:45,1.7,2.3,15.0
TOS11000505,2026-10-05T08:00,1.5,1.9,12.0
TOS11000505,2026-10-05T08:15,1.4,2.0,14.0
TOS11000505,2026-10-05T08:30,1.2,2.1,40.0
TOS11000505,2026-10-05T08:45,1.4,2.4,40.0
TOS11000505,2026-10-05T09:00,1.5,2.3,27.0
TOS11000505,2026-10-05T09:15,1.5,2.7,25.0
TOS11000505,2026-10-05T09:30,1.3,2.5,24.0
TOS11000505,2026-10-05T09:45,1.2,2.0,73.0
TOS11000505,2026-10-05T10:00,1.1,2.6,56.0
TOS11000505,2026-10-05T10:15,0.9,1.8,112.0
TOS11000505,2026-10-05T10:30,1.0,1.8,77.0
TOS11000505,2026-10-05T10:45,1.5,2.4,11.0
TOS11000505,2026-10-05T11:00,1.6,2.7,13.0
TOS11000505,2026-10-05T11:15,2.0,2.6,12.0
TOS11000505,2026-10-05T11:30,1.6,2.3,30.0
TOS11000505,2026-10-05T11:45,1.5,2.4,40.0
TOS11000505,2026-10-05T12:00,1.4,3.1,26.0
TOS11000505,2026-10-05T12:15,2.0,3.0,18.0
TOS11000505,2026-10-05T12:30,1.3,2.7,84.0
TOS11000505,2026-10-05T12:45,1.7,3.6,59.0
TOS11000505,2026-10-05T13:00,1.9,3.1,346.0
TOS11000505,2026-10-05T13:15,2.0,3.6,353.0
TOS11000505,2026-10-05T13:30,1.9,3.8,4.0
TOS11000505,2026-10-05T13:45,2.1,3.6,16.0
TOS11000505,2026-10-05T14:00,1.8,3.4,10.0
TOS11000505,2026-10-05T14:15,1.6,2.8,17.0
TOS11000505,2026-10-05T14:30,1.6,2.6,13.0
TOS11000505,2026-10-05T14:45,1.3,2.3,15.0
TOS11000505,2026-10-05T15:00,1.5,2.1,16.0
TOS11000505,2026-10-05T15:15,1.0,1.7,20.0
TOS11000505,2026-10-05T15:30,0.7,1.1,17.0
TOS11000505,2026-10-05T15:45,0.8,1.4,83.0
TOS11000505,2026-10-05T16:00,0.6,1.4,82.0
TOS11000505,2026-10-05T16:15,0.8,1.7,91.0
TOS11000505,2026-10-05T16:30,0.7,1.2,90.0
TOS11000505,2026-10-05T16:45,0.8,1.5,60.0
TOS11000505,2026-10-05T17:00,1.1,1.4,31.0
TOS11000505,2026-10-05T17:15,0.9,1.1,91.0
TOS11000505,2026-10-05T17:30,0.8,1.1,93.0
TOS11000505,2026-10-05T17:45,1.1,1.9,233.0
TOS11000505,2026-10-05T18:00,1.2,1.8,227.0
TOS11000505,2026-10-05T18:15,1.2,1.7,227.0
TOS11000505,2026-10-05T18:30,1.1,1.5,215.0
TOS11000505,2026-10-05T18:45,1.1,1.6,227.0
TOS11000505,2026-10-05T19:00,1.0,1.6,227.0
TOS11000505,2026-10-05T19:15,1.1,1.6,220.0
TOS11000505,2026-10-05T19:30,1.4,1.6,216.0
TOS11000505,2026-10-05T19:45,1.4,1.8,211.0
TOS11000505,2026-10-05T20:00,1.3,1.9,215.0
TOS11000505,2026-10-05T20:15,1.2,1.6,173.0
TOS11000505,2026-10-05T20:30,1.4,2.6,186.0
TOS11000505,2026-10-05T20:45,1.0,1.8,181.0
TOS11000505,2026-10-05T21:00,2.4,3.5,156.0
TOS11000505,2026-10-05T21:15,1.1,2.4,160.0
TOS11000505,2026-10-05T21:30,1.2,1.7,158.0
TOS11000505,2026-10-05T21:45,0.8,1.2,98.0
TOS11000505,2026-10-05T22:00,1.0,1.5,24.0
TOS11000505,2026-10-05T22:15,0.9,1.4,75.0
TOS11000505,2026-10-05T22:30,0.8,1.7,15.0
TOS11000505,2026-10-05T22:45,1.8,2.8,188.0
TOS11000505,2026-10-05T23:00,2.5,3.5,183.0
TOS11000505,2026-10-05T23:15,2.1,3.3,167.0
TOS11000505,2026-10-05T23:30,0.6,1.1,314.0
TOS11000505,2026-10-05T23:45,1.6,2.2,0.0
TOS11000507,2026-10-05T00:00,0.8,1.0,132.0
TOS11000507,2026-10-05T00:15,1.1,1.9,150.0
TOS11000507,2026-10-05T00:30,1.7,2.1,145.0
TOS11000507,2026-10-05T00:45,1.2,1.4,136.0
TOS11000507,2026-10-05T01:00,1.6,2.0,131.0
TOS11000507,2026-10-05T01:15,1.7,2.4,154.0
TOS11000507,2026-10-05T01:30,2.0,2.5,160.0
TOS11000507,2026-10-05T01:45,1.7,2.1,142.0
TOS11000507,2026-10-05T02:00,1.4,1.8,158.0
TOS11000507,2026-10-05T02:15,1.5,2.0,126.0
TOS11000507,2026-10-05T02:30,2.0,2.2,105.0
TOS11000507,2026-10-05T02:45,2.0,2.4,88.0
TOS11000507,2026-10-05T03:00,1.9,2.2,59.0
TOS11000507,2026-10-05T03:15,2.0,2.7,59.0
TOS11000507,2026-10-05T03:30,2.1,2.6,57.0
TOS11000507,2026-10-05T03:45,1.7,2.4,49.0
TOS11000507,2026-10-05T04:00,2.7,3.2,57.0
TOS11000507,2026-10-05T04:15,3.1,3.3,56.0
TOS11000507,2026-10-05T04:30,3.2,3.5,53.0
TOS11000507,2026-10-05T04:45,3.0,3.3,52.0
TOS11000507,2026-10-05T05:00,2.2,2.9,39.0
TOS11000507,2026-10-05T05:15,2.2,2.8,44.0
TOS11000507,2026-10-05T05:30,2.4,2.9,49.0
TOS11000507,2026-10-05T05:45,1.7,2.4,51.0
TOS11000507,2026-10-05T06:00,2.6,3.0,47.0
TOS11000507,2026-10-05T06:15,2.2,2.7,50.0
TOS11000507,2026-10-05T06:30,2.8,3.3,45.0
TOS11000507,2026-10-05T06:45,2.7,3.3,43.0
TOS11000507,2026-10-05T07:00,2.5,2.9,48.0
TOS11000507,2026-10-05T07:15,2.0,2.9,37.0
TOS11000507,2026-10-05T07:30,3.1,3.5,43.0
TOS11000507,2026-10-05T07:45,3.5,4.6,46.0
TOS11000507,2026-10-05T08:00,4.0,5.0,41.0
TOS11000507,2026-10-05T08:15,3.9,4.9,43.0
TOS11000507,2026-10-05T08:30,4.4,5.4,38.0
TOS11000507,2026-10-05T08:45,4.3,5.5,35.0
TOS11000507,2026-10-05T09:00,3.8,4.9,29.0
TOS11000507,2026-10-05T09:15,2.6,3.2,31.0
TOS11000507,2026-10-05T09:30,3.0,4.2,64.0
TOS11000507,2026-10-05T09:45,3.1,4.1,64.0
TOS11000507,2026-10-05T10:00,2.8,3.8,55.0
TOS11000507,2026-10-05T10:15,2.7,3.5,38.0
TOS11000507,2026-10-05T10:30,2.9,3.4,34.0
TOS11000507,2026-10-05T10:45,3.0,3.6,33.0
TOS11000507,2026-10-05T11:00,3.6,4.5,31.0
TOS11000507,2026-10-05T11:15,3.5,4.1,30.0
TOS11000507,2026-10-05T11:30,3.6,4.6,43.0
TOS11000507,2026-10-05T11:45,3.7,5.4,43.0
TOS11000507,2026-10-05T12:00,4.4,5.1,46.0
TOS11000507,2026-10-05T12:15,3.8,4.8,43.0
TOS11000507,2026-10-05T12:30,3.8,5.1,42.0
TOS11000507,2026-10-05T12:45,3.8,5.1,39.0
TOS11000507,2026-10-05T13:00,3.3,4.8,40.0
TOS11000507,2026-10-05T13:15,3.1,4.2,50.0
TOS11000507,2026-10-05T13:30,2.9,3.9,38.0
TOS11000507,2026-10-05T13:45,2.8,3.6,25.0
TOS11000507,2026-10-05T14:00,3.3,3.8,27.0
TOS11000507,2026-10-05T14:15,3.3,4.0,27.0
TOS11000507,2026-10-05T14:30,3.2,3.8,29.0
TOS11000507,2026-10-05T14:45,2.9,3.4,45.0
TOS11000507,2026-10-05T15:00,2.9,3.7,57.0
TOS11000507,2026-10-05T15:15,2.9,3.6,60.0
TOS11000507,2026-10-05T15:30,3.0,3.7,59.0
TOS11000507,2026-10-05T15:45,2.2,3.4,64.0
TOS11000507,2026-10-05T16:00,1.6,2.2,44.0
TOS11000507,2026-10-05T16:15,0.8,1.7,2.0
TOS11000507,2026-10-05T16:30,1.5,2.0,24.0
TOS11000507,2026-10-05T16:45,1.0,1.8,39.0
TOS11000507,2026-10-05T17:00,0.6,1.6,81.0
TOS11000507,2026-10-05T17:15,1.7,2.0,232.0
TOS11000507,2026-10-05T17:30,1.0,1.9,257.0
TOS11000507,2026-10-05T17:45,1.1,1.9,246.0
TOS11000507,2026-10-05T18:00,1.9,2.5,201.0
TOS11000507,2026-10-05T18:15,1.5,2.4,163.0
TOS11000507,2026-10-05T18:30,1.2,1.6,152.0
TOS11000507,2026-10-05T18:45,2.0,2.6,119.0
TOS11000507,2026-10-05T19:00,1.6,2.1,115.0
TOS11000507,2026-10-05T19:15,1.2,1.9,130.0
TOS11000507,2026-10-05T19:30,1.3,1.6,139.0
TOS11000507,2026-10-05T19:45,0.8,1.4,210.0
TOS11000507,2026-10-05T20:00,1.1,1.5,167.0
TOS11000507,2026-10-05T20:15,1.4,1.7,156.0
TOS11000507,2026-10-05T20:30,1.9,2.2,176.0
TOS11000507,2026-10-05T20:45,1.3,2.2,172.0
TOS11000507,2026-10-05T21:00,2.5,2.9,153.0
TOS11000507,2026-10-05T21:15,2.5,3.1,156.0
TOS11000507,2026-10-05T21:30,2.2,2.7,132.0
TOS11000507,2026-10-05T21:45,1.3,2.2,145.0
TOS11000507,2026-10-05T22:00,1.5,3.0,151.0
TOS11000507,2026-10-05T22:15,0.7,1.0,122.0
TOS11000507,2026-10-05T22:30,1.3,2.0,142.0
TOS11000507,2026-10-05T22:45,1.7,2.2,142.0
TOS11000507,2026-10-05T23:00,2.2,3.0,152.0
TOS11000507,2026-10-05T23:15,2.5,3.3,171.0
TOS11000507,2026-10-05T23:30,2.0,2.7,143.0
TOS11000507,2026-10-05T23:45,1.4,2.2,142.0
TOS11000512,2026-10-05T00:00,1.1,1.5,177.0
TOS11000512,2026-10-05T00:15,0.7,1.3,200.0
TOS11000512,2026-10-05T00:30,0.3,0.9,210.0
TOS11000512,2026-10-05T00:45,0.4,1.0,231.0
TOS11000512,2026-10-05T01:00,0.9,1.4,4.0
TOS11000512,2026-10-05T01:15,0.6,1.4,19.0
TOS11000512,2026-10-05T01:30,0.4,0.8,173.0
TOS11000512,2026-10-05T01:45,0.3,0.5,342.0
TOS11000512,2026-10-05T02:00,1.3,1.9,41.0
TOS11000512,2026-10-05T02:15,2.0,2.5,27.0
TOS11000512,2026-10-05T02:30,1.6,2.3,31.0
TOS11000512,2026-10-05T02:45,1.4,2.0,41.0
TOS11000512,2026-10-05T03:00,1.9,2.4,24.0
TOS11000512,2026-10-05T03:15,2.5,2.9,20.0
TOS11000512,2026-10-05T03:30,2.7,3.3,29.0
TOS11000512,2026-10-05T03:45,3.4,4.8,33.0
TOS11000512,2026-10-05T04:00,3.9,5.8,33.0
TOS11000512,2026-10-05T04:15,3.0,3.9,33.0
TOS11000512,2026-10-05T04:30,1.2,2.3,94.0
TOS11000512,2026-10-05T04:45,0.4,0.8,121.0
TOS11000512,2026-10-05T05:00,0.9,1.7,88.0
TOS11000512,2026-10-05T05:15,1.8,2.7,21.0
TOS11000512,2026-10-05T05:30,2.2,3.5,21.0
TOS11000512,2026-10-05T05:45,1.8,3.0,48.0
TOS11000512,2026-10-05T06:00,3.8,5.1,27.0
TOS11000512,2026-10-05T06:15,2.4,3.6,28.0
TOS11000512,2026-10-05T06:30,1.3,2.4,91.0
TOS11000512,2026-10-05T06:45,0.9,2.0,40.0
TOS11000512,2026-10-05T07:00,0.4,0.9,16.0
TOS11000512,2026-10-05T07:15,0.4,1.0,38.0
TOS11000512,2026-10-05T07:30,1.7,2.6,17.0
TOS11000512,2026-10-05T07:45,3.0,4.1,22.0
TOS11000512,2026-10-05T08:00,2.6,3.7,26.0
TOS11000512,2026-10-05T08:15,1.3,2.8,9.0
TOS11000512,2026-10-05T08:30,0.5,1.1,324.0
TOS11000512,2026-10-05T08:45,0.4,0.8,279.0
TOS11000512,2026-10-05T09:00,0.7,1.3,341.0
TOS11000512,2026-10-05T09:15,0.9,1.6,291.0
TOS11000512,2026-10-05T09:30,1.3,1.9,341.0
TOS11000512,2026-10-05T09:45,0.6,1.4,253.0
TOS11000512,2026-10-05T10:00,0.8,2.0,312.0
TOS11000512,2026-10-05T10:15,2.1,3.0,338.0
TOS11000512,2026-10-05T10:30,1.5,2.7,18.0
TOS11000512,2026-10-05T10:45,1.3,2.6,284.0
TOS11000512,2026-10-05T11:00,1.9,2.8,340.0
TOS11000512,2026-10-05T11:15,1.7,2.8,331.0
TOS11000512,2026-10-05T11:30,1.2,2.4,323.0
TOS11000512,2026-10-05T11:45,1.4,2.4,312.0
TOS11000512,2026-10-05T12:00,1.4,2.2,314.0
TOS11000512,2026-10-05T12:15,0.8,1.4,306.0
TOS11000512,2026-10-05T12:30,1.3,2.7,320.0
TOS11000512,2026-10-05T12:45,1.6,3.9,321.0
TOS11000512,2026-10-05T13:00,2.4,3.7,333.0
TOS11000512,2026-10-05T13:15,2.4,3.9,332.0
TOS11000512,2026-10-05T13:30,1.9,3.3,335.0
TOS11000512,2026-10-05T13:45,2.5,3.3,338.0
TOS11000512,2026-10-05T14:00,2.2,3.2,333.0
TOS11000512,2026-10-05T14:15,1.4,2.5,24.0
TOS11000512,2026-10-05T14:30,1.6,2.6,341.0
TOS11000512,2026-10-05T14:45,1.3,2.3,1.0
TOS11000512,2026-10-05T15:00,1.1,1.8,335.0
TOS11000512,2026-10-05T15:15,1.5,2.5,326.0
TOS11000512,2026-10-05T15:30,1.7,2.6,328.0
TOS11000512,2026-10-05T15:45,0.9,1.7,325.0
TOS11000512,2026-10-05T16:00,0.7,0.9,330.0
TOS11000512,2026-10-05T16:15,0.7,1.0,320.0
TOS11000512,2026-10-05T16:30,0.5,0.8,274.0
TOS11000512,2026-10-05T16:45,0.8,1.6,216.0
TOS11000512,2026-10-05T17:00,0.8,1.7,284.0
TOS11000512,2026-10-05T17:15,1.2,2.0,293.0
TOS11000512,2026-10-05T17:30,0.7,1.8,285.0
TOS11000512,2026-10-05T17:45,0.2,0.4,150.0
TOS11000512,2026-10-05T18:00,0.4,0.6,194.0
TOS11000512,2026-10-05T18:15,0.9,1.7,219.0
TOS11000512,2026-10-05T18:30,1.5,2.3,180.0
TOS11000512,2026-10-05T18:45,0.9,1.6,203.0
TOS11000512,2026-10-05T19:00,1.2,1.8,190.0
TOS11000512,2026-10-05T19:15,0.3,0.7,219.0
TOS11000512,2026-10-05T19:30,0.7,1.1,19.0
TOS11000512,2026-10-05T19:45,1.1,1.5,19.0
TOS11000512,2026-10-05T20:00,1.2,1.8,350.0
TOS11000512,2026-10-05T20:15,0.6,1.4,13.0
TOS11000512,2026-10-05T20:30,1.0,1.9,13.0
TOS11000512,2026-10-05T20:45,1.0,2.0,346.0
TOS11000512,2026-10-05T21:00,1.1,1.6,183.0
TOS11000512,2026-10-05T21:15,0.7,1.6,246.0
TOS11000512,2026-10-05T21:30,1.5,1.9,353.0
TOS11000512,2026-10-05T21:45,0.7,1.4,341.0
TOS11000512,2026-10-05T22:00,0.5,1.3,186.0
TOS11000512,2026-10-05T22:15,0.8,1.3,163.0
TOS11000512,2026-10-05T22:30,0.4,0.8,305.0
TOS11000512,2026-10-05T22:45,0.3,0.9,261.0
TOS11000512,2026-10-05T23:00,0.6,1.1,173.0
TOS11000512,2026-10-05T23:15,0.6,0.9,183.0
TOS11000512,2026-10-05T23:30,1.2,2.1,326.0
TOS11000512,2026-10-05T23:45,1.0,1.5,343.0
