stazione,ora,vento_medio_ms,raffica_ms,direzione
TOS01001205,2026-10-04T00:00,1.9,4.8,54.0
TOS01001205,2026-10-04T00:15,1.3,3.3,53.0
TOS01001205,2026-10-04T00:30,1.4,3.8,52.0
TOS01001205,2026-10-04T00:45,1.4,4.0,53.0
TOS01001205,2026-10-04T01:00,1.1,2.9,254.0
TOS01001205,2026-10-04T01:15,0.7,1.8,31.0
TOS01001205,2026-10-04T01:30,0.9,2.0,43.0
TOS01001205,2026-10-04T01:45,1.2,2.5,62.0
TOS01001205,2026-10-04T02:00,1.8,3.5,67.0
TOS01001205,2026-10-04T02:15,1.9,4.1,48.0
TOS01001205,2026-10-04T02:30,2.1,4.1,48.0
TOS01001205,2026-10-04T02:45,1.7,3.2,42.0
TOS01001205,2026-10-04T03:00,1.0,2.5,34.0
TOS01001205,2026-10-04T03:15,0.7,1.8,258.0
TOS01001205,2026-10-04T03:30,0.9,2.7,302.0
TOS01001205,2026-10-04T03:45,1.0,2.1,55.0
TOS01001205,2026-10-04T04:00,0.9,2.1,348.0
TOS01001205,2026-10-04T04:15,1.1,2.8,358.0
TOS01001205,2026-10-04T04:30,1.2,2.7,52.0
TOS01001205,2026-10-04T04:45,1.1,2.4,30.0
TOS01001205,2026-10-04T05:00,0.7,1.4,344.0
TOS01001205,2026-10-04T05:15,1.5,3.0,41.0
TOS01001205,2026-10-04T05:30,1.3,2.8,57.0
TOS01001205,2026-10-04T05:45,1.1,2.7,46.0
TOS01001205,2026-10-04T06:00,1.3,2.3,47.0
TOS01001205,2026-10-04T06:15,1.4,2.8,55.0
TOS01001205,2026-10-04T06:30,1.3,2.5,60.0
TOS01001205,2026-10-04T06:45,1.5,3.0,58.0
TOS01001205,2026-10-04T07:00,1.0,2.8,42.0
TOS01001205,2026-10-04T07:15,1.0,2.2,72.0
TOS01001205,2026-10-04T07:30,0.8,1.7,62.0
TOS01001205,2026-10-04T07:45,1.5,2.8,60.0
TOS01001205,2026-10-04T08:00,1.2,2.5,64.0
TOS01001205,2026-10-04T08:15,0.9,1.8,80.0
TOS01001205,2026-10-04T08:30,1.0,1.8,102.0
TOS01001205,2026-10-04T08:45,0.9,1.7,107.0
TOS01001205,2026-10-04T09:00,0.8,1.5,142.0
TOS01001205,2026-10-04T09:15,0.9,1.6,246.0
TOS01001205,2026-10-04T09:30,0.6,1.3,190.0
TOS01001205,2026-10-04T09:45,0.6,1.6,340.0
TOS01001205,2026-10-04T10:00,0.6,1.6,179.0
TOS01001205,2026-10-04T10:15,0.9,2.2,195.0
TOS01001205,2026-10-04T10:30,1.0,2.2,232.0
TOS01001205,2026-10-04T10:45,0.9,2.0,159.0
TOS01001205,2026-10-04T11:00,0.9,2.2,198.0
TOS01001205,2026-10-04T11:15,0.9,2.3,208.0
TOS01001205,2026-10-04T11:30,0.8,2.5,218.0
TOS01001205,2026-10-04T11:45,1.1,2.4,251.0
TOS01001205,2026-10-04T12:00,1.2,2.7,195.0
TOS01001205,2026-10-04T12:15,1.3,2.8,224.0
TOS01001205,2026-10-04T12:30,1.4,2.5,159.0
TOS01001205,2026-10-04T12:45,0.9,3.0,98.0
TOS01001205,2026-10-04T13:00,1.2,2.7,226.0
TOS01001205,2026-10-04T13:15,1.3,3.5,240.0
TOS01001205,2026-10-04T13:30,1.2,2.8,219.0
TOS01001205,2026-10-04T13:45,1.4,3.7,214.0
TOS01001205,2026-10-04T14:00,1.0,2.8,208.0
TOS01001205,2026-10-04T14:15,1.2,3.5,212.0
TOS01001205,2026-10-04T14:30,1.2,3.5,222.0
TOS01001205,2026-10-04T14:45,1.4,4.0,248.0
TOS01001205,2026-10-04T15:00,1.6,3.6,232.0
TOS01001205,2026-10-04T15:15,1.6,3.0,246.0
TOS01001205,2026-10-04T15:30,1.5,3.1,175.0
TOS01001205,2026-10-04T15:45,1.4,3.2,212.0
TOS01001205,2026-10-04T16:00,1.6,3.3,240.0
TOS01001205,2026-10-04T16:15,1.2,3.2,256.0
TOS01001205,2026-10-04T16:30,1.4,3.3,215.0
TOS01001205,2026-10-04T16:45,1.5,2.9,238.0
TOS01001205,2026-10-04T17:00,1.6,2.9,237.0
TOS01001205,2026-10-04T17:15,1.5,3.4,242.0
TOS01001205,2026-10-04T17:30,1.3,3.0,252.0
TOS01001205,2026-10-04T17:45,1.4,3.0,253.0
TOS01001205,2026-10-04T18:00,2.0,3.8,249.0
TOS01001205,2026-10-04T18:15,1.3,2.7,253.0
TOS01001205,2026-10-04T18:30,0.5,1.3,206.0
TOS01001205,2026-10-04T18:45,0.8,1.9,283.0
TOS01001205,2026-10-04T19:00,0.8,2.1,49.0
TOS01001205,2026-10-04T19:15,0.5,1.5,110.0
TOS01001205,2026-10-04T19:30,0.6,1.7,254.0
TOS01001205,2026-10-04T19:45,1.0,2.9,38.0
TOS01001205,2026-10-04T20:00,1.8,3.6,53.0
TOS01001205,2026-10-04T20:15,2.0,3.3,51.0
TOS01001205,2026-10-04T20:30,1.2,3.3,29.0
TOS01001205,2026-10-04T20:45,1.2,2.9,28.0
TOS01001205,2026-10-04T21:00,1.0,2.6,353.0
TOS01001205,2026-10-04T21:15,1.4,3.5,36.0
TOS01001205,2026-10-04T21:30,1.5,3.7,306.0
TOS01001205,2026-10-04T21:45,1.2,2.3,13.0
TOS01001205,2026-10-04T22:00,1.5,3.9,28.0
TOS01001205,2026-10-04T22:15,1.0,2.2,277.0
TOS01001205,2026-10-04T22:30,1.1,2.5,254.0
TOS01001205,2026-10-04T22:45,1.2,3.2,264.0
TOS01001205,2026-10-04T23:00,1.9,4.5,50.0
TOS01001205,2026-10-04T23:15,1.1,3.2,351.0
TOS01001205,2026-10-04T23:30,1.3,2.5,261.0
TOS01001205,2026-10-04T23:45,1.1,2.4,276.0
TOS01001269,2026-10-04T00:00,0.7,1.6,306.0
TOS01001269,2026-10-04T00:15,0.4,1.5,232.0
TOS01001269,2026-10-04T00:30,0.4,0.6,23.0
TOS01001269,2026-10-04T00:45,0.4,0.7,216.0
TOS01001269,2026-10-04T01:00,0.6,1.0,229.0
TOS01001269,2026-10-04T01:15,0.9,1.5,208.0
TOS01001269,2026-10-04T01:30,0.5,0.9,293.0
TOS01001269,2026-10-04T01:45,0.4,0.6,300.0
TOS01001269,2026-10-04T02:00,0.4,0.9,294.0
TOS01001269,2026-10-04T02:15,0.8,1.3,352.0
TOS01001269,2026-10-04T02:30,0.9,1.3,340.0
TOS01001269,2026-10-04T02:45,0.7,1.0,315.0
TOS01001269,2026-10-04T03:00,0.6,1.0,300.0
TOS01001269,2026-10-04T03:15,1.0,1.5,271.0
TOS01001269,2026-10-04T03:30,0.9,1.3,270.0
TOS01001269,2026-10-04T03:45,0.6,1.3,281.0
TOS01001269,2026-10-04T04:00,0.4,0.8,286.0
TOS01001269,2026-10-04T04:15,0.5,0.8,263.0
TOS01001269,2026-10-04T04:30,0.6,1.1,276.0
TOS01001269,2026-10-04T04:45,0.5,0.8,234.0
TOS01001269,2026-10-04T05:00,0.4,0.9,293.0
TOS01001269,2026-10-04T05:15,0.4,0.8,324.0
TOS01001269,2026-10-04T05:30,0.5,0.9,313.0
TOS01001269,2026-10-04T05:45,0.7,1.2,232.0
TOS01001269,2026-10-04T06:00,0.5,1.1,329.0
TOS01001269,2026-10-04T06:15,0.2,0.4,50.0
TOS01001269,2026-10-04T06:30,0.4,0.6,173.0
TOS01001269,2026-10-04T06:45,0.4,0.6,231.0
TOS01001269,2026-10-04T07:00,0.5,0.7,264.0
TOS01001269,2026-10-04T07:15,0.7,1.5,330.0
TOS01001269,2026-10-04T07:30,0.6,1.1,303.0
TOS01001269,2026-10-04T07:45,0.3,0.7,277.0
TOS01001269,2026-10-04T08:00,0.4,0.6,210.0
TOS01001269,2026-10-04T08:15,0.7,1.0,215.0
TOS01001269,2026-10-04T08:30,0.8,1.3,185.0
TOS01001269,2026-10-04T08:45,0.6,1.0,173.0
TOS01001269,2026-10-04T09:00,0.5,1.2,172.0
TOS01001269,2026-10-04T09:15,0.5,1.0,150.0
TOS01001269,2026-10-04T09:30,0.9,1.4,29.0
TOS01001269,2026-10-04T09:45,0.4,1.2,62.0
TOS01001269,2026-10-04T10:00,0.5,1.3,75.0
TOS01001269,2026-10-04T10:15,0.9,1.8,221.0
TOS01001269,2026-10-04T10:30,0.7,1.8,239.0
TOS01001269,2026-10-04T10:45,0.9,2.3,210.0
TOS01001269,2026-10-04T11:00,0.7,1.6,97.0
TOS01001269,2026-10-04T11:15,0.7,1.4,169.0
TOS01001269,2026-10-04T11:30,0.7,2.0,143.0
TOS01001269,2026-10-04T11:45,1.1,2.1,114.0
TOS01001269,2026-10-04T12:00,0.8,2.0,77.0
TOS01001269,2026-10-04T12:15,1.2,2.5,113.0
TOS01001269,2026-10-04T12:30,0.9,1.7,199.0
TOS01001269,2026-10-04T12:45,1.4,2.8,266.0
TOS01001269,2026-10-04T13:00,0.8,1.9,305.0
TOS01001269,2026-10-04T13:15,1.4,2.9,232.0
TOS01001269,2026-10-04T13:30,0.8,1.6,108.0
TOS01001269,2026-10-04T13:45,1.2,2.1,345.0
TOS01001269,2026-10-04T14:00,1.3,2.4,195.0
TOS01001269,2026-10-04T14:15,1.7,3.6,199.0
TOS01001269,2026-10-04T14:30,1.2,2.7,162.0
TOS01001269,2026-10-04T14:45,0.9,1.9,115.0
TOS01001269,2026-10-04T15:00,1.4,2.7,288.0
TOS01001269,2026-10-04T15:15,1.3,2.9,288.0
TOS01001269,2026-10-04T15:30,1.1,3.1,293.0
TOS01001269,2026-10-04T15:45,1.7,4.1,270.0
TOS01001269,2026-10-04T16:00,1.5,3.5,293.0
TOS01001269,2026-10-04T16:15,1.5,3.6,281.0
TOS01001269,2026-10-04T16:30,1.5,2.8,274.0
TOS01001269,2026-10-04T16:45,2.1,3.2,265.0
TOS01001269,2026-10-04T17:00,2.0,3.3,262.0
TOS01001269,2026-10-04T17:15,1.9,2.9,275.0
TOS01001269,2026-10-04T17:30,1.2,2.8,285.0
TOS01001269,2026-10-04T17:45,1.2,2.8,284.0
TOS01001269,2026-10-04T18:00,1.8,2.6,259.0
TOS01001269,2026-10-04T18:15,2.0,2.8,268.0
TOS01001269,2026-10-04T18:30,2.1,3.3,268.0
TOS01001269,2026-10-04T18:45,1.4,3.2,281.0
TOS01001269,2026-10-04T19:00,1.0,2.1,289.0
TOS01001269,2026-10-04T19:15,1.2,1.9,265.0
TOS01001269,2026-10-04T19:30,1.0,1.5,25.0
TOS01001269,2026-10-04T19:45,1.0,1.6,19.0
TOS01001269,2026-10-04T20:00,1.4,2.0,338.0
TOS01001269,2026-10-04T20:15,0.9,1.6,32.0
TOS01001269,2026-10-04T20:30,0.5,1.0,88.0
TOS01001269,2026-10-04T20:45,1.2,1.8,126.0
TOS01001269,2026-10-04T21:00,1.8,2.4,175.0
TOS01001269,2026-10-04T21:15,1.4,3.2,327.0
TOS01001269,2026-10-04T21:30,0.5,1.0,82.0
TOS01001269,2026-10-04T21:45,1.3,1.8,177.0
TOS01001269,2026-10-04T22:00,1.2,2.9,207.0
TOS01001269,2026-10-04T22:15,0.7,1.8,287.0
TOS01001269,2026-10-04T22:30,0.6,1.0,318.0
TOS01001269,2026-10-04T22:45,0.8,1.4,320.0
TOS01001269,2026-10-04T23:00,0.7,1.2,337.0
TOS01001269,2026-10-04T23:15,1.0,1.7,277.0
TOS01001269,2026-10-04T23:30,0.9,1.7,278.0
TOS01001269,2026-10-04T23:45,0.5,0.9,274.0
TOS01004007,2026-10-04T00:00,1.9,2.7,302.0
TOS01004007,2026-10-04T00:15,1.9,2.9,307.0
TOS01004007,2026-10-04T00:30,1.8,2.5,301.0
TOS01004007,2026-10-04T00:45,1.7,2.6,302.0
TOS01004007,2026-10-04T01:00,1.8,2.8,302.0
TOS01004007,2026-10-04T01:15,2.0,3.1,297.0
TOS01004007,2026-10-04T01:30,2.2,3.2,297.0
TOS01004007,2026-10-04T01:45,2.1,3.5,299.0
TOS01004007,2026-10-04T02:00,2.4,3.3,298.0
TOS01004007,2026-10-04T02:15,2.2,3.3,299.0
TOS01004007,2026-10-04T02:30,2.5,4.3,297.0
TOS01004007,2026-10-04T02:45,2.3,3.3,297.0
TOS01004007,2026-10-04T03:00,2.3,3.8,300.0
TOS01004007,2026-10-04T03:15,1.7,2.6,311.0
TOS01004007,2026-10-04T03:30,1.9,2.6,317.0
TOS01004007,2026-10-04T03:45,1.6,3.0,306.0
TOS01004007,2026-10-04T04:00,2.2,3.4,297.0
TOS01004007,2026-10-04T04:15,1.9,3.9,297.0
TOS01004007,2026-10-04T04:30,2.1,3.3,300.0
TOS01004007,2026-10-04T04:45,1.8,2.9,303.0
TOS01004007,2026-10-04T05:00,2.1,3.1,295.0
TOS01004007,2026-10-04T05:15,1.9,2.7,301.0
TOS01004007,2026-10-04T05:30,1.7,3.2,295.0
TOS01004007,2026-10-04T05:45,1.6,2.8,304.0
TOS01004007,2026-10-04T06:00,2.0,3.0,298.0
TOS01004007,2026-10-04T06:15,1.9,3.3,299.0
TOS01004007,2026-10-04T06:30,2.1,3.1,298.0
TOS01004007,2026-10-04T06:45,2.1,3.2,297.0
TOS01004007,2026-10-04T07:00,2.3,3.3,296.0
TOS01004007,2026-10-04T07:15,2.0,2.9,294.0
TOS01004007,2026-10-04T07:30,2.1,3.2,296.0
TOS01004007,2026-10-04T07:45,2.0,3.1,297.0
TOS01004007,2026-10-04T08:00,1.3,2.5,291.0
TOS01004007,2026-10-04T08:15,1.2,2.0,295.0
TOS01004007,2026-10-04T08:30,1.1,1.8,289.0
TOS01004007,2026-10-04T08:45,1.2,2.1,283.0
TOS01004007,2026-10-04T09:00,1.4,2.2,295.0
TOS01004007,2026-10-04T09:15,1.2,2.0,282.0
TOS01004007,2026-10-04T09:30,1.5,2.4,291.0
TOS01004007,2026-10-04T09:45,1.5,2.4,284.0
TOS01004007,2026-10-04T10:00,1.2,1.8,270.0
TOS01004007,2026-10-04T10:15,1.1,1.9,272.0
TOS01004007,2026-10-04T10:30,0.9,1.7,249.0
TOS01004007,2026-10-04T10:45,1.0,1.8,229.0
TOS01004007,2026-10-04T11:00,1.1,2.1,231.0
TOS01004007,2026-10-04T11:15,1.2,2.1,267.0
TOS01004007,2026-10-04T11:30,1.3,2.4,257.0
TOS01004007,2026-10-04T11:45,1.6,3.2,193.0
TOS01004007,2026-10-04T12:00,2.4,3.7,187.0
TOS01004007,2026-10-04T12:15,2.3,4.0,205.0
TOS01004007,2026-10-04T12:30,1.9,3.5,197.0
TOS01004007,2026-10-04T12:45,1.5,2.6,206.0
TOS01004007,2026-10-04T13:00,2.2,3.8,188.0
TOS01004007,2026-10-04T13:15,2.3,3.5,195.0
TOS01004007,2026-10-04T13:30,2.4,3.8,191.0
TOS01004007,2026-10-04T13:45,2.5,3.6,196.0
TOS01004007,2026-10-04T14:00,2.1,3.4,206.0
TOS01004007,2026-10-04T14:15,2.3,4.3,203.0
TOS01004007,2026-10-04T14:30,2.3,3.8,206.0
TOS01004007,2026-10-04T14:45,2.0,3.3,216.0
TOS01004007,2026-10-04T15:00,1.8,3.4,234.0
TOS01004007,2026-10-04T15:15,1.6,4.0,227.0
TOS01004007,2026-10-04T15:30,1.6,3.1,222.0
TOS01004007,2026-10-04T15:45,1.9,3.5,215.0
TOS01004007,2026-10-04T16:00,2.0,3.2,218.0
TOS01004007,2026-10-04T16:15,1.7,2.6,231.0
TOS01004007,2026-10-04T16:30,1.5,2.9,225.0
TOS01004007,2026-10-04T16:45,1.7,3.0,226.0
TOS01004007,2026-10-04T17:00,1.9,3.1,235.0
TOS01004007,2026-10-04T17:15,1.4,2.8,230.0
TOS01004007,2026-10-04T17:30,1.5,2.6,230.0
TOS01004007,2026-10-04T17:45,0.8,1.6,229.0
TOS01004007,2026-10-04T18:00,0.4,0.8,54.0
TOS01004007,2026-10-04T18:15,0.6,1.8,48.0
TOS01004007,2026-10-04T18:30,1.2,2.4,36.0
TOS01004007,2026-10-04T18:45,1.0,2.0,41.0
TOS01004007,2026-10-04T19:00,1.0,2.6,37.0
TOS01004007,2026-10-04T19:15,1.0,2.0,37.0
TOS01004007,2026-10-04T19:30,1.3,2.8,30.0
TOS01004007,2026-10-04T19:45,1.6,3.4,28.0
TOS01004007,2026-10-04T20:00,1.6,3.0,23.0
TOS01004007,2026-10-04T20:15,1.8,3.6,18.0
TOS01004007,2026-10-04T20:30,1.3,2.1,340.0
TOS01004007,2026-10-04T20:45,1.2,1.9,328.0
TOS01004007,2026-10-04T21:00,1.0,1.7,344.0
TOS01004007,2026-10-04T21:15,0.8,1.5,354.0
TOS01004007,2026-10-04T21:30,1.1,1.6,330.0
TOS01004007,2026-10-04T21:45,1.0,1.8,328.0
TOS01004007,2026-10-04T22:00,0.9,1.5,335.0
TOS01004007,2026-10-04T22:15,1.5,1.9,301.0
TOS01004007,2026-10-04T22:30,1.2,1.9,306.0
TOS01004007,2026-10-04T22:45,1.0,1.7,295.0
TOS01004007,2026-10-04T23:00,0.8,1.4,288.0
TOS01004007,2026-10-04T23:15,1.5,2.6,286.0
TOS01004007,2026-10-04T23:30,1.6,2.7,310.0
TOS01004007,2026-10-04T23:45,1.7,3.0,308.0
TOS01004971,2026-10-04T00:00,1.0,1.5,170.0
TOS01004971,2026-10-04T00:15,0.8,1.4,174.0
TOS01004971,2026-10-04T00:30,1.1,1.5,168.0
TOS01004971,2026-10-04T00:45,1.0,1.7,168.0
TOS01004971,2026-10-04T01:00,0.8,1.6,170.0
TOS01004971,2026-10-04T01:15,0.8,1.3,168.0
TOS01004971,2026-10-04T01:30,0.9,1.4,168.0
TOS01004971,2026-10-04T01:45,0.9,1.6,161.0
TOS01004971,2026-10-04T02:00,0.6,1.1,156.0
TOS01004971,2026-10-04T02:15,0.6,1.3,160.0
TOS01004971,2026-10-04T02:30,0.8,1.4,159.0
TOS01004971,2026-10-04T02:45,0.6,1.3,158.0
TOS01004971,2026-10-04T03:00,0.7,1.2,176.0
TOS01004971,2026-10-04T03:15,0.7,1.1,160.0
TOS01004971,2026-10-04T03:30,0.8,1.2,169.0
TOS01004971,2026-10-04T03:45,1.0,1.5,165.0
TOS01004971,2026-10-04T04:00,0.8,1.9,152.0
TOS01004971,2026-10-04T04:15,0.8,1.5,150.0
TOS01004971,2026-10-04T04:30,1.0,1.7,163.0
TOS01004971,2026-10-04T04:45,0.7,1.3,171.0
TOS01004971,2026-10-04T05:00,0.8,1.3,168.0
TOS01004971,2026-10-04T05:15,0.8,1.2,167.0
TOS01004971,2026-10-04T05:30,0.7,1.5,175.0
TOS01004971,2026-10-04T05:45,0.6,0.9,168.0
TOS01004971,2026-10-04T06:00,0.5,1.1,161.0
TOS01004971,2026-10-04T06:15,0.4,0.8,157.0
TOS01004971,2026-10-04T06:30,0.4,0.9,142.0
TOS01004971,2026-10-04T06:45,0.6,1.2,168.0
TOS01004971,2026-10-04T07:00,0.8,1.4,177.0
TOS01004971,2026-10-04T07:15,0.6,1.2,164.0
TOS01004971,2026-10-04T07:30,1.1,2.0,163.0
TOS01004971,2026-10-04T07:45,0.5,1.3,172.0
TOS01004971,2026-10-04T08:00,0.3,0.7,73.0
TOS01004971,2026-10-04T08:15,0.2,0.6,118.0
TOS01004971,2026-10-04T08:30,0.5,1.6,20.0
TOS01004971,2026-10-04T08:45,0.6,1.8,145.0
TOS01004971,2026-10-04T09:00,0.8,2.0,163.0
TOS01004971,2026-10-04T09:15,0.6,1.5,172.0
TOS01004971,2026-10-04T09:30,0.5,1.3,181.0
TOS01004971,2026-10-04T09:45,1.1,2.6,155.0
TOS01004971,2026-10-04T10:00,1.9,4.2,127.0
TOS01004971,2026-10-04T10:15,1.5,3.1,150.0
TOS01004971,2026-10-04T10:30,1.3,3.1,140.0
TOS01004971,2026-10-04T10:45,1.3,2.6,117.0
TOS01004971,2026-10-04T11:00,0.9,1.8,157.0
TOS01004971,2026-10-04T11:15,0.7,1.6,182.0
TOS01004971,2026-10-04T11:30,0.5,2.0,107.0
TOS01004971,2026-10-04T11:45,0.5,1.6,139.0
TOS01004971,2026-10-04T12:00,0.7,2.1,335.0
TOS01004971,2026-10-04T12:15,0.7,2.0,29.0
TOS01004971,2026-10-04T12:30,0.9,1.9,59.0
TOS01004971,2026-10-04T12:45,1.0,2.9,319.0
TOS01004971,2026-10-04T13:00,0.7,1.5,358.0
TOS01004971,2026-10-04T13:15,0.9,2.8,340.0
TOS01004971,2026-10-04T13:30,0.6,2.5,294.0
TOS01004971,2026-10-04T13:45,1.3,2.8,345.0
TOS01004971,2026-10-04T14:00,0.8,2.4,303.0
TOS01004971,2026-10-04T14:15,0.9,3.3,337.0
TOS01004971,2026-10-04T14:30,0.8,2.4,339.0
TOS01004971,2026-10-04T14:45,1.0,2.8,353.0
TOS01004971,2026-10-04T15:00,0.9,2.3,339.0
TOS01004971,2026-10-04T15:15,1.4,3.1,319.0
TOS01004971,2026-10-04T15:30,1.1,2.6,316.0
TOS01004971,2026-10-04T15:45,0.7,2.7,322.0
TOS01004971,2026-10-04T16:00,1.0,2.7,331.0
TOS01004971,2026-10-04T16:15,1.2,2.8,323.0
TOS01004971,2026-10-04T16:30,0.9,1.8,296.0
TOS01004971,2026-10-04T16:45,0.9,2.4,293.0
TOS01004971,2026-10-04T17:00,1.2,3.3,300.0
TOS01004971,2026-10-04T17:15,0.8,2.0,282.0
TOS01004971,2026-10-04T17:30,0.6,1.9,271.0
TOS01004971,2026-10-04T17:45,0.6,1.3,298.0
TOS01004971,2026-10-04T18:00,0.7,1.5,303.0
TOS01004971,2026-10-04T18:15,0.6,1.3,304.0
TOS01004971,2026-10-04T18:30,0.5,1.0,284.0
TOS01004971,2026-10-04T18:45,0.5,1.0,307.0
TOS01004971,2026-10-04T19:00,0.3,0.8,119.0
TOS01004971,2026-10-04T19:15,0.4,0.7,178.0
TOS01004971,2026-10-04T19:30,0.6,2.0,287.0
TOS01004971,2026-10-04T19:45,0.5,1.0,305.0
TOS01004971,2026-10-04T20:00,0.4,1.0,237.0
TOS01004971,2026-10-04T20:15,0.4,0.8,175.0
TOS01004971,2026-10-04T20:30,0.8,1.3,157.0
TOS01004971,2026-10-04T20:45,0.7,1.6,179.0
TOS01004971,2026-10-04T21:00,0.9,2.0,173.0
TOS01004971,2026-10-04T21:15,1.0,1.8,170.0
TOS01004971,2026-10-04T21:30,1.0,1.7,167.0
TOS01004971,2026-10-04T21:45,1.1,1.8,168.0
TOS01004971,2026-10-04T22:00,1.0,1.7,169.0
TOS01004971,2026-10-04T22:15,1.0,1.7,162.0
TOS01004971,2026-10-04T22:30,0.8,1.4,157.0
TOS01004971,2026-10-04T22:45,1.1,1.7,170.0
TOS01004971,2026-10-04T23:00,0.9,1.4,171.0
TOS01004971,2026-10-04T23:15,0.9,1.3,169.0
TOS01004971,2026-10-04T23:30,0.9,1.4,177.0
TOS01004971,2026-10-04T23:45,0.8,1.4,167.0
TOS01005251,2026-10-04T00:00,2.3,3.1,101.0
TOS01005251,2026-10-04T00:15,2.2,3.3,114.0
TOS01005251,2026-10-04T00:30,3.0,4.1,133.0
TOS01005251,2026-10-04T00:45,3.0,4.7,125.0
TOS01005251,2026-10-04T01:00,2.8,4.1,131.0
TOS01005251,2026-10-04T01:15,2.2,3.4,133.0
TOS01005251,2026-10-04T01:30,2.0,3.0,115.0
TOS01005251,2026-10-04T01:45,2.6,3.7,95.0
TOS01005251,2026-10-04T02:00,3.0,3.9,94.0
TOS01005251,2026-10-04T02:15,3.5,4.6,91.0
TOS01005251,2026-10-04T02:30,4.3,5.6,107.0
TOS01005251,2026-10-04T02:45,3.5,5.5,110.0
TOS01005251,2026-10-04T03:00,2.7,3.7,104.0
TOS01005251,2026-10-04T03:15,2.6,3.1,98.0
TOS01005251,2026-10-04T03:30,2.7,3.9,101.0
TOS01005251,2026-10-04T03:45,2.7,4.2,102.0
TOS01005251,2026-10-04T04:00,3.8,4.9,105.0
TOS01005251,2026-10-04T04:15,4.1,5.6,113.0
TOS01005251,2026-10-04T04:30,4.2,5.6,111.0
TOS01005251,2026-10-04T04:45,3.7,4.8,105.0
TOS01005251,2026-10-04T05:00,3.8,5.4,101.0
TOS01005251,2026-10-04T05:15,3.8,5.2,106.0
TOS01005251,2026-10-04T05:30,3.2,4.3,105.0
TOS01005251,2026-10-04T05:45,3.5,5.0,110.0
TOS01005251,2026-10-04T06:00,3.0,4.3,114.0
TOS01005251,2026-10-04T06:15,3.2,4.9,116.0
TOS01005251,2026-10-04T06:30,4.6,6.1,112.0
TOS01005251,2026-10-04T06:45,4.4,6.1,113.0
TOS01005251,2026-10-04T07:00,3.8,5.2,112.0
TOS01005251,2026-10-04T07:15,3.5,4.6,116.0
TOS01005251,2026-10-04T07:30,3.7,5.6,109.0
TOS01005251,2026-10-04T07:45,4.2,5.6,105.0
TOS01005251,2026-10-04T08:00,4.5,5.7,108.0
TOS01005251,2026-10-04T08:15,4.0,5.3,105.0
TOS01005251,2026-10-04T08:30,3.7,4.8,100.0
TOS01005251,2026-10-04T08:45,3.8,5.1,98.0
TOS01005251,2026-10-04T09:00,3.6,4.8,105.0
TOS01005251,2026-10-04T09:15,4.8,6.6,104.0
TOS01005251,2026-10-04T09:30,4.6,6.4,107.0
TOS01005251,2026-10-04T09:45,4.6,5.7,109.0
TOS01005251,2026-10-04T10:00,4.3,6.0,115.0
TOS01005251,2026-10-04T10:15,4.9,7.0,111.0
TOS01005251,2026-10-04T10:30,4.3,5.8,107.0
TOS01005251,2026-10-04T10:45,4.3,5.5,100.0
TOS01005251,2026-10-04T11:00,3.4,4.6,97.0
TOS01005251,2026-10-04T11:15,1.7,3.2,119.0
TOS01005251,2026-10-04T11:30,1.4,3.0,97.0
TOS01005251,2026-10-04T11:45,2.8,3.9,235.0
TOS01005251,2026-10-04T12:00,3.5,4.4,249.0
TOS01005251,2026-10-04T12:15,3.3,4.0,256.0
TOS01005251,2026-10-04T12:30,3.3,4.3,261.0
TOS01005251,2026-10-04T12:45,3.5,4.6,253.0
TOS01005251,2026-10-04T13:00,3.7,4.5,254.0
TOS01005251,2026-10-04T13:15,3.8,4.7,253.0
TOS01005251,2026-10-04T13:30,3.8,4.7,254.0
TOS01005251,2026-10-04T13:45,4.0,5.0,251.0
TOS01005251,2026-10-04T14:00,3.9,5.0,250.0
TOS01005251,2026-10-04T14:15,3.6,4.2,255.0
TOS01005251,2026-10-04T14:30,3.7,4.3,256.0
TOS01005251,2026-10-04T14:45,3.8,4.7,257.0
TOS01005251,2026-10-04T15:00,3.3,4.0,263.0
TOS01005251,2026-10-04T15:15,3.5,4.2,261.0
TOS01005251,2026-10-04T15:30,2.6,4.0,268.0
TOS01005251,2026-10-04T15:45,1.9,2.9,281.0
TOS01005251,2026-10-04T16:00,2.0,3.1,277.0
TOS01005251,2026-10-04T16:15,2.0,3.2,287.0
TOS01005251,2026-10-04T16:30,2.3,3.3,297.0
TOS01005251,2026-10-04T16:45,2.4,3.3,304.0
TOS01005251,2026-10-04T17:00,2.5,3.2,308.0
TOS01005251,2026-10-04T17:15,1.9,2.7,309.0
TOS01005251,2026-10-04T17:30,1.8,2.6,306.0
TOS01005251,2026-10-04T17:45,1.8,2.4,311.0
TOS01005251,2026-10-04T18:00,1.5,2.1,304.0
TOS01005251,2026-10-04T18:15,1.9,2.5,309.0
TOS01005251,2026-10-04T18:30,1.9,2.4,311.0
TOS01005251,2026-10-04T18:45,2.1,2.6,311.0
TOS01005251,2026-10-04T19:00,1.0,2.1,0.0
TOS01005251,2026-10-04T19:15,0.8,1.1,118.0
TOS01005251,2026-10-04T19:30,1.2,1.7,128.0
TOS01005251,2026-10-04T19:45,1.4,1.7,125.0
TOS01005251,2026-10-04T20:00,1.4,2.0,134.0
TOS01005251,2026-10-04T20:15,1.7,2.6,136.0
TOS01005251,2026-10-04T20:30,1.3,1.7,132.0
TOS01005251,2026-10-04T20:45,1.6,1.9,129.0
TOS01005251,2026-10-04T21:00,1.4,1.8,133.0
TOS01005251,2026-10-04T21:15,1.5,1.9,124.0
TOS01005251,2026-10-04T21:30,1.5,2.0,112.0
TOS01005251,2026-10-04T21:45,1.4,1.8,113.0
TOS01005251,2026-10-04T22:00,1.4,1.8,105.0
TOS01005251,2026-10-04T22:15,1.3,1.6,112.0
TOS01005251,2026-10-04T22:30,1.2,1.7,109.0
TOS01005251,2026-10-04T22:45,1.1,1.4,108.0
TOS01005251,2026-10-04T23:00,1.3,1.6,101.0
TOS01005251,2026-10-04T23:15,1.4,1.9,119.0
TOS01005251,2026-10-04T23:30,1.9,2.4,112.0
TOS01005251,2026-10-04T23:45,2.2,3.0,108.0
TOS02000108,2026-10-04T00:00,1.2,1.7,6.0
TOS02000108,2026-10-04T00:15,1.1,1.6,11.0
TOS02000108,2026-10-04T00:30,1.1,1.5,0.0
TOS02000108,2026-10-04T00:45,1.1,1.6,3.0
TOS02000108,2026-10-04T01:00,1.1,1.7,2.0
TOS02000108,2026-10-04T01:15,1.0,1.4,3.0
TOS02000108,2026-10-04T01:30,1.1,1.5,4.0
TOS02000108,2026-10-04T01:45,1.0,1.4,16.0
TOS02000108,2026-10-04T02:00,1.0,1.5,25.0
TOS02000108,2026-10-04T02:15,0.8,1.2,25.0
TOS02000108,2026-10-04T02:30,0.8,1.2,24.0
TOS02000108,2026-10-04T02:45,0.8,1.0,26.0
TOS02000108,2026-10-04T03:00,0.8,1.2,21.0
TOS02000108,2026-10-04T03:15,0.9,1.2,12.0
TOS02000108,2026-10-04T03:30,0.8,1.4,7.0
TOS02000108,2026-10-04T03:45,1.0,1.5,352.0
TOS02000108,2026-10-04T04:00,1.0,2.0,353.0
TOS02000108,2026-10-04T04:15,1.0,2.1,359.0
TOS02000108,2026-10-04T04:30,1.1,1.6,353.0
TOS02000108,2026-10-04T04:45,0.9,2.6,21.0
TOS02000108,2026-10-04T05:00,0.9,1.8,355.0
TOS02000108,2026-10-04T05:15,1.1,2.9,354.0
TOS02000108,2026-10-04T05:30,0.9,1.5,19.0
TOS02000108,2026-10-04T05:45,1.1,1.6,11.0
TOS02000108,2026-10-04T06:00,1.1,1.7,15.0
TOS02000108,2026-10-04T06:15,1.1,1.6,8.0
TOS02000108,2026-10-04T06:30,1.1,1.4,15.0
TOS02000108,2026-10-04T06:45,1.0,1.3,21.0
TOS02000108,2026-10-04T07:00,1.2,2.3,5.0
TOS02000108,2026-10-04T07:15,1.2,2.5,359.0
TOS02000108,2026-10-04T07:30,1.0,1.8,12.0
TOS02000108,2026-10-04T07:45,0.8,1.3,351.0
TOS02000108,2026-10-04T08:00,0.6,1.8,343.0
TOS02000108,2026-10-04T08:15,0.6,1.8,231.0
TOS02000108,2026-10-04T08:30,0.9,2.2,204.0
TOS02000108,2026-10-04T08:45,0.8,2.1,207.0
TOS02000108,2026-10-04T09:00,0.9,3.0,194.0
TOS02000108,2026-10-04T09:15,1.4,3.7,196.0
TOS02000108,2026-10-04T09:30,1.7,3.4,177.0
TOS02000108,2026-10-04T09:45,1.4,3.7,177.0
TOS02000108,2026-10-04T10:00,1.6,3.3,167.0
TOS02000108,2026-10-04T10:15,1.1,2.8,192.0
TOS02000108,2026-10-04T10:30,1.2,2.3,207.0
TOS02000108,2026-10-04T10:45,1.4,2.6,247.0
TOS02000108,2026-10-04T11:00,1.3,2.9,226.0
TOS02000108,2026-10-04T11:15,1.3,2.9,204.0
TOS02000108,2026-10-04T11:30,1.3,3.7,188.0
TOS02000108,2026-10-04T11:45,1.5,3.2,224.0
TOS02000108,2026-10-04T12:00,1.4,3.4,222.0
TOS02000108,2026-10-04T12:15,1.4,3.3,221.0
TOS02000108,2026-10-04T12:30,1.4,2.9,213.0
TOS02000108,2026-10-04T12:45,1.3,3.1,207.0
TOS02000108,2026-10-04T13:00,1.5,3.4,191.0
TOS02000108,2026-10-04T13:15,1.3,3.5,192.0
TOS02000108,2026-10-04T13:30,1.2,3.2,178.0
TOS02000108,2026-10-04T13:45,1.5,3.1,201.0
TOS02000108,2026-10-04T14:00,1.4,3.1,198.0
TOS02000108,2026-10-04T14:15,1.5,3.4,227.0
TOS02000108,2026-10-04T14:30,1.4,3.4,206.0
TOS02000108,2026-10-04T14:45,1.2,3.1,203.0
TOS02000108,2026-10-04T15:00,1.3,3.1,202.0
TOS02000108,2026-10-04T15:15,1.2,3.3,215.0
TOS02000108,2026-10-04T15:30,1.3,3.6,209.0
TOS02000108,2026-10-04T15:45,1.0,2.3,181.0
TOS02000108,2026-10-04T16:00,1.0,2.5,190.0
TOS02000108,2026-10-04T16:15,1.0,2.2,212.0
TOS02000108,2026-10-04T16:30,0.9,2.7,213.0
TOS02000108,2026-10-04T16:45,0.8,1.9,219.0
TOS02000108,2026-10-04T17:00,0.7,1.8,213.0
TOS02000108,2026-10-04T17:15,0.8,1.5,254.0
TOS02000108,2026-10-04T17:30,0.2,0.7,306.0
TOS02000108,2026-10-04T17:45,0.4,0.8,6.0
TOS02000108,2026-10-04T18:00,0.9,1.2,17.0
TOS02000108,2026-10-04T18:15,0.9,1.5,10.0
TOS02000108,2026-10-04T18:30,1.0,2.1,12.0
TOS02000108,2026-10-04T18:45,1.1,2.1,5.0
TOS02000108,2026-10-04T19:00,1.1,1.8,9.0
TOS02000108,2026-10-04T19:15,1.0,1.6,6.0
TOS02000108,2026-10-04T19:30,1.0,1.5,4.0
TOS02000108,2026-10-04T19:45,1.2,1.6,12.0
TOS02000108,2026-10-04T20:00,1.1,1.8,9.0
TOS02000108,2026-10-04T20:15,1.1,1.7,11.0
TOS02000108,2026-10-04T20:30,1.0,1.6,3.0
TOS02000108,2026-10-04T20:45,1.1,1.6,4.0
TOS02000108,2026-10-04T21:00,1.4,1.8,7.0
TOS02000108,2026-10-04T21:15,1.2,1.7,14.0
TOS02000108,2026-10-04T21:30,1.0,1.4,16.0
TOS02000108,2026-10-04T21:45,1.1,1.4,12.0
TOS02000108,2026-10-04T22:00,1.0,1.3,23.0
TOS02000108,2026-10-04T22:15,1.1,1.6,17.0
TOS02000108,2026-10-04T22:30,1.2,1.7,12.0
TOS02000108,2026-10-04T22:45,1.4,1.6,9.0
TOS02000108,2026-10-04T23:00,1.4,1.7,10.0
TOS02000108,2026-10-04T23:15,1.3,1.6,4.0
TOS02000108,2026-10-04T23:30,1.1,1.8,12.0
TOS02000108,2026-10-04T23:45,1.0,1.4,22.0
TOS02000275,2026-10-04T00:00,1.7,2.0,68.0
TOS02000275,2026-10-04T00:15,1.8,1.9,66.0
TOS02000275,2026-10-04T00:30,1.9,2.0,72.0
TOS02000275,2026-10-04T00:45,1.6,1.9,58.0
TOS02000275,2026-10-04T01:00,1.3,1.5,62.0
TOS02000275,2026-10-04T01:15,1.4,1.5,61.0
TOS02000275,2026-10-04T01:30,0.9,1.4,77.0
TOS02000275,2026-10-04T01:45,0.9,1.1,78.0
TOS02000275,2026-10-04T02:00,0.7,2.1,117.0
TOS02000275,2026-10-04T02:15,0.9,2.7,196.0
TOS02000275,2026-10-04T02:30,1.3,2.6,223.0
TOS02000275,2026-10-04T02:45,1.7,3.2,225.0
TOS02000275,2026-10-04T03:00,1.2,2.4,238.0
TOS02000275,2026-10-04T03:15,1.6,3.3,216.0
TOS02000275,2026-10-04T03:30,1.8,3.0,213.0
TOS02000275,2026-10-04T03:45,1.7,2.7,213.0
TOS02000275,2026-10-04T04:00,1.7,2.9,232.0
TOS02000275,2026-10-04T04:15,1.4,2.6,223.0
TOS02000275,2026-10-04T04:30,1.6,2.6,212.0
TOS02000275,2026-10-04T04:45,1.3,2.7,226.0
TOS02000275,2026-10-04T05:00,1.0,1.9,208.0
TOS02000275,2026-10-04T05:15,1.2,2.0,225.0
TOS02000275,2026-10-04T05:30,1.2,1.8,235.0
TOS02000275,2026-10-04T05:45,1.0,1.7,232.0
TOS02000275,2026-10-04T06:00,1.1,1.9,247.0
TOS02000275,2026-10-04T06:15,1.0,1.5,251.0
TOS02000275,2026-10-04T06:30,1.1,2.0,241.0
TOS02000275,2026-10-04T06:45,1.5,2.4,249.0
TOS02000275,2026-10-04T07:00,1.5,2.5,237.0
TOS02000275,2026-10-04T07:15,1.2,1.7,254.0
TOS02000275,2026-10-04T07:30,1.3,1.7,247.0
TOS02000275,2026-10-04T07:45,1.7,2.1,240.0
TOS02000275,2026-10-04T08:00,1.6,2.1,234.0
TOS02000275,2026-10-04T08:15,1.5,2.2,226.0
TOS02000275,2026-10-04T08:30,1.4,2.3,252.0
TOS02000275,2026-10-04T08:45,1.9,2.2,240.0
TOS02000275,2026-10-04T09:00,1.6,2.2,211.0
TOS02000275,2026-10-04T09:15,1.9,2.4,234.0
TOS02000275,2026-10-04T09:30,1.4,2.0,250.0
TOS02000275,2026-10-04T09:45,1.7,3.3,240.0
TOS02000275,2026-10-04T10:00,2.4,3.3,250.0
TOS02000275,2026-10-04T10:15,2.3,3.5,254.0
TOS02000275,2026-10-04T10:30,2.0,3.3,249.0
TOS02000275,2026-10-04T10:45,2.7,3.8,251.0
TOS02000275,2026-10-04T11:00,2.5,3.9,252.0
TOS02000275,2026-10-04T11:15,2.6,4.2,255.0
TOS02000275,2026-10-04T11:30,3.2,5.0,255.0
TOS02000275,2026-10-04T11:45,2.9,4.7,257.0
TOS02000275,2026-10-04T12:00,3.3,4.9,257.0
TOS02000275,2026-10-04T12:15,3.4,5.3,252.0
TOS02000275,2026-10-04T12:30,3.1,5.0,252.0
TOS02000275,2026-10-04T12:45,2.6,4.3,257.0
TOS02000275,2026-10-04T13:00,2.2,4.2,258.0
TOS02000275,2026-10-04T13:15,2.5,4.7,255.0
TOS02000275,2026-10-04T13:30,3.6,5.8,249.0
TOS02000275,2026-10-04T13:45,3.5,5.8,241.0
TOS02000275,2026-10-04T14:00,3.0,4.8,245.0
TOS02000275,2026-10-04T14:15,3.4,5.5,244.0
TOS02000275,2026-10-04T14:30,3.7,5.5,238.0
TOS02000275,2026-10-04T14:45,3.7,5.2,241.0
TOS02000275,2026-10-04T15:00,3.1,4.1,240.0
TOS02000275,2026-10-04T15:15,2.9,5.6,247.0
TOS02000275,2026-10-04T15:30,2.4,4.7,238.0
TOS02000275,2026-10-04T15:45,3.0,6.8,255.0
TOS02000275,2026-10-04T16:00,3.4,6.6,257.0
TOS02000275,2026-10-04T16:15,2.7,4.8,261.0
TOS02000275,2026-10-04T16:30,2.1,5.4,263.0
TOS02000275,2026-10-04T16:45,1.5,3.3,242.0
TOS02000275,2026-10-04T17:00,0.9,2.0,160.0
TOS02000275,2026-10-04T17:15,1.0,2.0,111.0
TOS02000275,2026-10-04T17:30,0.5,1.2,90.0
TOS02000275,2026-10-04T17:45,1.7,2.6,90.0
TOS02000275,2026-10-04T18:00,2.0,2.5,78.0
TOS02000275,2026-10-04T18:15,2.0,2.5,80.0
TOS02000275,2026-10-04T18:30,2.0,2.6,83.0
TOS02000275,2026-10-04T18:45,1.0,2.1,105.0
TOS02000275,2026-10-04T19:00,1.6,2.4,249.0
TOS02000275,2026-10-04T19:15,1.9,3.2,247.0
TOS02000275,2026-10-04T19:30,1.7,3.0,252.0
TOS02000275,2026-10-04T19:45,2.0,3.9,252.0
TOS02000275,2026-10-04T20:00,2.4,4.0,258.0
TOS02000275,2026-10-04T20:15,2.9,5.1,254.0
TOS02000275,2026-10-04T20:30,2.1,4.0,259.0
TOS02000275,2026-10-04T20:45,2.5,4.6,255.0
TOS02000275,2026-10-04T21:00,2.4,4.0,257.0
TOS02000275,2026-10-04T21:15,2.6,4.3,256.0
TOS02000275,2026-10-04T21:30,2.7,3.9,249.0
TOS02000275,2026-10-04T21:45,3.3,4.7,248.0
TOS02000275,2026-10-04T22:00,3.4,4.8,250.0
TOS02000275,2026-10-04T22:15,2.9,4.4,249.0
TOS02000275,2026-10-04T22:30,3.1,4.6,250.0
TOS02000275,2026-10-04T22:45,3.2,4.4,253.0
TOS02000275,2026-10-04T23:00,2.9,4.2,253.0
TOS02000275,2026-10-04T23:15,2.9,4.5,250.0
TOS02000275,2026-10-04T23:30,3.0,4.4,251.0
TOS02000275,2026-10-04T23:45,3.2,5.0,249.0
TOS02000329,2026-10-04T00:00,0.4,1.0,26.0
TOS02000329,2026-10-04T00:15,0.4,1.0,26.0
TOS02000329,2026-10-04T00:30,0.4,0.7,96.0
TOS02000329,2026-10-04T00:45,0.4,0.8,58.0
TOS02000329,2026-10-04T01:00,0.5,1.0,343.0
TOS02000329,2026-10-04T01:15,0.4,0.8,93.0
TOS02000329,2026-10-04T01:30,0.2,0.6,253.0
TOS02000329,2026-10-04T01:45,0.5,0.9,20.0
TOS02000329,2026-10-04T02:00,0.4,1.2,11.0
TOS02000329,2026-10-04T02:15,0.5,0.9,3.0
TOS02000329,2026-10-04T02:30,0.7,1.2,353.0
TOS02000329,2026-10-04T02:45,0.7,1.4,70.0
TOS02000329,2026-10-04T03:00,0.8,1.5,44.0
TOS02000329,2026-10-04T03:15,0.8,1.1,352.0
TOS02000329,2026-10-04T03:30,0.5,0.9,346.0
TOS02000329,2026-10-04T03:45,0.3,0.6,13.0
TOS02000329,2026-10-04T04:00,0.4,0.7,101.0
TOS02000329,2026-10-04T04:15,0.3,0.6,332.0
TOS02000329,2026-10-04T04:30,0.2,0.4,184.0
TOS02000329,2026-10-04T04:45,0.4,0.9,102.0
TOS02000329,2026-10-04T05:00,0.3,0.5,45.0
TOS02000329,2026-10-04T05:15,0.7,1.1,353.0
TOS02000329,2026-10-04T05:30,0.6,0.9,354.0
TOS02000329,2026-10-04T05:45,0.5,0.7,350.0
TOS02000329,2026-10-04T06:00,0.3,0.6,49.0
TOS02000329,2026-10-04T06:15,0.5,1.0,21.0
TOS02000329,2026-10-04T06:30,0.6,1.2,356.0
TOS02000329,2026-10-04T06:45,0.5,0.7,95.0
TOS02000329,2026-10-04T07:00,0.3,0.6,357.0
TOS02000329,2026-10-04T07:15,0.3,0.6,353.0
TOS02000329,2026-10-04T07:30,0.5,0.9,348.0
TOS02000329,2026-10-04T07:45,0.5,0.8,337.0
TOS02000329,2026-10-04T08:00,0.6,1.2,186.0
TOS02000329,2026-10-04T08:15,0.8,1.6,154.0
TOS02000329,2026-10-04T08:30,0.7,1.5,159.0
TOS02000329,2026-10-04T08:45,0.8,1.7,143.0
TOS02000329,2026-10-04T09:00,1.3,2.2,155.0
TOS02000329,2026-10-04T09:15,1.3,2.6,137.0
TOS02000329,2026-10-04T09:30,1.6,3.2,142.0
TOS02000329,2026-10-04T09:45,1.6,2.9,136.0
TOS02000329,2026-10-04T10:00,1.1,2.5,143.0
TOS02000329,2026-10-04T10:15,0.8,2.1,146.0
TOS02000329,2026-10-04T10:30,1.3,3.2,174.0
TOS02000329,2026-10-04T10:45,1.8,3.4,135.0
TOS02000329,2026-10-04T11:00,2.2,4.7,129.0
TOS02000329,2026-10-04T11:15,1.8,3.8,127.0
TOS02000329,2026-10-04T11:30,1.7,4.0,151.0
TOS02000329,2026-10-04T11:45,1.7,4.2,185.0
TOS02000329,2026-10-04T12:00,2.3,4.0,232.0
TOS02000329,2026-10-04T12:15,2.1,3.5,247.0
TOS02000329,2026-10-04T12:30,2.2,3.6,259.0
TOS02000329,2026-10-04T12:45,2.0,3.5,240.0
TOS02000329,2026-10-04T13:00,2.2,3.4,247.0
TOS02000329,2026-10-04T13:15,2.2,3.9,243.0
TOS02000329,2026-10-04T13:30,2.2,3.6,252.0
TOS02000329,2026-10-04T13:45,2.2,4.1,256.0
TOS02000329,2026-10-04T14:00,2.0,3.3,254.0
TOS02000329,2026-10-04T14:15,1.8,2.7,258.0
TOS02000329,2026-10-04T14:30,1.7,2.4,261.0
TOS02000329,2026-10-04T14:45,1.1,1.8,278.0
TOS02000329,2026-10-04T15:00,1.2,2.9,269.0
TOS02000329,2026-10-04T15:15,2.2,3.1,258.0
TOS02000329,2026-10-04T15:30,2.2,3.7,259.0
TOS02000329,2026-10-04T15:45,2.0,3.4,264.0
TOS02000329,2026-10-04T16:00,2.0,3.1,263.0
TOS02000329,2026-10-04T16:15,2.1,3.1,261.0
TOS02000329,2026-10-04T16:30,2.1,3.1,263.0
TOS02000329,2026-10-04T16:45,1.8,2.5,268.0
TOS02000329,2026-10-04T17:00,1.4,2.6,274.0
TOS02000329,2026-10-04T17:15,1.2,2.8,279.0
TOS02000329,2026-10-04T17:30,1.0,2.1,280.0
TOS02000329,2026-10-04T17:45,0.8,1.5,282.0
TOS02000329,2026-10-04T18:00,0.6,1.7,301.0
TOS02000329,2026-10-04T18:15,0.7,2.2,281.0
TOS02000329,2026-10-04T18:30,0.6,2.0,320.0
TOS02000329,2026-10-04T18:45,0.6,1.7,313.0
TOS02000329,2026-10-04T19:00,0.7,1.9,42.0
TOS02000329,2026-10-04T19:15,0.6,1.7,59.0
TOS02000329,2026-10-04T19:30,0.8,1.8,71.0
TOS02000329,2026-10-04T19:45,0.8,1.7,55.0
TOS02000329,2026-10-04T20:00,0.8,1.8,47.0
TOS02000329,2026-10-04T20:15,0.6,1.5,65.0
TOS02000329,2026-10-04T20:30,0.5,1.4,333.0
TOS02000329,2026-10-04T20:45,0.6,1.1,40.0
TOS02000329,2026-10-04T21:00,0.8,1.5,0.0
TOS02000329,2026-10-04T21:15,0.5,1.0,6.0
TOS02000329,2026-10-04T21:30,0.6,1.2,35.0
TOS02000329,2026-10-04T21:45,0.6,1.5,22.0
TOS02000329,2026-10-04T22:00,1.2,1.7,346.0
TOS02000329,2026-10-04T22:15,0.9,1.3,357.0
TOS02000329,2026-10-04T22:30,0.9,1.7,342.0
TOS02000329,2026-10-04T22:45,0.8,1.8,336.0
TOS02000329,2026-10-04T23:00,0.5,1.3,322.0
TOS02000329,2026-10-04T23:15,0.7,1.3,326.0
TOS02000329,2026-10-04T23:30,0.8,1.9,305.0
TOS02000329,2026-10-04T23:45,0.7,1.6,325.0
TOS02000332,2026-10-04T00:00,0.5,1.8,223.0
TOS02000332,2026-10-04T00:15,0.6,1.8,247.0
TOS02000332,2026-10-04T00:30,0.4,1.0,229.0
TOS02000332,2026-10-04T00:45,0.5,1.4,258.0
TOS02000332,2026-10-04T01:00,0.4,1.0,270.0
TOS02000332,2026-10-04T01:15,0.7,1.8,240.0
TOS02000332,2026-10-04T01:30,0.5,1.0,234.0
TOS02000332,2026-10-04T01:45,0.6,1.6,220.0
TOS02000332,2026-10-04T02:00,0.5,1.4,218.0
TOS02000332,2026-10-04T02:15,0.6,1.6,226.0
TOS02000332,2026-10-04T02:30,0.5,1.3,236.0
TOS02000332,2026-10-04T02:45,0.3,0.9,315.0
TOS02000332,2026-10-04T03:00,0.4,0.8,181.0
TOS02000332,2026-10-04T03:15,0.4,0.7,258.0
TOS02000332,2026-10-04T03:30,0.3,0.7,304.0
TOS02000332,2026-10-04T03:45,0.3,0.7,12.0
TOS02000332,2026-10-04T04:00,0.3,0.7,2.0
TOS02000332,2026-10-04T04:15,0.3,0.8,188.0
TOS02000332,2026-10-04T04:30,0.3,1.0,177.0
TOS02000332,2026-10-04T04:45,0.3,0.7,257.0
TOS02000332,2026-10-04T05:00,0.3,1.0,17.0
TOS02000332,2026-10-04T05:15,0.3,0.6,35.0
TOS02000332,2026-10-04T05:30,0.2,0.6,353.0
TOS02000332,2026-10-04T05:45,0.4,0.9,263.0
TOS02000332,2026-10-04T06:00,0.3,0.7,19.0
TOS02000332,2026-10-04T06:15,0.3,0.8,241.0
TOS02000332,2026-10-04T06:30,0.3,0.7,296.0
TOS02000332,2026-10-04T06:45,0.4,1.1,158.0
TOS02000332,2026-10-04T07:00,0.5,1.2,182.0
TOS02000332,2026-10-04T07:15,0.6,1.4,237.0
TOS02000332,2026-10-04T07:30,0.4,0.9,200.0
TOS02000332,2026-10-04T07:45,0.3,0.6,349.0
TOS02000332,2026-10-04T08:00,0.2,0.5,72.0
TOS02000332,2026-10-04T08:15,0.2,0.8,69.0
TOS02000332,2026-10-04T08:30,0.2,0.5,133.0
TOS02000332,2026-10-04T08:45,0.2,0.4,86.0
TOS02000332,2026-10-04T09:00,0.2,0.4,130.0
TOS02000332,2026-10-04T09:15,0.3,0.6,165.0
TOS02000332,2026-10-04T09:30,0.6,0.9,172.0
TOS02000332,2026-10-04T09:45,0.7,1.1,179.0
TOS02000332,2026-10-04T10:00,0.7,1.2,177.0
TOS02000332,2026-10-04T10:15,0.6,1.0,162.0
TOS02000332,2026-10-04T10:30,0.9,1.4,170.0
TOS02000332,2026-10-04T10:45,0.7,1.1,158.0
TOS02000332,2026-10-04T11:00,0.6,1.6,153.0
TOS02000332,2026-10-04T11:15,0.8,1.7,163.0
TOS02000332,2026-10-04T11:30,0.8,1.6,136.0
TOS02000332,2026-10-04T11:45,0.8,2.2,149.0
TOS02000332,2026-10-04T12:00,0.7,1.8,171.0
TOS02000332,2026-10-04T12:15,1.2,2.4,187.0
TOS02000332,2026-10-04T12:30,1.3,2.7,99.0
TOS02000332,2026-10-04T12:45,0.8,2.5,214.0
TOS02000332,2026-10-04T13:00,1.1,2.3,166.0
TOS02000332,2026-10-04T13:15,1.3,2.5,345.0
TOS02000332,2026-10-04T13:30,1.2,2.7,313.0
TOS02000332,2026-10-04T13:45,1.0,2.8,264.0
TOS02000332,2026-10-04T14:00,1.1,3.8,15.0
TOS02000332,2026-10-04T14:15,1.4,3.4,169.0
TOS02000332,2026-10-04T14:30,1.3,2.6,165.0
TOS02000332,2026-10-04T14:45,2.0,3.2,188.0
TOS02000332,2026-10-04T15:00,1.0,2.5,181.0
TOS02000332,2026-10-04T15:15,0.7,1.8,185.0
TOS02000332,2026-10-04T15:30,0.5,1.3,240.0
TOS02000332,2026-10-04T15:45,0.6,1.5,237.0
TOS02000332,2026-10-04T16:00,0.6,1.3,271.0
TOS02000332,2026-10-04T16:15,0.4,1.0,212.0
TOS02000332,2026-10-04T16:30,0.7,2.1,210.0
TOS02000332,2026-10-04T16:45,0.9,2.3,196.0
TOS02000332,2026-10-04T17:00,0.7,1.6,196.0
TOS02000332,2026-10-04T17:15,0.5,1.3,182.0
TOS02000332,2026-10-04T17:30,0.5,1.3,180.0
TOS02000332,2026-10-04T17:45,0.6,1.5,182.0
TOS02000332,2026-10-04T18:00,0.7,1.2,189.0
TOS02000332,2026-10-04T18:15,0.9,1.9,198.0
TOS02000332,2026-10-04T18:30,0.8,1.9,210.0
TOS02000332,2026-10-04T18:45,1.5,3.0,208.0
TOS02000332,2026-10-04T19:00,0.6,1.8,205.0
TOS02000332,2026-10-04T19:15,0.8,1.8,198.0
TOS02000332,2026-10-04T19:30,0.7,1.6,212.0
TOS02000332,2026-10-04T19:45,0.8,2.0,214.0
TOS02000332,2026-10-04T20:00,0.9,2.1,196.0
TOS02000332,2026-10-04T20:15,1.2,2.1,191.0
TOS02000332,2026-10-04T20:30,1.1,2.6,196.0
TOS02000332,2026-10-04T20:45,1.2,2.7,198.0
TOS02000332,2026-10-04T21:00,1.0,2.6,212.0
TOS02000332,2026-10-04T21:15,0.9,2.1,189.0
TOS02000332,2026-10-04T21:30,1.3,2.4,202.0
TOS02000332,2026-10-04T21:45,1.1,2.5,212.0
TOS02000332,2026-10-04T22:00,0.9,1.7,200.0
TOS02000332,2026-10-04T22:15,0.9,1.7,223.0
TOS02000332,2026-10-04T22:30,0.8,1.7,202.0
TOS02000332,2026-10-04T22:45,0.7,1.9,236.0
TOS02000332,2026-10-04T23:00,0.7,2.3,208.0
TOS02000332,2026-10-04T23:15,0.6,1.8,250.0
TOS02000332,2026-10-04T23:30,0.6,1.8,206.0
TOS02000332,2026-10-04T23:45,0.4,0.9,274.0
TOS02000372,2026-10-04T00:00,1.0,1.1,338.0
TOS02000372,2026-10-04T00:15,0.9,1.1,345.0
TOS02000372,2026-10-04T00:30,0.9,1.2,1.0
TOS02000372,2026-10-04T00:45,0.3,1.0,149.0
TOS02000372,2026-10-04T01:00,0.5,1.0,169.0
TOS02000372,2026-10-04T01:15,0.6,1.8,165.0
TOS02000372,2026-10-04T01:30,1.3,2.1,179.0
TOS02000372,2026-10-04T01:45,2.0,3.3,169.0
TOS02000372,2026-10-04T02:00,2.3,3.2,167.0
TOS02000372,2026-10-04T02:15,2.4,3.5,165.0
TOS02000372,2026-10-04T02:30,1.9,2.8,163.0
TOS02000372,2026-10-04T02:45,2.0,2.9,164.0
TOS02000372,2026-10-04T03:00,1.7,3.6,165.0
TOS02000372,2026-10-04T03:15,1.5,2.8,173.0
TOS02000372,2026-10-04T03:30,1.3,2.5,167.0
TOS02000372,2026-10-04T03:45,2.0,3.1,168.0
TOS02000372,2026-10-04T04:00,2.1,3.8,163.0
TOS02000372,2026-10-04T04:15,1.9,3.4,164.0
TOS02000372,2026-10-04T04:30,2.1,3.2,163.0
TOS02000372,2026-10-04T04:45,1.8,3.9,160.0
TOS02000372,2026-10-04T05:00,2.3,4.0,160.0
TOS02000372,2026-10-04T05:15,2.2,3.5,161.0
TOS02000372,2026-10-04T05:30,2.5,4.0,161.0
TOS02000372,2026-10-04T05:45,1.2,3.9,158.0
TOS02000372,2026-10-04T06:00,0.6,2.0,154.0
TOS02000372,2026-10-04T06:15,1.0,2.9,161.0
TOS02000372,2026-10-04T06:30,1.7,3.4,160.0
TOS02000372,2026-10-04T06:45,2.4,3.3,167.0
TOS02000372,2026-10-04T07:00,2.2,3.4,170.0
TOS02000372,2026-10-04T07:15,1.4,2.6,171.0
TOS02000372,2026-10-04T07:30,0.5,1.5,170.0
TOS02000372,2026-10-04T07:45,0.7,1.8,162.0
TOS02000372,2026-10-04T08:00,0.8,1.4,155.0
TOS02000372,2026-10-04T08:15,1.1,2.8,158.0
TOS02000372,2026-10-04T08:30,0.9,2.8,158.0
TOS02000372,2026-10-04T08:45,1.0,2.5,143.0
TOS02000372,2026-10-04T09:00,1.5,2.5,152.0
TOS02000372,2026-10-04T09:15,1.7,3.6,147.0
TOS02000372,2026-10-04T09:30,1.8,4.4,149.0
TOS02000372,2026-10-04T09:45,1.7,3.9,142.0
TOS02000372,2026-10-04T10:00,1.6,3.7,147.0
TOS02000372,2026-10-04T10:15,1.4,2.9,153.0
TOS02000372,2026-10-04T10:30,1.6,3.2,147.0
TOS02000372,2026-10-04T10:45,1.9,3.7,147.0
TOS02000372,2026-10-04T11:00,2.1,4.3,151.0
TOS02000372,2026-10-04T11:15,2.4,4.5,149.0
TOS02000372,2026-10-04T11:30,2.4,5.8,150.0
TOS02000372,2026-10-04T11:45,2.5,4.6,150.0
TOS02000372,2026-10-04T12:00,2.9,5.8,144.0
TOS02000372,2026-10-04T12:15,2.7,6.4,149.0
TOS02000372,2026-10-04T12:30,2.8,6.5,152.0
TOS02000372,2026-10-04T12:45,2.7,5.3,151.0
TOS02000372,2026-10-04T13:00,3.0,5.2,153.0
TOS02000372,2026-10-04T13:15,3.0,5.3,154.0
TOS02000372,2026-10-04T13:30,2.8,4.9,153.0
TOS02000372,2026-10-04T13:45,2.3,4.8,150.0
TOS02000372,2026-10-04T14:00,2.0,4.4,156.0
TOS02000372,2026-10-04T14:15,2.4,5.0,147.0
TOS02000372,2026-10-04T14:30,2.5,5.2,154.0
TOS02000372,2026-10-04T14:45,2.5,4.5,152.0
TOS02000372,2026-10-04T15:00,2.4,4.1,154.0
TOS02000372,2026-10-04T15:15,1.6,3.1,150.0
TOS02000372,2026-10-04T15:30,2.3,4.6,152.0
TOS02000372,2026-10-04T15:45,1.5,2.8,151.0
TOS02000372,2026-10-04T16:00,1.5,3.8,156.0
TOS02000372,2026-10-04T16:15,1.1,2.3,161.0
TOS02000372,2026-10-04T16:30,1.0,3.9,159.0
TOS02000372,2026-10-04T16:45,1.0,2.4,160.0
TOS02000372,2026-10-04T17:00,0.7,1.6,334.0
TOS02000372,2026-10-04T17:15,0.6,1.4,312.0
TOS02000372,2026-10-04T17:30,1.3,2.4,169.0
TOS02000372,2026-10-04T17:45,1.3,2.4,166.0
TOS02000372,2026-10-04T18:00,1.2,2.2,160.0
TOS02000372,2026-10-04T18:15,1.1,2.2,156.0
TOS02000372,2026-10-04T18:30,1.0,1.7,167.0
TOS02000372,2026-10-04T18:45,1.1,2.0,162.0
TOS02000372,2026-10-04T19:00,1.1,2.3,158.0
TOS02000372,2026-10-04T19:15,0.9,1.5,166.0
TOS02000372,2026-10-04T19:30,0.7,1.3,165.0
TOS02000372,2026-10-04T19:45,2.1,3.6,167.0
TOS02000372,2026-10-04T20:00,1.5,3.5,155.0
TOS02000372,2026-10-04T20:15,1.3,3.0,156.0
TOS02000372,2026-10-04T20:30,1.3,4.2,153.0
TOS02000372,2026-10-04T20:45,1.5,3.5,159.0
TOS02000372,2026-10-04T21:00,1.9,3.6,162.0
TOS02000372,2026-10-04T21:15,1.7,3.1,159.0
TOS02000372,2026-10-04T21:30,1.5,2.8,160.0
TOS02000372,2026-10-04T21:45,1.0,2.6,147.0
TOS02000372,2026-10-04T22:00,0.8,3.1,136.0
TOS02000372,2026-10-04T22:15,0.8,2.7,147.0
TOS02000372,2026-10-04T22:30,1.4,3.3,153.0
TOS02000372,2026-10-04T22:45,1.5,3.1,153.0
TOS02000372,2026-10-04T23:00,1.7,3.8,154.0
TOS02000372,2026-10-04T23:15,1.9,3.4,161.0
TOS02000372,2026-10-04T23:30,1.8,3.3,158.0
TOS02000372,2026-10-04T23:45,1.9,3.4,159.0
TOS02004059,2026-10-04T00:00,1.9,3.0,55.0
TOS02004059,2026-10-04T00:15,2.2,3.3,51.0
TOS02004059,2026-10-04T00:30,2.4,3.5,50.0
TOS02004059,2026-10-04T00:45,2.1,3.0,49.0
TOS02004059,2026-10-04T01:00,1.5,2.1,62.0
TOS02004059,2026-10-04T01:15,1.5,2.5,60.0
TOS02004059,2026-10-04T01:30,1.4,2.0,62.0
TOS02004059,2026-10-04T01:45,1.8,2.8,57.0
TOS02004059,2026-10-04T02:00,2.1,3.1,44.0
TOS02004059,2026-10-04T02:15,2.2,3.2,44.0
TOS02004059,2026-10-04T02:30,2.3,3.1,42.0
TOS02004059,2026-10-04T02:45,1.7,3.0,49.0
TOS02004059,2026-10-04T03:00,1.2,1.7,62.0
TOS02004059,2026-10-04T03:15,1.4,2.7,61.0
TOS02004059,2026-10-04T03:30,2.2,2.9,44.0
TOS02004059,2026-10-04T03:45,2.0,2.8,41.0
TOS02004059,2026-10-04T04:00,1.3,2.6,55.0
TOS02004059,2026-10-04T04:15,1.2,1.7,64.0
TOS02004059,2026-10-04T04:30,1.3,2.0,66.0
TOS02004059,2026-10-04T04:45,1.5,2.3,54.0
TOS02004059,2026-10-04T05:00,1.4,2.4,57.0
TOS02004059,2026-10-04T05:15,1.6,2.5,49.0
TOS02004059,2026-10-04T05:30,1.5,2.4,56.0
TOS02004059,2026-10-04T05:45,1.2,1.8,67.0
TOS02004059,2026-10-04T06:00,1.4,2.1,71.0
TOS02004059,2026-10-04T06:15,1.4,2.2,60.0
TOS02004059,2026-10-04T06:30,2.0,3.1,52.0
TOS02004059,2026-10-04T06:45,1.5,2.5,65.0
TOS02004059,2026-10-04T07:00,1.4,2.1,66.0
TOS02004059,2026-10-04T07:15,1.4,1.9,69.0
TOS02004059,2026-10-04T07:30,1.5,2.5,66.0
TOS02004059,2026-10-04T07:45,1.8,2.6,44.0
TOS02004059,2026-10-04T08:00,1.4,1.9,70.0
TOS02004059,2026-10-04T08:15,1.3,1.8,69.0
TOS02004059,2026-10-04T08:30,1.1,1.4,74.0
TOS02004059,2026-10-04T08:45,1.4,2.3,54.0
TOS02004059,2026-10-04T09:00,1.1,2.4,52.0
TOS02004059,2026-10-04T09:15,1.0,1.8,61.0
TOS02004059,2026-10-04T09:30,0.6,1.3,143.0
TOS02004059,2026-10-04T09:45,0.8,1.6,191.0
TOS02004059,2026-10-04T10:00,1.4,2.3,194.0
TOS02004059,2026-10-04T10:15,1.5,2.6,197.0
TOS02004059,2026-10-04T10:30,1.1,2.3,198.0
TOS02004059,2026-10-04T10:45,1.2,2.2,205.0
TOS02004059,2026-10-04T11:00,0.7,2.4,173.0
TOS02004059,2026-10-04T11:15,1.4,3.4,191.0
TOS02004059,2026-10-04T11:30,1.1,2.7,241.0
TOS02004059,2026-10-04T11:45,1.7,3.2,206.0
TOS02004059,2026-10-04T12:00,1.8,3.5,214.0
TOS02004059,2026-10-04T12:15,1.8,3.2,224.0
TOS02004059,2026-10-04T12:30,2.3,4.2,214.0
TOS02004059,2026-10-04T12:45,2.1,4.3,221.0
TOS02004059,2026-10-04T13:00,2.2,3.7,213.0
TOS02004059,2026-10-04T13:15,1.8,4.1,229.0
TOS02004059,2026-10-04T13:30,1.7,4.5,225.0
TOS02004059,2026-10-04T13:45,2.1,3.8,221.0
TOS02004059,2026-10-04T14:00,1.8,3.7,223.0
TOS02004059,2026-10-04T14:15,2.2,4.1,213.0
TOS02004059,2026-10-04T14:30,2.4,3.6,205.0
TOS02004059,2026-10-04T14:45,2.3,4.3,205.0
TOS02004059,2026-10-04T15:00,2.2,4.7,213.0
TOS02004059,2026-10-04T15:15,2.2,4.7,208.0
TOS02004059,2026-10-04T15:30,2.2,3.9,206.0
TOS02004059,2026-10-04T15:45,2.1,3.7,208.0
TOS02004059,2026-10-04T16:00,2.2,5.2,217.0
TOS02004059,2026-10-04T16:15,2.4,4.1,206.0
TOS02004059,2026-10-04T16:30,2.0,3.6,211.0
TOS02004059,2026-10-04T16:45,1.8,3.0,217.0
TOS02004059,2026-10-04T17:00,1.8,3.1,203.0
TOS02004059,2026-10-04T17:15,1.5,2.6,204.0
TOS02004059,2026-10-04T17:30,1.3,2.3,194.0
TOS02004059,2026-10-04T17:45,0.9,1.8,206.0
TOS02004059,2026-10-04T18:00,0.4,0.8,141.0
TOS02004059,2026-10-04T18:15,0.3,0.7,174.0
TOS02004059,2026-10-04T18:30,0.2,0.6,103.0
TOS02004059,2026-10-04T18:45,0.8,1.2,68.0
TOS02004059,2026-10-04T19:00,0.9,1.1,75.0
TOS02004059,2026-10-04T19:15,0.9,1.3,76.0
TOS02004059,2026-10-04T19:30,1.0,2.0,61.0
TOS02004059,2026-10-04T19:45,1.8,2.4,53.0
TOS02004059,2026-10-04T20:00,1.4,2.4,57.0
TOS02004059,2026-10-04T20:15,1.8,2.7,53.0
TOS02004059,2026-10-04T20:30,1.5,2.9,61.0
TOS02004059,2026-10-04T20:45,1.8,2.5,52.0
TOS02004059,2026-10-04T21:00,1.8,2.7,51.0
TOS02004059,2026-10-04T21:15,2.1,2.9,50.0
TOS02004059,2026-10-04T21:30,1.7,3.1,52.0
TOS02004059,2026-10-04T21:45,1.7,2.8,55.0
TOS02004059,2026-10-04T22:00,1.6,2.8,52.0
TOS02004059,2026-10-04T22:15,1.8,2.7,52.0
TOS02004059,2026-10-04T22:30,2.1,3.0,48.0
TOS02004059,2026-10-04T22:45,2.2,3.1,50.0
TOS02004059,2026-10-04T23:00,2.5,3.4,43.0
TOS02004059,2026-10-04T23:15,2.2,3.0,43.0
TOS02004059,2026-10-04T23:30,2.4,3.2,47.0
TOS02004059,2026-10-04T23:45,2.4,3.2,44.0
TOS02004081,2026-10-04T00:00,1.2,2.2,162.0
TOS02004081,2026-10-04T00:15,1.7,2.4,148.0
TOS02004081,2026-10-04T00:30,1.2,2.3,168.0
TOS02004081,2026-10-04T00:45,0.7,1.7,167.0
TOS02004081,2026-10-04T01:00,0.3,0.7,246.0
TOS02004081,2026-10-04T01:15,0.4,0.9,293.0
TOS02004081,2026-10-04T01:30,0.6,1.1,275.0
TOS02004081,2026-10-04T01:45,0.5,1.0,280.0
TOS02004081,2026-10-04T02:00,0.7,1.6,200.0
TOS02004081,2026-10-04T02:15,0.7,1.4,181.0
TOS02004081,2026-10-04T02:30,0.5,1.3,220.0
TOS02004081,2026-10-04T02:45,0.8,1.6,264.0
TOS02004081,2026-10-04T03:00,0.7,1.5,257.0
TOS02004081,2026-10-04T03:15,0.9,1.5,240.0
TOS02004081,2026-10-04T03:30,0.6,1.2,233.0
TOS02004081,2026-10-04T03:45,0.9,1.4,247.0
TOS02004081,2026-10-04T04:00,0.7,3.0,248.0
TOS02004081,2026-10-04T04:15,0.6,1.3,283.0
TOS02004081,2026-10-04T04:30,0.6,1.5,203.0
TOS02004081,2026-10-04T04:45,0.6,1.4,209.0
TOS02004081,2026-10-04T05:00,0.6,1.1,244.0
TOS02004081,2026-10-04T05:15,1.0,1.8,258.0
TOS02004081,2026-10-04T05:30,0.8,1.7,252.0
TOS02004081,2026-10-04T05:45,0.6,1.5,124.0
TOS02004081,2026-10-04T06:00,1.0,3.0,102.0
TOS02004081,2026-10-04T06:15,1.1,2.1,175.0
TOS02004081,2026-10-04T06:30,1.0,2.3,187.0
TOS02004081,2026-10-04T06:45,1.3,2.6,168.0
TOS02004081,2026-10-04T07:00,1.2,2.2,169.0
TOS02004081,2026-10-04T07:15,1.4,2.3,163.0
TOS02004081,2026-10-04T07:30,1.5,2.9,162.0
TOS02004081,2026-10-04T07:45,1.5,2.5,160.0
TOS02004081,2026-10-04T08:00,2.2,2.9,147.0
TOS02004081,2026-10-04T08:15,2.3,3.4,145.0
TOS02004081,2026-10-04T08:30,2.0,3.1,137.0
TOS02004081,2026-10-04T08:45,2.3,3.8,135.0
TOS02004081,2026-10-04T09:00,2.5,3.4,138.0
TOS02004081,2026-10-04T09:15,2.1,3.3,121.0
TOS02004081,2026-10-04T09:30,2.1,3.3,105.0
TOS02004081,2026-10-04T09:45,2.2,3.5,96.0
TOS02004081,2026-10-04T10:00,3.0,4.1,104.0
TOS02004081,2026-10-04T10:15,2.6,4.1,102.0
TOS02004081,2026-10-04T10:30,2.7,3.9,111.0
TOS02004081,2026-10-04T10:45,2.9,3.7,131.0
TOS02004081,2026-10-04T11:00,2.4,4.0,126.0
TOS02004081,2026-10-04T11:15,1.6,2.5,126.0
TOS02004081,2026-10-04T11:30,0.8,1.3,123.0
TOS02004081,2026-10-04T11:45,0.6,1.0,88.0
TOS02004081,2026-10-04T12:00,0.8,1.4,66.0
TOS02004081,2026-10-04T12:15,1.2,1.6,46.0
TOS02004081,2026-10-04T12:30,1.2,1.6,45.0
TOS02004081,2026-10-04T12:45,0.8,1.6,49.0
TOS02004081,2026-10-04T13:00,1.0,2.6,93.0
TOS02004081,2026-10-04T13:15,1.1,2.5,156.0
TOS02004081,2026-10-04T13:30,0.9,2.0,289.0
TOS02004081,2026-10-04T13:45,1.1,3.3,344.0
TOS02004081,2026-10-04T14:00,1.0,2.8,312.0
TOS02004081,2026-10-04T14:15,1.2,2.8,319.0
TOS02004081,2026-10-04T14:30,1.0,2.5,333.0
TOS02004081,2026-10-04T14:45,1.1,2.5,313.0
TOS02004081,2026-10-04T15:00,1.8,3.6,324.0
TOS02004081,2026-10-04T15:15,1.7,4.2,322.0
TOS02004081,2026-10-04T15:30,1.2,3.3,328.0
TOS02004081,2026-10-04T15:45,1.1,2.5,310.0
TOS02004081,2026-10-04T16:00,1.2,2.9,318.0
TOS02004081,2026-10-04T16:15,1.0,2.6,325.0
TOS02004081,2026-10-04T16:30,1.0,3.3,325.0
TOS02004081,2026-10-04T16:45,0.9,2.7,325.0
TOS02004081,2026-10-04T17:00,0.8,2.2,329.0
TOS02004081,2026-10-04T17:15,0.8,1.7,321.0
TOS02004081,2026-10-04T17:30,0.5,1.2,273.0
TOS02004081,2026-10-04T17:45,0.3,0.7,244.0
TOS02004081,2026-10-04T18:00,0.5,0.9,227.0
TOS02004081,2026-10-04T18:15,0.3,0.7,237.0
TOS02004081,2026-10-04T18:30,0.5,1.0,267.0
TOS02004081,2026-10-04T18:45,0.6,1.1,239.0
TOS02004081,2026-10-04T19:00,0.6,0.8,240.0
TOS02004081,2026-10-04T19:15,0.8,1.0,240.0
TOS02004081,2026-10-04T19:30,0.8,1.1,240.0
TOS02004081,2026-10-04T19:45,0.4,0.9,273.0
TOS02004081,2026-10-04T20:00,0.4,0.8,275.0
TOS02004081,2026-10-04T20:15,0.6,1.4,60.0
TOS02004081,2026-10-04T20:30,1.1,2.4,172.0
TOS02004081,2026-10-04T20:45,0.6,0.9,231.0
TOS02004081,2026-10-04T21:00,0.4,0.9,236.0
TOS02004081,2026-10-04T21:15,0.3,0.7,293.0
TOS02004081,2026-10-04T21:30,0.9,1.5,74.0
TOS02004081,2026-10-04T21:45,1.1,1.5,132.0
TOS02004081,2026-10-04T22:00,0.7,1.2,165.0
TOS02004081,2026-10-04T22:15,0.6,0.9,187.0
TOS02004081,2026-10-04T22:30,0.5,0.9,271.0
TOS02004081,2026-10-04T22:45,0.4,0.6,318.0
TOS02004081,2026-10-04T23:00,0.4,0.6,314.0
TOS02004081,2026-10-04T23:15,0.3,0.7,299.0
TOS02004081,2026-10-04T23:30,0.4,0.7,287.0
TOS02004081,2026-10-04T23:45,0.3,0.5,274.0
TOS02004311,2026-10-04T00:00,2.2,3.1,31.0
TOS02004311,2026-10-04T00:15,1.8,2.7,31.0
TOS02004311,2026-10-04T00:30,1.6,2.6,28.0
TOS02004311,2026-10-04T00:45,1.5,2.2,30.0
TOS02004311,2026-10-04T01:00,1.5,2.4,27.0
TOS02004311,2026-10-04T01:15,2.4,3.6,34.0
TOS02004311,2026-10-04T01:30,2.2,3.2,34.0
TOS02004311,2026-10-04T01:45,2.1,3.0,39.0
TOS02004311,2026-10-04T02:00,2.3,2.9,41.0
TOS02004311,2026-10-04T02:15,2.3,3.3,35.0
TOS02004311,2026-10-04T02:30,2.8,3.8,37.0
TOS02004311,2026-10-04T02:45,2.9,3.8,39.0
TOS02004311,2026-10-04T03:00,3.1,4.2,44.0
TOS02004311,2026-10-04T03:15,2.8,3.8,39.0
TOS02004311,2026-10-04T03:30,2.7,4.1,42.0
TOS02004311,2026-10-04T03:45,2.8,4.0,40.0
TOS02004311,2026-10-04T04:00,2.9,3.8,39.0
TOS02004311,2026-10-04T04:15,3.2,4.3,39.0
TOS02004311,2026-10-04T04:30,2.8,4.4,40.0
TOS02004311,2026-10-04T04:45,2.8,3.7,36.0
TOS02004311,2026-10-04T05:00,3.2,4.5,31.0
TOS02004311,2026-10-04T05:15,2.7,4.4,27.0
TOS02004311,2026-10-04T05:30,2.4,3.7,25.0
TOS02004311,2026-10-04T05:45,2.2,3.3,23.0
TOS02004311,2026-10-04T06:00,1.8,3.3,14.0
TOS02004311,2026-10-04T06:15,1.5,3.3,13.0
TOS02004311,2026-10-04T06:30,2.4,3.3,34.0
TOS02004311,2026-10-04T06:45,2.8,3.5,37.0
TOS02004311,2026-10-04T07:00,2.7,3.5,43.0
TOS02004311,2026-10-04T07:15,2.9,3.9,40.0
TOS02004311,2026-10-04T07:30,2.9,3.9,35.0
TOS02004311,2026-10-04T07:45,3.1,4.1,33.0
TOS02004311,2026-10-04T08:00,3.0,4.2,41.0
TOS02004311,2026-10-04T08:15,2.6,3.7,33.0
TOS02004311,2026-10-04T08:30,2.6,4.4,32.0
TOS02004311,2026-10-04T08:45,2.4,4.4,21.0
TOS02004311,2026-10-04T09:00,2.3,4.4,18.0
TOS02004311,2026-10-04T09:15,2.1,4.4,18.0
TOS02004311,2026-10-04T09:30,2.3,4.7,10.0
TOS02004311,2026-10-04T09:45,2.4,4.3,2.0
TOS02004311,2026-10-04T10:00,2.1,4.4,9.0
TOS02004311,2026-10-04T10:15,2.1,4.6,6.0
TOS02004311,2026-10-04T10:30,2.0,3.9,10.0
TOS02004311,2026-10-04T10:45,2.0,3.8,357.0
TOS02004311,2026-10-04T11:00,2.1,3.2,357.0
TOS02004311,2026-10-04T11:15,2.0,3.6,353.0
TOS02004311,2026-10-04T11:30,1.9,3.3,355.0
TOS02004311,2026-10-04T11:45,1.5,2.7,2.0
TOS02004311,2026-10-04T12:00,1.4,2.4,358.0
TOS02004311,2026-10-04T12:15,1.2,2.9,357.0
TOS02004311,2026-10-04T12:30,0.8,2.0,318.0
TOS02004311,2026-10-04T12:45,0.8,1.6,282.0
TOS02004311,2026-10-04T13:00,1.3,3.9,212.0
TOS02004311,2026-10-04T13:15,1.7,3.7,221.0
TOS02004311,2026-10-04T13:30,1.3,3.4,208.0
TOS02004311,2026-10-04T13:45,1.7,4.9,236.0
TOS02004311,2026-10-04T14:00,2.7,4.9,213.0
TOS02004311,2026-10-04T14:15,1.7,3.7,313.0
TOS02004311,2026-10-04T14:30,1.4,3.6,307.0
TOS02004311,2026-10-04T14:45,1.5,3.4,275.0
TOS02004311,2026-10-04T15:00,2.1,4.3,320.0
TOS02004311,2026-10-04T15:15,2.8,5.0,327.0
TOS02004311,2026-10-04T15:30,2.0,4.6,316.0
TOS02004311,2026-10-04T15:45,1.8,4.7,220.0
TOS02004311,2026-10-04T16:00,1.5,3.4,227.0
TOS02004311,2026-10-04T16:15,1.2,3.2,225.0
TOS02004311,2026-10-04T16:30,1.9,3.9,207.0
TOS02004311,2026-10-04T16:45,1.9,4.1,215.0
TOS02004311,2026-10-04T17:00,1.8,4.1,208.0
TOS02004311,2026-10-04T17:15,1.8,3.5,203.0
TOS02004311,2026-10-04T17:30,1.5,3.0,207.0
TOS02004311,2026-10-04T17:45,1.8,3.5,199.0
TOS02004311,2026-10-04T18:00,1.9,2.9,192.0
TOS02004311,2026-10-04T18:15,1.1,2.1,236.0
TOS02004311,2026-10-04T18:30,1.0,1.9,195.0
TOS02004311,2026-10-04T18:45,1.2,2.2,179.0
TOS02004311,2026-10-04T19:00,1.4,2.1,192.0
TOS02004311,2026-10-04T19:15,1.2,1.8,192.0
TOS02004311,2026-10-04T19:30,1.6,2.4,183.0
TOS02004311,2026-10-04T19:45,1.3,2.2,176.0
TOS02004311,2026-10-04T20:00,1.1,2.0,174.0
TOS02004311,2026-10-04T20:15,0.9,1.8,189.0
TOS02004311,2026-10-04T20:30,0.6,1.9,201.0
TOS02004311,2026-10-04T20:45,0.3,0.7,134.0
TOS02004311,2026-10-04T21:00,0.5,0.9,36.0
TOS02004311,2026-10-04T21:15,0.7,1.9,25.0
TOS02004311,2026-10-04T21:30,1.6,2.4,37.0
TOS02004311,2026-10-04T21:45,1.7,2.1,34.0
TOS02004311,2026-10-04T22:00,1.7,2.4,41.0
TOS02004311,2026-10-04T22:15,1.9,2.7,47.0
TOS02004311,2026-10-04T22:30,2.1,2.7,52.0
TOS02004311,2026-10-04T22:45,1.9,2.7,56.0
TOS02004311,2026-10-04T23:00,2.0,2.7,51.0
TOS02004311,2026-10-04T23:15,2.0,2.9,50.0
TOS02004311,2026-10-04T23:30,1.8,2.5,42.0
TOS02004311,2026-10-04T23:45,2.0,3.0,36.0
TOS03000091,2026-10-04T00:00,0.5,1.2,213.0
TOS03000091,2026-10-04T00:15,0.6,1.1,233.0
TOS03000091,2026-10-04T00:30,0.3,0.6,300.0
TOS03000091,2026-10-04T00:45,0.3,0.6,80.0
TOS03000091,2026-10-04T01:00,0.2,0.6,336.0
TOS03000091,2026-10-04T01:15,0.3,0.9,12.0
TOS03000091,2026-10-04T01:30,0.3,1.1,263.0
TOS03000091,2026-10-04T01:45,0.3,1.2,16.0
TOS03000091,2026-10-04T02:00,0.3,1.6,327.0
TOS03000091,2026-10-04T02:15,0.4,1.4,220.0
TOS03000091,2026-10-04T02:30,0.3,0.6,329.0
TOS03000091,2026-10-04T02:45,0.5,0.9,234.0
TOS03000091,2026-10-04T03:00,0.2,0.4,237.0
TOS03000091,2026-10-04T03:15,0.3,0.6,263.0
TOS03000091,2026-10-04T03:30,0.3,0.8,14.0
TOS03000091,2026-10-04T03:45,0.3,0.4,241.0
TOS03000091,2026-10-04T04:00,0.3,0.7,164.0
TOS03000091,2026-10-04T04:15,0.2,0.5,226.0
TOS03000091,2026-10-04T04:30,0.4,0.7,290.0
TOS03000091,2026-10-04T04:45,0.3,0.9,25.0
TOS03000091,2026-10-04T05:00,0.3,0.7,256.0
TOS03000091,2026-10-04T05:15,0.2,0.4,210.0
TOS03000091,2026-10-04T05:30,0.3,0.5,178.0
TOS03000091,2026-10-04T05:45,0.2,0.5,94.0
TOS03000091,2026-10-04T06:00,0.2,0.5,31.0
TOS03000091,2026-10-04T06:15,0.3,0.6,253.0
TOS03000091,2026-10-04T06:30,0.3,0.5,245.0
TOS03000091,2026-10-04T06:45,0.3,0.8,199.0
TOS03000091,2026-10-04T07:00,0.4,0.9,131.0
TOS03000091,2026-10-04T07:15,0.3,0.7,16.0
TOS03000091,2026-10-04T07:30,0.2,0.4,303.0
TOS03000091,2026-10-04T07:45,0.4,0.5,264.0
TOS03000091,2026-10-04T08:00,0.2,0.6,188.0
TOS03000091,2026-10-04T08:15,0.1,0.4,236.0
TOS03000091,2026-10-04T08:30,0.3,0.9,50.0
TOS03000091,2026-10-04T08:45,0.4,0.9,335.0
TOS03000091,2026-10-04T09:00,0.5,1.1,324.0
TOS03000091,2026-10-04T09:15,0.9,1.5,284.0
TOS03000091,2026-10-04T09:30,0.7,1.4,205.0
TOS03000091,2026-10-04T09:45,0.7,1.4,248.0
TOS03000091,2026-10-04T10:00,1.1,2.0,259.0
TOS03000091,2026-10-04T10:15,0.7,1.7,263.0
TOS03000091,2026-10-04T10:30,0.9,2.0,298.0
TOS03000091,2026-10-04T10:45,1.1,2.0,289.0
TOS03000091,2026-10-04T11:00,1.3,2.2,281.0
TOS03000091,2026-10-04T11:15,1.9,3.6,244.0
TOS03000091,2026-10-04T11:30,2.2,3.8,262.0
TOS03000091,2026-10-04T11:45,1.9,3.4,270.0
TOS03000091,2026-10-04T12:00,1.7,4.1,276.0
TOS03000091,2026-10-04T12:15,2.2,3.8,250.0
TOS03000091,2026-10-04T12:30,2.2,4.5,254.0
TOS03000091,2026-10-04T12:45,2.1,4.0,269.0
TOS03000091,2026-10-04T13:00,1.7,3.3,264.0
TOS03000091,2026-10-04T13:15,1.7,3.6,290.0
TOS03000091,2026-10-04T13:30,1.9,3.4,286.0
TOS03000091,2026-10-04T13:45,2.0,3.2,287.0
TOS03000091,2026-10-04T14:00,2.1,3.8,279.0
TOS03000091,2026-10-04T14:15,2.2,4.1,273.0
TOS03000091,2026-10-04T14:30,2.6,4.2,267.0
TOS03000091,2026-10-04T14:45,1.9,3.7,297.0
TOS03000091,2026-10-04T15:00,1.9,3.4,312.0
TOS03000091,2026-10-04T15:15,1.9,3.2,297.0
TOS03000091,2026-10-04T15:30,1.9,3.6,290.0
TOS03000091,2026-10-04T15:45,2.1,3.5,283.0
TOS03000091,2026-10-04T16:00,1.9,3.2,300.0
TOS03000091,2026-10-04T16:15,1.9,3.7,289.0
TOS03000091,2026-10-04T16:30,1.9,3.0,294.0
TOS03000091,2026-10-04T16:45,1.7,3.0,292.0
TOS03000091,2026-10-04T17:00,1.5,2.6,293.0
TOS03000091,2026-10-04T17:15,1.6,2.6,297.0
TOS03000091,2026-10-04T17:30,1.3,2.3,322.0
TOS03000091,2026-10-04T17:45,0.9,1.8,327.0
TOS03000091,2026-10-04T18:00,0.8,1.3,322.0
TOS03000091,2026-10-04T18:15,0.5,1.0,316.0
TOS03000091,2026-10-04T18:30,0.6,1.0,6.0
TOS03000091,2026-10-04T18:45,0.3,0.8,51.0
TOS03000091,2026-10-04T19:00,0.2,0.5,20.0
TOS03000091,2026-10-04T19:15,0.4,0.7,23.0
TOS03000091,2026-10-04T19:30,0.4,0.7,60.0
TOS03000091,2026-10-04T19:45,0.4,0.9,191.0
TOS03000091,2026-10-04T20:00,0.4,0.8,264.0
TOS03000091,2026-10-04T20:15,0.3,0.7,286.0
TOS03000091,2026-10-04T20:30,0.4,1.0,18.0
TOS03000091,2026-10-04T20:45,0.2,0.5,162.0
TOS03000091,2026-10-04T21:00,0.4,1.1,206.0
TOS03000091,2026-10-04T21:15,0.4,0.8,112.0
TOS03000091,2026-10-04T21:30,0.5,0.9,214.0
TOS03000091,2026-10-04T21:45,0.4,0.7,7.0
TOS03000091,2026-10-04T22:00,0.3,0.6,36.0
TOS03000091,2026-10-04T22:15,0.2,0.4,154.0
TOS03000091,2026-10-04T22:30,0.3,0.4,216.0
TOS03000091,2026-10-04T22:45,0.3,0.7,75.0
TOS03000091,2026-10-04T23:00,0.3,0.6,200.0
TOS03000091,2026-10-04T23:15,0.2,0.4,342.0
TOS03000091,2026-10-04T23:30,0.2,0.3,279.0
TOS03000091,2026-10-04T23:45,0.4,0.6,249.0
TOS03000278,2026-10-04T00:00,0.6,1.1,70.0
TOS03000278,2026-10-04T00:15,0.5,0.9,60.0
TOS03000278,2026-10-04T00:30,0.5,1.0,61.0
TOS03000278,2026-10-04T00:45,0.7,1.0,66.0
TOS03000278,2026-10-04T01:00,0.5,0.9,62.0
TOS03000278,2026-10-04T01:15,0.6,1.1,58.0
TOS03000278,2026-10-04T01:30,0.7,1.3,83.0
TOS03000278,2026-10-04T01:45,0.8,1.2,118.0
TOS03000278,2026-10-04T02:00,0.5,1.1,191.0
TOS03000278,2026-10-04T02:15,0.4,1.1,90.0
TOS03000278,2026-10-04T02:30,0.7,1.2,132.0
TOS03000278,2026-10-04T02:45,0.7,1.3,135.0
TOS03000278,2026-10-04T03:00,0.8,1.3,94.0
TOS03000278,2026-10-04T03:15,0.5,1.1,133.0
TOS03000278,2026-10-04T03:30,0.5,1.2,102.0
TOS03000278,2026-10-04T03:45,0.4,0.8,101.0
TOS03000278,2026-10-04T04:00,0.3,0.6,128.0
TOS03000278,2026-10-04T04:15,0.3,0.7,161.0
TOS03000278,2026-10-04T04:30,0.3,0.9,59.0
TOS03000278,2026-10-04T04:45,0.5,0.9,63.0
TOS03000278,2026-10-04T05:00,0.5,0.9,65.0
TOS03000278,2026-10-04T05:15,0.3,0.8,135.0
TOS03000278,2026-10-04T05:30,0.4,0.7,124.0
TOS03000278,2026-10-04T05:45,0.5,0.8,137.0
TOS03000278,2026-10-04T06:00,0.6,1.1,148.0
TOS03000278,2026-10-04T06:15,0.5,0.7,103.0
TOS03000278,2026-10-04T06:30,0.5,0.9,80.0
TOS03000278,2026-10-04T06:45,0.5,1.2,66.0
TOS03000278,2026-10-04T07:00,0.6,1.1,78.0
TOS03000278,2026-10-04T07:15,0.4,0.8,163.0
TOS03000278,2026-10-04T07:30,0.2,0.5,98.0
TOS03000278,2026-10-04T07:45,0.4,0.9,170.0
TOS03000278,2026-10-04T08:00,0.6,1.0,173.0
TOS03000278,2026-10-04T08:15,0.5,1.4,182.0
TOS03000278,2026-10-04T08:30,0.5,1.1,168.0
TOS03000278,2026-10-04T08:45,0.5,1.1,181.0
TOS03000278,2026-10-04T09:00,0.7,1.3,199.0
TOS03000278,2026-10-04T09:15,0.6,1.3,194.0
TOS03000278,2026-10-04T09:30,0.5,1.6,233.0
TOS03000278,2026-10-04T09:45,0.7,1.3,256.0
TOS03000278,2026-10-04T10:00,0.6,1.5,256.0
TOS03000278,2026-10-04T10:15,0.9,2.0,232.0
TOS03000278,2026-10-04T10:30,0.8,1.7,227.0
TOS03000278,2026-10-04T10:45,0.9,2.0,227.0
TOS03000278,2026-10-04T11:00,0.9,2.4,216.0
TOS03000278,2026-10-04T11:15,1.1,2.5,207.0
TOS03000278,2026-10-04T11:30,1.2,2.7,206.0
TOS03000278,2026-10-04T11:45,1.2,2.6,188.0
TOS03000278,2026-10-04T12:00,1.3,3.1,211.0
TOS03000278,2026-10-04T12:15,1.5,3.7,216.0
TOS03000278,2026-10-04T12:30,1.5,3.3,229.0
TOS03000278,2026-10-04T12:45,1.4,3.5,207.0
TOS03000278,2026-10-04T13:00,1.2,3.5,226.0
TOS03000278,2026-10-04T13:15,1.5,3.5,233.0
TOS03000278,2026-10-04T13:30,1.6,4.5,258.0
TOS03000278,2026-10-04T13:45,1.6,5.8,241.0
TOS03000278,2026-10-04T14:00,1.6,5.0,244.0
TOS03000278,2026-10-04T14:15,1.5,4.1,241.0
TOS03000278,2026-10-04T14:30,1.6,3.7,236.0
TOS03000278,2026-10-04T14:45,1.6,4.0,247.0
TOS03000278,2026-10-04T15:00,1.9,5.0,238.0
TOS03000278,2026-10-04T15:15,1.7,4.2,261.0
TOS03000278,2026-10-04T15:30,1.5,3.5,283.0
TOS03000278,2026-10-04T15:45,1.6,4.6,255.0
TOS03000278,2026-10-04T16:00,1.3,3.4,277.0
TOS03000278,2026-10-04T16:15,1.4,3.4,275.0
TOS03000278,2026-10-04T16:30,1.3,3.1,284.0
TOS03000278,2026-10-04T16:45,1.3,3.3,275.0
TOS03000278,2026-10-04T17:00,1.2,3.1,288.0
TOS03000278,2026-10-04T17:15,1.1,2.2,267.0
TOS03000278,2026-10-04T17:30,0.8,1.8,270.0
TOS03000278,2026-10-04T17:45,0.9,2.0,329.0
TOS03000278,2026-10-04T18:00,0.8,1.8,322.0
TOS03000278,2026-10-04T18:15,0.7,2.0,314.0
TOS03000278,2026-10-04T18:30,0.8,1.8,308.0
TOS03000278,2026-10-04T18:45,0.8,1.8,302.0
TOS03000278,2026-10-04T19:00,0.9,1.9,311.0
TOS03000278,2026-10-04T19:15,0.9,1.9,304.0
TOS03000278,2026-10-04T19:30,0.9,2.6,296.0
TOS03000278,2026-10-04T19:45,0.9,2.2,302.0
TOS03000278,2026-10-04T20:00,0.9,2.3,317.0
TOS03000278,2026-10-04T20:15,1.0,2.8,325.0
TOS03000278,2026-10-04T20:30,0.6,1.5,350.0
TOS03000278,2026-10-04T20:45,0.7,1.5,16.0
TOS03000278,2026-10-04T21:00,0.6,1.3,31.0
TOS03000278,2026-10-04T21:15,0.9,2.0,349.0
TOS03000278,2026-10-04T21:30,0.6,1.0,10.0
TOS03000278,2026-10-04T21:45,0.6,1.0,62.0
TOS03000278,2026-10-04T22:00,0.5,1.1,72.0
TOS03000278,2026-10-04T22:15,0.5,0.9,85.0
TOS03000278,2026-10-04T22:30,0.5,1.1,109.0
TOS03000278,2026-10-04T22:45,0.4,0.8,139.0
TOS03000278,2026-10-04T23:00,0.4,0.9,200.0
TOS03000278,2026-10-04T23:15,0.6,1.2,97.0
TOS03000278,2026-10-04T23:30,0.8,1.2,55.0
TOS03000278,2026-10-04T23:45,0.6,1.4,7.0
TOS03000335,2026-10-04T00:00,1.7,2.3,170.0
TOS03000335,2026-10-04T00:15,2.1,2.6,172.0
TOS03000335,2026-10-04T00:30,1.7,2.4,171.0
TOS03000335,2026-10-04T00:45,2.3,3.1,176.0
TOS03000335,2026-10-04T01:00,2.4,3.3,179.0
TOS03000335,2026-10-04T01:15,2.0,2.6,181.0
TOS03000335,2026-10-04T01:30,2.2,3.0,176.0
TOS03000335,2026-10-04T01:45,2.1,2.5,170.0
TOS03000335,2026-10-04T02:00,2.1,2.6,164.0
TOS03000335,2026-10-04T02:15,2.2,2.6,167.0
TOS03000335,2026-10-04T02:30,2.3,2.8,175.0
TOS03000335,2026-10-04T02:45,2.4,3.1,174.0
TOS03000335,2026-10-04T03:00,2.7,3.3,172.0
TOS03000335,2026-10-04T03:15,2.3,3.2,171.0
TOS03000335,2026-10-04T03:30,2.0,2.9,173.0
TOS03000335,2026-10-04T03:45,1.8,2.8,162.0
TOS03000335,2026-10-04T04:00,1.9,2.9,172.0
TOS03000335,2026-10-04T04:15,2.4,3.1,175.0
TOS03000335,2026-10-04T04:30,2.8,3.3,168.0
TOS03000335,2026-10-04T04:45,2.6,3.1,170.0
TOS03000335,2026-10-04T05:00,2.0,2.9,171.0
TOS03000335,2026-10-04T05:15,0.8,1.5,168.0
TOS03000335,2026-10-04T05:30,1.3,2.4,145.0
TOS03000335,2026-10-04T05:45,2.1,3.0,147.0
TOS03000335,2026-10-04T06:00,2.1,2.7,166.0
TOS03000335,2026-10-04T06:15,1.5,2.0,168.0
TOS03000335,2026-10-04T06:30,1.9,3.0,133.0
TOS03000335,2026-10-04T06:45,0.9,2.0,114.0
TOS03000335,2026-10-04T07:00,1.0,2.3,138.0
TOS03000335,2026-10-04T07:15,0.9,3.1,177.0
TOS03000335,2026-10-04T07:30,1.0,1.7,124.0
TOS03000335,2026-10-04T07:45,1.5,2.8,156.0
TOS03000335,2026-10-04T08:00,2.5,4.4,156.0
TOS03000335,2026-10-04T08:15,2.8,3.9,155.0
TOS03000335,2026-10-04T08:30,3.4,5.2,154.0
TOS03000335,2026-10-04T08:45,3.8,5.2,159.0
TOS03000335,2026-10-04T09:00,4.2,5.7,158.0
TOS03000335,2026-10-04T09:15,4.2,6.0,156.0
TOS03000335,2026-10-04T09:30,4.5,6.0,153.0
TOS03000335,2026-10-04T09:45,4.3,6.2,152.0
TOS03000335,2026-10-04T10:00,4.4,6.7,153.0
TOS03000335,2026-10-04T10:15,4.9,6.9,154.0
TOS03000335,2026-10-04T10:30,5.2,7.7,151.0
TOS03000335,2026-10-04T10:45,5.0,6.7,154.0
TOS03000335,2026-10-04T11:00,5.0,6.6,150.0
TOS03000335,2026-10-04T11:15,5.5,7.8,153.0
TOS03000335,2026-10-04T11:30,5.7,7.8,151.0
TOS03000335,2026-10-04T11:45,5.8,8.3,155.0
TOS03000335,2026-10-04T12:00,5.7,8.4,154.0
TOS03000335,2026-10-04T12:15,6.2,8.6,148.0
TOS03000335,2026-10-04T12:30,6.0,8.1,151.0
TOS03000335,2026-10-04T12:45,6.1,9.0,150.0
TOS03000335,2026-10-04T13:00,5.2,7.7,148.0
TOS03000335,2026-10-04T13:15,5.5,9.5,145.0
TOS03000335,2026-10-04T13:30,5.6,8.2,147.0
TOS03000335,2026-10-04T13:45,5.2,6.8,148.0
TOS03000335,2026-10-04T14:00,4.8,5.7,147.0
TOS03000335,2026-10-04T14:15,3.9,5.8,148.0
TOS03000335,2026-10-04T14:30,4.0,5.6,151.0
TOS03000335,2026-10-04T14:45,3.4,5.7,151.0
TOS03000335,2026-10-04T15:00,3.4,4.7,149.0
TOS03000335,2026-10-04T15:15,3.9,5.5,152.0
TOS03000335,2026-10-04T15:30,3.7,6.2,149.0
TOS03000335,2026-10-04T15:45,4.0,5.8,144.0
TOS03000335,2026-10-04T16:00,3.3,5.0,150.0
TOS03000335,2026-10-04T16:15,3.0,4.3,148.0
TOS03000335,2026-10-04T16:30,2.5,3.9,149.0
TOS03000335,2026-10-04T16:45,1.3,2.2,341.0
TOS03000335,2026-10-04T17:00,2.6,3.5,338.0
TOS03000335,2026-10-04T17:15,3.1,3.9,336.0
TOS03000335,2026-10-04T17:30,2.5,3.1,340.0
TOS03000335,2026-10-04T17:45,2.0,2.9,331.0
TOS03000335,2026-10-04T18:00,2.7,3.3,329.0
TOS03000335,2026-10-04T18:15,3.0,4.3,329.0
TOS03000335,2026-10-04T18:30,2.1,2.8,334.0
TOS03000335,2026-10-04T18:45,0.5,1.1,37.0
TOS03000335,2026-10-04T19:00,1.3,2.0,179.0
TOS03000335,2026-10-04T19:15,1.3,2.4,183.0
TOS03000335,2026-10-04T19:30,0.9,2.1,184.0
TOS03000335,2026-10-04T19:45,1.1,2.2,176.0
TOS03000335,2026-10-04T20:00,1.3,2.6,152.0
TOS03000335,2026-10-04T20:15,1.6,2.6,179.0
TOS03000335,2026-10-04T20:30,1.5,3.6,90.0
TOS03000335,2026-10-04T20:45,1.1,2.6,184.0
TOS03000335,2026-10-04T21:00,1.0,2.4,197.0
TOS03000335,2026-10-04T21:15,3.2,5.0,170.0
TOS03000335,2026-10-04T21:30,3.7,5.3,165.0
TOS03000335,2026-10-04T21:45,3.8,5.4,179.0
TOS03000335,2026-10-04T22:00,2.7,4.0,187.0
TOS03000335,2026-10-04T22:15,2.1,3.6,191.0
TOS03000335,2026-10-04T22:30,2.3,3.7,176.0
TOS03000335,2026-10-04T22:45,2.4,4.0,179.0
TOS03000335,2026-10-04T23:00,1.5,3.3,198.0
TOS03000335,2026-10-04T23:15,1.9,3.5,187.0
TOS03000335,2026-10-04T23:30,1.4,3.4,169.0
TOS03000335,2026-10-04T23:45,1.5,4.1,192.0
TOS03000481,2026-10-04T00:00,1.7,3.1,108.0
TOS03000481,2026-10-04T00:15,1.3,2.0,108.0
TOS03000481,2026-10-04T00:30,1.3,1.9,108.0
TOS03000481,2026-10-04T00:45,1.3,1.8,68.0
TOS03000481,2026-10-04T01:00,1.8,2.3,72.0
TOS03000481,2026-10-04T01:15,2.6,3.2,45.0
TOS03000481,2026-10-04T01:30,1.5,2.7,7.0
TOS03000481,2026-10-04T01:45,2.7,4.1,20.0
TOS03000481,2026-10-04T02:00,3.3,4.6,19.0
TOS03000481,2026-10-04T02:15,2.1,3.0,26.0
TOS03000481,2026-10-04T02:30,2.3,2.9,30.0
TOS03000481,2026-10-04T02:45,0.9,1.8,44.0
TOS03000481,2026-10-04T03:00,0.5,1.3,351.0
TOS03000481,2026-10-04T03:15,0.5,1.1,300.0
TOS03000481,2026-10-04T03:30,0.5,0.8,145.0
TOS03000481,2026-10-04T03:45,0.5,1.1,89.0
TOS03000481,2026-10-04T04:00,0.4,1.0,334.0
TOS03000481,2026-10-04T04:15,0.6,1.4,324.0
TOS03000481,2026-10-04T04:30,1.3,2.0,353.0
TOS03000481,2026-10-04T04:45,1.3,2.2,350.0
TOS03000481,2026-10-04T05:00,1.5,2.6,351.0
TOS03000481,2026-10-04T05:15,1.3,1.9,351.0
TOS03000481,2026-10-04T05:30,1.5,2.0,351.0
TOS03000481,2026-10-04T05:45,1.8,2.6,6.0
TOS03000481,2026-10-04T06:00,2.7,3.0,12.0
TOS03000481,2026-10-04T06:15,2.2,2.9,3.0
TOS03000481,2026-10-04T06:30,1.6,2.3,10.0
TOS03000481,2026-10-04T06:45,0.9,1.4,113.0
TOS03000481,2026-10-04T07:00,1.3,1.7,134.0
TOS03000481,2026-10-04T07:15,1.2,1.7,116.0
TOS03000481,2026-10-04T07:30,1.0,1.6,112.0
TOS03000481,2026-10-04T07:45,0.6,1.2,110.0
TOS03000481,2026-10-04T08:00,0.7,1.3,103.0
TOS03000481,2026-10-04T08:15,0.6,1.5,73.0
TOS03000481,2026-10-04T08:30,0.9,1.3,66.0
TOS03000481,2026-10-04T08:45,0.7,1.4,52.0
TOS03000481,2026-10-04T09:00,1.0,1.7,98.0
TOS03000481,2026-10-04T09:15,1.2,2.8,124.0
TOS03000481,2026-10-04T09:30,0.6,2.1,194.0
TOS03000481,2026-10-04T09:45,0.7,1.9,113.0
TOS03000481,2026-10-04T10:00,1.4,3.3,119.0
TOS03000481,2026-10-04T10:15,2.6,4.0,122.0
TOS03000481,2026-10-04T10:30,2.3,4.8,120.0
TOS03000481,2026-10-04T10:45,2.8,4.8,130.0
TOS03000481,2026-10-04T11:00,2.8,4.5,125.0
TOS03000481,2026-10-04T11:15,3.1,4.6,139.0
TOS03000481,2026-10-04T11:30,1.8,3.6,153.0
TOS03000481,2026-10-04T11:45,1.2,3.6,192.0
TOS03000481,2026-10-04T12:00,1.0,2.0,180.0
TOS03000481,2026-10-04T12:15,0.8,2.4,188.0
TOS03000481,2026-10-04T12:30,0.9,2.3,188.0
TOS03000481,2026-10-04T12:45,0.6,2.1,167.0
TOS03000481,2026-10-04T13:00,0.4,1.0,137.0
TOS03000481,2026-10-04T13:15,0.5,1.4,258.0
TOS03000481,2026-10-04T13:30,0.7,1.5,267.0
TOS03000481,2026-10-04T13:45,1.1,2.7,266.0
TOS03000481,2026-10-04T14:00,1.2,2.6,266.0
TOS03000481,2026-10-04T14:15,2.0,4.0,267.0
TOS03000481,2026-10-04T14:30,2.5,3.9,271.0
TOS03000481,2026-10-04T14:45,3.0,3.9,282.0
TOS03000481,2026-10-04T15:00,2.8,3.6,281.0
TOS03000481,2026-10-04T15:15,3.5,4.5,290.0
TOS03000481,2026-10-04T15:30,3.9,4.8,295.0
TOS03000481,2026-10-04T15:45,4.0,4.6,303.0
TOS03000481,2026-10-04T16:00,4.0,4.6,298.0
TOS03000481,2026-10-04T16:15,4.1,4.6,298.0
TOS03000481,2026-10-04T16:30,4.3,5.2,298.0
TOS03000481,2026-10-04T16:45,4.0,4.9,296.0
TOS03000481,2026-10-04T17:00,4.0,4.6,299.0
TOS03000481,2026-10-04T17:15,3.9,4.5,306.0
TOS03000481,2026-10-04T17:30,3.7,4.6,310.0
TOS03000481,2026-10-04T17:45,3.8,4.7,314.0
TOS03000481,2026-10-04T18:00,3.3,4.2,321.0
TOS03000481,2026-10-04T18:15,2.8,4.0,332.0
TOS03000481,2026-10-04T18:30,2.3,4.1,345.0
TOS03000481,2026-10-04T18:45,2.4,3.3,349.0
TOS03000481,2026-10-04T19:00,1.9,3.2,352.0
TOS03000481,2026-10-04T19:15,2.3,3.1,356.0
TOS03000481,2026-10-04T19:30,2.6,3.2,0.0
TOS03000481,2026-10-04T19:45,3.0,3.7,3.0
TOS03000481,2026-10-04T20:00,3.3,3.8,7.0
TOS03000481,2026-10-04T20:15,2.6,3.2,21.0
TOS03000481,2026-10-04T20:30,2.0,2.4,15.0
TOS03000481,2026-10-04T20:45,1.1,1.9,67.0
TOS03000481,2026-10-04T21:00,1.0,1.7,110.0
TOS03000481,2026-10-04T21:15,1.5,2.4,110.0
TOS03000481,2026-10-04T21:30,2.1,2.6,85.0
TOS03000481,2026-10-04T21:45,2.4,3.1,79.0
TOS03000481,2026-10-04T22:00,2.4,3.1,97.0
TOS03000481,2026-10-04T22:15,2.5,3.1,103.0
TOS03000481,2026-10-04T22:30,2.4,3.0,99.0
TOS03000481,2026-10-04T22:45,2.6,3.0,75.0
TOS03000481,2026-10-04T23:00,2.8,3.0,70.0
TOS03000481,2026-10-04T23:15,2.7,3.0,69.0
TOS03000481,2026-10-04T23:30,2.7,3.0,57.0
TOS03000481,2026-10-04T23:45,2.1,2.3,55.0
TOS03000513,2026-10-04T00:00,0.5,1.0,183.0
TOS03000513,2026-10-04T00:15,0.4,1.0,212.0
TOS03000513,2026-10-04T00:30,0.6,1.3,170.0
TOS03000513,2026-10-04T00:45,0.5,0.8,140.0
TOS03000513,2026-10-04T01:00,0.4,1.0,171.0
TOS03000513,2026-10-04T01:15,0.5,1.0,143.0
TOS03000513,2026-10-04T01:30,0.5,0.9,111.0
TOS03000513,2026-10-04T01:45,0.7,1.1,113.0
TOS03000513,2026-10-04T02:00,0.6,1.7,75.0
TOS03000513,2026-10-04T02:15,0.6,1.3,51.0
TOS03000513,2026-10-04T02:30,0.5,1.5,65.0
TOS03000513,2026-10-04T02:45,0.7,1.4,11.0
TOS03000513,2026-10-04T03:00,0.7,1.4,99.0
TOS03000513,2026-10-04T03:15,0.9,1.4,85.0
TOS03000513,2026-10-04T03:30,0.5,1.0,78.0
TOS03000513,2026-10-04T03:45,0.6,0.9,106.0
TOS03000513,2026-10-04T04:00,0.6,0.9,113.0
TOS03000513,2026-10-04T04:15,0.6,1.0,116.0
TOS03000513,2026-10-04T04:30,0.5,0.9,92.0
TOS03000513,2026-10-04T04:45,0.5,0.8,115.0
TOS03000513,2026-10-04T05:00,0.6,1.2,170.0
TOS03000513,2026-10-04T05:15,0.4,0.9,144.0
TOS03000513,2026-10-04T05:30,0.6,0.9,128.0
TOS03000513,2026-10-04T05:45,0.5,1.0,139.0
TOS03000513,2026-10-04T06:00,0.6,1.0,138.0
TOS03000513,2026-10-04T06:15,0.6,1.1,124.0
TOS03000513,2026-10-04T06:30,0.7,1.0,123.0
TOS03000513,2026-10-04T06:45,0.7,1.2,86.0
TOS03000513,2026-10-04T07:00,0.7,1.2,88.0
TOS03000513,2026-10-04T07:15,0.6,1.0,80.0
TOS03000513,2026-10-04T07:30,0.7,1.6,77.0
TOS03000513,2026-10-04T07:45,0.7,1.3,76.0
TOS03000513,2026-10-04T08:00,0.6,1.0,85.0
TOS03000513,2026-10-04T08:15,0.8,1.4,98.0
TOS03000513,2026-10-04T08:30,0.8,1.1,98.0
TOS03000513,2026-10-04T08:45,0.9,1.7,70.0
TOS03000513,2026-10-04T09:00,1.2,2.0,46.0
TOS03000513,2026-10-04T09:15,1.3,2.1,59.0
TOS03000513,2026-10-04T09:30,1.5,2.2,70.0
TOS03000513,2026-10-04T09:45,1.5,2.4,49.0
TOS03000513,2026-10-04T10:00,1.8,2.6,88.0
TOS03000513,2026-10-04T10:15,1.5,3.2,66.0
TOS03000513,2026-10-04T10:30,1.4,2.8,79.0
TOS03000513,2026-10-04T10:45,1.2,2.2,63.0
TOS03000513,2026-10-04T11:00,1.2,2.4,46.0
TOS03000513,2026-10-04T11:15,1.0,2.0,100.0
TOS03000513,2026-10-04T11:30,1.6,3.2,97.0
TOS03000513,2026-10-04T11:45,1.4,3.0,134.0
TOS03000513,2026-10-04T12:00,1.0,2.4,132.0
TOS03000513,2026-10-04T12:15,1.3,2.5,56.0
TOS03000513,2026-10-04T12:30,1.2,2.3,15.0
TOS03000513,2026-10-04T12:45,1.3,2.5,101.0
TOS03000513,2026-10-04T13:00,1.2,3.0,103.0
TOS03000513,2026-10-04T13:15,1.1,2.5,26.0
TOS03000513,2026-10-04T13:30,1.3,2.8,262.0
TOS03000513,2026-10-04T13:45,1.8,2.7,238.0
TOS03000513,2026-10-04T14:00,1.4,3.3,304.0
TOS03000513,2026-10-04T14:15,1.2,3.8,303.0
TOS03000513,2026-10-04T14:30,1.8,4.2,279.0
TOS03000513,2026-10-04T14:45,2.4,5.1,255.0
TOS03000513,2026-10-04T15:00,3.4,5.1,266.0
TOS03000513,2026-10-04T15:15,3.7,5.6,263.0
TOS03000513,2026-10-04T15:30,3.3,5.0,260.0
TOS03000513,2026-10-04T15:45,3.5,5.7,259.0
TOS03000513,2026-10-04T16:00,3.4,5.4,266.0
TOS03000513,2026-10-04T16:15,3.3,5.6,259.0
TOS03000513,2026-10-04T16:30,3.4,5.3,254.0
TOS03000513,2026-10-04T16:45,2.7,4.9,252.0
TOS03000513,2026-10-04T17:00,2.6,4.4,251.0
TOS03000513,2026-10-04T17:15,2.1,3.6,249.0
TOS03000513,2026-10-04T17:30,1.9,3.1,249.0
TOS03000513,2026-10-04T17:45,1.7,3.0,252.0
TOS03000513,2026-10-04T18:00,1.5,2.0,226.0
TOS03000513,2026-10-04T18:15,1.5,2.3,221.0
TOS03000513,2026-10-04T18:30,1.6,2.7,239.0
TOS03000513,2026-10-04T18:45,1.6,2.3,240.0
TOS03000513,2026-10-04T19:00,1.6,2.6,243.0
TOS03000513,2026-10-04T19:15,1.1,1.9,271.0
TOS03000513,2026-10-04T19:30,0.9,1.3,268.0
TOS03000513,2026-10-04T19:45,1.1,1.7,263.0
TOS03000513,2026-10-04T20:00,0.5,0.8,281.0
TOS03000513,2026-10-04T20:15,0.7,1.2,284.0
TOS03000513,2026-10-04T20:30,0.8,1.3,222.0
TOS03000513,2026-10-04T20:45,0.5,0.9,176.0
TOS03000513,2026-10-04T21:00,0.7,1.3,198.0
TOS03000513,2026-10-04T21:15,0.5,1.0,151.0
TOS03000513,2026-10-04T21:30,0.3,0.6,95.0
TOS03000513,2026-10-04T21:45,0.6,1.1,298.0
TOS03000513,2026-10-04T22:00,0.8,1.4,213.0
TOS03000513,2026-10-04T22:15,0.7,1.3,199.0
TOS03000513,2026-10-04T22:30,0.5,1.3,208.0
TOS03000513,2026-10-04T22:45,0.5,0.7,242.0
TOS03000513,2026-10-04T23:00,0.2,0.6,212.0
TOS03000513,2026-10-04T23:15,0.4,0.6,241.0
TOS03000513,2026-10-04T23:30,0.4,1.1,200.0
TOS03000513,2026-10-04T23:45,0.5,0.9,178.0
TOS03001241,2026-10-04T00:00,1.0,4.2,45.0
TOS03001241,2026-10-04T00:15,0.8,3.1,51.0
TOS03001241,2026-10-04T00:30,1.0,2.7,56.0
TOS03001241,2026-10-04T00:45,1.0,2.6,55.0
TOS03001241,2026-10-04T01:00,1.1,3.1,54.0
TOS03001241,2026-10-04T01:15,0.9,3.4,58.0
TOS03001241,2026-10-04T01:30,0.8,1.9,65.0
TOS03001241,2026-10-04T01:45,0.8,2.0,59.0
TOS03001241,2026-10-04T02:00,0.8,2.5,60.0
TOS03001241,2026-10-04T02:15,0.7,2.1,51.0
TOS03001241,2026-10-04T02:30,0.8,1.8,53.0
TOS03001241,2026-10-04T02:45,0.9,4.3,57.0
TOS03001241,2026-10-04T03:00,0.9,2.2,63.0
TOS03001241,2026-10-04T03:15,0.9,2.0,67.0
TOS03001241,2026-10-04T03:30,1.0,2.5,60.0
TOS03001241,2026-10-04T03:45,1.2,2.8,71.0
TOS03001241,2026-10-04T04:00,1.2,3.5,81.0
TOS03001241,2026-10-04T04:15,1.0,2.2,80.0
TOS03001241,2026-10-04T04:30,1.2,3.2,75.0
TOS03001241,2026-10-04T04:45,1.1,2.4,61.0
TOS03001241,2026-10-04T05:00,1.2,3.4,65.0
TOS03001241,2026-10-04T05:15,1.3,3.2,54.0
TOS03001241,2026-10-04T05:30,1.1,3.3,61.0
TOS03001241,2026-10-04T05:45,1.3,2.4,37.0
TOS03001241,2026-10-04T06:00,1.3,3.3,39.0
TOS03001241,2026-10-04T06:15,1.3,2.0,36.0
TOS03001241,2026-10-04T06:30,1.4,2.1,37.0
TOS03001241,2026-10-04T06:45,1.3,2.8,39.0
TOS03001241,2026-10-04T07:00,1.2,1.6,37.0
TOS03001241,2026-10-04T07:15,1.4,4.2,32.0
TOS03001241,2026-10-04T07:30,1.2,2.5,33.0
TOS03001241,2026-10-04T07:45,1.4,2.9,41.0
TOS03001241,2026-10-04T08:00,1.6,3.5,49.0
TOS03001241,2026-10-04T08:15,1.5,3.7,62.0
TOS03001241,2026-10-04T08:30,1.3,3.1,60.0
TOS03001241,2026-10-04T08:45,0.6,1.7,68.0
TOS03001241,2026-10-04T09:00,0.5,1.6,60.0
TOS03001241,2026-10-04T09:15,0.4,0.9,112.0
TOS03001241,2026-10-04T09:30,0.8,2.9,181.0
TOS03001241,2026-10-04T09:45,1.1,2.3,209.0
TOS03001241,2026-10-04T10:00,1.4,2.2,208.0
TOS03001241,2026-10-04T10:15,1.8,2.9,215.0
TOS03001241,2026-10-04T10:30,1.6,3.0,208.0
TOS03001241,2026-10-04T10:45,1.6,3.5,213.0
TOS03001241,2026-10-04T11:00,2.0,3.4,216.0
TOS03001241,2026-10-04T11:15,1.8,3.1,224.0
TOS03001241,2026-10-04T11:30,2.2,3.4,226.0
TOS03001241,2026-10-04T11:45,2.3,3.7,227.0
TOS03001241,2026-10-04T12:00,2.2,3.7,223.0
TOS03001241,2026-10-04T12:15,2.0,4.0,222.0
TOS03001241,2026-10-04T12:30,1.7,3.7,218.0
TOS03001241,2026-10-04T12:45,1.7,3.5,224.0
TOS03001241,2026-10-04T13:00,1.9,4.0,213.0
TOS03001241,2026-10-04T13:15,1.8,4.2,208.0
TOS03001241,2026-10-04T13:30,2.0,4.8,213.0
TOS03001241,2026-10-04T13:45,1.9,5.3,226.0
TOS03001241,2026-10-04T14:00,2.1,5.1,218.0
TOS03001241,2026-10-04T14:15,2.0,4.3,214.0
TOS03001241,2026-10-04T14:30,2.0,4.6,216.0
TOS03001241,2026-10-04T14:45,1.8,4.0,220.0
TOS03001241,2026-10-04T15:00,1.8,3.9,218.0
TOS03001241,2026-10-04T15:15,1.5,4.1,212.0
TOS03001241,2026-10-04T15:30,1.6,4.6,211.0
TOS03001241,2026-10-04T15:45,1.4,2.9,233.0
TOS03001241,2026-10-04T16:00,1.5,3.4,227.0
TOS03001241,2026-10-04T16:15,1.7,3.2,233.0
TOS03001241,2026-10-04T16:30,1.3,2.8,222.0
TOS03001241,2026-10-04T16:45,1.1,2.6,228.0
TOS03001241,2026-10-04T17:00,1.1,2.1,246.0
TOS03001241,2026-10-04T17:15,0.7,1.8,286.0
TOS03001241,2026-10-04T17:30,0.8,2.1,337.0
TOS03001241,2026-10-04T17:45,0.6,1.8,26.0
TOS03001241,2026-10-04T18:00,0.8,1.4,25.0
TOS03001241,2026-10-04T18:15,1.0,1.7,28.0
TOS03001241,2026-10-04T18:30,1.1,1.5,43.0
TOS03001241,2026-10-04T18:45,1.0,1.4,48.0
TOS03001241,2026-10-04T19:00,0.9,1.5,42.0
TOS03001241,2026-10-04T19:15,1.0,1.6,43.0
TOS03001241,2026-10-04T19:30,1.2,1.8,50.0
TOS03001241,2026-10-04T19:45,1.3,2.0,46.0
TOS03001241,2026-10-04T20:00,1.3,2.0,38.0
TOS03001241,2026-10-04T20:15,1.5,2.2,41.0
TOS03001241,2026-10-04T20:30,1.4,2.3,44.0
TOS03001241,2026-10-04T20:45,1.4,1.9,43.0
TOS03001241,2026-10-04T21:00,1.5,2.3,45.0
TOS03001241,2026-10-04T21:15,1.7,2.4,44.0
TOS03001241,2026-10-04T21:30,1.4,2.1,43.0
TOS03001241,2026-10-04T21:45,1.2,1.6,45.0
TOS03001241,2026-10-04T22:00,1.1,1.4,49.0
TOS03001241,2026-10-04T22:15,1.2,2.1,41.0
TOS03001241,2026-10-04T22:30,1.2,2.3,44.0
TOS03001241,2026-10-04T22:45,1.1,1.3,43.0
TOS03001241,2026-10-04T23:00,1.1,1.3,46.0
TOS03001241,2026-10-04T23:15,1.1,1.3,44.0
TOS03001241,2026-10-04T23:30,1.2,1.4,45.0
TOS03001241,2026-10-04T23:45,1.1,1.3,45.0
TOS03001841,2026-10-04T00:00,1.0,1.6,88.0
TOS03001841,2026-10-04T00:15,1.0,1.7,92.0
TOS03001841,2026-10-04T00:30,1.1,2.1,86.0
TOS03001841,2026-10-04T00:45,0.9,1.4,106.0
TOS03001841,2026-10-04T01:00,1.0,2.2,130.0
TOS03001841,2026-10-04T01:15,1.5,2.2,128.0
TOS03001841,2026-10-04T01:30,1.3,2.3,123.0
TOS03001841,2026-10-04T01:45,1.2,2.0,119.0
TOS03001841,2026-10-04T02:00,1.2,2.4,121.0
TOS03001841,2026-10-04T02:15,0.9,1.9,120.0
TOS03001841,2026-10-04T02:30,1.2,3.1,118.0
TOS03001841,2026-10-04T02:45,1.2,2.8,113.0
TOS03001841,2026-10-04T03:00,1.7,3.3,124.0
TOS03001841,2026-10-04T03:15,1.9,3.3,137.0
TOS03001841,2026-10-04T03:30,1.5,2.9,145.0
TOS03001841,2026-10-04T03:45,1.7,3.2,124.0
TOS03001841,2026-10-04T04:00,1.8,3.2,120.0
TOS03001841,2026-10-04T04:15,1.7,3.3,129.0
TOS03001841,2026-10-04T04:30,1.7,3.7,128.0
TOS03001841,2026-10-04T04:45,1.4,3.7,140.0
TOS03001841,2026-10-04T05:00,1.6,2.9,133.0
TOS03001841,2026-10-04T05:15,1.8,3.2,124.0
TOS03001841,2026-10-04T05:30,1.8,3.5,129.0
TOS03001841,2026-10-04T05:45,1.5,2.9,121.0
TOS03001841,2026-10-04T06:00,1.7,3.1,131.0
TOS03001841,2026-10-04T06:15,1.5,2.7,120.0
TOS03001841,2026-10-04T06:30,1.4,2.7,127.0
TOS03001841,2026-10-04T06:45,1.2,2.2,126.0
TOS03001841,2026-10-04T07:00,1.1,2.5,125.0
TOS03001841,2026-10-04T07:15,1.3,2.4,133.0
TOS03001841,2026-10-04T07:30,1.2,2.2,132.0
TOS03001841,2026-10-04T07:45,1.1,3.0,130.0
TOS03001841,2026-10-04T08:00,0.9,2.0,122.0
TOS03001841,2026-10-04T08:15,1.2,2.4,174.0
TOS03001841,2026-10-04T08:30,1.1,2.3,182.0
TOS03001841,2026-10-04T08:45,1.1,2.6,182.0
TOS03001841,2026-10-04T09:00,1.4,3.0,145.0
TOS03001841,2026-10-04T09:15,1.7,3.2,161.0
TOS03001841,2026-10-04T09:30,1.4,2.9,168.0
TOS03001841,2026-10-04T09:45,1.4,3.8,193.0
TOS03001841,2026-10-04T10:00,1.5,2.7,225.0
TOS03001841,2026-10-04T10:15,1.8,2.8,234.0
TOS03001841,2026-10-04T10:30,1.8,3.2,237.0
TOS03001841,2026-10-04T10:45,2.2,3.2,231.0
TOS03001841,2026-10-04T11:00,2.3,3.6,234.0
TOS03001841,2026-10-04T11:15,2.2,3.1,236.0
TOS03001841,2026-10-04T11:30,2.8,3.6,237.0
TOS03001841,2026-10-04T11:45,3.1,4.4,236.0
TOS03001841,2026-10-04T12:00,3.5,4.9,234.0
TOS03001841,2026-10-04T12:15,4.0,5.5,238.0
TOS03001841,2026-10-04T12:30,3.8,5.4,229.0
TOS03001841,2026-10-04T12:45,3.7,6.0,229.0
TOS03001841,2026-10-04T13:00,3.7,7.1,230.0
TOS03001841,2026-10-04T13:15,4.6,7.1,234.0
TOS03001841,2026-10-04T13:30,4.3,7.0,228.0
TOS03001841,2026-10-04T13:45,3.8,6.9,233.0
TOS03001841,2026-10-04T14:00,4.4,7.2,233.0
TOS03001841,2026-10-04T14:15,4.4,6.3,238.0
TOS03001841,2026-10-04T14:30,3.6,5.5,221.0
TOS03001841,2026-10-04T14:45,4.8,7.8,240.0
TOS03001841,2026-10-04T15:00,4.9,7.4,239.0
TOS03001841,2026-10-04T15:15,4.3,7.4,232.0
TOS03001841,2026-10-04T15:30,3.9,6.7,226.0
TOS03001841,2026-10-04T15:45,4.5,7.4,228.0
TOS03001841,2026-10-04T16:00,4.1,7.8,226.0
TOS03001841,2026-10-04T16:15,4.0,6.3,228.0
TOS03001841,2026-10-04T16:30,4.9,6.7,245.0
TOS03001841,2026-10-04T16:45,4.7,6.9,242.0
TOS03001841,2026-10-04T17:00,4.7,7.0,244.0
TOS03001841,2026-10-04T17:15,3.8,5.0,242.0
TOS03001841,2026-10-04T17:30,3.2,4.7,242.0
TOS03001841,2026-10-04T17:45,2.5,3.4,237.0
TOS03001841,2026-10-04T18:00,1.7,2.4,227.0
TOS03001841,2026-10-04T18:15,2.2,3.1,243.0
TOS03001841,2026-10-04T18:30,2.5,3.4,238.0
TOS03001841,2026-10-04T18:45,2.0,3.2,241.0
TOS03001841,2026-10-04T19:00,2.2,3.2,245.0
TOS03001841,2026-10-04T19:15,1.5,3.0,318.0
TOS03001841,2026-10-04T19:30,1.3,2.3,38.0
TOS03001841,2026-10-04T19:45,1.0,2.2,77.0
TOS03001841,2026-10-04T20:00,1.7,5.4,27.0
TOS03001841,2026-10-04T20:15,2.0,5.1,26.0
TOS03001841,2026-10-04T20:30,2.0,4.8,23.0
TOS03001841,2026-10-04T20:45,1.7,3.6,28.0
TOS03001841,2026-10-04T21:00,1.3,3.6,64.0
TOS03001841,2026-10-04T21:15,1.3,3.2,82.0
TOS03001841,2026-10-04T21:30,1.1,2.2,54.0
TOS03001841,2026-10-04T21:45,1.3,2.9,36.0
TOS03001841,2026-10-04T22:00,1.2,2.3,31.0
TOS03001841,2026-10-04T22:15,1.5,2.8,319.0
TOS03001841,2026-10-04T22:30,1.2,1.8,296.0
TOS03001841,2026-10-04T22:45,1.6,2.8,254.0
TOS03001841,2026-10-04T23:00,2.0,3.1,254.0
TOS03001841,2026-10-04T23:15,1.1,1.8,352.0
TOS03001841,2026-10-04T23:30,1.1,2.1,339.0
TOS03001841,2026-10-04T23:45,1.3,2.1,273.0
TOS03001963,2026-10-04T00:00,2.8,0.0,101.0
TOS03001963,2026-10-04T00:15,2.8,0.0,98.0
TOS03001963,2026-10-04T00:30,3.0,0.0,101.0
TOS03001963,2026-10-04T00:45,2.9,0.0,103.0
TOS03001963,2026-10-04T01:00,3.2,0.0,104.0
TOS03001963,2026-10-04T01:15,3.1,0.0,104.0
TOS03001963,2026-10-04T01:30,2.8,0.0,97.0
TOS03001963,2026-10-04T01:45,3.1,0.0,98.0
TOS03001963,2026-10-04T02:00,2.8,0.0,86.0
TOS03001963,2026-10-04T02:15,2.3,0.0,88.0
TOS03001963,2026-10-04T02:30,2.8,0.0,93.0
TOS03001963,2026-10-04T02:45,2.4,0.0,88.0
TOS03001963,2026-10-04T03:00,2.2,0.0,89.0
TOS03001963,2026-10-04T03:15,2.3,0.0,96.0
TOS03001963,2026-10-04T03:30,2.5,0.0,93.0
TOS03001963,2026-10-04T03:45,2.5,0.0,93.0
TOS03001963,2026-10-04T04:00,2.4,0.0,96.0
TOS03001963,2026-10-04T04:15,2.4,0.0,95.0
TOS03001963,2026-10-04T04:30,2.8,0.0,99.0
TOS03001963,2026-10-04T04:45,2.8,0.0,99.0
TOS03001963,2026-10-04T05:00,2.9,0.0,99.0
TOS03001963,2026-10-04T05:15,2.8,0.0,91.0
TOS03001963,2026-10-04T05:30,2.8,0.0,96.0
TOS03001963,2026-10-04T05:45,2.3,0.0,91.0
TOS03001963,2026-10-04T06:00,2.4,0.0,94.0
TOS03001963,2026-10-04T06:15,2.4,0.0,106.0
TOS03001963,2026-10-04T06:30,1.9,0.0,88.0
TOS03001963,2026-10-04T06:45,2.2,0.0,92.0
TOS03001963,2026-10-04T07:00,2.0,0.0,83.0
TOS03001963,2026-10-04T07:15,2.3,0.0,77.0
TOS03001963,2026-10-04T07:30,2.5,0.0,90.0
TOS03001963,2026-10-04T07:45,2.8,0.0,82.0
TOS03001963,2026-10-04T08:00,2.4,0.0,79.0
TOS03001963,2026-10-04T08:15,2.6,0.0,80.0
TOS03001963,2026-10-04T08:30,2.4,0.0,86.0
TOS03001963,2026-10-04T08:45,2.7,0.0,80.0
TOS03001963,2026-10-04T09:00,2.7,0.0,74.0
TOS03001963,2026-10-04T09:15,2.8,0.0,75.0
TOS03001963,2026-10-04T09:30,2.9,0.0,77.0
TOS03001963,2026-10-04T09:45,3.0,0.0,71.0
TOS03001963,2026-10-04T10:00,2.9,0.0,76.0
TOS03001963,2026-10-04T10:15,2.5,0.0,60.0
TOS03001963,2026-10-04T10:30,1.7,0.0,51.0
TOS03001963,2026-10-04T10:45,1.3,0.0,46.0
TOS03001963,2026-10-04T11:00,1.1,0.0,5.0
TOS03001963,2026-10-04T11:15,1.1,0.0,4.0
TOS03001963,2026-10-04T11:30,0.9,0.0,143.0
TOS03001963,2026-10-04T11:45,1.2,0.0,335.0
TOS03001963,2026-10-04T12:00,1.0,0.0,291.0
TOS03001963,2026-10-04T12:15,1.3,0.0,271.0
TOS03001963,2026-10-04T12:30,1.5,0.0,260.0
TOS03001963,2026-10-04T12:45,1.5,0.0,268.0
TOS03001963,2026-10-04T13:00,1.9,0.0,275.0
TOS03001963,2026-10-04T13:15,1.8,0.0,261.0
TOS03001963,2026-10-04T13:30,1.7,0.0,270.0
TOS03001963,2026-10-04T13:45,1.9,0.0,268.0
TOS03001963,2026-10-04T14:00,1.9,0.0,259.0
TOS03001963,2026-10-04T14:15,1.6,0.0,268.0
TOS03001963,2026-10-04T14:30,1.9,0.0,256.0
TOS03001963,2026-10-04T14:45,1.6,0.0,262.0
TOS03001963,2026-10-04T15:00,1.6,0.0,268.0
TOS03001963,2026-10-04T15:15,1.8,0.0,266.0
TOS03001963,2026-10-04T15:30,1.6,0.0,262.0
TOS03001963,2026-10-04T15:45,1.7,0.0,259.0
TOS03001963,2026-10-04T16:00,1.7,0.0,259.0
TOS03001963,2026-10-04T16:15,1.4,0.0,261.0
TOS03001963,2026-10-04T16:30,1.5,0.0,255.0
TOS03001963,2026-10-04T16:45,1.2,0.0,267.0
TOS03001963,2026-10-04T17:00,1.1,0.0,254.0
TOS03001963,2026-10-04T17:15,1.0,0.0,262.0
TOS03001963,2026-10-04T17:30,0.8,0.0,274.0
TOS03001963,2026-10-04T17:45,0.5,0.0,236.0
TOS03001963,2026-10-04T18:00,0.3,0.0,202.0
TOS03001963,2026-10-04T18:15,0.4,0.0,199.0
TOS03001963,2026-10-04T18:30,0.7,0.0,210.0
TOS03001963,2026-10-04T18:45,0.6,0.0,197.0
TOS03001963,2026-10-04T19:00,0.6,0.0,186.0
TOS03001963,2026-10-04T19:15,0.6,0.0,180.0
TOS03001963,2026-10-04T19:30,0.5,0.0,152.0
TOS03001963,2026-10-04T19:45,0.5,0.0,130.0
TOS03001963,2026-10-04T20:00,0.6,0.0,125.0
TOS03001963,2026-10-04T20:15,0.8,0.0,122.0
TOS03001963,2026-10-04T20:30,0.8,0.0,117.0
TOS03001963,2026-10-04T20:45,0.8,0.0,119.0
TOS03001963,2026-10-04T21:00,0.8,0.0,113.0
TOS03001963,2026-10-04T21:15,0.7,0.0,118.0
TOS03001963,2026-10-04T21:30,0.7,0.0,113.0
TOS03001963,2026-10-04T21:45,0.8,0.0,112.0
TOS03001963,2026-10-04T22:00,0.8,0.0,120.0
TOS03001963,2026-10-04T22:15,0.9,0.0,115.0
TOS03001963,2026-10-04T22:30,0.9,0.0,117.0
TOS03001963,2026-10-04T22:45,0.9,0.0,114.0
TOS03001963,2026-10-04T23:00,0.7,0.0,119.0
TOS03001963,2026-10-04T23:15,0.6,0.0,116.0
TOS03001963,2026-10-04T23:30,0.7,0.0,111.0
TOS03001963,2026-10-04T23:45,0.5,0.0,115.0
TOS11000001,2026-10-04T00:00,0.4,1.4,131.0
TOS11000001,2026-10-04T00:15,0.6,1.0,192.0
TOS11000001,2026-10-04T00:30,0.8,1.1,222.0
TOS11000001,2026-10-04T00:45,0.6,1.4,187.0
TOS11000001,2026-10-04T01:00,0.6,1.0,262.0
TOS11000001,2026-10-04T01:15,1.3,2.3,207.0
TOS11000001,2026-10-04T01:30,1.3,1.7,213.0
TOS11000001,2026-10-04T01:45,0.6,1.0,250.0
TOS11000001,2026-10-04T02:00,0.4,0.8,4.0
TOS11000001,2026-10-04T02:15,0.2,0.7,296.0
TOS11000001,2026-10-04T02:30,0.4,1.0,152.0
TOS11000001,2026-10-04T02:45,0.4,0.8,149.0
TOS11000001,2026-10-04T03:00,0.7,1.2,143.0
TOS11000001,2026-10-04T03:15,0.6,1.0,194.0
TOS11000001,2026-10-04T03:30,1.0,1.8,200.0
TOS11000001,2026-10-04T03:45,1.0,1.5,233.0
TOS11000001,2026-10-04T04:00,1.1,1.6,234.0
TOS11000001,2026-10-04T04:15,0.9,1.3,234.0
TOS11000001,2026-10-04T04:30,0.7,1.2,252.0
TOS11000001,2026-10-04T04:45,0.5,0.9,287.0
TOS11000001,2026-10-04T05:00,1.2,1.7,225.0
TOS11000001,2026-10-04T05:15,0.9,1.5,241.0
TOS11000001,2026-10-04T05:30,1.1,1.7,218.0
TOS11000001,2026-10-04T05:45,0.5,1.0,172.0
TOS11000001,2026-10-04T06:00,0.5,0.9,51.0
TOS11000001,2026-10-04T06:15,0.6,1.2,105.0
TOS11000001,2026-10-04T06:30,0.5,1.1,108.0
TOS11000001,2026-10-04T06:45,0.5,0.9,107.0
TOS11000001,2026-10-04T07:00,0.4,0.6,86.0
TOS11000001,2026-10-04T07:15,0.4,0.6,163.0
TOS11000001,2026-10-04T07:30,0.8,1.5,191.0
TOS11000001,2026-10-04T07:45,0.9,1.4,186.0
TOS11000001,2026-10-04T08:00,0.8,1.1,167.0
TOS11000001,2026-10-04T08:15,0.4,0.9,120.0
TOS11000001,2026-10-04T08:30,0.5,1.0,102.0
TOS11000001,2026-10-04T08:45,0.7,1.3,174.0
TOS11000001,2026-10-04T09:00,0.6,1.4,198.0
TOS11000001,2026-10-04T09:15,0.7,1.6,203.0
TOS11000001,2026-10-04T09:30,0.7,2.1,143.0
TOS11000001,2026-10-04T09:45,0.9,2.3,78.0
TOS11000001,2026-10-04T10:00,0.7,1.4,197.0
TOS11000001,2026-10-04T10:15,0.8,2.2,301.0
TOS11000001,2026-10-04T10:30,0.9,1.8,95.0
TOS11000001,2026-10-04T10:45,0.9,1.7,353.0
TOS11000001,2026-10-04T11:00,1.0,1.7,279.0
TOS11000001,2026-10-04T11:15,0.9,2.1,305.0
TOS11000001,2026-10-04T11:30,0.9,1.7,294.0
TOS11000001,2026-10-04T11:45,1.3,2.6,216.0
TOS11000001,2026-10-04T12:00,1.2,2.9,165.0
TOS11000001,2026-10-04T12:15,1.6,3.5,274.0
TOS11000001,2026-10-04T12:30,1.3,3.1,202.0
TOS11000001,2026-10-04T12:45,1.4,3.4,209.0
TOS11000001,2026-10-04T13:00,1.0,2.6,297.0
TOS11000001,2026-10-04T13:15,2.8,5.5,232.0
TOS11000001,2026-10-04T13:30,2.6,4.8,278.0
TOS11000001,2026-10-04T13:45,2.7,4.9,251.0
TOS11000001,2026-10-04T14:00,2.9,5.3,255.0
TOS11000001,2026-10-04T14:15,3.4,6.1,253.0
TOS11000001,2026-10-04T14:30,3.7,5.4,248.0
TOS11000001,2026-10-04T14:45,2.7,4.8,262.0
TOS11000001,2026-10-04T15:00,2.3,4.1,275.0
TOS11000001,2026-10-04T15:15,2.9,4.9,259.0
TOS11000001,2026-10-04T15:30,2.2,3.8,289.0
TOS11000001,2026-10-04T15:45,1.8,4.0,285.0
TOS11000001,2026-10-04T16:00,1.8,3.6,286.0
TOS11000001,2026-10-04T16:15,1.6,3.0,289.0
TOS11000001,2026-10-04T16:30,1.8,3.6,273.0
TOS11000001,2026-10-04T16:45,1.9,3.7,269.0
TOS11000001,2026-10-04T17:00,1.6,4.1,292.0
TOS11000001,2026-10-04T17:15,1.7,3.4,303.0
TOS11000001,2026-10-04T17:30,1.0,2.4,291.0
TOS11000001,2026-10-04T17:45,1.0,2.1,294.0
TOS11000001,2026-10-04T18:00,0.8,1.6,296.0
TOS11000001,2026-10-04T18:15,0.4,0.8,272.0
TOS11000001,2026-10-04T18:30,0.4,1.0,47.0
TOS11000001,2026-10-04T18:45,0.5,0.7,218.0
TOS11000001,2026-10-04T19:00,0.3,0.5,206.0
TOS11000001,2026-10-04T19:15,0.2,0.3,121.0
TOS11000001,2026-10-04T19:30,0.5,0.7,57.0
TOS11000001,2026-10-04T19:45,0.5,0.6,130.0
TOS11000001,2026-10-04T20:00,0.2,0.6,95.0
TOS11000001,2026-10-04T20:15,0.4,0.8,170.0
TOS11000001,2026-10-04T20:30,0.7,1.1,147.0
TOS11000001,2026-10-04T20:45,0.5,0.9,136.0
TOS11000001,2026-10-04T21:00,0.7,1.1,69.0
TOS11000001,2026-10-04T21:15,0.9,1.3,98.0
TOS11000001,2026-10-04T21:30,0.9,1.1,109.0
TOS11000001,2026-10-04T21:45,0.7,1.0,103.0
TOS11000001,2026-10-04T22:00,0.4,0.7,149.0
TOS11000001,2026-10-04T22:15,0.7,1.1,170.0
TOS11000001,2026-10-04T22:30,0.4,0.8,112.0
TOS11000001,2026-10-04T22:45,0.3,0.5,95.0
TOS11000001,2026-10-04T23:00,0.4,0.7,178.0
TOS11000001,2026-10-04T23:15,0.5,0.9,296.0
TOS11000001,2026-10-04T23:30,0.5,0.7,108.0
TOS11000001,2026-10-04T23:45,0.7,1.1,151.0
TOS11000011,2026-10-04T08:30,1.2,1.9,17.0
TOS11000011,2026-10-04T08:45,1.0,1.7,18.0
TOS11000011,2026-10-04T09:00,0.9,1.7,34.0
TOS11000011,2026-10-04T09:15,0.4,1.2,327.0
TOS11000011,2026-10-04T09:30,0.6,1.3,92.0
TOS11000011,2026-10-04T09:45,0.9,2.0,177.0
TOS11000011,2026-10-04T10:00,1.6,3.6,149.0
TOS11000011,2026-10-04T10:15,1.5,3.7,173.0
TOS11000011,2026-10-04T10:30,2.1,3.0,209.0
TOS11000011,2026-10-04T10:45,2.0,4.3,168.0
TOS11000011,2026-10-04T11:00,1.9,3.6,199.0
TOS11000011,2026-10-04T11:15,2.0,5.0,222.0
TOS11000011,2026-10-04T11:30,2.6,4.0,242.0
TOS11000011,2026-10-04T11:45,3.0,4.4,257.0
TOS11000011,2026-10-04T12:00,2.7,4.4,252.0
TOS11000011,2026-10-04T12:15,2.9,5.1,244.0
TOS11000011,2026-10-04T12:30,3.1,4.5,237.0
TOS11000011,2026-10-04T12:45,3.5,4.9,231.0
TOS11000011,2026-10-04T13:00,3.1,4.8,238.0
TOS11000011,2026-10-04T13:15,3.2,4.9,247.0
TOS11000011,2026-10-04T13:30,3.1,5.5,242.0
TOS11000011,2026-10-04T13:45,3.1,4.8,250.0
TOS11000011,2026-10-04T14:00,3.1,4.8,254.0
TOS11000011,2026-10-04T14:15,3.3,4.8,262.0
TOS11000011,2026-10-04T14:30,3.5,4.8,240.0
TOS11000011,2026-10-04T14:45,3.0,4.8,265.0
TOS11000011,2026-10-04T15:00,2.6,4.5,280.0
TOS11000011,2026-10-04T15:15,2.8,4.4,269.0
TOS11000011,2026-10-04T15:30,2.7,4.3,279.0
TOS11000011,2026-10-04T15:45,2.2,4.0,278.0
TOS11000011,2026-10-04T16:00,2.4,4.1,291.0
TOS11000011,2026-10-04T16:15,2.6,4.3,280.0
TOS11000011,2026-10-04T16:30,3.1,4.8,278.0
TOS11000011,2026-10-04T16:45,2.2,4.3,285.0
TOS11000011,2026-10-04T17:00,2.2,3.4,280.0
TOS11000011,2026-10-04T17:15,2.0,3.7,279.0
TOS11000011,2026-10-04T17:30,1.1,2.4,284.0
TOS11000011,2026-10-04T17:45,1.1,2.0,294.0
TOS11000011,2026-10-04T18:00,0.5,1.0,327.0
TOS11000011,2026-10-04T18:15,0.3,0.7,33.0
TOS11000011,2026-10-04T18:30,0.2,0.4,109.0
TOS11000011,2026-10-04T18:45,0.4,0.7,23.0
TOS11000011,2026-10-04T19:00,0.4,0.8,45.0
TOS11000011,2026-10-04T19:15,0.2,0.6,201.0
TOS11000011,2026-10-04T19:30,0.2,0.5,218.0
TOS11000011,2026-10-04T19:45,0.3,0.7,106.0
TOS11000011,2026-10-04T20:00,0.5,0.7,25.0
TOS11000011,2026-10-04T20:15,0.4,0.8,34.0
TOS11000011,2026-10-04T20:30,0.5,0.9,106.0
TOS11000011,2026-10-04T20:45,0.5,0.9,42.0
TOS11000011,2026-10-04T21:00,0.5,0.8,74.0
TOS11000011,2026-10-04T21:15,0.5,0.9,102.0
TOS11000020,2026-10-04T00:00,0.3,0.9,162.0
TOS11000020,2026-10-04T00:15,0.5,1.2,76.0
TOS11000020,2026-10-04T00:30,0.5,1.3,96.0
TOS11000020,2026-10-04T00:45,0.5,1.3,101.0
TOS11000020,2026-10-04T01:00,0.5,1.3,95.0
TOS11000020,2026-10-04T01:15,0.5,1.3,92.0
TOS11000020,2026-10-04T01:30,0.6,1.4,94.0
TOS11000020,2026-10-04T01:45,0.5,1.4,93.0
TOS11000020,2026-10-04T02:00,0.6,1.2,90.0
TOS11000020,2026-10-04T02:15,0.5,1.6,80.0
TOS11000020,2026-10-04T02:30,0.6,1.2,83.0
TOS11000020,2026-10-04T02:45,0.5,1.5,93.0
TOS11000020,2026-10-04T03:00,0.6,1.3,96.0
TOS11000020,2026-10-04T03:15,0.5,1.3,100.0
TOS11000020,2026-10-04T03:30,0.5,1.3,94.0
TOS11000020,2026-10-04T03:45,0.5,1.4,70.0
TOS11000020,2026-10-04T04:00,0.6,1.4,62.0
TOS11000020,2026-10-04T04:15,0.5,1.2,70.0
TOS11000020,2026-10-04T04:30,0.6,1.5,56.0
TOS11000020,2026-10-04T04:45,0.6,1.4,56.0
TOS11000020,2026-10-04T05:00,0.6,1.4,54.0
TOS11000020,2026-10-04T05:15,0.6,1.3,56.0
TOS11000020,2026-10-04T05:30,0.6,1.4,62.0
TOS11000020,2026-10-04T05:45,0.5,1.4,87.0
TOS11000020,2026-10-04T06:00,0.5,1.1,87.0
TOS11000020,2026-10-04T06:15,0.5,1.1,91.0
TOS11000020,2026-10-04T06:30,0.4,1.2,85.0
TOS11000020,2026-10-04T06:45,0.5,1.4,91.0
TOS11000020,2026-10-04T07:00,0.6,1.4,105.0
TOS11000020,2026-10-04T07:15,0.5,1.2,97.0
TOS11000020,2026-10-04T07:30,0.7,1.5,104.0
TOS11000020,2026-10-04T07:45,0.4,1.1,117.0
TOS11000020,2026-10-04T08:00,1.3,2.7,106.0
TOS11000020,2026-10-04T08:15,1.0,2.9,107.0
TOS11000020,2026-10-04T08:30,1.5,3.1,114.0
TOS11000020,2026-10-04T08:45,1.6,2.6,118.0
TOS11000020,2026-10-04T09:00,1.5,2.7,109.0
TOS11000020,2026-10-04T09:15,1.5,3.5,106.0
TOS11000020,2026-10-04T09:30,1.4,2.7,126.0
TOS11000020,2026-10-04T09:45,1.4,2.7,137.0
TOS11000020,2026-10-04T10:00,1.4,2.9,141.0
TOS11000020,2026-10-04T10:15,1.5,2.8,149.0
TOS11000020,2026-10-04T10:30,1.3,2.5,165.0
TOS11000020,2026-10-04T10:45,1.1,2.2,183.0
TOS11000020,2026-10-04T11:00,1.1,2.5,201.0
TOS11000020,2026-10-04T11:15,1.1,2.3,210.0
TOS11000020,2026-10-04T11:30,1.1,1.9,213.0
TOS11000020,2026-10-04T11:45,1.2,3.8,226.0
TOS11000020,2026-10-04T12:00,1.0,2.2,230.0
TOS11000020,2026-10-04T12:15,0.9,2.2,254.0
TOS11000020,2026-10-04T12:30,1.0,2.2,247.0
TOS11000020,2026-10-04T12:45,1.0,2.3,208.0
TOS11000020,2026-10-04T13:00,1.4,3.4,207.0
TOS11000020,2026-10-04T13:15,1.1,2.9,227.0
TOS11000020,2026-10-04T13:30,1.1,2.7,245.0
TOS11000020,2026-10-04T13:45,1.1,2.7,271.0
TOS11000020,2026-10-04T14:00,1.0,2.0,251.0
TOS11000020,2026-10-04T14:15,1.1,2.6,289.0
TOS11000020,2026-10-04T14:30,1.2,3.9,286.0
TOS11000020,2026-10-04T14:45,1.4,3.3,310.0
TOS11000020,2026-10-04T15:00,1.3,4.3,306.0
TOS11000020,2026-10-04T15:15,1.4,3.4,307.0
TOS11000020,2026-10-04T15:30,1.4,2.8,307.0
TOS11000020,2026-10-04T15:45,1.3,2.7,297.0
TOS11000020,2026-10-04T16:00,1.3,2.5,295.0
TOS11000020,2026-10-04T16:15,1.1,2.4,295.0
TOS11000020,2026-10-04T16:30,1.3,2.7,306.0
TOS11000020,2026-10-04T16:45,1.3,3.2,302.0
TOS11000020,2026-10-04T17:00,1.2,3.0,302.0
TOS11000020,2026-10-04T17:15,1.1,2.1,305.0
TOS11000020,2026-10-04T17:30,1.0,1.6,303.0
TOS11000020,2026-10-04T17:45,1.3,1.8,309.0
TOS11000020,2026-10-04T18:00,1.2,1.7,311.0
TOS11000020,2026-10-04T18:15,1.1,1.6,322.0
TOS11000020,2026-10-04T18:30,1.1,1.5,322.0
TOS11000020,2026-10-04T18:45,0.9,1.2,327.0
TOS11000020,2026-10-04T19:00,0.9,1.2,326.0
TOS11000020,2026-10-04T19:15,0.9,1.3,336.0
TOS11000020,2026-10-04T19:30,0.8,1.1,339.0
TOS11000020,2026-10-04T19:45,0.9,1.3,342.0
TOS11000020,2026-10-04T20:00,0.9,1.4,348.0
TOS11000020,2026-10-04T20:15,0.8,1.4,343.0
TOS11000020,2026-10-04T20:30,0.9,1.2,357.0
TOS11000020,2026-10-04T20:45,0.7,1.0,355.0
TOS11000020,2026-10-04T21:00,0.7,1.1,351.0
TOS11000020,2026-10-04T21:15,0.7,1.1,352.0
TOS11000020,2026-10-04T21:30,0.6,0.8,350.0
TOS11000020,2026-10-04T21:45,0.5,0.8,6.0
TOS11000020,2026-10-04T22:00,0.6,0.9,355.0
TOS11000020,2026-10-04T22:15,0.6,0.9,355.0
TOS11000020,2026-10-04T22:30,0.6,0.8,8.0
TOS11000020,2026-10-04T22:45,0.6,0.8,358.0
TOS11000020,2026-10-04T23:00,0.6,0.8,356.0
TOS11000020,2026-10-04T23:15,0.5,0.7,0.0
TOS11000020,2026-10-04T23:30,0.6,0.8,354.0
TOS11000020,2026-10-04T23:45,0.6,0.9,347.0
TOS11000027,2026-10-04T00:00,0.6,0.8,1.0
TOS11000027,2026-10-04T00:15,0.3,0.7,39.0
TOS11000027,2026-10-04T00:30,0.2,0.5,193.0
TOS11000027,2026-10-04T00:45,0.2,0.4,49.0
TOS11000027,2026-10-04T01:00,0.2,0.7,220.0
TOS11000027,2026-10-04T01:15,0.4,0.7,245.0
TOS11000027,2026-10-04T01:30,0.3,0.6,258.0
TOS11000027,2026-10-04T01:45,0.6,1.0,353.0
TOS11000027,2026-10-04T02:00,0.3,0.6,288.0
TOS11000027,2026-10-04T02:15,0.6,1.0,281.0
TOS11000027,2026-10-04T02:30,0.3,0.8,284.0
TOS11000027,2026-10-04T02:45,0.3,0.5,259.0
TOS11000027,2026-10-04T03:00,0.3,0.6,332.0
TOS11000027,2026-10-04T03:15,0.0,0.2,356.0
TOS11000027,2026-10-04T03:30,0.4,0.5,357.0
TOS11000027,2026-10-04T03:45,0.6,1.4,205.0
TOS11000027,2026-10-04T04:00,0.9,2.0,4.0
TOS11000027,2026-10-04T04:15,0.6,1.3,337.0
TOS11000027,2026-10-04T04:30,0.6,0.9,241.0
TOS11000027,2026-10-04T04:45,0.3,1.0,21.0
TOS11000027,2026-10-04T05:00,1.0,2.4,44.0
TOS11000027,2026-10-04T05:15,0.7,1.5,24.0
TOS11000027,2026-10-04T05:30,0.4,0.7,164.0
TOS11000027,2026-10-04T05:45,0.3,0.9,235.0
TOS11000027,2026-10-04T06:00,0.2,0.9,23.0
TOS11000027,2026-10-04T06:15,0.6,1.4,56.0
TOS11000027,2026-10-04T06:30,0.5,1.2,174.0
TOS11000027,2026-10-04T06:45,0.5,0.8,162.0
TOS11000027,2026-10-04T07:00,0.0,0.2,214.0
TOS11000027,2026-10-04T07:15,0.3,0.8,206.0
TOS11000027,2026-10-04T07:30,0.3,0.8,195.0
TOS11000027,2026-10-04T07:45,0.3,0.8,21.0
TOS11000027,2026-10-04T08:00,0.4,1.0,39.0
TOS11000027,2026-10-04T08:15,0.4,1.1,38.0
TOS11000027,2026-10-04T08:30,0.7,1.3,29.0
TOS11000027,2026-10-04T08:45,0.2,0.7,224.0
TOS11000027,2026-10-04T09:00,0.2,1.2,202.0
TOS11000027,2026-10-04T09:15,0.4,0.9,184.0
TOS11000027,2026-10-04T09:30,0.6,1.1,169.0
TOS11000027,2026-10-04T09:45,0.5,1.6,175.0
TOS11000027,2026-10-04T10:00,0.5,1.2,167.0
TOS11000027,2026-10-04T10:15,0.5,1.2,169.0
TOS11000027,2026-10-04T10:30,0.4,1.3,170.0
TOS11000027,2026-10-04T10:45,0.7,1.9,177.0
TOS11000027,2026-10-04T11:00,0.4,0.7,192.0
TOS11000027,2026-10-04T11:15,0.5,1.8,190.0
TOS11000027,2026-10-04T11:30,0.4,1.7,180.0
TOS11000027,2026-10-04T11:45,0.9,2.0,179.0
TOS11000027,2026-10-04T12:00,0.5,1.6,180.0
TOS11000027,2026-10-04T12:15,0.6,1.8,190.0
TOS11000027,2026-10-04T12:30,0.5,1.8,219.0
TOS11000027,2026-10-04T12:45,0.5,1.4,190.0
TOS11000027,2026-10-04T13:00,0.7,1.7,194.0
TOS11000027,2026-10-04T13:15,0.7,1.7,183.0
TOS11000027,2026-10-04T13:30,0.6,1.6,184.0
TOS11000027,2026-10-04T13:45,0.5,1.2,194.0
TOS11000027,2026-10-04T14:00,0.7,1.2,204.0
TOS11000027,2026-10-04T14:15,0.7,1.6,199.0
TOS11000027,2026-10-04T14:30,0.7,1.8,182.0
TOS11000027,2026-10-04T14:45,0.7,1.7,177.0
TOS11000027,2026-10-04T15:00,0.5,1.1,204.0
TOS11000027,2026-10-04T15:15,0.7,1.7,199.0
TOS11000027,2026-10-04T15:30,0.5,1.1,224.0
TOS11000027,2026-10-04T15:45,0.3,1.4,209.0
TOS11000027,2026-10-04T16:00,0.4,0.9,186.0
TOS11000027,2026-10-04T16:15,0.5,1.7,178.0
TOS11000027,2026-10-04T16:30,0.4,0.9,171.0
TOS11000027,2026-10-04T16:45,0.2,0.6,184.0
TOS11000027,2026-10-04T17:00,0.1,0.5,156.0
TOS11000027,2026-10-04T17:15,0.1,0.5,180.0
TOS11000027,2026-10-04T17:30,0.2,0.8,163.0
TOS11000027,2026-10-04T17:45,0.1,0.4,180.0
TOS11000027,2026-10-04T18:00,0.2,0.5,248.0
TOS11000027,2026-10-04T18:15,0.7,1.0,330.0
TOS11000027,2026-10-04T18:30,0.7,1.5,351.0
TOS11000027,2026-10-04T18:45,0.2,0.7,225.0
TOS11000027,2026-10-04T19:00,0.3,0.6,222.0
TOS11000027,2026-10-04T19:15,0.4,0.6,284.0
TOS11000027,2026-10-04T19:30,0.3,0.8,323.0
TOS11000027,2026-10-04T19:45,0.3,0.7,238.0
TOS11000027,2026-10-04T20:00,0.3,0.6,222.0
TOS11000027,2026-10-04T20:15,0.2,0.6,334.0
TOS11000027,2026-10-04T20:30,0.1,0.4,236.0
TOS11000027,2026-10-04T20:45,0.6,1.0,184.0
TOS11000027,2026-10-04T21:00,0.3,0.8,254.0
TOS11000027,2026-10-04T21:15,0.6,1.6,357.0
TOS11000027,2026-10-04T21:30,1.1,1.5,343.0
TOS11000027,2026-10-04T21:45,0.3,0.5,326.0
TOS11000027,2026-10-04T22:00,0.4,0.7,238.0
TOS11000027,2026-10-04T22:15,0.3,0.9,231.0
TOS11000027,2026-10-04T22:30,0.1,0.5,2.0
TOS11000027,2026-10-04T22:45,0.3,0.5,26.0
TOS11000027,2026-10-04T23:00,0.6,1.0,353.0
TOS11000027,2026-10-04T23:15,0.1,0.4,239.0
TOS11000027,2026-10-04T23:30,0.4,0.6,255.0
TOS11000027,2026-10-04T23:45,0.3,0.5,272.0
TOS11000029,2026-10-04T00:00,1.4,3.1,41.0
TOS11000029,2026-10-04T00:15,1.2,2.6,38.0
TOS11000029,2026-10-04T00:30,1.6,2.8,30.0
TOS11000029,2026-10-04T00:45,1.5,2.7,25.0
TOS11000029,2026-10-04T01:00,1.4,2.6,21.0
TOS11000029,2026-10-04T01:15,1.4,2.7,21.0
TOS11000029,2026-10-04T01:30,1.5,2.3,20.0
TOS11000029,2026-10-04T01:45,1.4,2.6,21.0
TOS11000029,2026-10-04T02:00,1.8,3.2,17.0
TOS11000029,2026-10-04T02:15,1.0,2.3,9.0
TOS11000029,2026-10-04T02:30,0.9,2.1,1.0
TOS11000029,2026-10-04T02:45,1.0,2.2,1.0
TOS11000029,2026-10-04T03:00,0.8,1.7,11.0
TOS11000029,2026-10-04T03:15,1.3,2.2,23.0
TOS11000029,2026-10-04T03:30,1.4,2.8,30.0
TOS11000029,2026-10-04T03:45,1.4,2.2,27.0
TOS11000029,2026-10-04T04:00,1.2,2.4,22.0
TOS11000029,2026-10-04T04:15,1.3,2.5,21.0
TOS11000029,2026-10-04T04:30,1.2,2.2,23.0
TOS11000029,2026-10-04T04:45,1.3,2.6,25.0
TOS11000029,2026-10-04T05:00,1.3,2.2,29.0
TOS11000029,2026-10-04T05:15,1.3,2.2,24.0
TOS11000029,2026-10-04T05:30,0.9,2.0,26.0
TOS11000029,2026-10-04T05:45,1.0,2.3,50.0
TOS11000029,2026-10-04T06:00,1.1,2.0,72.0
TOS11000029,2026-10-04T06:15,1.0,2.1,66.0
TOS11000029,2026-10-04T06:30,1.0,2.1,55.0
TOS11000029,2026-10-04T06:45,0.6,1.7,16.0
TOS11000029,2026-10-04T07:00,0.9,1.9,37.0
TOS11000029,2026-10-04T07:15,1.0,2.3,29.0
TOS11000029,2026-10-04T07:30,0.9,2.0,36.0
TOS11000029,2026-10-04T07:45,1.0,1.7,33.0
TOS11000029,2026-10-04T08:00,0.6,1.5,35.0
TOS11000029,2026-10-04T08:15,1.0,2.1,56.0
TOS11000029,2026-10-04T08:30,0.9,1.7,69.0
TOS11000029,2026-10-04T08:45,0.9,1.4,86.0
TOS11000029,2026-10-04T09:00,1.0,2.2,106.0
TOS11000029,2026-10-04T09:15,1.3,2.8,106.0
TOS11000029,2026-10-04T09:30,0.8,1.4,94.0
TOS11000029,2026-10-04T09:45,1.1,2.7,121.0
TOS11000029,2026-10-04T10:00,1.0,2.6,124.0
TOS11000029,2026-10-04T10:15,1.4,3.6,120.0
TOS11000029,2026-10-04T10:30,1.2,4.0,127.0
TOS11000029,2026-10-04T10:45,1.0,3.2,132.0
TOS11000029,2026-10-04T11:00,1.1,3.8,127.0
TOS11000029,2026-10-04T11:15,1.1,3.4,167.0
TOS11000029,2026-10-04T11:30,1.5,4.1,186.0
TOS11000029,2026-10-04T11:45,1.7,4.3,175.0
TOS11000029,2026-10-04T12:00,1.7,4.0,161.0
TOS11000029,2026-10-04T12:15,1.5,3.4,135.0
TOS11000029,2026-10-04T12:30,1.8,4.0,178.0
TOS11000029,2026-10-04T12:45,2.0,4.5,170.0
TOS11000029,2026-10-04T13:00,1.6,4.3,161.0
TOS11000029,2026-10-04T13:15,1.9,4.0,163.0
TOS11000029,2026-10-04T13:30,1.8,4.7,151.0
TOS11000029,2026-10-04T13:45,1.7,4.3,171.0
TOS11000029,2026-10-04T14:00,1.6,3.6,186.0
TOS11000029,2026-10-04T14:15,2.0,5.5,185.0
TOS11000029,2026-10-04T14:30,1.7,4.0,185.0
TOS11000029,2026-10-04T14:45,1.8,4.0,178.0
TOS11000029,2026-10-04T15:00,1.5,3.5,196.0
TOS11000029,2026-10-04T15:15,1.7,3.1,205.0
TOS11000029,2026-10-04T15:30,1.7,3.5,192.0
TOS11000029,2026-10-04T15:45,1.1,3.3,194.0
TOS11000029,2026-10-04T16:00,1.1,2.6,196.0
TOS11000029,2026-10-04T16:15,1.3,3.1,192.0
TOS11000029,2026-10-04T16:30,1.1,2.2,166.0
TOS11000029,2026-10-04T16:45,0.8,2.4,146.0
TOS11000029,2026-10-04T17:00,1.1,1.8,184.0
TOS11000029,2026-10-04T17:15,0.6,1.3,160.0
TOS11000029,2026-10-04T17:30,0.6,1.4,152.0
TOS11000029,2026-10-04T17:45,0.5,1.0,25.0
TOS11000029,2026-10-04T18:00,0.8,2.2,15.0
TOS11000029,2026-10-04T18:15,1.3,3.0,19.0
TOS11000029,2026-10-04T18:30,1.6,3.1,22.0
TOS11000029,2026-10-04T18:45,1.3,2.3,27.0
TOS11000029,2026-10-04T19:00,1.5,2.9,21.0
TOS11000029,2026-10-04T19:15,1.1,2.5,21.0
TOS11000029,2026-10-04T19:30,1.2,2.2,27.0
TOS11000029,2026-10-04T19:45,1.3,2.1,21.0
TOS11000029,2026-10-04T20:00,1.5,2.9,22.0
TOS11000029,2026-10-04T20:15,1.7,3.5,15.0
TOS11000029,2026-10-04T20:30,1.8,3.0,24.0
TOS11000029,2026-10-04T20:45,1.5,2.9,24.0
TOS11000029,2026-10-04T21:00,1.3,2.5,26.0
TOS11000029,2026-10-04T21:15,1.1,2.2,18.0
TOS11000029,2026-10-04T21:30,1.5,2.6,12.0
TOS11000029,2026-10-04T21:45,1.2,2.1,21.0
TOS11000029,2026-10-04T22:00,1.0,1.9,21.0
TOS11000029,2026-10-04T22:15,1.0,2.2,37.0
TOS11000029,2026-10-04T22:30,1.0,2.0,39.0
TOS11000029,2026-10-04T22:45,1.3,2.6,37.0
TOS11000029,2026-10-04T23:00,1.4,3.0,34.0
TOS11000029,2026-10-04T23:15,1.4,3.2,27.0
TOS11000029,2026-10-04T23:30,1.1,2.4,24.0
TOS11000029,2026-10-04T23:45,1.4,2.7,28.0
TOS11000031,2026-10-04T00:00,0.6,1.3,318.0
TOS11000031,2026-10-04T00:15,0.6,0.9,314.0
TOS11000031,2026-10-04T00:30,0.5,1.1,317.0
TOS11000031,2026-10-04T00:45,0.7,1.1,319.0
TOS11000031,2026-10-04T01:00,0.8,1.3,325.0
TOS11000031,2026-10-04T01:15,0.4,1.0,327.0
TOS11000031,2026-10-04T01:30,0.5,0.9,323.0
TOS11000031,2026-10-04T01:45,0.4,0.9,312.0
TOS11000031,2026-10-04T02:00,0.6,1.0,320.0
TOS11000031,2026-10-04T02:15,0.4,0.8,315.0
TOS11000031,2026-10-04T02:30,0.4,0.8,327.0
TOS11000031,2026-10-04T02:45,0.4,0.9,329.0
TOS11000031,2026-10-04T03:00,0.3,0.6,289.0
TOS11000031,2026-10-04T03:15,0.6,1.2,318.0
TOS11000031,2026-10-04T03:30,0.6,1.2,333.0
TOS11000031,2026-10-04T03:45,0.5,1.0,324.0
TOS11000031,2026-10-04T04:00,0.3,0.5,326.0
TOS11000031,2026-10-04T04:15,0.2,0.5,333.0
TOS11000031,2026-10-04T04:30,0.5,1.0,312.0
TOS11000031,2026-10-04T04:45,0.5,1.0,329.0
TOS11000031,2026-10-04T05:00,0.6,1.0,328.0
TOS11000031,2026-10-04T05:15,0.7,1.1,315.0
TOS11000031,2026-10-04T05:30,0.5,1.0,346.0
TOS11000031,2026-10-04T05:45,0.5,0.8,318.0
TOS11000031,2026-10-04T06:00,0.4,0.8,318.0
TOS11000031,2026-10-04T06:15,0.4,0.8,300.0
TOS11000031,2026-10-04T06:30,0.3,0.6,351.0
TOS11000031,2026-10-04T06:45,0.3,0.7,357.0
TOS11000031,2026-10-04T07:00,0.2,0.7,307.0
TOS11000031,2026-10-04T07:15,0.3,0.6,298.0
TOS11000031,2026-10-04T07:30,0.3,0.6,351.0
TOS11000031,2026-10-04T07:45,0.3,0.5,335.0
TOS11000031,2026-10-04T08:00,0.3,0.6,62.0
TOS11000031,2026-10-04T08:15,0.4,0.7,278.0
TOS11000031,2026-10-04T08:30,0.8,1.8,161.0
TOS11000031,2026-10-04T08:45,0.9,2.0,162.0
TOS11000031,2026-10-04T09:00,1.0,2.5,146.0
TOS11000031,2026-10-04T09:15,1.0,2.1,163.0
TOS11000031,2026-10-04T09:30,0.9,2.2,108.0
TOS11000031,2026-10-04T09:45,1.1,1.9,139.0
TOS11000031,2026-10-04T10:00,1.1,2.5,147.0
TOS11000031,2026-10-04T10:15,0.8,1.9,46.0
TOS11000031,2026-10-04T10:30,1.0,2.2,138.0
TOS11000031,2026-10-04T10:45,1.2,2.6,159.0
TOS11000031,2026-10-04T11:00,1.2,2.8,160.0
TOS11000031,2026-10-04T11:15,1.5,2.7,158.0
TOS11000031,2026-10-04T11:30,1.2,2.4,154.0
TOS11000031,2026-10-04T11:45,1.5,2.9,130.0
TOS11000031,2026-10-04T12:00,1.2,2.5,165.0
TOS11000031,2026-10-04T12:15,1.3,2.5,155.0
TOS11000031,2026-10-04T12:30,1.4,3.1,167.0
TOS11000031,2026-10-04T12:45,0.9,2.1,253.0
TOS11000031,2026-10-04T13:00,0.9,2.1,234.0
TOS11000031,2026-10-04T13:15,1.1,2.7,166.0
TOS11000031,2026-10-04T13:30,1.2,2.7,251.0
TOS11000031,2026-10-04T13:45,1.3,2.6,257.0
TOS11000031,2026-10-04T14:00,1.1,2.6,257.0
TOS11000031,2026-10-04T14:15,1.4,3.4,277.0
TOS11000031,2026-10-04T14:30,1.3,3.2,261.0
TOS11000031,2026-10-04T14:45,1.3,2.9,236.0
TOS11000031,2026-10-04T15:00,1.3,3.5,243.0
TOS11000031,2026-10-04T15:15,1.4,3.0,200.0
TOS11000031,2026-10-04T15:30,1.6,3.6,265.0
TOS11000031,2026-10-04T15:45,1.7,3.5,249.0
TOS11000031,2026-10-04T16:00,1.7,3.3,259.0
TOS11000031,2026-10-04T16:15,1.7,3.5,261.0
TOS11000031,2026-10-04T16:30,1.8,3.8,279.0
TOS11000031,2026-10-04T16:45,1.8,3.6,272.0
TOS11000031,2026-10-04T17:00,1.6,3.4,271.0
TOS11000031,2026-10-04T17:15,1.6,3.1,280.0
TOS11000031,2026-10-04T17:30,1.2,3.7,287.0
TOS11000031,2026-10-04T17:45,1.4,3.2,282.0
TOS11000031,2026-10-04T18:00,1.2,2.2,274.0
TOS11000031,2026-10-04T18:15,0.8,1.9,287.0
TOS11000031,2026-10-04T18:30,0.9,1.7,308.0
TOS11000031,2026-10-04T18:45,0.5,1.1,300.0
TOS11000031,2026-10-04T19:00,0.4,1.0,341.0
TOS11000031,2026-10-04T19:15,0.3,0.8,54.0
TOS11000031,2026-10-04T19:30,0.3,0.7,358.0
TOS11000031,2026-10-04T19:45,0.3,0.4,352.0
TOS11000031,2026-10-04T20:00,0.3,0.6,3.0
TOS11000031,2026-10-04T20:15,0.5,0.8,331.0
TOS11000031,2026-10-04T20:30,0.4,0.7,345.0
TOS11000031,2026-10-04T20:45,0.5,0.8,342.0
TOS11000031,2026-10-04T21:00,0.2,0.5,351.0
TOS11000031,2026-10-04T21:15,0.3,0.6,356.0
TOS11000031,2026-10-04T21:30,0.3,0.6,327.0
TOS11000031,2026-10-04T21:45,0.5,0.7,327.0
TOS11000031,2026-10-04T22:00,0.4,0.6,321.0
TOS11000031,2026-10-04T22:15,0.4,0.9,343.0
TOS11000031,2026-10-04T22:30,0.3,0.6,322.0
TOS11000031,2026-10-04T22:45,0.4,0.8,344.0
TOS11000031,2026-10-04T23:00,0.4,0.9,330.0
TOS11000031,2026-10-04T23:15,0.4,0.8,318.0
TOS11000031,2026-10-04T23:30,0.3,0.7,329.0
TOS11000031,2026-10-04T23:45,0.6,1.4,320.0
TOS11000032,2026-10-04T00:00,1.8,2.6,6.0
TOS11000032,2026-10-04T00:15,1.8,2.7,0.0
TOS11000032,2026-10-04T00:30,1.7,2.6,352.0
TOS11000032,2026-10-04T00:45,2.3,3.4,1.0
TOS11000032,2026-10-04T01:00,1.1,2.2,353.0
TOS11000032,2026-10-04T01:15,1.3,2.2,353.0
TOS11000032,2026-10-04T01:30,0.6,1.3,332.0
TOS11000032,2026-10-04T01:45,1.0,2.1,339.0
TOS11000032,2026-10-04T02:00,1.5,2.5,350.0
TOS11000032,2026-10-04T02:15,1.5,2.3,11.0
TOS11000032,2026-10-04T02:30,1.5,2.7,354.0
TOS11000032,2026-10-04T02:45,1.8,2.7,349.0
TOS11000032,2026-10-04T03:00,1.6,2.5,347.0
TOS11000032,2026-10-04T03:15,1.8,2.8,350.0
TOS11000032,2026-10-04T03:30,1.4,2.3,354.0
TOS11000032,2026-10-04T03:45,1.4,2.2,357.0
TOS11000032,2026-10-04T04:00,1.3,2.1,359.0
TOS11000032,2026-10-04T04:15,1.2,2.3,349.0
TOS11000032,2026-10-04T04:30,0.9,1.6,302.0
TOS11000032,2026-10-04T04:45,0.6,1.6,348.0
TOS11000032,2026-10-04T05:00,0.8,1.3,335.0
TOS11000032,2026-10-04T05:15,0.6,1.6,335.0
TOS11000032,2026-10-04T05:30,1.3,1.9,341.0
TOS11000032,2026-10-04T05:45,0.9,1.7,343.0
TOS11000032,2026-10-04T06:00,0.7,1.2,312.0
TOS11000032,2026-10-04T06:15,1.2,2.5,349.0
TOS11000032,2026-10-04T06:30,1.3,2.3,344.0
TOS11000032,2026-10-04T06:45,0.8,1.5,327.0
TOS11000032,2026-10-04T07:00,0.7,1.2,12.0
TOS11000032,2026-10-04T07:15,1.2,2.2,347.0
TOS11000032,2026-10-04T07:30,1.2,1.9,339.0
TOS11000032,2026-10-04T07:45,0.6,1.4,172.0
TOS11000032,2026-10-04T08:00,0.8,2.0,45.0
TOS11000032,2026-10-04T08:15,0.8,1.3,227.0
TOS11000032,2026-10-04T08:30,0.9,1.5,124.0
TOS11000032,2026-10-04T08:45,0.8,1.4,141.0
TOS11000032,2026-10-04T09:00,1.3,2.0,142.0
TOS11000032,2026-10-04T09:15,1.1,2.1,162.0
TOS11000032,2026-10-04T09:30,1.1,2.1,159.0
TOS11000032,2026-10-04T09:45,1.1,2.4,154.0
TOS11000032,2026-10-04T10:00,1.2,2.6,162.0
TOS11000032,2026-10-04T10:15,1.1,2.1,226.0
TOS11000032,2026-10-04T10:30,1.2,2.4,197.0
TOS11000032,2026-10-04T10:45,1.1,2.3,173.0
TOS11000032,2026-10-04T11:00,1.0,2.6,157.0
TOS11000032,2026-10-04T11:15,1.1,2.5,166.0
TOS11000032,2026-10-04T11:30,1.6,2.9,186.0
TOS11000032,2026-10-04T11:45,1.8,3.4,171.0
TOS11000032,2026-10-04T12:00,1.9,3.7,167.0
TOS11000032,2026-10-04T12:15,1.3,2.6,194.0
TOS11000032,2026-10-04T12:30,1.6,3.3,182.0
TOS11000032,2026-10-04T12:45,1.3,3.0,154.0
TOS11000032,2026-10-04T13:00,1.5,3.1,204.0
TOS11000032,2026-10-04T13:15,1.8,3.3,170.0
TOS11000032,2026-10-04T13:30,1.1,2.3,193.0
TOS11000032,2026-10-04T13:45,1.1,2.6,218.0
TOS11000032,2026-10-04T14:00,1.4,3.2,181.0
TOS11000032,2026-10-04T14:15,1.6,3.0,159.0
TOS11000032,2026-10-04T14:30,1.2,3.4,193.0
TOS11000032,2026-10-04T14:45,1.1,2.8,181.0
TOS11000032,2026-10-04T15:00,1.3,3.2,171.0
TOS11000032,2026-10-04T15:15,1.4,2.9,171.0
TOS11000032,2026-10-04T15:30,1.5,3.9,168.0
TOS11000032,2026-10-04T15:45,1.9,4.1,173.0
TOS11000032,2026-10-04T16:00,1.8,3.5,162.0
TOS11000032,2026-10-04T16:15,1.5,3.1,171.0
TOS11000032,2026-10-04T16:30,1.3,2.6,171.0
TOS11000032,2026-10-04T16:45,1.2,3.3,165.0
TOS11000032,2026-10-04T17:00,1.0,2.7,164.0
TOS11000032,2026-10-04T17:15,0.6,1.7,148.0
TOS11000032,2026-10-04T17:30,0.6,1.3,13.0
TOS11000032,2026-10-04T17:45,0.9,1.6,352.0
TOS11000032,2026-10-04T18:00,1.1,1.8,354.0
TOS11000032,2026-10-04T18:15,1.2,1.8,344.0
TOS11000032,2026-10-04T18:30,1.6,2.9,342.0
TOS11000032,2026-10-04T18:45,0.9,1.6,349.0
TOS11000032,2026-10-04T19:00,1.1,1.9,346.0
TOS11000032,2026-10-04T19:15,1.3,1.8,343.0
TOS11000032,2026-10-04T19:30,0.9,2.0,343.0
TOS11000032,2026-10-04T19:45,1.4,2.4,349.0
TOS11000032,2026-10-04T20:00,1.7,2.6,359.0
TOS11000032,2026-10-04T20:15,2.2,3.4,10.0
TOS11000032,2026-10-04T20:30,2.2,3.7,11.0
TOS11000032,2026-10-04T20:45,1.9,3.6,16.0
TOS11000032,2026-10-04T21:00,1.4,2.3,23.0
TOS11000032,2026-10-04T21:15,1.7,2.5,3.0
TOS11000032,2026-10-04T21:30,1.8,2.8,357.0
TOS11000032,2026-10-04T21:45,1.7,2.8,352.0
TOS11000032,2026-10-04T22:00,1.6,2.6,354.0
TOS11000032,2026-10-04T22:15,1.8,2.8,6.0
TOS11000032,2026-10-04T22:30,1.5,2.9,4.0
TOS11000032,2026-10-04T22:45,0.9,2.0,347.0
TOS11000032,2026-10-04T23:00,1.3,2.3,341.0
TOS11000032,2026-10-04T23:15,1.6,3.0,352.0
TOS11000032,2026-10-04T23:30,1.3,3.4,326.0
TOS11000032,2026-10-04T23:45,0.5,1.4,303.0
TOS11000033,2026-10-04T00:00,0.8,1.8,272.0
TOS11000033,2026-10-04T00:15,1.1,1.9,253.0
TOS11000033,2026-10-04T00:30,1.0,1.8,246.0
TOS11000033,2026-10-04T00:45,0.9,2.0,256.0
TOS11000033,2026-10-04T01:00,0.9,1.7,258.0
TOS11000033,2026-10-04T01:15,0.8,1.6,249.0
TOS11000033,2026-10-04T01:30,0.6,1.3,202.0
TOS11000033,2026-10-04T01:45,0.7,1.9,237.0
TOS11000033,2026-10-04T02:00,0.8,1.7,247.0
TOS11000033,2026-10-04T02:15,0.7,1.5,243.0
TOS11000033,2026-10-04T02:30,0.6,1.4,236.0
TOS11000033,2026-10-04T02:45,0.4,0.8,178.0
TOS11000033,2026-10-04T03:00,0.6,1.2,231.0
TOS11000033,2026-10-04T03:15,0.5,0.9,235.0
TOS11000033,2026-10-04T03:30,0.6,1.3,239.0
TOS11000033,2026-10-04T03:45,0.5,1.3,186.0
TOS11000033,2026-10-04T04:00,0.6,1.7,235.0
TOS11000033,2026-10-04T04:15,0.5,1.3,211.0
TOS11000033,2026-10-04T04:30,0.6,1.4,240.0
TOS11000033,2026-10-04T04:45,0.6,1.2,246.0
TOS11000033,2026-10-04T05:00,0.9,1.6,264.0
TOS11000033,2026-10-04T05:15,0.8,1.8,266.0
TOS11000033,2026-10-04T05:30,0.8,1.7,252.0
TOS11000033,2026-10-04T05:45,0.8,1.7,256.0
TOS11000033,2026-10-04T06:00,0.8,1.5,266.0
TOS11000033,2026-10-04T06:15,0.9,1.6,251.0
TOS11000033,2026-10-04T06:30,0.9,1.8,255.0
TOS11000033,2026-10-04T06:45,0.6,1.7,234.0
TOS11000033,2026-10-04T07:00,0.4,1.4,236.0
TOS11000033,2026-10-04T07:15,0.7,1.2,247.0
TOS11000033,2026-10-04T07:30,0.5,1.2,217.0
TOS11000033,2026-10-04T07:45,0.2,0.5,231.0
TOS11000033,2026-10-04T08:00,0.4,0.7,132.0
TOS11000033,2026-10-04T08:15,0.3,0.6,76.0
TOS11000033,2026-10-04T08:30,0.4,1.1,105.0
TOS11000033,2026-10-04T08:45,0.2,0.6,64.0
TOS11000033,2026-10-04T09:00,0.7,1.0,118.0
TOS11000033,2026-10-04T09:15,0.5,1.0,135.0
TOS11000033,2026-10-04T09:30,0.4,0.9,19.0
TOS11000033,2026-10-04T09:45,0.8,1.6,27.0
TOS11000033,2026-10-04T10:00,0.7,1.7,56.0
TOS11000033,2026-10-04T10:15,1.0,2.0,112.0
TOS11000033,2026-10-04T10:30,1.0,2.0,19.0
TOS11000033,2026-10-04T10:45,1.1,2.4,53.0
TOS11000033,2026-10-04T11:00,1.1,2.5,30.0
TOS11000033,2026-10-04T11:15,0.9,2.3,25.0
TOS11000033,2026-10-04T11:30,1.0,2.3,44.0
TOS11000033,2026-10-04T11:45,1.0,2.8,118.0
TOS11000033,2026-10-04T12:00,1.2,2.8,67.0
TOS11000033,2026-10-04T12:15,0.8,2.8,58.0
TOS11000033,2026-10-04T12:30,1.0,2.7,105.0
TOS11000033,2026-10-04T12:45,0.8,1.6,116.0
TOS11000033,2026-10-04T13:00,1.1,2.9,279.0
TOS11000033,2026-10-04T13:15,0.9,2.0,215.0
TOS11000033,2026-10-04T13:30,0.9,2.4,24.0
TOS11000033,2026-10-04T13:45,0.9,1.9,234.0
TOS11000033,2026-10-04T14:00,0.7,1.5,224.0
TOS11000033,2026-10-04T14:15,0.6,1.3,196.0
TOS11000033,2026-10-04T14:30,0.7,1.2,205.0
TOS11000033,2026-10-04T14:45,0.9,1.6,201.0
TOS11000033,2026-10-04T15:00,0.6,1.2,282.0
TOS11000033,2026-10-04T15:15,0.6,1.0,203.0
TOS11000033,2026-10-04T15:30,0.7,2.8,196.0
TOS11000033,2026-10-04T15:45,2.0,3.9,298.0
TOS11000033,2026-10-04T16:00,2.2,4.0,307.0
TOS11000033,2026-10-04T16:15,1.8,3.3,305.0
TOS11000033,2026-10-04T16:30,1.3,3.2,294.0
TOS11000033,2026-10-04T16:45,1.1,2.8,277.0
TOS11000033,2026-10-04T17:00,0.8,1.8,285.0
TOS11000033,2026-10-04T17:15,0.8,2.1,270.0
TOS11000033,2026-10-04T17:30,0.7,1.4,273.0
TOS11000033,2026-10-04T17:45,0.7,1.6,271.0
TOS11000033,2026-10-04T18:00,0.7,1.3,265.0
TOS11000033,2026-10-04T18:15,0.5,1.0,220.0
TOS11000033,2026-10-04T18:30,1.0,1.6,188.0
TOS11000033,2026-10-04T18:45,0.7,1.4,207.0
TOS11000033,2026-10-04T19:00,0.7,1.5,212.0
TOS11000033,2026-10-04T19:15,0.7,1.8,240.0
TOS11000033,2026-10-04T19:30,0.7,1.8,251.0
TOS11000033,2026-10-04T19:45,0.9,2.1,251.0
TOS11000033,2026-10-04T20:00,0.7,2.0,258.0
TOS11000033,2026-10-04T20:15,0.9,1.7,260.0
TOS11000033,2026-10-04T20:30,1.0,2.3,261.0
TOS11000033,2026-10-04T20:45,1.2,2.5,261.0
TOS11000033,2026-10-04T21:00,1.4,2.3,264.0
TOS11000033,2026-10-04T21:15,1.0,1.9,258.0
TOS11000033,2026-10-04T21:30,1.2,1.8,263.0
TOS11000033,2026-10-04T21:45,1.2,2.2,268.0
TOS11000033,2026-10-04T22:00,1.3,1.9,268.0
TOS11000033,2026-10-04T22:15,1.3,2.3,261.0
TOS11000033,2026-10-04T22:30,1.2,2.2,261.0
TOS11000033,2026-10-04T22:45,1.0,2.5,269.0
TOS11000033,2026-10-04T23:00,1.4,2.2,270.0
TOS11000033,2026-10-04T23:15,0.7,2.2,252.0
TOS11000033,2026-10-04T23:30,0.9,2.0,268.0
TOS11000033,2026-10-04T23:45,0.9,2.0,273.0
TOS11000034,2026-10-04T00:00,0.3,0.9,303.0
TOS11000034,2026-10-04T00:15,0.4,1.1,317.0
TOS11000034,2026-10-04T00:30,0.4,1.2,313.0
TOS11000034,2026-10-04T00:45,0.4,1.1,317.0
TOS11000034,2026-10-04T01:00,0.4,1.3,299.0
TOS11000034,2026-10-04T01:15,0.4,0.8,314.0
TOS11000034,2026-10-04T01:30,0.4,1.1,287.0
TOS11000034,2026-10-04T01:45,0.3,0.7,315.0
TOS11000034,2026-10-04T02:00,0.4,0.9,326.0
TOS11000034,2026-10-04T02:15,0.6,1.6,333.0
TOS11000034,2026-10-04T02:30,0.5,2.1,325.0
TOS11000034,2026-10-04T02:45,0.4,0.9,322.0
TOS11000034,2026-10-04T03:00,0.4,1.1,332.0
TOS11000034,2026-10-04T03:15,0.3,0.7,302.0
TOS11000034,2026-10-04T03:30,0.3,1.0,340.0
TOS11000034,2026-10-04T03:45,0.3,0.8,334.0
TOS11000034,2026-10-04T04:00,0.4,0.9,255.0
TOS11000034,2026-10-04T04:15,0.3,0.7,307.0
TOS11000034,2026-10-04T04:30,0.3,0.8,314.0
TOS11000034,2026-10-04T04:45,0.4,1.4,312.0
TOS11000034,2026-10-04T05:00,0.2,0.4,327.0
TOS11000034,2026-10-04T05:15,0.2,0.6,310.0
TOS11000034,2026-10-04T05:30,0.4,0.7,327.0
TOS11000034,2026-10-04T05:45,0.3,0.9,305.0
TOS11000034,2026-10-04T06:00,0.3,0.8,343.0
TOS11000034,2026-10-04T06:15,0.2,0.5,322.0
TOS11000034,2026-10-04T06:30,0.2,0.4,322.0
TOS11000034,2026-10-04T06:45,0.3,0.7,324.0
TOS11000034,2026-10-04T07:00,0.3,0.8,315.0
TOS11000034,2026-10-04T07:15,0.4,1.2,314.0
TOS11000034,2026-10-04T07:30,0.5,1.7,283.0
TOS11000034,2026-10-04T07:45,0.3,0.7,311.0
TOS11000034,2026-10-04T08:00,0.5,1.3,246.0
TOS11000034,2026-10-04T08:15,0.5,1.2,206.0
TOS11000034,2026-10-04T08:30,0.5,1.1,155.0
TOS11000034,2026-10-04T08:45,0.7,1.4,145.0
TOS11000034,2026-10-04T09:00,0.8,1.7,208.0
TOS11000034,2026-10-04T09:15,0.9,1.9,169.0
TOS11000034,2026-10-04T09:30,0.8,1.6,151.0
TOS11000034,2026-10-04T09:45,0.9,1.7,201.0
TOS11000034,2026-10-04T10:00,1.0,2.1,177.0
TOS11000034,2026-10-04T10:15,1.3,2.2,181.0
TOS11000034,2026-10-04T10:30,1.4,3.3,172.0
TOS11000034,2026-10-04T10:45,1.5,2.8,171.0
TOS11000034,2026-10-04T11:00,1.7,2.8,161.0
TOS11000034,2026-10-04T11:15,1.7,3.0,171.0
TOS11000034,2026-10-04T11:30,1.7,3.0,169.0
TOS11000034,2026-10-04T11:45,2.0,3.5,177.0
TOS11000034,2026-10-04T12:00,2.1,3.7,155.0
TOS11000034,2026-10-04T12:15,2.3,3.6,152.0
TOS11000034,2026-10-04T12:30,2.0,3.7,162.0
TOS11000034,2026-10-04T12:45,1.7,3.1,162.0
TOS11000034,2026-10-04T13:00,1.7,3.2,163.0
TOS11000034,2026-10-04T13:15,1.7,3.2,177.0
TOS11000034,2026-10-04T13:30,1.9,3.8,228.0
TOS11000034,2026-10-04T13:45,2.7,4.7,237.0
TOS11000034,2026-10-04T14:00,2.4,4.6,230.0
TOS11000034,2026-10-04T14:15,2.1,4.7,232.0
TOS11000034,2026-10-04T14:30,2.3,4.6,233.0
TOS11000034,2026-10-04T14:45,2.6,4.4,230.0
TOS11000034,2026-10-04T15:00,2.4,4.9,239.0
TOS11000034,2026-10-04T15:15,2.4,5.2,237.0
TOS11000034,2026-10-04T15:30,2.6,5.1,238.0
TOS11000034,2026-10-04T15:45,2.6,5.2,237.0
TOS11000034,2026-10-04T16:00,2.6,5.8,239.0
TOS11000034,2026-10-04T16:15,2.1,4.0,238.0
TOS11000034,2026-10-04T16:30,2.3,3.8,240.0
TOS11000034,2026-10-04T16:45,1.9,3.7,241.0
TOS11000034,2026-10-04T17:00,1.7,3.2,236.0
TOS11000034,2026-10-04T17:15,1.7,3.4,233.0
TOS11000034,2026-10-04T17:30,1.4,2.6,240.0
TOS11000034,2026-10-04T17:45,1.0,1.9,245.0
TOS11000034,2026-10-04T18:00,0.4,1.1,249.0
TOS11000034,2026-10-04T18:15,0.2,0.4,301.0
TOS11000034,2026-10-04T18:30,0.3,1.1,279.0
TOS11000034,2026-10-04T18:45,0.2,0.5,325.0
TOS11000034,2026-10-04T19:00,0.4,1.0,327.0
TOS11000034,2026-10-04T19:15,0.5,1.2,316.0
TOS11000034,2026-10-04T19:30,0.5,2.4,288.0
TOS11000034,2026-10-04T19:45,0.4,1.1,323.0
TOS11000034,2026-10-04T20:00,0.5,0.9,329.0
TOS11000034,2026-10-04T20:15,0.4,1.1,303.0
TOS11000034,2026-10-04T20:30,0.6,1.1,203.0
TOS11000034,2026-10-04T20:45,0.3,1.2,302.0
TOS11000034,2026-10-04T21:00,0.3,1.1,311.0
TOS11000034,2026-10-04T21:15,0.2,0.6,356.0
TOS11000034,2026-10-04T21:30,0.3,1.0,308.0
TOS11000034,2026-10-04T21:45,0.4,0.7,339.0
TOS11000034,2026-10-04T22:00,0.5,1.2,291.0
TOS11000034,2026-10-04T22:15,0.3,0.9,278.0
TOS11000034,2026-10-04T22:30,0.5,1.5,282.0
TOS11000034,2026-10-04T22:45,0.4,1.0,295.0
TOS11000034,2026-10-04T23:00,0.3,0.5,318.0
TOS11000034,2026-10-04T23:15,0.3,0.9,337.0
TOS11000034,2026-10-04T23:30,0.4,2.0,278.0
TOS11000034,2026-10-04T23:45,0.5,1.2,291.0
TOS11000036,2026-10-04T00:00,1.0,1.3,188.0
TOS11000036,2026-10-04T00:15,1.0,1.5,183.0
TOS11000036,2026-10-04T00:30,0.8,1.0,177.0
TOS11000036,2026-10-04T00:45,1.0,1.3,179.0
TOS11000036,2026-10-04T01:00,0.9,1.3,178.0
TOS11000036,2026-10-04T01:15,0.9,1.2,165.0
TOS11000036,2026-10-04T01:30,0.5,1.0,162.0
TOS11000036,2026-10-04T01:45,0.6,1.0,168.0
TOS11000036,2026-10-04T02:00,0.6,1.0,181.0
TOS11000036,2026-10-04T02:15,0.3,0.6,201.0
TOS11000036,2026-10-04T02:30,0.2,0.5,187.0
TOS11000036,2026-10-04T02:45,0.3,1.0,152.0
TOS11000036,2026-10-04T03:00,0.7,1.1,179.0
TOS11000036,2026-10-04T03:15,1.0,1.7,188.0
TOS11000036,2026-10-04T03:30,0.6,1.1,193.0
TOS11000036,2026-10-04T03:45,0.4,0.9,282.0
TOS11000036,2026-10-04T04:00,0.3,0.9,301.0
TOS11000036,2026-10-04T04:15,0.4,0.8,193.0
TOS11000036,2026-10-04T04:30,0.5,1.0,207.0
TOS11000036,2026-10-04T04:45,0.6,1.7,155.0
TOS11000036,2026-10-04T05:00,0.6,2.0,110.0
TOS11000036,2026-10-04T05:15,0.6,2.2,256.0
TOS11000036,2026-10-04T05:30,0.5,1.1,264.0
TOS11000036,2026-10-04T05:45,0.7,1.3,332.0
TOS11000036,2026-10-04T06:00,0.7,1.4,322.0
TOS11000036,2026-10-04T06:15,0.3,0.7,269.0
TOS11000036,2026-10-04T06:30,0.5,0.8,269.0
TOS11000036,2026-10-04T06:45,0.5,1.0,285.0
TOS11000036,2026-10-04T07:00,0.6,1.7,165.0
TOS11000036,2026-10-04T07:15,0.6,1.6,135.0
TOS11000036,2026-10-04T07:30,0.4,0.9,203.0
TOS11000036,2026-10-04T07:45,0.5,1.8,136.0
TOS11000036,2026-10-04T08:00,0.5,1.3,108.0
TOS11000036,2026-10-04T08:15,0.7,2.6,89.0
TOS11000036,2026-10-04T08:30,0.7,1.9,98.0
TOS11000036,2026-10-04T08:45,0.7,1.6,104.0
TOS11000036,2026-10-04T09:00,0.8,2.5,86.0
TOS11000036,2026-10-04T09:15,0.6,1.8,81.0
TOS11000036,2026-10-04T09:30,0.7,2.3,62.0
TOS11000036,2026-10-04T09:45,0.6,1.8,101.0
TOS11000036,2026-10-04T10:00,0.8,2.7,67.0
TOS11000036,2026-10-04T10:15,0.8,2.9,57.0
TOS11000036,2026-10-04T10:30,0.7,2.1,75.0
TOS11000036,2026-10-04T10:45,0.6,2.2,65.0
TOS11000036,2026-10-04T11:00,0.7,2.3,68.0
TOS11000036,2026-10-04T11:15,0.8,3.6,66.0
TOS11000036,2026-10-04T11:30,1.4,3.3,17.0
TOS11000036,2026-10-04T11:45,1.2,2.3,3.0
TOS11000036,2026-10-04T12:00,0.8,2.0,124.0
TOS11000036,2026-10-04T12:15,1.0,2.6,13.0
TOS11000036,2026-10-04T12:30,1.6,3.8,0.0
TOS11000036,2026-10-04T12:45,0.9,2.6,269.0
TOS11000036,2026-10-04T13:00,1.3,2.7,250.0
TOS11000036,2026-10-04T13:15,1.2,3.1,255.0
TOS11000036,2026-10-04T13:30,1.5,3.4,255.0
TOS11000036,2026-10-04T13:45,1.3,2.8,226.0
TOS11000036,2026-10-04T14:00,1.3,3.3,289.0
TOS11000036,2026-10-04T14:15,2.2,4.4,334.0
TOS11000036,2026-10-04T14:30,1.4,3.6,272.0
TOS11000036,2026-10-04T14:45,1.0,2.7,253.0
TOS11000036,2026-10-04T15:00,1.4,3.7,265.0
TOS11000036,2026-10-04T15:15,1.7,4.2,334.0
TOS11000036,2026-10-04T15:30,1.5,4.0,307.0
TOS11000036,2026-10-04T15:45,1.2,4.2,310.0
TOS11000036,2026-10-04T16:00,1.3,3.2,302.0
TOS11000036,2026-10-04T16:15,1.7,4.0,296.0
TOS11000036,2026-10-04T16:30,1.2,2.9,292.0
TOS11000036,2026-10-04T16:45,1.3,2.9,314.0
TOS11000036,2026-10-04T17:00,1.0,2.4,337.0
TOS11000036,2026-10-04T17:15,0.9,2.0,339.0
TOS11000036,2026-10-04T17:30,0.8,1.7,342.0
TOS11000036,2026-10-04T17:45,0.5,1.2,318.0
TOS11000036,2026-10-04T18:00,0.5,1.5,304.0
TOS11000036,2026-10-04T18:15,0.5,1.0,287.0
TOS11000036,2026-10-04T18:30,0.4,0.7,266.0
TOS11000036,2026-10-04T18:45,0.9,1.2,194.0
TOS11000036,2026-10-04T19:00,1.2,1.6,167.0
TOS11000036,2026-10-04T19:15,1.0,1.2,166.0
TOS11000036,2026-10-04T19:30,0.7,1.0,199.0
TOS11000036,2026-10-04T19:45,0.9,1.2,178.0
TOS11000036,2026-10-04T20:00,0.9,2.0,193.0
TOS11000036,2026-10-04T20:15,1.2,1.7,179.0
TOS11000036,2026-10-04T20:30,1.2,2.0,173.0
TOS11000036,2026-10-04T20:45,1.3,1.8,183.0
TOS11000036,2026-10-04T21:00,1.3,1.9,172.0
TOS11000036,2026-10-04T21:15,1.1,1.4,166.0
TOS11000036,2026-10-04T21:30,1.1,1.4,176.0
TOS11000036,2026-10-04T21:45,1.1,1.5,177.0
TOS11000036,2026-10-04T22:00,1.3,1.7,186.0
TOS11000036,2026-10-04T22:15,1.1,1.8,189.0
TOS11000036,2026-10-04T22:30,1.3,1.7,188.0
TOS11000036,2026-10-04T22:45,1.3,1.8,197.0
TOS11000036,2026-10-04T23:00,1.0,1.6,190.0
TOS11000036,2026-10-04T23:15,0.6,1.2,185.0
TOS11000036,2026-10-04T23:30,0.9,1.3,200.0
TOS11000036,2026-10-04T23:45,0.4,1.1,150.0
TOS11000045,2026-10-04T00:00,2.5,3.6,135.0
TOS11000045,2026-10-04T00:15,2.7,3.6,139.0
TOS11000045,2026-10-04T00:30,3.0,4.0,133.0
TOS11000045,2026-10-04T00:45,3.6,5.3,123.0
TOS11000045,2026-10-04T01:00,2.7,3.7,136.0
TOS11000045,2026-10-04T01:15,2.6,3.9,132.0
TOS11000045,2026-10-04T01:30,2.8,4.1,129.0
TOS11000045,2026-10-04T01:45,2.8,4.0,132.0
TOS11000045,2026-10-04T02:00,2.7,4.0,135.0
TOS11000045,2026-10-04T02:15,2.7,3.5,137.0
TOS11000045,2026-10-04T02:30,2.8,4.3,140.0
TOS11000045,2026-10-04T02:45,2.5,3.6,141.0
TOS11000045,2026-10-04T03:00,2.5,3.4,135.0
TOS11000045,2026-10-04T03:15,2.6,3.9,135.0
TOS11000045,2026-10-04T03:30,2.4,3.3,133.0
TOS11000045,2026-10-04T03:45,2.4,2.9,126.0
TOS11000045,2026-10-04T04:00,2.5,3.5,138.0
TOS11000045,2026-10-04T04:15,2.9,4.0,139.0
TOS11000045,2026-10-04T04:30,3.0,4.2,142.0
TOS11000045,2026-10-04T04:45,3.1,4.1,142.0
TOS11000045,2026-10-04T05:00,2.9,4.0,144.0
TOS11000045,2026-10-04T05:15,2.8,4.1,143.0
TOS11000045,2026-10-04T05:30,3.1,4.5,142.0
TOS11000045,2026-10-04T05:45,2.9,4.1,139.0
TOS11000045,2026-10-04T06:00,2.9,4.1,137.0
TOS11000045,2026-10-04T06:15,3.0,4.3,137.0
TOS11000045,2026-10-04T06:30,2.6,3.7,128.0
TOS11000045,2026-10-04T06:45,2.7,3.9,137.0
TOS11000045,2026-10-04T07:00,3.1,4.4,144.0
TOS11000045,2026-10-04T07:15,3.2,4.7,144.0
TOS11000045,2026-10-04T07:30,3.1,4.1,145.0
TOS11000045,2026-10-04T07:45,2.8,4.0,137.0
TOS11000045,2026-10-04T08:00,2.3,2.9,130.0
TOS11000045,2026-10-04T08:15,2.1,2.8,117.0
TOS11000045,2026-10-04T08:30,2.4,3.3,135.0
TOS11000045,2026-10-04T08:45,1.6,2.9,132.0
TOS11000045,2026-10-04T09:00,1.2,2.0,117.0
TOS11000045,2026-10-04T09:15,1.9,3.0,113.0
TOS11000045,2026-10-04T09:30,2.0,3.2,122.0
TOS11000045,2026-10-04T09:45,2.1,2.9,124.0
TOS11000045,2026-10-04T10:00,1.8,2.9,130.0
TOS11000045,2026-10-04T10:15,2.1,3.3,136.0
TOS11000045,2026-10-04T10:30,1.4,2.9,119.0
TOS11000045,2026-10-04T10:45,1.4,2.6,70.0
TOS11000045,2026-10-04T11:00,1.3,2.6,92.0
TOS11000045,2026-10-04T11:15,1.2,3.1,38.0
TOS11000045,2026-10-04T11:30,1.1,2.7,120.0
TOS11000045,2026-10-04T11:45,1.2,2.9,60.0
TOS11000045,2026-10-04T12:00,1.4,3.1,345.0
TOS11000045,2026-10-04T12:15,1.6,3.2,16.0
TOS11000045,2026-10-04T12:30,1.1,2.5,89.0
TOS11000045,2026-10-04T12:45,1.1,2.9,38.0
TOS11000045,2026-10-04T13:00,1.0,2.3,345.0
TOS11000045,2026-10-04T13:15,1.3,3.3,310.0
TOS11000045,2026-10-04T13:30,1.8,3.5,5.0
TOS11000045,2026-10-04T13:45,1.6,3.0,353.0
TOS11000045,2026-10-04T14:00,1.7,3.1,334.0
TOS11000045,2026-10-04T14:15,1.9,3.3,314.0
TOS11000045,2026-10-04T14:30,1.7,3.4,322.0
TOS11000045,2026-10-04T14:45,2.7,3.8,325.0
TOS11000045,2026-10-04T15:00,2.0,4.0,333.0
TOS11000045,2026-10-04T15:15,2.4,4.0,313.0
TOS11000045,2026-10-04T15:30,2.1,4.2,323.0
TOS11000045,2026-10-04T15:45,2.1,3.3,291.0
TOS11000045,2026-10-04T16:00,2.2,4.1,288.0
TOS11000045,2026-10-04T16:15,2.9,4.6,281.0
TOS11000045,2026-10-04T16:30,2.7,4.7,286.0
TOS11000045,2026-10-04T16:45,3.5,6.3,283.0
TOS11000045,2026-10-04T17:00,3.6,5.6,279.0
TOS11000045,2026-10-04T17:15,3.4,5.4,281.0
TOS11000045,2026-10-04T17:30,3.3,5.1,287.0
TOS11000045,2026-10-04T17:45,3.4,5.4,285.0
TOS11000045,2026-10-04T18:00,3.2,5.1,283.0
TOS11000045,2026-10-04T18:15,3.1,4.8,284.0
TOS11000045,2026-10-04T18:30,2.9,4.6,285.0
TOS11000045,2026-10-04T18:45,2.4,4.1,305.0
TOS11000045,2026-10-04T19:00,1.9,2.7,341.0
TOS11000045,2026-10-04T19:15,2.1,3.4,333.0
TOS11000045,2026-10-04T19:30,1.3,2.2,341.0
TOS11000045,2026-10-04T19:45,1.0,1.3,340.0
TOS11000045,2026-10-04T20:00,1.1,1.5,316.0
TOS11000045,2026-10-04T20:15,1.1,1.6,305.0
TOS11000045,2026-10-04T20:30,1.1,1.6,268.0
TOS11000045,2026-10-04T20:45,1.0,1.6,205.0
TOS11000045,2026-10-04T21:00,0.9,1.2,236.0
TOS11000045,2026-10-04T21:15,0.9,1.3,185.0
TOS11000045,2026-10-04T21:30,1.1,1.2,159.0
TOS11000045,2026-10-04T21:45,1.2,1.6,149.0
TOS11000045,2026-10-04T22:00,1.5,2.4,148.0
TOS11000045,2026-10-04T22:15,1.7,2.3,143.0
TOS11000045,2026-10-04T22:30,1.8,2.7,167.0
TOS11000045,2026-10-04T22:45,1.2,2.2,164.0
TOS11000045,2026-10-04T23:00,0.4,0.9,193.0
TOS11000045,2026-10-04T23:15,1.0,1.6,358.0
TOS11000045,2026-10-04T23:30,0.9,1.3,339.0
TOS11000045,2026-10-04T23:45,0.8,1.5,29.0
TOS11000046,2026-10-04T00:00,0.7,1.3,119.0
TOS11000046,2026-10-04T00:15,0.6,1.3,129.0
TOS11000046,2026-10-04T00:30,0.7,1.5,127.0
TOS11000046,2026-10-04T00:45,0.8,1.4,128.0
TOS11000046,2026-10-04T01:00,0.6,1.2,127.0
TOS11000046,2026-10-04T01:15,0.6,1.1,119.0
TOS11000046,2026-10-04T01:30,0.5,1.0,118.0
TOS11000046,2026-10-04T01:45,0.5,1.4,118.0
TOS11000046,2026-10-04T02:00,0.4,0.9,109.0
TOS11000046,2026-10-04T02:15,0.4,0.8,107.0
TOS11000046,2026-10-04T02:30,0.5,1.0,120.0
TOS11000046,2026-10-04T02:45,0.5,0.9,120.0
TOS11000046,2026-10-04T03:00,0.6,1.1,115.0
TOS11000046,2026-10-04T03:15,0.5,1.2,119.0
TOS11000046,2026-10-04T03:30,0.4,0.9,129.0
TOS11000046,2026-10-04T03:45,0.6,1.3,121.0
TOS11000046,2026-10-04T04:00,0.5,0.9,130.0
TOS11000046,2026-10-04T04:15,0.5,1.0,97.0
TOS11000046,2026-10-04T04:30,0.4,0.8,109.0
TOS11000046,2026-10-04T04:45,0.5,0.9,111.0
TOS11000046,2026-10-04T05:00,0.5,1.0,108.0
TOS11000046,2026-10-04T05:15,0.4,0.8,113.0
TOS11000046,2026-10-04T05:30,0.4,0.7,104.0
TOS11000046,2026-10-04T05:45,0.4,0.7,129.0
TOS11000046,2026-10-04T06:00,0.4,0.7,127.0
TOS11000046,2026-10-04T06:15,0.4,0.9,116.0
TOS11000046,2026-10-04T06:30,0.5,1.1,125.0
TOS11000046,2026-10-04T06:45,0.6,1.4,131.0
TOS11000046,2026-10-04T07:00,0.6,1.2,126.0
TOS11000046,2026-10-04T07:15,0.6,1.6,129.0
TOS11000046,2026-10-04T07:30,0.4,0.9,125.0
TOS11000046,2026-10-04T07:45,0.4,0.8,144.0
TOS11000046,2026-10-04T08:00,0.3,0.6,162.0
TOS11000046,2026-10-04T08:15,0.5,1.2,199.0
TOS11000046,2026-10-04T08:30,0.6,1.5,198.0
TOS11000046,2026-10-04T08:45,0.4,1.0,54.0
TOS11000046,2026-10-04T09:00,0.3,1.2,7.0
TOS11000046,2026-10-04T09:15,0.5,1.2,26.0
TOS11000046,2026-10-04T09:30,1.0,2.0,37.0
TOS11000046,2026-10-04T09:45,1.4,2.9,24.0
TOS11000046,2026-10-04T10:00,1.2,2.5,47.0
TOS11000046,2026-10-04T10:15,0.9,2.6,78.0
TOS11000046,2026-10-04T10:30,1.1,3.1,89.0
TOS11000046,2026-10-04T10:45,1.2,2.8,64.0
TOS11000046,2026-10-04T11:00,1.3,2.7,42.0
TOS11000046,2026-10-04T11:15,1.0,2.1,7.0
TOS11000046,2026-10-04T11:30,0.9,2.2,40.0
TOS11000046,2026-10-04T11:45,0.9,2.0,128.0
TOS11000046,2026-10-04T12:00,0.8,2.4,53.0
TOS11000046,2026-10-04T12:15,1.0,2.6,298.0
TOS11000046,2026-10-04T12:30,0.9,2.1,306.0
TOS11000046,2026-10-04T12:45,1.3,2.6,242.0
TOS11000046,2026-10-04T13:00,1.1,2.4,217.0
TOS11000046,2026-10-04T13:15,0.9,2.4,230.0
TOS11000046,2026-10-04T13:30,0.8,1.7,269.0
TOS11000046,2026-10-04T13:45,1.1,2.6,274.0
TOS11000046,2026-10-04T14:00,1.3,2.5,259.0
TOS11000046,2026-10-04T14:15,1.2,3.4,270.0
TOS11000046,2026-10-04T14:30,1.3,3.0,242.0
TOS11000046,2026-10-04T14:45,1.4,2.5,256.0
TOS11000046,2026-10-04T15:00,1.0,1.9,238.0
TOS11000046,2026-10-04T15:15,1.6,3.5,273.0
TOS11000046,2026-10-04T15:30,1.7,3.3,249.0
TOS11000046,2026-10-04T15:45,1.6,4.2,251.0
TOS11000046,2026-10-04T16:00,1.7,3.5,248.0
TOS11000046,2026-10-04T16:15,1.9,3.7,255.0
TOS11000046,2026-10-04T16:30,1.5,3.7,250.0
TOS11000046,2026-10-04T16:45,1.3,2.8,251.0
TOS11000046,2026-10-04T17:00,1.8,4.7,243.0
TOS11000046,2026-10-04T17:15,1.6,4.0,248.0
TOS11000046,2026-10-04T17:30,1.5,3.0,249.0
TOS11000046,2026-10-04T17:45,1.2,2.8,228.0
TOS11000046,2026-10-04T18:00,1.0,2.0,234.0
TOS11000046,2026-10-04T18:15,0.7,1.5,189.0
TOS11000046,2026-10-04T18:30,0.6,1.5,160.0
TOS11000046,2026-10-04T18:45,0.4,1.0,150.0
TOS11000046,2026-10-04T19:00,0.5,1.2,140.0
TOS11000046,2026-10-04T19:15,0.5,1.3,136.0
TOS11000046,2026-10-04T19:30,0.5,1.0,121.0
TOS11000046,2026-10-04T19:45,0.4,1.0,108.0
TOS11000046,2026-10-04T20:00,0.4,0.8,118.0
TOS11000046,2026-10-04T20:15,0.7,1.4,128.0
TOS11000046,2026-10-04T20:30,0.7,2.1,131.0
TOS11000046,2026-10-04T20:45,0.5,0.9,136.0
TOS11000046,2026-10-04T21:00,0.6,1.3,142.0
TOS11000046,2026-10-04T21:15,0.6,1.5,135.0
TOS11000046,2026-10-04T21:30,0.6,1.3,132.0
TOS11000046,2026-10-04T21:45,0.7,1.2,135.0
TOS11000046,2026-10-04T22:00,0.8,2.2,126.0
TOS11000046,2026-10-04T22:15,0.7,1.3,128.0
TOS11000046,2026-10-04T22:30,0.7,1.8,120.0
TOS11000046,2026-10-04T22:45,0.6,1.2,117.0
TOS11000046,2026-10-04T23:00,0.7,1.3,163.0
TOS11000046,2026-10-04T23:15,0.5,1.3,136.0
TOS11000046,2026-10-04T23:30,0.5,1.3,145.0
TOS11000046,2026-10-04T23:45,0.5,1.3,151.0
TOS11000048,2026-10-04T00:00,0.4,0.8,67.0
TOS11000048,2026-10-04T00:15,0.7,1.0,78.0
TOS11000048,2026-10-04T00:30,0.7,1.2,65.0
TOS11000048,2026-10-04T00:45,0.6,1.1,73.0
TOS11000048,2026-10-04T01:00,0.6,1.0,70.0
TOS11000048,2026-10-04T01:15,0.5,0.8,64.0
TOS11000048,2026-10-04T01:30,0.6,0.9,96.0
TOS11000048,2026-10-04T01:45,0.5,1.0,65.0
TOS11000048,2026-10-04T02:00,0.4,0.9,61.0
TOS11000048,2026-10-04T02:15,0.8,1.0,73.0
TOS11000048,2026-10-04T02:30,0.6,1.0,84.0
TOS11000048,2026-10-04T02:45,0.6,1.0,54.0
TOS11000048,2026-10-04T03:00,0.6,1.2,8.0
TOS11000048,2026-10-04T03:15,0.4,0.9,60.0
TOS11000048,2026-10-04T03:30,0.5,0.9,96.0
TOS11000048,2026-10-04T03:45,0.5,0.8,86.0
TOS11000048,2026-10-04T04:00,0.4,0.7,82.0
TOS11000048,2026-10-04T04:15,0.8,1.4,8.0
TOS11000048,2026-10-04T04:30,0.7,1.5,350.0
TOS11000048,2026-10-04T04:45,0.5,0.9,48.0
TOS11000048,2026-10-04T05:00,0.4,0.9,86.0
TOS11000048,2026-10-04T05:15,0.5,0.9,76.0
TOS11000048,2026-10-04T05:30,0.7,1.0,82.0
TOS11000048,2026-10-04T05:45,0.4,0.7,110.0
TOS11000048,2026-10-04T06:00,0.5,1.0,91.0
TOS11000048,2026-10-04T06:15,0.4,1.1,20.0
TOS11000048,2026-10-04T06:30,0.6,1.2,35.0
TOS11000048,2026-10-04T06:45,0.5,1.0,79.0
TOS11000048,2026-10-04T07:00,0.4,0.7,84.0
TOS11000048,2026-10-04T07:15,0.6,0.8,90.0
TOS11000048,2026-10-04T07:30,0.4,0.7,73.0
TOS11000048,2026-10-04T07:45,0.4,0.7,281.0
TOS11000048,2026-10-04T08:00,0.4,0.8,10.0
TOS11000048,2026-10-04T08:15,0.6,1.4,4.0
TOS11000048,2026-10-04T08:30,0.8,1.3,327.0
TOS11000048,2026-10-04T08:45,0.7,1.2,334.0
TOS11000048,2026-10-04T09:00,0.6,1.4,314.0
TOS11000048,2026-10-04T09:15,0.5,1.2,265.0
TOS11000048,2026-10-04T09:30,0.5,1.0,228.0
TOS11000048,2026-10-04T09:45,0.7,1.2,259.0
TOS11000048,2026-10-04T10:00,0.7,1.6,258.0
TOS11000048,2026-10-04T10:15,0.6,1.3,318.0
TOS11000048,2026-10-04T10:30,0.6,1.1,294.0
TOS11000048,2026-10-04T10:45,0.6,1.4,287.0
TOS11000048,2026-10-04T11:00,0.7,1.5,237.0
TOS11000048,2026-10-04T11:15,0.8,1.7,221.0
TOS11000048,2026-10-04T11:30,0.7,2.2,260.0
TOS11000048,2026-10-04T11:45,0.8,1.4,261.0
TOS11000048,2026-10-04T12:00,0.8,2.0,229.0
TOS11000048,2026-10-04T12:15,0.8,1.9,239.0
TOS11000048,2026-10-04T12:30,0.8,1.7,239.0
TOS11000048,2026-10-04T12:45,0.9,2.1,206.0
TOS11000048,2026-10-04T13:00,0.9,2.3,206.0
TOS11000048,2026-10-04T13:15,1.2,2.3,188.0
TOS11000048,2026-10-04T13:30,1.2,2.9,183.0
TOS11000048,2026-10-04T13:45,1.3,3.1,169.0
TOS11000048,2026-10-04T14:00,1.2,2.9,187.0
TOS11000048,2026-10-04T14:15,1.5,2.6,170.0
TOS11000048,2026-10-04T14:30,0.9,2.3,200.0
TOS11000048,2026-10-04T14:45,0.9,1.9,175.0
TOS11000048,2026-10-04T15:00,1.0,2.1,194.0
TOS11000048,2026-10-04T15:15,0.8,1.8,199.0
TOS11000048,2026-10-04T15:30,1.0,2.3,215.0
TOS11000048,2026-10-04T15:45,0.8,2.6,227.0
TOS11000048,2026-10-04T16:00,0.7,2.1,246.0
TOS11000048,2026-10-04T16:15,0.7,1.6,236.0
TOS11000048,2026-10-04T16:30,0.9,1.8,236.0
TOS11000048,2026-10-04T16:45,1.0,1.8,230.0
TOS11000048,2026-10-04T17:00,0.6,1.3,204.0
TOS11000048,2026-10-04T17:15,0.9,1.9,166.0
TOS11000048,2026-10-04T17:30,0.5,1.0,141.0
TOS11000048,2026-10-04T17:45,0.4,1.1,4.0
TOS11000048,2026-10-04T18:00,0.4,1.2,294.0
TOS11000048,2026-10-04T18:15,0.3,0.7,87.0
TOS11000048,2026-10-04T18:30,0.4,0.9,80.0
TOS11000048,2026-10-04T18:45,0.3,0.9,156.0
TOS11000048,2026-10-04T19:00,0.6,1.2,76.0
TOS11000048,2026-10-04T19:15,0.7,1.3,85.0
TOS11000048,2026-10-04T19:30,0.8,1.4,87.0
TOS11000048,2026-10-04T19:45,0.6,1.1,95.0
TOS11000048,2026-10-04T20:00,0.4,0.9,58.0
TOS11000048,2026-10-04T20:15,0.2,0.8,263.0
TOS11000048,2026-10-04T20:30,0.4,0.8,98.0
TOS11000048,2026-10-04T20:45,0.7,1.3,70.0
TOS11000048,2026-10-04T21:00,0.6,1.3,62.0
TOS11000048,2026-10-04T21:15,0.4,0.9,76.0
TOS11000048,2026-10-04T21:30,0.4,0.8,61.0
TOS11000048,2026-10-04T21:45,0.7,1.3,81.0
TOS11000048,2026-10-04T22:00,0.5,1.2,73.0
TOS11000048,2026-10-04T22:15,0.7,1.3,92.0
TOS11000048,2026-10-04T22:30,0.6,1.1,76.0
TOS11000048,2026-10-04T22:45,0.4,0.8,77.0
TOS11000048,2026-10-04T23:00,0.3,1.2,69.0
TOS11000048,2026-10-04T23:15,0.5,0.9,95.0
TOS11000048,2026-10-04T23:30,0.6,1.2,59.0
TOS11000048,2026-10-04T23:45,0.5,1.0,69.0
TOS11000063,2026-10-04T00:00,1.5,2.4,95.0
TOS11000063,2026-10-04T00:15,1.6,2.4,84.0
TOS11000063,2026-10-04T00:30,1.8,2.7,80.0
TOS11000063,2026-10-04T00:45,2.3,3.6,78.0
TOS11000063,2026-10-04T01:00,2.1,3.3,82.0
TOS11000063,2026-10-04T01:15,1.7,2.5,88.0
TOS11000063,2026-10-04T01:30,1.7,2.7,85.0
TOS11000063,2026-10-04T01:45,1.8,2.6,92.0
TOS11000063,2026-10-04T02:00,1.7,2.5,85.0
TOS11000063,2026-10-04T02:15,1.9,2.8,82.0
TOS11000063,2026-10-04T02:30,1.5,2.1,78.0
TOS11000063,2026-10-04T02:45,1.8,2.7,94.0
TOS11000063,2026-10-04T03:00,1.6,2.5,82.0
TOS11000063,2026-10-04T03:15,1.8,2.7,100.0
TOS11000063,2026-10-04T03:30,2.3,3.5,86.0
TOS11000063,2026-10-04T03:45,2.2,4.0,86.0
TOS11000063,2026-10-04T04:00,2.0,2.8,71.0
TOS11000063,2026-10-04T04:15,2.2,3.4,76.0
TOS11000063,2026-10-04T04:30,2.3,3.7,80.0
TOS11000063,2026-10-04T04:45,2.3,3.4,78.0
TOS11000063,2026-10-04T05:00,2.6,4.0,80.0
TOS11000063,2026-10-04T05:15,2.7,4.4,79.0
TOS11000063,2026-10-04T05:30,2.7,4.2,80.0
TOS11000063,2026-10-04T05:45,2.7,4.5,80.0
TOS11000063,2026-10-04T06:00,2.5,3.7,78.0
TOS11000063,2026-10-04T06:15,2.3,3.3,78.0
TOS11000063,2026-10-04T06:30,2.2,3.7,74.0
TOS11000063,2026-10-04T06:45,2.6,3.7,74.0
TOS11000063,2026-10-04T07:00,2.8,4.3,78.0
TOS11000063,2026-10-04T07:15,3.0,4.2,77.0
TOS11000063,2026-10-04T07:30,2.8,4.8,81.0
TOS11000063,2026-10-04T07:45,2.8,4.2,80.0
TOS11000063,2026-10-04T08:00,2.3,3.8,82.0
TOS11000063,2026-10-04T08:15,2.4,3.9,74.0
TOS11000063,2026-10-04T08:30,2.3,3.9,75.0
TOS11000063,2026-10-04T08:45,2.4,3.7,73.0
TOS11000063,2026-10-04T09:00,2.3,3.4,69.0
TOS11000063,2026-10-04T09:15,2.4,3.9,65.0
TOS11000063,2026-10-04T09:30,2.3,3.2,56.0
TOS11000063,2026-10-04T09:45,2.3,4.2,65.0
TOS11000063,2026-10-04T10:00,2.5,3.8,47.0
TOS11000063,2026-10-04T10:15,2.4,3.7,57.0
TOS11000063,2026-10-04T10:30,2.0,3.6,40.0
TOS11000063,2026-10-04T10:45,2.4,3.7,48.0
TOS11000063,2026-10-04T11:00,2.3,3.8,51.0
TOS11000063,2026-10-04T11:15,1.9,3.9,62.0
TOS11000063,2026-10-04T11:30,1.8,3.6,33.0
TOS11000063,2026-10-04T11:45,1.8,3.0,57.0
TOS11000063,2026-10-04T12:00,1.5,2.9,69.0
TOS11000063,2026-10-04T12:15,1.3,2.8,261.0
TOS11000063,2026-10-04T12:30,1.2,2.4,338.0
TOS11000063,2026-10-04T12:45,1.7,3.1,300.0
TOS11000063,2026-10-04T13:00,1.3,3.1,301.0
TOS11000063,2026-10-04T13:15,1.7,3.9,294.0
TOS11000063,2026-10-04T13:30,2.3,4.9,282.0
TOS11000063,2026-10-04T13:45,2.6,5.1,283.0
TOS11000063,2026-10-04T14:00,1.9,3.6,280.0
TOS11000063,2026-10-04T14:15,2.4,5.0,289.0
TOS11000063,2026-10-04T14:30,3.4,5.0,252.0
TOS11000063,2026-10-04T14:45,2.8,4.3,266.0
TOS11000063,2026-10-04T15:00,2.1,3.5,274.0
TOS11000063,2026-10-04T15:15,2.4,4.8,273.0
TOS11000063,2026-10-04T15:30,2.9,5.2,281.0
TOS11000063,2026-10-04T15:45,3.0,4.9,289.0
TOS11000063,2026-10-04T16:00,3.0,5.9,284.0
TOS11000063,2026-10-04T16:15,2.8,4.7,282.0
TOS11000063,2026-10-04T16:30,2.7,5.0,280.0
TOS11000063,2026-10-04T16:45,2.8,5.1,272.0
TOS11000063,2026-10-04T17:00,2.6,4.8,280.0
TOS11000063,2026-10-04T17:15,2.2,4.3,284.0
TOS11000063,2026-10-04T17:30,1.8,3.5,277.0
TOS11000063,2026-10-04T17:45,1.1,2.4,280.0
TOS11000063,2026-10-04T18:00,0.9,1.4,268.0
TOS11000063,2026-10-04T18:15,0.7,1.1,236.0
TOS11000063,2026-10-04T18:30,0.6,0.9,204.0
TOS11000063,2026-10-04T18:45,0.8,1.3,190.0
TOS11000063,2026-10-04T19:00,1.1,1.7,192.0
TOS11000063,2026-10-04T19:15,1.1,1.7,208.0
TOS11000063,2026-10-04T19:30,1.0,1.5,203.0
TOS11000063,2026-10-04T19:45,0.9,1.4,184.0
TOS11000063,2026-10-04T20:00,0.8,1.3,168.0
TOS11000063,2026-10-04T20:15,1.1,1.7,166.0
TOS11000063,2026-10-04T20:30,1.1,1.7,174.0
TOS11000063,2026-10-04T20:45,1.1,1.4,165.0
TOS11000063,2026-10-04T21:00,1.2,1.6,170.0
TOS11000063,2026-10-04T21:15,1.3,1.8,154.0
TOS11000063,2026-10-04T21:30,1.0,1.4,152.0
TOS11000063,2026-10-04T21:45,0.8,1.1,145.0
TOS11000063,2026-10-04T22:00,0.7,0.9,161.0
TOS11000063,2026-10-04T22:15,0.7,1.2,147.0
TOS11000063,2026-10-04T22:30,1.0,1.4,145.0
TOS11000063,2026-10-04T22:45,0.9,1.2,148.0
TOS11000063,2026-10-04T23:00,0.7,1.2,347.0
TOS11000063,2026-10-04T23:15,0.5,1.2,313.0
TOS11000063,2026-10-04T23:30,0.5,1.1,72.0
TOS11000063,2026-10-04T23:45,0.5,1.2,98.0
TOS11000071,2026-10-04T00:00,1.1,1.7,211.0
TOS11000071,2026-10-04T00:15,1.2,2.0,199.0
TOS11000071,2026-10-04T00:30,1.2,1.7,197.0
TOS11000071,2026-10-04T00:45,1.0,1.3,218.0
TOS11000071,2026-10-04T01:00,0.8,1.5,221.0
TOS11000071,2026-10-04T01:15,1.0,1.8,182.0
TOS11000071,2026-10-04T01:30,0.7,1.4,172.0
TOS11000071,2026-10-04T01:45,0.7,1.3,169.0
TOS11000071,2026-10-04T02:00,0.9,1.3,185.0
TOS11000071,2026-10-04T02:15,1.0,1.3,187.0
TOS11000071,2026-10-04T02:30,0.4,0.8,223.0
TOS11000071,2026-10-04T02:45,0.5,1.1,188.0
TOS11000071,2026-10-04T03:00,1.1,1.8,32.0
TOS11000071,2026-10-04T03:15,0.9,1.5,23.0
TOS11000071,2026-10-04T03:30,1.0,1.4,36.0
TOS11000071,2026-10-04T03:45,1.0,1.5,68.0
TOS11000071,2026-10-04T04:00,1.1,1.7,72.0
TOS11000071,2026-10-04T04:15,1.1,2.0,80.0
TOS11000071,2026-10-04T04:30,0.9,1.9,91.0
TOS11000071,2026-10-04T04:45,0.5,1.1,112.0
TOS11000071,2026-10-04T05:00,0.6,1.0,324.0
TOS11000071,2026-10-04T05:15,0.6,0.9,343.0
TOS11000071,2026-10-04T05:30,0.6,1.0,28.0
TOS11000071,2026-10-04T05:45,0.8,1.4,10.0
TOS11000071,2026-10-04T06:00,0.8,1.2,27.0
TOS11000071,2026-10-04T06:15,0.4,0.8,27.0
TOS11000071,2026-10-04T06:30,0.5,0.8,128.0
TOS11000071,2026-10-04T06:45,0.7,1.0,143.0
TOS11000071,2026-10-04T07:00,0.7,1.4,74.0
TOS11000071,2026-10-04T07:15,0.8,1.2,51.0
TOS11000071,2026-10-04T07:30,0.6,1.1,122.0
TOS11000071,2026-10-04T07:45,0.4,0.9,203.0
TOS11000071,2026-10-04T08:00,0.8,1.5,34.0
TOS11000071,2026-10-04T08:15,1.0,1.9,23.0
TOS11000071,2026-10-04T08:30,1.0,2.1,60.0
TOS11000071,2026-10-04T08:45,0.6,1.8,68.0
TOS11000071,2026-10-04T09:00,1.1,2.2,50.0
TOS11000071,2026-10-04T09:15,1.4,2.2,98.0
TOS11000071,2026-10-04T09:30,1.0,2.2,56.0
TOS11000071,2026-10-04T09:45,1.3,2.3,58.0
TOS11000071,2026-10-04T10:00,1.0,2.5,84.0
TOS11000071,2026-10-04T10:15,1.1,2.5,133.0
TOS11000071,2026-10-04T10:30,1.3,2.9,130.0
TOS11000071,2026-10-04T10:45,1.6,2.9,75.0
TOS11000071,2026-10-04T11:00,1.4,2.9,67.0
TOS11000071,2026-10-04T11:15,0.9,2.1,49.0
TOS11000071,2026-10-04T11:30,1.4,3.1,126.0
TOS11000071,2026-10-04T11:45,1.5,2.8,136.0
TOS11000071,2026-10-04T12:00,1.2,2.6,126.0
TOS11000071,2026-10-04T12:15,1.2,2.3,174.0
TOS11000071,2026-10-04T12:30,1.2,3.2,151.0
TOS11000071,2026-10-04T12:45,1.7,2.9,183.0
TOS11000071,2026-10-04T13:00,1.5,2.9,315.0
TOS11000071,2026-10-04T13:15,1.3,2.3,306.0
TOS11000071,2026-10-04T13:30,1.3,2.7,332.0
TOS11000071,2026-10-04T13:45,1.4,3.2,247.0
TOS11000071,2026-10-04T14:00,1.9,4.7,235.0
TOS11000071,2026-10-04T14:15,1.7,3.9,202.0
TOS11000071,2026-10-04T14:30,1.0,2.0,308.0
TOS11000071,2026-10-04T14:45,1.9,3.5,291.0
TOS11000071,2026-10-04T15:00,1.8,3.8,211.0
TOS11000071,2026-10-04T15:15,1.9,4.5,273.0
TOS11000071,2026-10-04T15:30,1.4,4.0,233.0
TOS11000071,2026-10-04T15:45,1.2,3.1,297.0
TOS11000071,2026-10-04T16:00,1.4,3.2,240.0
TOS11000071,2026-10-04T16:15,2.2,3.7,268.0
TOS11000071,2026-10-04T16:30,2.4,5.4,301.0
TOS11000071,2026-10-04T16:45,2.8,5.4,237.0
TOS11000071,2026-10-04T17:00,3.0,6.2,233.0
TOS11000071,2026-10-04T17:15,2.3,4.9,236.0
TOS11000071,2026-10-04T17:30,2.2,4.9,243.0
TOS11000071,2026-10-04T17:45,2.2,4.2,249.0
TOS11000071,2026-10-04T18:00,1.5,2.7,243.0
TOS11000071,2026-10-04T18:15,2.1,4.2,258.0
TOS11000071,2026-10-04T18:30,1.9,3.2,270.0
TOS11000071,2026-10-04T18:45,2.0,3.2,288.0
TOS11000071,2026-10-04T19:00,1.8,2.3,321.0
TOS11000071,2026-10-04T19:15,1.9,2.7,330.0
TOS11000071,2026-10-04T19:30,2.1,2.7,321.0
TOS11000071,2026-10-04T19:45,0.8,1.4,66.0
TOS11000071,2026-10-04T20:00,0.6,1.3,222.0
TOS11000071,2026-10-04T20:15,0.8,1.1,225.0
TOS11000071,2026-10-04T20:30,0.5,0.9,242.0
TOS11000071,2026-10-04T20:45,0.6,1.2,235.0
TOS11000071,2026-10-04T21:00,0.6,0.9,167.0
TOS11000071,2026-10-04T21:15,0.9,1.0,209.0
TOS11000071,2026-10-04T21:30,1.3,1.7,183.0
TOS11000071,2026-10-04T21:45,1.2,1.7,182.0
TOS11000071,2026-10-04T22:00,0.9,1.4,185.0
TOS11000071,2026-10-04T22:15,0.4,0.8,212.0
TOS11000071,2026-10-04T22:30,1.0,1.5,13.0
TOS11000071,2026-10-04T22:45,0.8,1.3,332.0
TOS11000071,2026-10-04T23:00,0.5,0.7,233.0
TOS11000071,2026-10-04T23:15,0.6,1.0,196.0
TOS11000071,2026-10-04T23:30,1.0,1.4,186.0
TOS11000071,2026-10-04T23:45,0.9,1.4,193.0
TOS11000076,2026-10-04T00:00,3.8,6.2,351.0
TOS11000076,2026-10-04T00:15,2.0,5.2,29.0
TOS11000076,2026-10-04T00:30,1.2,2.2,45.0
TOS11000076,2026-10-04T00:45,1.3,2.1,43.0
TOS11000076,2026-10-04T01:00,1.1,1.7,46.0
TOS11000076,2026-10-04T01:15,0.9,1.3,50.0
TOS11000076,2026-10-04T01:30,0.7,1.3,62.0
TOS11000076,2026-10-04T01:45,0.8,1.2,39.0
TOS11000076,2026-10-04T02:00,1.1,1.6,22.0
TOS11000076,2026-10-04T02:15,1.5,2.3,24.0
TOS11000076,2026-10-04T02:30,1.4,2.4,26.0
TOS11000076,2026-10-04T02:45,1.5,2.3,18.0
TOS11000076,2026-10-04T03:00,1.5,2.2,40.0
TOS11000076,2026-10-04T03:15,1.2,1.8,32.0
TOS11000076,2026-10-04T03:30,1.0,1.7,34.0
TOS11000076,2026-10-04T03:45,1.3,1.9,25.0
TOS11000076,2026-10-04T04:00,1.2,1.9,29.0
TOS11000076,2026-10-04T04:15,0.9,2.4,43.0
TOS11000076,2026-10-04T04:30,1.0,1.6,56.0
TOS11000076,2026-10-04T04:45,1.2,1.9,50.0
TOS11000076,2026-10-04T05:00,1.4,2.1,44.0
TOS11000076,2026-10-04T05:15,1.3,1.9,36.0
TOS11000076,2026-10-04T05:30,1.1,1.6,39.0
TOS11000076,2026-10-04T05:45,1.0,1.4,33.0
TOS11000076,2026-10-04T06:00,1.1,1.5,22.0
TOS11000076,2026-10-04T06:15,1.0,1.4,31.0
TOS11000076,2026-10-04T06:30,0.7,1.2,67.0
TOS11000076,2026-10-04T06:45,1.2,1.7,33.0
TOS11000076,2026-10-04T07:00,1.1,1.8,38.0
TOS11000076,2026-10-04T07:15,1.3,2.3,34.0
TOS11000076,2026-10-04T07:30,1.3,2.0,42.0
TOS11000076,2026-10-04T07:45,1.1,1.7,37.0
TOS11000076,2026-10-04T08:00,1.0,1.5,35.0
TOS11000076,2026-10-04T08:15,1.1,1.8,54.0
TOS11000076,2026-10-04T08:30,1.3,1.9,71.0
TOS11000076,2026-10-04T08:45,1.4,2.2,67.0
TOS11000076,2026-10-04T09:00,1.3,2.1,67.0
TOS11000076,2026-10-04T09:15,1.5,2.5,57.0
TOS11000076,2026-10-04T09:30,1.7,2.7,48.0
TOS11000076,2026-10-04T09:45,1.9,3.7,45.0
TOS11000076,2026-10-04T10:00,2.1,3.8,51.0
TOS11000076,2026-10-04T10:15,2.0,2.9,42.0
TOS11000076,2026-10-04T10:30,1.5,2.8,44.0
TOS11000076,2026-10-04T10:45,2.0,3.0,51.0
TOS11000076,2026-10-04T11:00,1.6,3.2,52.0
TOS11000076,2026-10-04T11:15,1.3,2.8,27.0
TOS11000076,2026-10-04T11:30,1.2,3.0,83.0
TOS11000076,2026-10-04T11:45,1.4,3.0,93.0
TOS11000076,2026-10-04T12:00,1.3,2.9,232.0
TOS11000076,2026-10-04T12:15,1.3,3.3,187.0
TOS11000076,2026-10-04T12:30,1.3,3.2,192.0
TOS11000076,2026-10-04T12:45,1.3,3.1,154.0
TOS11000076,2026-10-04T13:00,1.4,2.9,159.0
TOS11000076,2026-10-04T13:15,1.6,3.5,173.0
TOS11000076,2026-10-04T13:30,2.1,5.1,189.0
TOS11000076,2026-10-04T13:45,1.7,4.2,151.0
TOS11000076,2026-10-04T14:00,1.7,3.9,180.0
TOS11000076,2026-10-04T14:15,1.9,4.1,195.0
TOS11000076,2026-10-04T14:30,1.8,3.7,213.0
TOS11000076,2026-10-04T14:45,1.4,3.5,160.0
TOS11000076,2026-10-04T15:00,1.4,4.1,168.0
TOS11000076,2026-10-04T15:15,1.5,3.7,170.0
TOS11000076,2026-10-04T15:30,1.1,2.4,149.0
TOS11000076,2026-10-04T15:45,1.4,3.0,171.0
TOS11000076,2026-10-04T16:00,1.5,3.0,199.0
TOS11000076,2026-10-04T16:15,1.6,3.4,178.0
TOS11000076,2026-10-04T16:30,1.9,4.0,187.0
TOS11000076,2026-10-04T16:45,2.2,4.3,192.0
TOS11000076,2026-10-04T17:00,1.8,4.0,186.0
TOS11000076,2026-10-04T17:15,2.6,5.4,190.0
TOS11000076,2026-10-04T17:30,3.2,5.3,192.0
TOS11000076,2026-10-04T17:45,2.5,4.9,184.0
TOS11000076,2026-10-04T18:00,1.1,3.8,176.0
TOS11000076,2026-10-04T18:15,1.2,2.8,185.0
TOS11000076,2026-10-04T18:30,1.0,2.8,181.0
TOS11000076,2026-10-04T18:45,1.4,3.8,193.0
TOS11000076,2026-10-04T19:00,1.2,2.8,183.0
TOS11000076,2026-10-04T19:15,0.9,2.1,93.0
TOS11000076,2026-10-04T19:30,0.7,1.3,49.0
TOS11000076,2026-10-04T19:45,1.1,1.8,77.0
TOS11000076,2026-10-04T20:00,0.9,1.8,161.0
TOS11000076,2026-10-04T20:15,1.1,1.9,9.0
TOS11000076,2026-10-04T20:30,0.8,1.3,149.0
TOS11000076,2026-10-04T20:45,0.7,1.5,180.0
TOS11000076,2026-10-04T21:00,1.0,2.2,198.0
TOS11000076,2026-10-04T21:15,1.2,1.8,270.0
TOS11000076,2026-10-04T21:30,0.9,1.5,252.0
TOS11000076,2026-10-04T21:45,0.5,1.2,329.0
TOS11000076,2026-10-04T22:00,0.8,1.5,161.0
TOS11000076,2026-10-04T22:15,1.0,1.8,181.0
TOS11000076,2026-10-04T22:30,0.9,1.6,154.0
TOS11000076,2026-10-04T22:45,0.8,1.5,177.0
TOS11000076,2026-10-04T23:00,0.6,1.3,149.0
TOS11000076,2026-10-04T23:15,0.6,1.1,65.0
TOS11000076,2026-10-04T23:30,0.4,0.9,50.0
TOS11000076,2026-10-04T23:45,0.8,1.1,45.0
TOS11000077,2026-10-04T00:00,1.0,1.8,22.0
TOS11000077,2026-10-04T00:15,0.9,1.7,29.0
TOS11000077,2026-10-04T00:30,1.1,1.8,22.0
TOS11000077,2026-10-04T00:45,0.9,1.5,28.0
TOS11000077,2026-10-04T01:00,0.8,1.1,43.0
TOS11000077,2026-10-04T01:15,0.8,1.0,42.0
TOS11000077,2026-10-04T01:30,0.8,1.4,41.0
TOS11000077,2026-10-04T01:45,0.7,1.0,63.0
TOS11000077,2026-10-04T02:00,0.7,1.0,65.0
TOS11000077,2026-10-04T02:15,0.9,2.3,67.0
TOS11000077,2026-10-04T02:30,1.2,3.3,72.0
TOS11000077,2026-10-04T02:45,1.2,3.2,71.0
TOS11000077,2026-10-04T03:00,0.6,1.4,64.0
TOS11000077,2026-10-04T03:15,0.7,2.0,65.0
TOS11000077,2026-10-04T03:30,0.8,2.1,65.0
TOS11000077,2026-10-04T03:45,0.7,1.1,59.0
TOS11000077,2026-10-04T04:00,0.7,0.9,56.0
TOS11000077,2026-10-04T04:15,0.7,1.0,55.0
TOS11000077,2026-10-04T04:30,0.7,0.9,52.0
TOS11000077,2026-10-04T04:45,0.7,0.9,51.0
TOS11000077,2026-10-04T05:00,0.7,1.0,50.0
TOS11000077,2026-10-04T05:15,0.7,0.9,58.0
TOS11000077,2026-10-04T05:30,0.6,0.8,55.0
TOS11000077,2026-10-04T05:45,0.6,0.8,52.0
TOS11000077,2026-10-04T06:00,0.7,0.9,58.0
TOS11000077,2026-10-04T06:15,0.6,0.8,61.0
TOS11000077,2026-10-04T06:30,0.7,1.0,54.0
TOS11000077,2026-10-04T06:45,0.6,0.9,52.0
TOS11000077,2026-10-04T07:00,0.6,0.8,53.0
TOS11000077,2026-10-04T07:15,0.6,1.1,57.0
TOS11000077,2026-10-04T07:30,0.7,1.0,62.0
TOS11000077,2026-10-04T07:45,0.7,1.2,64.0
TOS11000077,2026-10-04T08:00,0.9,1.3,66.0
TOS11000077,2026-10-04T08:15,0.8,1.3,72.0
TOS11000077,2026-10-04T08:30,0.8,1.8,87.0
TOS11000077,2026-10-04T08:45,0.8,1.8,126.0
TOS11000077,2026-10-04T09:00,0.8,2.7,94.0
TOS11000077,2026-10-04T09:15,0.9,2.1,112.0
TOS11000077,2026-10-04T09:30,1.1,2.4,116.0
TOS11000077,2026-10-04T09:45,1.2,2.4,109.0
TOS11000077,2026-10-04T10:00,1.0,2.4,113.0
TOS11000077,2026-10-04T10:15,1.2,3.0,110.0
TOS11000077,2026-10-04T10:30,1.4,3.0,106.0
TOS11000077,2026-10-04T10:45,1.1,2.7,107.0
TOS11000077,2026-10-04T11:00,1.0,2.5,128.0
TOS11000077,2026-10-04T11:15,0.7,2.0,54.0
TOS11000077,2026-10-04T11:30,0.7,2.1,131.0
TOS11000077,2026-10-04T11:45,0.8,2.9,148.0
TOS11000077,2026-10-04T12:00,0.9,3.0,127.0
TOS11000077,2026-10-04T12:15,0.8,2.5,225.0
TOS11000077,2026-10-04T12:30,0.8,2.7,122.0
TOS11000077,2026-10-04T12:45,1.0,2.8,140.0
TOS11000077,2026-10-04T13:00,1.1,2.9,181.0
TOS11000077,2026-10-04T13:15,1.2,2.9,148.0
TOS11000077,2026-10-04T13:30,1.1,3.1,186.0
TOS11000077,2026-10-04T13:45,1.4,3.6,165.0
TOS11000077,2026-10-04T14:00,1.3,3.6,195.0
TOS11000077,2026-10-04T14:15,1.3,3.8,167.0
TOS11000077,2026-10-04T14:30,1.1,4.1,219.0
TOS11000077,2026-10-04T14:45,1.2,3.0,201.0
TOS11000077,2026-10-04T15:00,1.4,3.2,197.0
TOS11000077,2026-10-04T15:15,1.1,2.7,183.0
TOS11000077,2026-10-04T15:30,0.8,3.2,156.0
TOS11000077,2026-10-04T15:45,1.5,4.4,232.0
TOS11000077,2026-10-04T16:00,1.1,2.9,206.0
TOS11000077,2026-10-04T16:15,0.9,2.4,161.0
TOS11000077,2026-10-04T16:30,0.9,2.1,182.0
TOS11000077,2026-10-04T16:45,1.1,3.0,234.0
TOS11000077,2026-10-04T17:00,2.2,4.6,257.0
TOS11000077,2026-10-04T17:15,2.4,4.9,259.0
TOS11000077,2026-10-04T17:30,2.6,5.1,264.0
TOS11000077,2026-10-04T17:45,2.7,5.4,260.0
TOS11000077,2026-10-04T18:00,2.8,5.7,268.0
TOS11000077,2026-10-04T18:15,2.7,5.1,271.0
TOS11000077,2026-10-04T18:30,3.1,5.3,272.0
TOS11000077,2026-10-04T18:45,2.9,4.8,268.0
TOS11000077,2026-10-04T19:00,2.1,3.8,260.0
TOS11000077,2026-10-04T19:15,2.1,4.0,264.0
TOS11000077,2026-10-04T19:30,2.1,3.5,266.0
TOS11000077,2026-10-04T19:45,1.6,3.0,272.0
TOS11000077,2026-10-04T20:00,1.0,1.9,289.0
TOS11000077,2026-10-04T20:15,1.0,2.2,293.0
TOS11000077,2026-10-04T20:30,0.2,0.5,303.0
TOS11000077,2026-10-04T20:45,0.7,1.4,306.0
TOS11000077,2026-10-04T21:00,0.4,1.0,257.0
TOS11000077,2026-10-04T21:15,0.5,1.2,298.0
TOS11000077,2026-10-04T21:30,0.6,1.1,203.0
TOS11000077,2026-10-04T21:45,0.6,1.4,205.0
TOS11000077,2026-10-04T22:00,0.4,0.8,251.0
TOS11000077,2026-10-04T22:15,0.4,0.8,248.0
TOS11000077,2026-10-04T22:30,0.5,1.5,316.0
TOS11000077,2026-10-04T22:45,0.6,1.2,334.0
TOS11000077,2026-10-04T23:00,1.0,1.8,337.0
TOS11000077,2026-10-04T23:15,1.5,2.6,319.0
TOS11000077,2026-10-04T23:30,1.8,2.8,326.0
TOS11000077,2026-10-04T23:45,1.6,2.2,330.0
TOS11000091,2026-10-04T00:00,0.7,1.0,225.0
TOS11000091,2026-10-04T00:15,0.7,1.1,201.0
TOS11000091,2026-10-04T00:30,0.7,1.0,236.0
TOS11000091,2026-10-04T00:45,0.7,1.1,305.0
TOS11000091,2026-10-04T01:00,0.8,1.1,265.0
TOS11000091,2026-10-04T01:15,0.7,1.1,319.0
TOS11000091,2026-10-04T01:30,0.5,1.0,18.0
TOS11000091,2026-10-04T01:45,0.3,0.5,62.0
TOS11000091,2026-10-04T02:00,0.4,0.7,244.0
TOS11000091,2026-10-04T02:15,0.4,0.8,174.0
TOS11000091,2026-10-04T02:30,0.3,0.7,211.0
TOS11000091,2026-10-04T02:45,0.6,0.8,264.0
TOS11000091,2026-10-04T03:00,0.5,0.9,225.0
TOS11000091,2026-10-04T03:15,0.5,0.8,222.0
TOS11000091,2026-10-04T03:30,0.9,1.2,233.0
TOS11000091,2026-10-04T03:45,0.8,1.2,274.0
TOS11000091,2026-10-04T04:00,0.9,1.3,335.0
TOS11000091,2026-10-04T04:15,0.5,0.9,323.0
TOS11000091,2026-10-04T04:30,0.3,0.8,89.0
TOS11000091,2026-10-04T04:45,0.3,0.7,118.0
TOS11000091,2026-10-04T05:00,0.4,0.8,285.0
TOS11000091,2026-10-04T05:15,0.5,0.9,275.0
TOS11000091,2026-10-04T05:30,0.4,0.9,310.0
TOS11000091,2026-10-04T05:45,0.5,1.0,47.0
TOS11000091,2026-10-04T06:00,0.5,0.8,57.0
TOS11000091,2026-10-04T06:15,0.2,0.6,163.0
TOS11000091,2026-10-04T06:30,0.2,0.4,31.0
TOS11000091,2026-10-04T06:45,0.2,0.7,26.0
TOS11000091,2026-10-04T07:00,0.4,1.1,333.0
TOS11000091,2026-10-04T07:15,0.6,1.2,328.0
TOS11000091,2026-10-04T07:30,0.6,1.0,247.0
TOS11000091,2026-10-04T07:45,0.8,1.5,263.0
TOS11000091,2026-10-04T08:00,0.3,0.6,290.0
TOS11000091,2026-10-04T08:15,0.5,1.0,311.0
TOS11000091,2026-10-04T08:30,0.8,1.3,231.0
TOS11000091,2026-10-04T08:45,1.0,1.8,219.0
TOS11000091,2026-10-04T09:00,1.2,2.0,215.0
TOS11000091,2026-10-04T09:15,0.8,1.3,238.0
TOS11000091,2026-10-04T09:30,0.8,1.4,234.0
TOS11000091,2026-10-04T09:45,1.0,1.8,236.0
TOS11000091,2026-10-04T10:00,0.8,1.9,233.0
TOS11000091,2026-10-04T10:15,1.0,1.7,251.0
TOS11000091,2026-10-04T10:30,1.6,3.0,224.0
TOS11000091,2026-10-04T10:45,1.8,3.3,199.0
TOS11000091,2026-10-04T11:00,1.8,3.4,206.0
TOS11000091,2026-10-04T11:15,1.7,2.9,215.0
TOS11000091,2026-10-04T11:30,2.0,3.9,214.0
TOS11000091,2026-10-04T11:45,2.2,4.8,209.0
TOS11000091,2026-10-04T12:00,2.3,3.7,204.0
TOS11000091,2026-10-04T12:15,2.2,3.9,204.0
TOS11000091,2026-10-04T12:30,2.0,3.6,207.0
TOS11000091,2026-10-04T12:45,2.0,3.9,217.0
TOS11000091,2026-10-04T13:00,2.1,3.8,211.0
TOS11000091,2026-10-04T13:15,2.3,4.0,208.0
TOS11000091,2026-10-04T13:30,2.3,4.6,207.0
TOS11000091,2026-10-04T13:45,2.4,5.4,204.0
TOS11000091,2026-10-04T14:00,2.3,4.0,205.0
TOS11000091,2026-10-04T14:15,2.0,4.2,200.0
TOS11000091,2026-10-04T14:30,2.2,4.2,206.0
TOS11000091,2026-10-04T14:45,1.9,4.2,203.0
TOS11000091,2026-10-04T15:00,1.9,3.6,192.0
TOS11000091,2026-10-04T15:15,2.2,4.3,206.0
TOS11000091,2026-10-04T15:30,1.7,3.6,195.0
TOS11000091,2026-10-04T15:45,2.0,3.9,214.0
TOS11000091,2026-10-04T16:00,1.6,3.1,202.0
TOS11000091,2026-10-04T16:15,2.0,3.7,211.0
TOS11000091,2026-10-04T16:30,1.6,4.0,204.0
TOS11000091,2026-10-04T16:45,1.8,3.6,208.0
TOS11000091,2026-10-04T17:00,1.1,2.5,203.0
TOS11000091,2026-10-04T17:15,1.4,2.9,228.0
TOS11000091,2026-10-04T17:30,1.2,2.7,221.0
TOS11000091,2026-10-04T17:45,1.0,2.5,213.0
TOS11000091,2026-10-04T18:00,0.8,2.1,200.0
TOS11000091,2026-10-04T18:15,0.5,1.3,251.0
TOS11000091,2026-10-04T18:30,0.9,1.6,335.0
TOS11000091,2026-10-04T18:45,0.9,1.5,4.0
TOS11000091,2026-10-04T19:00,0.2,0.4,44.0
TOS11000091,2026-10-04T19:15,0.4,1.2,63.0
TOS11000091,2026-10-04T19:30,0.7,1.7,359.0
TOS11000091,2026-10-04T19:45,1.1,2.2,333.0
TOS11000091,2026-10-04T20:00,1.8,3.4,347.0
TOS11000091,2026-10-04T20:15,1.7,3.9,16.0
TOS11000091,2026-10-04T20:30,1.1,2.1,32.0
TOS11000091,2026-10-04T20:45,1.0,2.0,13.0
TOS11000091,2026-10-04T21:00,0.5,1.9,75.0
TOS11000091,2026-10-04T21:15,0.4,1.1,76.0
TOS11000091,2026-10-04T21:30,0.4,1.0,84.0
TOS11000091,2026-10-04T21:45,0.4,0.9,316.0
TOS11000091,2026-10-04T22:00,0.5,0.9,255.0
TOS11000091,2026-10-04T22:15,0.6,1.2,357.0
TOS11000091,2026-10-04T22:30,0.4,0.7,246.0
TOS11000091,2026-10-04T22:45,0.4,0.7,272.0
TOS11000091,2026-10-04T23:00,0.7,1.0,324.0
TOS11000091,2026-10-04T23:15,0.5,0.9,18.0
TOS11000091,2026-10-04T23:30,0.2,0.5,94.0
TOS11000091,2026-10-04T23:45,0.3,0.5,101.0
TOS11000096,2026-10-04T00:00,0.6,0.8,18.0
TOS11000096,2026-10-04T00:15,0.6,1.0,24.0
TOS11000096,2026-10-04T00:30,0.7,1.1,40.0
TOS11000096,2026-10-04T00:45,0.9,1.6,58.0
TOS11000096,2026-10-04T01:00,0.7,1.0,1.0
TOS11000096,2026-10-04T01:15,1.0,1.6,334.0
TOS11000096,2026-10-04T01:30,0.8,1.1,342.0
TOS11000096,2026-10-04T01:45,0.9,1.2,318.0
TOS11000096,2026-10-04T02:00,0.8,1.2,328.0
TOS11000096,2026-10-04T02:15,0.5,0.8,340.0
TOS11000096,2026-10-04T02:30,0.5,0.9,5.0
TOS11000096,2026-10-04T02:45,0.9,1.2,107.0
TOS11000096,2026-10-04T03:00,0.9,1.4,122.0
TOS11000096,2026-10-04T03:15,1.1,1.4,142.0
TOS11000096,2026-10-04T03:30,0.9,1.5,132.0
TOS11000096,2026-10-04T03:45,1.1,1.6,117.0
TOS11000096,2026-10-04T04:00,1.4,1.9,103.0
TOS11000096,2026-10-04T04:15,1.1,1.4,110.0
TOS11000096,2026-10-04T04:30,1.1,1.5,105.0
TOS11000096,2026-10-04T04:45,1.1,1.7,115.0
TOS11000096,2026-10-04T05:00,1.1,1.5,135.0
TOS11000096,2026-10-04T05:15,1.2,1.6,135.0
TOS11000096,2026-10-04T05:30,1.4,1.8,135.0
TOS11000096,2026-10-04T05:45,1.3,1.9,127.0
TOS11000096,2026-10-04T06:00,1.3,2.0,109.0
TOS11000096,2026-10-04T06:15,1.6,2.5,99.0
TOS11000096,2026-10-04T06:30,1.4,2.1,101.0
TOS11000096,2026-10-04T06:45,1.3,1.9,84.0
TOS11000096,2026-10-04T07:00,1.2,1.6,87.0
TOS11000096,2026-10-04T07:15,0.8,1.6,66.0
TOS11000096,2026-10-04T07:30,1.2,1.8,100.0
TOS11000096,2026-10-04T07:45,1.6,2.2,127.0
TOS11000096,2026-10-04T08:00,1.8,2.5,128.0
TOS11000096,2026-10-04T08:15,1.7,2.9,131.0
TOS11000096,2026-10-04T08:30,2.0,2.8,129.0
TOS11000096,2026-10-04T08:45,2.0,3.3,129.0
TOS11000096,2026-10-04T09:00,1.9,3.0,130.0
TOS11000096,2026-10-04T09:15,2.0,3.2,144.0
TOS11000096,2026-10-04T09:30,2.1,3.5,125.0
TOS11000096,2026-10-04T09:45,2.0,3.1,129.0
TOS11000096,2026-10-04T10:00,2.1,3.5,133.0
TOS11000096,2026-10-04T10:15,2.2,3.9,122.0
TOS11000096,2026-10-04T10:30,2.1,3.5,131.0
TOS11000096,2026-10-04T10:45,2.2,3.9,132.0
TOS11000096,2026-10-04T11:00,2.0,4.0,109.0
TOS11000096,2026-10-04T11:15,2.4,3.8,132.0
TOS11000096,2026-10-04T11:30,2.5,4.6,137.0
TOS11000096,2026-10-04T11:45,2.8,4.5,140.0
TOS11000096,2026-10-04T12:00,2.7,4.8,138.0
TOS11000096,2026-10-04T12:15,2.0,3.7,124.0
TOS11000096,2026-10-04T12:30,2.3,3.9,135.0
TOS11000096,2026-10-04T12:45,1.6,4.1,137.0
TOS11000096,2026-10-04T13:00,1.2,2.8,158.0
TOS11000096,2026-10-04T13:15,1.1,2.4,160.0
TOS11000096,2026-10-04T13:30,0.7,1.5,164.0
TOS11000096,2026-10-04T13:45,0.5,2.4,59.0
TOS11000096,2026-10-04T14:00,1.0,2.3,359.0
TOS11000096,2026-10-04T14:15,0.7,1.9,358.0
TOS11000096,2026-10-04T14:30,0.8,1.6,330.0
TOS11000096,2026-10-04T14:45,0.8,1.6,327.0
TOS11000096,2026-10-04T15:00,0.8,1.4,315.0
TOS11000096,2026-10-04T15:15,1.0,1.9,318.0
TOS11000096,2026-10-04T15:30,1.2,2.0,311.0
TOS11000096,2026-10-04T15:45,1.4,1.9,314.0
TOS11000096,2026-10-04T16:00,1.4,2.0,313.0
TOS11000096,2026-10-04T16:15,1.4,2.4,307.0
TOS11000096,2026-10-04T16:30,1.4,2.0,310.0
TOS11000096,2026-10-04T16:45,1.6,2.6,316.0
TOS11000096,2026-10-04T17:00,1.4,2.1,311.0
TOS11000096,2026-10-04T17:15,1.5,2.6,312.0
TOS11000096,2026-10-04T17:30,1.5,2.1,318.0
TOS11000096,2026-10-04T17:45,1.6,2.4,320.0
TOS11000096,2026-10-04T18:00,1.4,1.8,321.0
TOS11000096,2026-10-04T18:15,1.3,1.8,316.0
TOS11000096,2026-10-04T18:30,1.2,1.6,315.0
TOS11000096,2026-10-04T18:45,1.4,1.8,317.0
TOS11000096,2026-10-04T19:00,1.3,1.7,322.0
TOS11000096,2026-10-04T19:15,1.0,1.4,331.0
TOS11000096,2026-10-04T19:30,0.7,1.0,8.0
TOS11000096,2026-10-04T19:45,1.0,1.5,87.0
TOS11000096,2026-10-04T20:00,1.0,1.5,76.0
TOS11000096,2026-10-04T20:15,1.1,1.4,79.0
TOS11000096,2026-10-04T20:30,0.8,1.4,83.0
TOS11000096,2026-10-04T20:45,1.0,1.4,88.0
TOS11000096,2026-10-04T21:00,0.9,1.4,138.0
TOS11000096,2026-10-04T21:15,1.1,1.6,139.0
TOS11000096,2026-10-04T21:30,1.0,1.8,123.0
TOS11000096,2026-10-04T21:45,1.0,1.5,136.0
TOS11000096,2026-10-04T22:00,0.6,1.0,81.0
TOS11000096,2026-10-04T22:15,0.7,1.0,52.0
TOS11000096,2026-10-04T22:30,0.6,1.1,23.0
TOS11000096,2026-10-04T22:45,0.5,1.2,6.0
TOS11000096,2026-10-04T23:00,0.6,1.2,19.0
TOS11000096,2026-10-04T23:15,0.5,0.9,64.0
TOS11000096,2026-10-04T23:30,0.5,0.9,69.0
TOS11000096,2026-10-04T23:45,0.8,1.0,56.0
TOS11000100,2026-10-04T00:00,0.6,1.2,25.0
TOS11000100,2026-10-04T00:15,0.8,1.5,64.0
TOS11000100,2026-10-04T00:30,1.1,1.4,24.0
TOS11000100,2026-10-04T00:45,0.8,1.2,25.0
TOS11000100,2026-10-04T01:00,0.7,1.2,48.0
TOS11000100,2026-10-04T01:15,0.8,1.1,34.0
TOS11000100,2026-10-04T01:30,0.8,1.2,25.0
TOS11000100,2026-10-04T01:45,0.5,0.9,62.0
TOS11000100,2026-10-04T02:00,0.5,0.7,30.0
TOS11000100,2026-10-04T02:15,0.4,0.7,20.0
TOS11000100,2026-10-04T02:30,0.8,1.3,45.0
TOS11000100,2026-10-04T02:45,0.8,1.5,75.0
TOS11000100,2026-10-04T03:00,0.8,1.2,39.0
TOS11000100,2026-10-04T03:15,0.8,1.3,353.0
TOS11000100,2026-10-04T03:30,0.6,0.8,264.0
TOS11000100,2026-10-04T03:45,0.7,1.0,103.0
TOS11000100,2026-10-04T04:00,0.8,1.1,39.0
TOS11000100,2026-10-04T04:15,0.7,1.1,80.0
TOS11000100,2026-10-04T04:30,0.7,1.1,31.0
TOS11000100,2026-10-04T04:45,0.8,1.3,70.0
TOS11000100,2026-10-04T05:00,0.3,0.7,61.0
TOS11000100,2026-10-04T05:15,0.6,1.2,34.0
TOS11000100,2026-10-04T05:30,0.7,1.0,54.0
TOS11000100,2026-10-04T05:45,0.7,1.0,1.0
TOS11000100,2026-10-04T06:00,0.4,0.8,57.0
TOS11000100,2026-10-04T06:15,0.5,0.8,270.0
TOS11000100,2026-10-04T06:30,0.6,0.9,74.0
TOS11000100,2026-10-04T06:45,0.7,1.1,19.0
TOS11000100,2026-10-04T07:00,0.6,1.2,66.0
TOS11000100,2026-10-04T07:15,0.5,0.9,68.0
TOS11000100,2026-10-04T07:30,0.3,0.6,84.0
TOS11000100,2026-10-04T07:45,0.4,0.8,195.0
TOS11000100,2026-10-04T08:00,0.8,2.0,136.0
TOS11000100,2026-10-04T08:15,0.8,1.4,116.0
TOS11000100,2026-10-04T08:30,0.7,1.4,70.0
TOS11000100,2026-10-04T08:45,0.6,1.2,212.0
TOS11000100,2026-10-04T09:00,0.8,1.9,158.0
TOS11000100,2026-10-04T09:15,0.8,1.8,80.0
TOS11000100,2026-10-04T09:30,1.0,1.8,99.0
TOS11000100,2026-10-04T09:45,1.0,1.9,118.0
TOS11000100,2026-10-04T10:00,0.8,1.7,182.0
TOS11000100,2026-10-04T10:15,0.8,1.8,118.0
TOS11000100,2026-10-04T10:30,1.1,2.3,76.0
TOS11000100,2026-10-04T10:45,1.0,1.9,122.0
TOS11000100,2026-10-04T11:00,0.9,1.7,227.0
TOS11000100,2026-10-04T11:15,0.9,1.7,128.0
TOS11000100,2026-10-04T11:30,1.0,1.9,106.0
TOS11000100,2026-10-04T11:45,1.1,2.3,126.0
TOS11000100,2026-10-04T12:00,0.9,2.0,168.0
TOS11000100,2026-10-04T12:15,1.3,2.1,141.0
TOS11000100,2026-10-04T12:30,1.3,2.6,145.0
TOS11000100,2026-10-04T12:45,1.2,2.3,170.0
TOS11000100,2026-10-04T13:00,1.3,3.0,176.0
TOS11000100,2026-10-04T13:15,1.5,3.6,198.0
TOS11000100,2026-10-04T13:30,1.5,2.6,184.0
TOS11000100,2026-10-04T13:45,1.6,2.8,198.0
TOS11000100,2026-10-04T14:00,1.2,3.0,209.0
TOS11000100,2026-10-04T14:15,1.4,2.5,212.0
TOS11000100,2026-10-04T14:30,1.3,2.5,205.0
TOS11000100,2026-10-04T14:45,1.4,2.8,174.0
TOS11000100,2026-10-04T15:00,1.3,2.7,171.0
TOS11000100,2026-10-04T15:15,1.3,2.9,173.0
TOS11000100,2026-10-04T15:30,1.1,2.1,166.0
TOS11000100,2026-10-04T15:45,1.3,2.9,175.0
TOS11000100,2026-10-04T16:00,1.2,2.7,168.0
TOS11000100,2026-10-04T16:15,1.2,2.8,171.0
TOS11000100,2026-10-04T16:30,1.3,2.9,183.0
TOS11000100,2026-10-04T16:45,1.0,2.0,183.0
TOS11000100,2026-10-04T17:00,1.0,2.2,178.0
TOS11000100,2026-10-04T17:15,0.8,1.9,180.0
TOS11000100,2026-10-04T17:30,0.9,2.0,235.0
TOS11000100,2026-10-04T17:45,0.6,1.1,261.0
TOS11000100,2026-10-04T18:00,0.4,0.7,124.0
TOS11000100,2026-10-04T18:15,0.3,0.7,85.0
TOS11000100,2026-10-04T18:30,0.8,1.4,81.0
TOS11000100,2026-10-04T18:45,1.2,1.7,16.0
TOS11000100,2026-10-04T19:00,1.1,1.6,19.0
TOS11000100,2026-10-04T19:15,0.5,1.0,164.0
TOS11000100,2026-10-04T19:30,1.0,1.6,142.0
TOS11000100,2026-10-04T19:45,0.8,1.0,107.0
TOS11000100,2026-10-04T20:00,0.9,1.2,93.0
TOS11000100,2026-10-04T20:15,0.8,1.3,9.0
TOS11000100,2026-10-04T20:30,0.5,1.0,71.0
TOS11000100,2026-10-04T20:45,0.5,1.0,4.0
TOS11000100,2026-10-04T21:00,0.8,1.2,72.0
TOS11000100,2026-10-04T21:15,0.7,1.0,89.0
TOS11000100,2026-10-04T21:30,0.7,1.1,80.0
TOS11000100,2026-10-04T21:45,0.8,1.0,105.0
TOS11000100,2026-10-04T22:00,0.6,0.9,357.0
TOS11000100,2026-10-04T22:15,0.4,0.8,308.0
TOS11000100,2026-10-04T22:30,0.6,1.0,3.0
TOS11000100,2026-10-04T22:45,0.7,1.0,50.0
TOS11000100,2026-10-04T23:00,0.7,1.0,56.0
TOS11000100,2026-10-04T23:15,0.6,1.0,23.0
TOS11000100,2026-10-04T23:30,0.8,1.2,67.0
TOS11000100,2026-10-04T23:45,0.7,0.9,63.0
TOS11000102,2026-10-04T00:00,1.8,2.9,61.0
TOS11000102,2026-10-04T00:15,2.4,3.5,64.0
TOS11000102,2026-10-04T00:30,2.0,3.7,62.0
TOS11000102,2026-10-04T00:45,1.8,2.7,58.0
TOS11000102,2026-10-04T01:00,0.8,1.5,55.0
TOS11000102,2026-10-04T01:15,0.7,1.4,74.0
TOS11000102,2026-10-04T01:30,0.5,1.0,76.0
TOS11000102,2026-10-04T01:45,0.4,0.7,49.0
TOS11000102,2026-10-04T02:00,0.4,1.0,101.0
TOS11000102,2026-10-04T02:15,0.5,0.9,83.0
TOS11000102,2026-10-04T02:30,0.7,2.1,54.0
TOS11000102,2026-10-04T02:45,0.6,1.4,58.0
TOS11000102,2026-10-04T03:00,0.8,2.1,108.0
TOS11000102,2026-10-04T03:15,0.6,1.4,115.0
TOS11000102,2026-10-04T03:30,0.7,2.7,85.0
TOS11000102,2026-10-04T03:45,0.7,2.1,47.0
TOS11000102,2026-10-04T04:00,0.8,2.8,5.0
TOS11000102,2026-10-04T04:15,0.4,1.7,32.0
TOS11000102,2026-10-04T04:30,0.3,0.8,71.0
TOS11000102,2026-10-04T04:45,0.6,1.0,38.0
TOS11000102,2026-10-04T05:00,0.7,1.2,35.0
TOS11000102,2026-10-04T05:15,0.4,0.9,48.0
TOS11000102,2026-10-04T05:30,0.4,1.4,359.0
TOS11000102,2026-10-04T05:45,0.7,1.8,37.0
TOS11000102,2026-10-04T06:00,0.6,1.1,23.0
TOS11000102,2026-10-04T06:15,0.4,0.9,42.0
TOS11000102,2026-10-04T06:30,0.6,1.3,95.0
TOS11000102,2026-10-04T06:45,0.5,1.0,70.0
TOS11000102,2026-10-04T07:00,0.5,1.1,65.0
TOS11000102,2026-10-04T07:15,0.6,1.2,92.0
TOS11000102,2026-10-04T07:30,0.5,0.9,68.0
TOS11000102,2026-10-04T07:45,0.5,1.3,46.0
TOS11000102,2026-10-04T08:00,0.5,1.2,36.0
TOS11000102,2026-10-04T08:15,0.4,0.9,77.0
TOS11000102,2026-10-04T08:30,0.4,0.9,177.0
TOS11000102,2026-10-04T08:45,0.3,0.9,221.0
TOS11000102,2026-10-04T09:00,0.3,0.8,274.0
TOS11000102,2026-10-04T09:15,0.4,0.8,234.0
TOS11000102,2026-10-04T09:30,0.6,1.1,248.0
TOS11000102,2026-10-04T09:45,0.6,1.1,230.0
TOS11000102,2026-10-04T10:00,0.6,1.4,212.0
TOS11000102,2026-10-04T10:15,0.7,1.5,227.0
TOS11000102,2026-10-04T10:30,0.8,1.9,239.0
TOS11000102,2026-10-04T10:45,0.7,1.7,247.0
TOS11000102,2026-10-04T11:00,1.0,2.3,203.0
TOS11000102,2026-10-04T11:15,0.8,1.9,221.0
TOS11000102,2026-10-04T11:30,0.6,1.8,233.0
TOS11000102,2026-10-04T11:45,0.7,1.6,246.0
TOS11000102,2026-10-04T12:00,1.1,2.6,208.0
TOS11000102,2026-10-04T12:15,0.9,2.7,222.0
TOS11000102,2026-10-04T12:30,1.1,2.8,221.0
TOS11000102,2026-10-04T12:45,1.2,2.5,230.0
TOS11000102,2026-10-04T13:00,1.1,2.3,230.0
TOS11000102,2026-10-04T13:15,1.1,2.9,233.0
TOS11000102,2026-10-04T13:30,0.9,2.9,240.0
TOS11000102,2026-10-04T13:45,0.8,2.0,243.0
TOS11000102,2026-10-04T14:00,0.9,2.1,234.0
TOS11000102,2026-10-04T14:15,1.2,3.1,233.0
TOS11000102,2026-10-04T14:30,1.3,3.5,232.0
TOS11000102,2026-10-04T14:45,1.4,4.0,241.0
TOS11000102,2026-10-04T15:00,1.0,2.2,236.0
TOS11000102,2026-10-04T15:15,0.9,1.9,226.0
TOS11000102,2026-10-04T15:30,1.2,2.6,234.0
TOS11000102,2026-10-04T15:45,1.2,2.8,246.0
TOS11000102,2026-10-04T16:00,1.1,2.4,244.0
TOS11000102,2026-10-04T16:15,0.9,2.6,241.0
TOS11000102,2026-10-04T16:30,1.1,2.7,238.0
TOS11000102,2026-10-04T16:45,0.8,2.1,236.0
TOS11000102,2026-10-04T17:00,0.8,1.8,230.0
TOS11000102,2026-10-04T17:15,0.6,2.0,238.0
TOS11000102,2026-10-04T17:30,0.5,1.3,215.0
TOS11000102,2026-10-04T17:45,0.4,1.2,152.0
TOS11000102,2026-10-04T18:00,0.6,1.0,106.0
TOS11000102,2026-10-04T18:15,0.8,1.7,71.0
TOS11000102,2026-10-04T18:30,1.2,3.2,62.0
TOS11000102,2026-10-04T18:45,1.4,3.2,47.0
TOS11000102,2026-10-04T19:00,1.0,1.8,26.0
TOS11000102,2026-10-04T19:15,1.1,2.3,35.0
TOS11000102,2026-10-04T19:30,1.7,2.8,60.0
TOS11000102,2026-10-04T19:45,1.6,3.7,62.0
TOS11000102,2026-10-04T20:00,1.7,4.0,35.0
TOS11000102,2026-10-04T20:15,2.5,4.4,66.0
TOS11000102,2026-10-04T20:30,2.1,3.6,62.0
TOS11000102,2026-10-04T20:45,1.7,3.7,63.0
TOS11000102,2026-10-04T21:00,1.0,2.2,37.0
TOS11000102,2026-10-04T21:15,1.3,2.6,40.0
TOS11000102,2026-10-04T21:30,1.9,3.8,63.0
TOS11000102,2026-10-04T21:45,1.5,2.6,63.0
TOS11000102,2026-10-04T22:00,1.1,2.6,20.0
TOS11000102,2026-10-04T22:15,1.3,2.3,47.0
TOS11000102,2026-10-04T22:30,1.4,2.5,49.0
TOS11000102,2026-10-04T22:45,1.6,3.3,64.0
TOS11000102,2026-10-04T23:00,2.2,3.7,68.0
TOS11000102,2026-10-04T23:15,1.9,3.7,61.0
TOS11000102,2026-10-04T23:30,1.7,3.1,60.0
TOS11000102,2026-10-04T23:45,2.1,3.8,63.0
TOS11000106,2026-10-04T00:00,1.8,2.2,145.0
TOS11000106,2026-10-04T00:15,2.3,2.8,120.0
TOS11000106,2026-10-04T00:30,2.4,2.8,119.0
TOS11000106,2026-10-04T00:45,2.2,2.5,120.0
TOS11000106,2026-10-04T01:00,1.7,2.3,144.0
TOS11000106,2026-10-04T01:15,1.3,1.6,159.0
TOS11000106,2026-10-04T01:30,1.1,1.6,164.0
TOS11000106,2026-10-04T01:45,1.0,1.3,178.0
TOS11000106,2026-10-04T02:00,1.3,2.1,191.0
TOS11000106,2026-10-04T02:15,1.3,1.9,202.0
TOS11000106,2026-10-04T02:30,1.4,2.3,202.0
TOS11000106,2026-10-04T02:45,1.7,2.5,207.0
TOS11000106,2026-10-04T03:00,2.1,3.0,215.0
TOS11000106,2026-10-04T03:15,1.8,2.5,208.0
TOS11000106,2026-10-04T03:30,1.7,2.1,209.0
TOS11000106,2026-10-04T03:45,1.6,2.1,188.0
TOS11000106,2026-10-04T04:00,1.6,2.1,187.0
TOS11000106,2026-10-04T04:15,2.0,2.5,186.0
TOS11000106,2026-10-04T04:30,1.8,2.6,200.0
TOS11000106,2026-10-04T04:45,1.8,2.6,222.0
TOS11000106,2026-10-04T05:00,1.0,1.7,211.0
TOS11000106,2026-10-04T05:15,0.8,1.2,194.0
TOS11000106,2026-10-04T05:30,0.7,1.0,210.0
TOS11000106,2026-10-04T05:45,0.9,1.3,206.0
TOS11000106,2026-10-04T06:00,1.0,1.5,214.0
TOS11000106,2026-10-04T06:15,0.7,1.1,210.0
TOS11000106,2026-10-04T06:30,0.7,1.0,197.0
TOS11000106,2026-10-04T06:45,1.5,3.1,196.0
TOS11000106,2026-10-04T07:00,1.2,1.7,183.0
TOS11000106,2026-10-04T07:15,1.5,2.0,182.0
TOS11000106,2026-10-04T07:30,0.9,1.5,175.0
TOS11000106,2026-10-04T07:45,0.9,1.6,234.0
TOS11000106,2026-10-04T08:00,0.8,1.3,208.0
TOS11000106,2026-10-04T08:15,0.9,1.4,182.0
TOS11000106,2026-10-04T08:30,0.9,1.4,206.0
TOS11000106,2026-10-04T08:45,0.8,1.6,262.0
TOS11000106,2026-10-04T09:00,0.9,1.6,269.0
TOS11000106,2026-10-04T09:15,1.3,2.4,286.0
TOS11000106,2026-10-04T09:30,1.0,1.8,282.0
TOS11000106,2026-10-04T09:45,1.2,2.4,288.0
TOS11000106,2026-10-04T10:00,1.4,2.4,283.0
TOS11000106,2026-10-04T10:15,1.4,2.6,264.0
TOS11000106,2026-10-04T10:30,1.4,2.4,297.0
TOS11000106,2026-10-04T10:45,1.7,2.9,292.0
TOS11000106,2026-10-04T11:00,2.0,3.5,288.0
TOS11000106,2026-10-04T11:15,1.5,2.6,273.0
TOS11000106,2026-10-04T11:30,1.4,2.8,261.0
TOS11000106,2026-10-04T11:45,1.8,3.4,259.0
TOS11000106,2026-10-04T12:00,1.8,3.5,255.0
TOS11000106,2026-10-04T12:15,1.6,3.1,250.0
TOS11000106,2026-10-04T12:30,1.6,3.2,244.0
TOS11000106,2026-10-04T12:45,1.7,3.4,257.0
TOS11000106,2026-10-04T13:00,1.6,3.1,257.0
TOS11000106,2026-10-04T13:15,1.7,3.3,282.0
TOS11000106,2026-10-04T13:30,1.7,2.9,277.0
TOS11000106,2026-10-04T13:45,1.8,4.1,278.0
TOS11000106,2026-10-04T14:00,1.2,2.6,270.0
TOS11000106,2026-10-04T14:15,1.6,3.1,253.0
TOS11000106,2026-10-04T14:30,1.9,3.1,242.0
TOS11000106,2026-10-04T14:45,1.8,3.2,243.0
TOS11000106,2026-10-04T15:00,1.6,4.0,253.0
TOS11000106,2026-10-04T15:15,2.0,4.5,273.0
TOS11000106,2026-10-04T15:30,1.9,4.8,279.0
TOS11000106,2026-10-04T15:45,1.9,4.3,255.0
TOS11000106,2026-10-04T16:00,1.5,2.9,238.0
TOS11000106,2026-10-04T16:15,1.4,3.6,247.0
TOS11000106,2026-10-04T16:30,1.5,3.2,266.0
TOS11000106,2026-10-04T16:45,1.4,2.9,280.0
TOS11000106,2026-10-04T17:00,1.5,3.4,327.0
TOS11000106,2026-10-04T17:15,0.8,1.7,139.0
TOS11000106,2026-10-04T17:30,1.0,2.6,122.0
TOS11000106,2026-10-04T17:45,1.6,2.7,127.0
TOS11000106,2026-10-04T18:00,1.5,2.7,124.0
TOS11000106,2026-10-04T18:15,0.7,1.2,148.0
TOS11000106,2026-10-04T18:30,1.5,1.8,173.0
TOS11000106,2026-10-04T18:45,1.7,2.5,200.0
TOS11000106,2026-10-04T19:00,2.2,2.9,205.0
TOS11000106,2026-10-04T19:15,2.4,3.2,221.0
TOS11000106,2026-10-04T19:30,1.8,2.6,227.0
TOS11000106,2026-10-04T19:45,2.2,3.1,230.0
TOS11000106,2026-10-04T20:00,2.1,3.5,240.0
TOS11000106,2026-10-04T20:15,2.0,3.6,249.0
TOS11000106,2026-10-04T20:30,1.7,2.4,249.0
TOS11000106,2026-10-04T20:45,1.7,2.4,257.0
TOS11000106,2026-10-04T21:00,1.9,2.7,251.0
TOS11000106,2026-10-04T21:15,2.1,2.8,240.0
TOS11000106,2026-10-04T21:30,2.3,3.2,237.0
TOS11000106,2026-10-04T21:45,2.3,3.2,233.0
TOS11000106,2026-10-04T22:00,2.3,3.1,226.0
TOS11000106,2026-10-04T22:15,2.3,2.9,233.0
TOS11000106,2026-10-04T22:30,1.9,3.0,248.0
TOS11000106,2026-10-04T22:45,2.4,3.8,243.0
TOS11000106,2026-10-04T23:00,2.3,3.6,253.0
TOS11000106,2026-10-04T23:15,2.6,4.1,237.0
TOS11000106,2026-10-04T23:30,2.2,3.1,237.0
TOS11000106,2026-10-04T23:45,2.3,3.3,240.0
TOS11000504,2026-10-04T00:00,1.9,2.9,128.0
TOS11000504,2026-10-04T00:15,2.2,3.3,135.0
TOS11000504,2026-10-04T00:30,2.2,3.7,120.0
TOS11000504,2026-10-04T00:45,1.9,3.3,123.0
TOS11000504,2026-10-04T01:00,1.7,2.8,155.0
TOS11000504,2026-10-04T01:15,1.9,2.9,156.0
TOS11000504,2026-10-04T01:30,1.8,2.9,169.0
TOS11000504,2026-10-04T01:45,1.9,2.9,149.0
TOS11000504,2026-10-04T02:00,1.4,2.9,189.0
TOS11000504,2026-10-04T02:15,1.3,2.2,194.0
TOS11000504,2026-10-04T02:30,1.6,2.7,185.0
TOS11000504,2026-10-04T02:45,1.4,2.2,193.0
TOS11000504,2026-10-04T03:00,0.6,1.0,157.0
TOS11000504,2026-10-04T03:15,0.5,1.1,317.0
TOS11000504,2026-10-04T03:30,0.6,1.4,231.0
TOS11000504,2026-10-04T03:45,1.3,1.8,191.0
TOS11000504,2026-10-04T04:00,0.6,1.0,143.0
TOS11000504,2026-10-04T04:15,1.2,2.2,197.0
TOS11000504,2026-10-04T04:30,2.0,2.9,188.0
TOS11000504,2026-10-04T04:45,2.1,3.0,182.0
TOS11000504,2026-10-04T05:00,1.7,2.9,184.0
TOS11000504,2026-10-04T05:15,2.1,3.3,185.0
TOS11000504,2026-10-04T05:30,1.6,2.9,168.0
TOS11000504,2026-10-04T05:45,1.2,2.0,152.0
TOS11000504,2026-10-04T06:00,0.7,1.5,75.0
TOS11000504,2026-10-04T06:15,0.6,1.7,230.0
TOS11000504,2026-10-04T06:30,0.9,1.6,187.0
TOS11000504,2026-10-04T06:45,1.1,2.1,158.0
TOS11000504,2026-10-04T07:00,1.0,1.8,164.0
TOS11000504,2026-10-04T07:15,1.6,2.6,190.0
TOS11000504,2026-10-04T07:30,1.6,2.4,180.0
TOS11000504,2026-10-04T07:45,1.2,2.0,178.0
TOS11000504,2026-10-04T08:00,0.6,1.2,188.0
TOS11000504,2026-10-04T08:15,0.5,1.1,227.0
TOS11000504,2026-10-04T08:30,0.9,2.0,74.0
TOS11000504,2026-10-04T08:45,1.3,2.6,99.0
TOS11000504,2026-10-04T09:00,1.2,2.2,82.0
TOS11000504,2026-10-04T09:15,1.1,2.2,88.0
TOS11000504,2026-10-04T09:30,1.9,2.5,81.0
TOS11000504,2026-10-04T09:45,1.3,2.3,75.0
TOS11000504,2026-10-04T10:00,1.0,2.5,79.0
TOS11000504,2026-10-04T10:15,1.1,2.5,75.0
TOS11000504,2026-10-04T10:30,1.5,2.9,62.0
TOS11000504,2026-10-04T10:45,1.4,3.0,62.0
TOS11000504,2026-10-04T11:00,1.6,2.9,79.0
TOS11000504,2026-10-04T11:15,1.4,2.8,41.0
TOS11000504,2026-10-04T11:30,1.0,2.4,325.0
TOS11000504,2026-10-04T11:45,0.8,2.3,349.0
TOS11000504,2026-10-04T12:00,0.7,2.3,233.0
TOS11000504,2026-10-04T12:15,1.1,2.4,338.0
TOS11000504,2026-10-04T12:30,1.5,3.0,20.0
TOS11000504,2026-10-04T12:45,0.9,3.0,15.0
TOS11000504,2026-10-04T13:00,1.0,3.1,291.0
TOS11000504,2026-10-04T13:15,1.1,2.8,286.0
TOS11000504,2026-10-04T13:30,0.8,2.5,354.0
TOS11000504,2026-10-04T13:45,1.2,2.6,354.0
TOS11000504,2026-10-04T14:00,1.2,2.6,19.0
TOS11000504,2026-10-04T14:15,1.4,3.5,311.0
TOS11000504,2026-10-04T14:30,1.4,3.8,18.0
TOS11000504,2026-10-04T14:45,1.2,3.7,343.0
TOS11000504,2026-10-04T15:00,1.6,3.6,296.0
TOS11000504,2026-10-04T15:15,1.1,3.5,322.0
TOS11000504,2026-10-04T15:30,1.6,3.5,291.0
TOS11000504,2026-10-04T15:45,1.4,2.8,289.0
TOS11000504,2026-10-04T16:00,1.5,3.4,285.0
TOS11000504,2026-10-04T16:15,1.6,4.7,293.0
TOS11000504,2026-10-04T16:30,1.6,3.9,272.0
TOS11000504,2026-10-04T16:45,1.7,5.6,269.0
TOS11000504,2026-10-04T17:00,1.5,3.6,256.0
TOS11000504,2026-10-04T17:15,1.7,4.4,265.0
TOS11000504,2026-10-04T17:30,1.6,3.3,271.0
TOS11000504,2026-10-04T17:45,1.3,3.3,266.0
TOS11000504,2026-10-04T18:00,1.5,3.4,268.0
TOS11000504,2026-10-04T18:15,1.3,3.3,262.0
TOS11000504,2026-10-04T18:30,1.1,2.4,271.0
TOS11000504,2026-10-04T18:45,1.2,1.8,329.0
TOS11000504,2026-10-04T19:00,1.3,2.0,322.0
TOS11000504,2026-10-04T19:15,1.1,1.8,314.0
TOS11000504,2026-10-04T19:30,1.0,1.7,297.0
TOS11000504,2026-10-04T19:45,1.1,1.8,270.0
TOS11000504,2026-10-04T20:00,0.9,1.6,247.0
TOS11000504,2026-10-04T20:15,0.8,1.4,231.0
TOS11000504,2026-10-04T20:30,0.8,1.4,217.0
TOS11000504,2026-10-04T20:45,1.2,1.9,181.0
TOS11000504,2026-10-04T21:00,1.1,1.5,183.0
TOS11000504,2026-10-04T21:15,1.4,2.1,174.0
TOS11000504,2026-10-04T21:30,1.3,2.0,181.0
TOS11000504,2026-10-04T21:45,1.5,2.4,179.0
TOS11000504,2026-10-04T22:00,1.7,2.5,181.0
TOS11000504,2026-10-04T22:15,2.1,3.1,186.0
TOS11000504,2026-10-04T22:30,2.2,3.7,181.0
TOS11000504,2026-10-04T22:45,1.8,2.9,183.0
TOS11000504,2026-10-04T23:00,0.6,2.5,178.0
TOS11000504,2026-10-04T23:15,0.5,1.0,353.0
TOS11000504,2026-10-04T23:30,0.7,1.2,65.0
TOS11000504,2026-10-04T23:45,0.6,0.9,304.0
TOS11000505,2026-10-04T00:00,1.3,2.0,12.0
TOS11000505,2026-10-04T00:15,1.4,2.5,21.0
TOS11000505,2026-10-04T00:30,1.1,2.2,36.0
TOS11000505,2026-10-04T00:45,0.8,1.6,7.0
TOS11000505,2026-10-04T01:00,0.9,1.7,49.0
TOS11000505,2026-10-04T01:15,1.3,2.2,37.0
TOS11000505,2026-10-04T01:30,1.2,2.1,39.0
TOS11000505,2026-10-04T01:45,1.8,2.7,24.0
TOS11000505,2026-10-04T02:00,1.8,2.7,18.0
TOS11000505,2026-10-04T02:15,1.8,3.2,26.0
TOS11000505,2026-10-04T02:30,1.3,2.2,17.0
TOS11000505,2026-10-04T02:45,1.4,1.9,16.0
TOS11000505,2026-10-04T03:00,0.8,1.6,33.0
TOS11000505,2026-10-04T03:15,0.7,1.4,41.0
TOS11000505,2026-10-04T03:30,1.2,1.8,28.0
TOS11000505,2026-10-04T03:45,1.3,2.1,40.0
TOS11000505,2026-10-04T04:00,1.4,2.4,35.0
TOS11000505,2026-10-04T04:15,1.5,2.2,17.0
TOS11000505,2026-10-04T04:30,1.0,2.5,48.0
TOS11000505,2026-10-04T04:45,1.3,2.0,34.0
TOS11000505,2026-10-04T05:00,0.9,1.6,48.0
TOS11000505,2026-10-04T05:15,1.3,2.2,15.0
TOS11000505,2026-10-04T05:30,1.1,2.0,38.0
TOS11000505,2026-10-04T05:45,1.1,2.1,52.0
TOS11000505,2026-10-04T06:00,1.3,2.3,45.0
TOS11000505,2026-10-04T06:15,1.4,1.9,17.0
TOS11000505,2026-10-04T06:30,1.4,2.0,37.0
TOS11000505,2026-10-04T06:45,1.4,2.1,22.0
TOS11000505,2026-10-04T07:00,1.2,1.6,30.0
TOS11000505,2026-10-04T07:15,1.1,1.6,44.0
TOS11000505,2026-10-04T07:30,0.6,0.9,80.0
TOS11000505,2026-10-04T07:45,1.1,1.5,26.0
TOS11000505,2026-10-04T08:00,1.5,2.0,10.0
TOS11000505,2026-10-04T08:15,1.0,1.3,356.0
TOS11000505,2026-10-04T08:30,0.6,1.1,31.0
TOS11000505,2026-10-04T08:45,0.6,1.5,24.0
TOS11000505,2026-10-04T09:00,1.2,2.3,121.0
TOS11000505,2026-10-04T09:15,0.6,1.4,174.0
TOS11000505,2026-10-04T09:30,0.8,2.1,22.0
TOS11000505,2026-10-04T09:45,0.6,1.5,283.0
TOS11000505,2026-10-04T10:00,1.0,2.2,55.0
TOS11000505,2026-10-04T10:15,0.8,1.9,11.0
TOS11000505,2026-10-04T10:30,1.8,2.7,357.0
TOS11000505,2026-10-04T10:45,1.3,2.6,47.0
TOS11000505,2026-10-04T11:00,1.2,2.5,132.0
TOS11000505,2026-10-04T11:15,1.7,3.9,197.0
TOS11000505,2026-10-04T11:30,1.4,3.7,227.0
TOS11000505,2026-10-04T11:45,1.8,4.3,190.0
TOS11000505,2026-10-04T12:00,1.4,3.6,261.0
TOS11000505,2026-10-04T12:15,1.7,3.2,216.0
TOS11000505,2026-10-04T12:30,2.1,4.5,265.0
TOS11000505,2026-10-04T12:45,1.6,3.1,249.0
TOS11000505,2026-10-04T13:00,1.2,2.8,263.0
TOS11000505,2026-10-04T13:15,2.1,3.8,247.0
TOS11000505,2026-10-04T13:30,1.3,2.6,285.0
TOS11000505,2026-10-04T13:45,2.6,4.8,202.0
TOS11000505,2026-10-04T14:00,2.7,4.6,238.0
TOS11000505,2026-10-04T14:15,2.7,4.4,232.0
TOS11000505,2026-10-04T14:30,2.2,4.4,259.0
TOS11000505,2026-10-04T14:45,2.0,4.3,250.0
TOS11000505,2026-10-04T15:00,3.1,4.7,238.0
TOS11000505,2026-10-04T15:15,2.1,4.2,228.0
TOS11000505,2026-10-04T15:30,2.2,4.8,293.0
TOS11000505,2026-10-04T15:45,3.1,4.5,270.0
TOS11000505,2026-10-04T16:00,2.6,4.4,289.0
TOS11000505,2026-10-04T16:15,2.3,3.8,301.0
TOS11000505,2026-10-04T16:30,2.5,4.6,277.0
TOS11000505,2026-10-04T16:45,2.4,4.0,270.0
TOS11000505,2026-10-04T17:00,3.8,5.5,250.0
TOS11000505,2026-10-04T17:15,4.9,6.9,254.0
TOS11000505,2026-10-04T17:30,3.8,5.6,258.0
TOS11000505,2026-10-04T17:45,3.3,4.9,260.0
TOS11000505,2026-10-04T18:00,3.0,4.1,263.0
TOS11000505,2026-10-04T18:15,2.8,4.0,267.0
TOS11000505,2026-10-04T18:30,2.7,4.1,267.0
TOS11000505,2026-10-04T18:45,2.4,3.9,278.0
TOS11000505,2026-10-04T19:00,2.2,4.0,281.0
TOS11000505,2026-10-04T19:15,2.4,4.0,280.0
TOS11000505,2026-10-04T19:30,2.6,3.7,273.0
TOS11000505,2026-10-04T19:45,2.3,3.4,273.0
TOS11000505,2026-10-04T20:00,2.3,2.8,245.0
TOS11000505,2026-10-04T20:15,1.7,2.5,249.0
TOS11000505,2026-10-04T20:30,1.4,1.7,287.0
TOS11000505,2026-10-04T20:45,0.9,1.7,238.0
TOS11000505,2026-10-04T21:00,0.3,0.7,183.0
TOS11000505,2026-10-04T21:15,0.6,0.9,239.0
TOS11000505,2026-10-04T21:30,0.7,1.1,241.0
TOS11000505,2026-10-04T21:45,0.8,1.0,178.0
TOS11000505,2026-10-04T22:00,1.0,1.4,166.0
TOS11000505,2026-10-04T22:15,1.5,1.9,179.0
TOS11000505,2026-10-04T22:30,1.3,1.9,189.0
TOS11000505,2026-10-04T22:45,1.2,1.6,218.0
TOS11000505,2026-10-04T23:00,1.4,2.0,219.0
TOS11000505,2026-10-04T23:15,0.8,1.2,250.0
TOS11000505,2026-10-04T23:30,0.5,0.8,197.0
TOS11000505,2026-10-04T23:45,0.9,1.2,209.0
TOS11000507,2026-10-04T00:00,5.5,6.8,64.0
TOS11000507,2026-10-04T00:15,6.2,7.3,51.0
TOS11000507,2026-10-04T00:30,6.0,6.9,50.0
TOS11000507,2026-10-04T00:45,5.4,6.3,57.0
TOS11000507,2026-10-04T01:00,4.6,5.7,64.0
TOS11000507,2026-10-04T01:15,4.2,5.3,60.0
TOS11000507,2026-10-04T01:30,5.5,6.6,60.0
TOS11000507,2026-10-04T01:45,3.6,5.6,60.0
TOS11000507,2026-10-04T02:00,2.6,3.2,63.0
TOS11000507,2026-10-04T02:15,2.8,3.9,55.0
TOS11000507,2026-10-04T02:30,3.0,4.0,55.0
TOS11000507,2026-10-04T02:45,3.0,3.6,43.0
TOS11000507,2026-10-04T03:00,2.9,3.5,46.0
TOS11000507,2026-10-04T03:15,3.3,4.2,46.0
TOS11000507,2026-10-04T03:30,3.1,4.7,53.0
TOS11000507,2026-10-04T03:45,2.1,3.4,83.0
TOS11000507,2026-10-04T04:00,4.3,5.9,50.0
TOS11000507,2026-10-04T04:15,4.9,5.8,48.0
TOS11000507,2026-10-04T04:30,4.7,5.6,54.0
TOS11000507,2026-10-04T04:45,4.9,5.9,51.0
TOS11000507,2026-10-04T05:00,4.8,5.5,61.0
TOS11000507,2026-10-04T05:15,4.1,4.9,63.0
TOS11000507,2026-10-04T05:30,3.2,3.8,64.0
TOS11000507,2026-10-04T05:45,2.5,3.5,67.0
TOS11000507,2026-10-04T06:00,1.0,1.9,79.0
TOS11000507,2026-10-04T06:15,1.5,2.4,53.0
TOS11000507,2026-10-04T06:30,1.9,2.4,58.0
TOS11000507,2026-10-04T06:45,2.0,2.7,52.0
TOS11000507,2026-10-04T07:00,1.9,2.5,57.0
TOS11000507,2026-10-04T07:15,1.8,2.3,58.0
TOS11000507,2026-10-04T07:30,2.4,3.3,45.0
TOS11000507,2026-10-04T07:45,3.1,3.9,41.0
TOS11000507,2026-10-04T08:00,2.4,3.4,55.0
TOS11000507,2026-10-04T08:15,2.1,2.8,54.0
TOS11000507,2026-10-04T08:30,2.1,2.8,44.0
TOS11000507,2026-10-04T08:45,1.8,2.6,37.0
TOS11000507,2026-10-04T09:00,1.3,2.5,27.0
TOS11000507,2026-10-04T09:15,1.6,2.6,77.0
TOS11000507,2026-10-04T09:30,1.6,2.6,106.0
TOS11000507,2026-10-04T09:45,1.8,2.9,95.0
TOS11000507,2026-10-04T10:00,1.5,2.5,53.0
TOS11000507,2026-10-04T10:15,1.8,2.8,24.0
TOS11000507,2026-10-04T10:30,2.0,3.3,35.0
TOS11000507,2026-10-04T10:45,1.8,3.0,19.0
TOS11000507,2026-10-04T11:00,1.8,3.3,47.0
TOS11000507,2026-10-04T11:15,1.9,3.9,43.0
TOS11000507,2026-10-04T11:30,2.0,3.5,49.0
TOS11000507,2026-10-04T11:45,1.8,3.6,17.0
TOS11000507,2026-10-04T12:00,2.0,3.7,11.0
TOS11000507,2026-10-04T12:15,2.1,3.2,6.0
TOS11000507,2026-10-04T12:30,1.8,3.6,164.0
TOS11000507,2026-10-04T12:45,2.4,3.9,263.0
TOS11000507,2026-10-04T13:00,2.5,5.1,314.0
TOS11000507,2026-10-04T13:15,3.5,6.0,273.0
TOS11000507,2026-10-04T13:30,4.1,6.3,275.0
TOS11000507,2026-10-04T13:45,4.3,6.6,267.0
TOS11000507,2026-10-04T14:00,4.3,6.8,287.0
TOS11000507,2026-10-04T14:15,6.1,7.7,278.0
TOS11000507,2026-10-04T14:30,5.2,7.0,276.0
TOS11000507,2026-10-04T14:45,5.7,8.3,275.0
TOS11000507,2026-10-04T15:00,6.2,8.1,272.0
TOS11000507,2026-10-04T15:15,6.3,8.2,278.0
TOS11000507,2026-10-04T15:30,5.6,7.3,265.0
TOS11000507,2026-10-04T15:45,5.4,8.4,260.0
TOS11000507,2026-10-04T16:00,5.6,7.4,270.0
TOS11000507,2026-10-04T16:15,7.3,8.9,278.0
TOS11000507,2026-10-04T16:30,5.3,6.9,273.0
TOS11000507,2026-10-04T16:45,5.7,6.9,275.0
TOS11000507,2026-10-04T17:00,5.4,6.9,278.0
TOS11000507,2026-10-04T17:15,5.5,7.0,280.0
TOS11000507,2026-10-04T17:30,5.7,7.4,279.0
TOS11000507,2026-10-04T17:45,5.5,7.2,277.0
TOS11000507,2026-10-04T18:00,4.7,6.0,269.0
TOS11000507,2026-10-04T18:15,4.7,5.2,267.0
TOS11000507,2026-10-04T18:30,4.9,5.8,271.0
TOS11000507,2026-10-04T18:45,3.8,5.0,269.0
TOS11000507,2026-10-04T19:00,2.9,3.7,263.0
TOS11000507,2026-10-04T19:15,2.8,3.4,269.0
TOS11000507,2026-10-04T19:30,2.4,3.1,256.0
TOS11000507,2026-10-04T19:45,2.1,2.8,233.0
TOS11000507,2026-10-04T20:00,2.6,3.2,241.0
TOS11000507,2026-10-04T20:15,2.5,3.6,240.0
TOS11000507,2026-10-04T20:30,2.0,2.7,212.0
TOS11000507,2026-10-04T20:45,2.3,3.1,224.0
TOS11000507,2026-10-04T21:00,2.5,3.0,223.0
TOS11000507,2026-10-04T21:15,3.0,3.5,228.0
TOS11000507,2026-10-04T21:30,2.4,2.8,215.0
TOS11000507,2026-10-04T21:45,2.0,2.6,180.0
TOS11000507,2026-10-04T22:00,1.5,2.0,167.0
TOS11000507,2026-10-04T22:15,2.0,2.7,67.0
TOS11000507,2026-10-04T22:30,2.8,3.3,47.0
TOS11000507,2026-10-04T22:45,1.9,2.9,51.0
TOS11000507,2026-10-04T23:00,1.5,1.9,68.0
TOS11000507,2026-10-04T23:15,1.4,1.6,79.0
TOS11000507,2026-10-04T23:30,0.6,1.1,83.0
TOS11000507,2026-10-04T23:45,0.6,1.0,189.0
TOS11000512,2026-10-04T00:00,1.4,2.4,7.0
TOS11000512,2026-10-04T00:15,2.3,3.5,22.0
TOS11000512,2026-10-04T00:30,2.5,3.3,8.0
TOS11000512,2026-10-04T00:45,2.1,2.9,17.0
TOS11000512,2026-10-04T01:00,0.5,1.4,327.0
TOS11000512,2026-10-04T01:15,1.5,2.7,17.0
TOS11000512,2026-10-04T01:30,1.0,2.8,85.0
TOS11000512,2026-10-04T01:45,0.6,2.3,15.0
TOS11000512,2026-10-04T02:00,1.3,2.6,62.0
TOS11000512,2026-10-04T02:15,1.4,2.8,42.0
TOS11000512,2026-10-04T02:30,2.0,2.8,30.0
TOS11000512,2026-10-04T02:45,2.1,3.5,21.0
TOS11000512,2026-10-04T03:00,2.5,4.6,41.0
TOS11000512,2026-10-04T03:15,1.5,3.6,47.0
TOS11000512,2026-10-04T03:30,1.4,3.0,9.0
TOS11000512,2026-10-04T03:45,1.9,3.1,17.0
TOS11000512,2026-10-04T04:00,1.6,2.9,7.0
TOS11000512,2026-10-04T04:15,1.6,2.9,20.0
TOS11000512,2026-10-04T04:30,1.5,2.6,25.0
TOS11000512,2026-10-04T04:45,1.0,2.4,20.0
TOS11000512,2026-10-04T05:00,1.5,3.1,33.0
TOS11000512,2026-10-04T05:15,2.5,4.4,26.0
TOS11000512,2026-10-04T05:30,2.7,4.0,11.0
TOS11000512,2026-10-04T05:45,1.4,2.8,4.0
TOS11000512,2026-10-04T06:00,2.0,3.2,8.0
TOS11000512,2026-10-04T06:15,2.2,4.1,20.0
TOS11000512,2026-10-04T06:30,2.5,3.7,28.0
TOS11000512,2026-10-04T06:45,1.9,3.5,37.0
TOS11000512,2026-10-04T07:00,1.9,3.1,37.0
TOS11000512,2026-10-04T07:15,0.5,1.4,54.0
TOS11000512,2026-10-04T07:30,0.6,1.4,28.0
TOS11000512,2026-10-04T07:45,1.4,2.9,26.0
TOS11000512,2026-10-04T08:00,0.7,1.6,295.0
TOS11000512,2026-10-04T08:15,0.5,0.9,326.0
TOS11000512,2026-10-04T08:30,0.9,1.8,324.0
TOS11000512,2026-10-04T08:45,1.5,2.6,334.0
TOS11000512,2026-10-04T09:00,1.6,2.2,341.0
TOS11000512,2026-10-04T09:15,0.9,1.8,327.0
TOS11000512,2026-10-04T09:30,0.9,1.6,323.0
TOS11000512,2026-10-04T09:45,1.2,2.5,328.0
TOS11000512,2026-10-04T10:00,1.2,2.0,328.0
TOS11000512,2026-10-04T10:15,0.8,1.7,328.0
TOS11000512,2026-10-04T10:30,1.1,1.9,340.0
TOS11000512,2026-10-04T10:45,1.4,2.2,332.0
TOS11000512,2026-10-04T11:00,1.6,2.7,326.0
TOS11000512,2026-10-04T11:15,1.9,3.4,333.0
TOS11000512,2026-10-04T11:30,2.2,3.8,332.0
TOS11000512,2026-10-04T11:45,2.1,4.0,336.0
TOS11000512,2026-10-04T12:00,2.7,4.9,332.0
TOS11000512,2026-10-04T12:15,2.0,3.8,343.0
TOS11000512,2026-10-04T12:30,2.1,4.3,304.0
TOS11000512,2026-10-04T12:45,2.3,4.9,327.0
TOS11000512,2026-10-04T13:00,1.3,3.2,346.0
TOS11000512,2026-10-04T13:15,0.9,1.8,287.0
TOS11000512,2026-10-04T13:30,1.4,4.3,338.0
TOS11000512,2026-10-04T13:45,1.2,3.0,291.0
TOS11000512,2026-10-04T14:00,2.2,4.0,303.0
TOS11000512,2026-10-04T14:15,2.1,3.9,299.0
TOS11000512,2026-10-04T14:30,2.5,5.7,225.0
TOS11000512,2026-10-04T14:45,3.4,6.1,232.0
TOS11000512,2026-10-04T15:00,3.7,6.4,233.0
TOS11000512,2026-10-04T15:15,3.2,5.5,228.0
TOS11000512,2026-10-04T15:30,3.3,7.0,222.0
TOS11000512,2026-10-04T15:45,3.3,6.4,224.0
TOS11000512,2026-10-04T16:00,2.8,5.2,220.0
TOS11000512,2026-10-04T16:15,3.0,5.1,203.0
TOS11000512,2026-10-04T16:30,2.8,4.3,209.0
TOS11000512,2026-10-04T16:45,4.0,5.9,207.0
TOS11000512,2026-10-04T17:00,3.9,6.7,204.0
TOS11000512,2026-10-04T17:15,3.9,5.7,204.0
TOS11000512,2026-10-04T17:30,3.3,5.2,205.0
TOS11000512,2026-10-04T17:45,2.7,4.3,200.0
TOS11000512,2026-10-04T18:00,2.6,4.3,204.0
TOS11000512,2026-10-04T18:15,2.5,4.8,206.0
TOS11000512,2026-10-04T18:30,2.6,3.8,201.0
TOS11000512,2026-10-04T18:45,2.4,3.6,193.0
TOS11000512,2026-10-04T19:00,2.2,3.3,189.0
TOS11000512,2026-10-04T19:15,2.0,3.3,190.0
TOS11000512,2026-10-04T19:30,1.7,2.6,188.0
TOS11000512,2026-10-04T19:45,2.1,3.6,199.0
TOS11000512,2026-10-04T20:00,2.1,3.5,202.0
TOS11000512,2026-10-04T20:15,2.2,3.4,189.0
TOS11000512,2026-10-04T20:30,1.9,3.1,191.0
TOS11000512,2026-10-04T20:45,2.0,3.3,205.0
TOS11000512,2026-10-04T21:00,2.2,3.4,208.0
TOS11000512,2026-10-04T21:15,1.3,2.9,239.0
TOS11000512,2026-10-04T21:30,1.2,2.0,251.0
TOS11000512,2026-10-04T21:45,1.1,2.0,326.0
TOS11000512,2026-10-04T22:00,0.7,1.0,307.0
TOS11000512,2026-10-04T22:15,0.7,1.5,182.0
TOS11000512,2026-10-04T22:30,0.7,1.2,182.0
TOS11000512,2026-10-04T22:45,0.6,1.1,249.0
TOS11000512,2026-10-04T23:00,0.4,0.8,215.0
TOS11000512,2026-10-04T23:15,0.9,1.7,327.0
TOS11000512,2026-10-04T23:30,1.0,1.6,303.0
TOS11000512,2026-10-04T23:45,0.7,1.2,185.0
