stazione,ora,umidita
TOS01000056,2026-10-09T00:00,99
TOS01000056,2026-10-09T00:15,99
TOS01000056,2026-10-09T00:30,99
TOS01000056,2026-10-09T00:45,99
TOS01000056,2026-10-09T01:00,98
TOS01000056,2026-10-09T01:15,97
TOS01000056,2026-10-09T01:30,97
TOS01000056,2026-10-09T01:45,96
TOS01000056,2026-10-09T02:00,96
TOS01000056,2026-10-09T02:15,95
TOS01000056,2026-10-09T02:30,94
TOS01000056,2026-10-09T02:45,94
TOS01000056,2026-10-09T03:00,93
TOS01000056,2026-10-09T03:15,92
TOS01000056,2026-10-09T03:30,88
TOS01000056,2026-10-09T03:45,88
TOS01000056,2026-10-09T04:00,87
TOS01000056,2026-10-09T04:15,87
TOS01000056,2026-10-09T04:30,86
TOS01000056,2026-10-09T04:45,89
TOS01000056,2026-10-09T05:00,90
TOS01000056,2026-10-09T05:15,92
TOS01000056,2026-10-09T05:30,92
TOS01000056,2026-10-09T05:45,92
TOS01000056,2026-10-09T06:00,92
TOS01000056,2026-10-09T06:15,92
TOS01000056,2026-10-09T06:30,93
TOS01000056,2026-10-09T06:45,93
TOS01000056,2026-10-09T07:00,90
TOS01000056,2026-10-09T07:15,88
TOS01000056,2026-10-09T07:30,88
TOS01000056,2026-10-09T07:45,90
TOS01000056,2026-10-09T08:00,86
TOS01000056,2026-10-09T08:15,90
TOS01000056,2026-10-09T08:30,87
TOS01000056,2026-10-09T08:45,86
TOS01000056,2026-10-09T09:00,90
TOS01000056,2026-10-09T09:15,89
TOS01000056,2026-10-09T09:30,87
TOS01000056,2026-10-09T09:45,89
TOS01000056,2026-10-09T10:00,91
TOS01000056,2026-10-09T10:15,93
TOS01000056,2026-10-09T10:30,93
TOS01000056,2026-10-09T10:45,93
TOS01000056,2026-10-09T11:00,93
TOS01000056,2026-10-09T11:15,93
TOS01000056,2026-10-09T11:30,93
TOS01000056,2026-10-09T11:45,92
TOS01000056,2026-10-09T12:00,93
TOS01000056,2026-10-09T12:15,93
TOS01000056,2026-10-09T12:30,95
TOS01000056,2026-10-09T12:45,95
TOS01000056,2026-10-09T13:00,96
TOS01000056,2026-10-09T13:15,96
TOS01000056,2026-10-09T13:30,96
TOS01000056,2026-10-09T13:45,96
TOS01000056,2026-10-09T14:00,97
TOS01000056,2026-10-09T14:15,97
TOS01000056,2026-10-09T14:30,98
TOS01000056,2026-10-09T14:45,97
TOS01000056,2026-10-09T15:00,97
TOS01000056,2026-10-09T15:15,97
TOS01000056,2026-10-09T15:30,97
TOS01000056,2026-10-09T15:45,97
TOS01000056,2026-10-09T16:00,95
TOS01000056,2026-10-09T16:15,86
TOS01000056,2026-10-09T16:30,89
TOS01000056,2026-10-09T16:45,85
TOS01000056,2026-10-09T17:00,82
TOS01000056,2026-10-09T17:15,79
TOS01000056,2026-10-09T17:30,82
TOS01000056,2026-10-09T17:45,81
TOS01000056,2026-10-09T18:00,81
TOS01000056,2026-10-09T18:15,81
TOS01000056,2026-10-09T18:30,78
TOS01000056,2026-10-09T18:45,78
TOS01000056,2026-10-09T19:00,81
TOS01000056,2026-10-09T19:15,87
TOS01000056,2026-10-09T19:30,84
TOS01000056,2026-10-09T19:45,87
TOS01000056,2026-10-09T20:00,91
TOS01000056,2026-10-09T20:15,93
TOS01000056,2026-10-09T20:30,90
TOS01000056,2026-10-09T20:45,88
TOS01000056,2026-10-09T21:00,85
TOS01000056,2026-10-09T21:15,83
TOS01000056,2026-10-09T21:30,81
TOS01000056,2026-10-09T21:45,87
TOS01000056,2026-10-09T22:00,95
TOS01000056,2026-10-09T22:15,95
TOS01000056,2026-10-09T22:30,93
TOS01000056,2026-10-09T22:45,95
TOS01000056,2026-10-09T23:00,96
TOS01000056,2026-10-09T23:15,97
TOS01000056,2026-10-09T23:30,97
TOS01000056,2026-10-09T23:45,97
TOS01001205,2026-10-09T00:00,96
TOS01001205,2026-10-09T00:15,96
TOS01001205,2026-10-09T00:30,97
TOS01001205,2026-10-09T00:45,97
TOS01001205,2026-10-09T01:00,98
TOS01001205,2026-10-09T01:15,98
TOS01001205,2026-10-09T01:30,98
TOS01001205,2026-10-09T01:45,98
TOS01001205,2026-10-09T02:00,98
TOS01001205,2026-10-09T02:15,98
TOS01001205,2026-10-09T02:30,98
TOS01001205,2026-10-09T02:45,97
TOS01001205,2026-10-09T03:00,96
TOS01001205,2026-10-09T03:15,96
TOS01001205,2026-10-09T03:30,96
TOS01001205,2026-10-09T03:45,95
TOS01001205,2026-10-09T04:00,96
TOS01001205,2026-10-09T04:15,96
TOS01001205,2026-10-09T04:30,97
TOS01001205,2026-10-09T04:45,97
TOS01001205,2026-10-09T05:00,97
TOS01001205,2026-10-09T05:15,98
TOS01001205,2026-10-09T05:30,98
TOS01001205,2026-10-09T05:45,98
TOS01001205,2026-10-09T06:00,98
TOS01001205,2026-10-09T06:15,99
TOS01001205,2026-10-09T06:30,98
TOS01001205,2026-10-09T06:45,98
TOS01001205,2026-10-09T07:00,98
TOS01001205,2026-10-09T07:15,98
TOS01001205,2026-10-09T07:30,98
TOS01001205,2026-10-09T07:45,98
TOS01001205,2026-10-09T08:00,96
TOS01001205,2026-10-09T08:15,94
TOS01001205,2026-10-09T08:30,90
TOS01001205,2026-10-09T08:45,88
TOS01001205,2026-10-09T09:00,89
TOS01001205,2026-10-09T09:15,87
TOS01001205,2026-10-09T09:30,84
TOS01001205,2026-10-09T09:45,81
TOS01001205,2026-10-09T10:00,75
TOS01001205,2026-10-09T10:15,72
TOS01001205,2026-10-09T10:30,73
TOS01001205,2026-10-09T10:45,74
TOS01001205,2026-10-09T11:00,74
TOS01001205,2026-10-09T11:15,73
TOS01001205,2026-10-09T11:30,72
TOS01001205,2026-10-09T11:45,70
TOS01001205,2026-10-09T12:00,70
TOS01001205,2026-10-09T12:15,69
TOS01001205,2026-10-09T12:30,68
TOS01001205,2026-10-09T12:45,65
TOS01001205,2026-10-09T13:00,64
TOS01001205,2026-10-09T13:15,64
TOS01001205,2026-10-09T13:30,61
TOS01001205,2026-10-09T13:45,57
TOS01001205,2026-10-09T14:00,53
TOS01001205,2026-10-09T14:15,53
TOS01001205,2026-10-09T14:30,55
TOS01001205,2026-10-09T14:45,63
TOS01001205,2026-10-09T15:00,74
TOS01001205,2026-10-09T15:15,79
TOS01001205,2026-10-09T15:30,84
TOS01001205,2026-10-09T15:45,87
TOS01001205,2026-10-09T16:00,89
TOS01001205,2026-10-09T16:15,91
TOS01001205,2026-10-09T16:30,89
TOS01001205,2026-10-09T16:45,87
TOS01001205,2026-10-09T17:00,87
TOS01001205,2026-10-09T17:15,88
TOS01001205,2026-10-09T17:30,89
TOS01001205,2026-10-09T17:45,89
TOS01001205,2026-10-09T18:00,90
TOS01001205,2026-10-09T18:15,90
TOS01001205,2026-10-09T18:30,90
TOS01001205,2026-10-09T18:45,91
TOS01001205,2026-10-09T19:00,91
TOS01001205,2026-10-09T19:15,91
TOS01001205,2026-10-09T19:30,90
TOS01001205,2026-10-09T19:45,90
TOS01001205,2026-10-09T20:00,89
TOS01001205,2026-10-09T20:15,89
TOS01001205,2026-10-09T20:30,88
TOS01001205,2026-10-09T20:45,89
TOS01001205,2026-10-09T21:00,90
TOS01001205,2026-10-09T21:15,90
TOS01001205,2026-10-09T21:30,91
TOS01001205,2026-10-09T21:45,91
TOS01001205,2026-10-09T22:00,91
TOS01001205,2026-10-09T22:15,92
TOS01001205,2026-10-09T22:30,93
TOS01001205,2026-10-09T22:45,93
TOS01001205,2026-10-09T23:00,92
TOS01001205,2026-10-09T23:15,91
TOS01001205,2026-10-09T23:30,91
TOS01001205,2026-10-09T23:45,91
TOS01001263,2026-10-09T00:00,96
TOS01001263,2026-10-09T00:15,85
TOS01001263,2026-10-09T00:30,91
TOS01001263,2026-10-09T00:45,94
TOS01001263,2026-10-09T01:00,88
TOS01001263,2026-10-09T01:15,87
TOS01001263,2026-10-09T01:30,86
TOS01001263,2026-10-09T01:45,87
TOS01001263,2026-10-09T02:00,82
TOS01001263,2026-10-09T02:15,81
TOS01001263,2026-10-09T02:30,86
TOS01001263,2026-10-09T02:45,86
TOS01001263,2026-10-09T03:00,87
TOS01001263,2026-10-09T03:15,89
TOS01001263,2026-10-09T03:30,91
TOS01001263,2026-10-09T03:45,93
TOS01001263,2026-10-09T04:00,94
TOS01001263,2026-10-09T04:15,93
TOS01001263,2026-10-09T04:30,89
TOS01001263,2026-10-09T04:45,89
TOS01001263,2026-10-09T05:00,89
TOS01001263,2026-10-09T05:15,91
TOS01001263,2026-10-09T05:30,92
TOS01001263,2026-10-09T05:45,92
TOS01001263,2026-10-09T06:00,93
TOS01001263,2026-10-09T06:15,94
TOS01001263,2026-10-09T06:30,92
TOS01001263,2026-10-09T06:45,93
TOS01001263,2026-10-09T07:00,94
TOS01001263,2026-10-09T07:15,93
TOS01001263,2026-10-09T07:30,88
TOS01001263,2026-10-09T07:45,86
TOS01001263,2026-10-09T08:00,85
TOS01001263,2026-10-09T08:15,85
TOS01001263,2026-10-09T08:30,90
TOS01001263,2026-10-09T08:45,90
TOS01001263,2026-10-09T09:00,90
TOS01001263,2026-10-09T09:15,91
TOS01001263,2026-10-09T09:30,91
TOS01001263,2026-10-09T09:45,92
TOS01001263,2026-10-09T10:00,94
TOS01001263,2026-10-09T10:15,95
TOS01001263,2026-10-09T10:30,96
TOS01001263,2026-10-09T10:45,95
TOS01001263,2026-10-09T11:00,94
TOS01001263,2026-10-09T11:15,94
TOS01001263,2026-10-09T11:30,93
TOS01001263,2026-10-09T11:45,94
TOS01001263,2026-10-09T12:00,94
TOS01001263,2026-10-09T12:15,90
TOS01001263,2026-10-09T12:30,86
TOS01001263,2026-10-09T12:45,84
TOS01001263,2026-10-09T13:00,82
TOS01001263,2026-10-09T13:15,75
TOS01001263,2026-10-09T13:30,73
TOS01001263,2026-10-09T13:45,70
TOS01001263,2026-10-09T14:00,70
TOS01001263,2026-10-09T14:15,73
TOS01001263,2026-10-09T14:30,76
TOS01001263,2026-10-09T14:45,76
TOS01001263,2026-10-09T15:00,73
TOS01001263,2026-10-09T15:15,78
TOS01001263,2026-10-09T15:30,82
TOS01001263,2026-10-09T15:45,87
TOS01001263,2026-10-09T16:00,92
TOS01001263,2026-10-09T16:15,95
TOS01001263,2026-10-09T16:30,93
TOS01001263,2026-10-09T16:45,80
TOS01001263,2026-10-09T17:00,82
TOS01001263,2026-10-09T17:15,81
TOS01001263,2026-10-09T17:30,81
TOS01001263,2026-10-09T17:45,81
TOS01001263,2026-10-09T18:00,80
TOS01001263,2026-10-09T18:15,80
TOS01001263,2026-10-09T18:30,78
TOS01001263,2026-10-09T18:45,77
TOS01001263,2026-10-09T19:00,77
TOS01001263,2026-10-09T19:15,77
TOS01001263,2026-10-09T19:30,77
TOS01001263,2026-10-09T19:45,77
TOS01001263,2026-10-09T20:00,77
TOS01001263,2026-10-09T20:15,75
TOS01001263,2026-10-09T20:30,74
TOS01001263,2026-10-09T20:45,74
TOS01001263,2026-10-09T21:00,73
TOS01001263,2026-10-09T21:15,73
TOS01001263,2026-10-09T21:30,74
TOS01001263,2026-10-09T21:45,76
TOS01001263,2026-10-09T22:00,75
TOS01001263,2026-10-09T22:15,75
TOS01001263,2026-10-09T22:30,75
TOS01001263,2026-10-09T22:45,75
TOS01001263,2026-10-09T23:00,76
TOS01001263,2026-10-09T23:15,75
TOS01001263,2026-10-09T23:30,76
TOS01001263,2026-10-09T23:45,76
TOS01001269,2026-10-09T00:00,95
TOS01001269,2026-10-09T00:15,95
TOS01001269,2026-10-09T00:30,95
TOS01001269,2026-10-09T00:45,95
TOS01001269,2026-10-09T01:00,94
TOS01001269,2026-10-09T01:15,94
TOS01001269,2026-10-09T01:30,94
TOS01001269,2026-10-09T01:45,95
TOS01001269,2026-10-09T02:00,95
TOS01001269,2026-10-09T02:15,95
TOS01001269,2026-10-09T02:30,95
TOS01001269,2026-10-09T02:45,95
TOS01001269,2026-10-09T03:00,95
TOS01001269,2026-10-09T03:15,95
TOS01001269,2026-10-09T03:30,95
TOS01001269,2026-10-09T03:45,95
TOS01001269,2026-10-09T04:00,95
TOS01001269,2026-10-09T04:15,95
TOS01001269,2026-10-09T04:30,95
TOS01001269,2026-10-09T04:45,95
TOS01001269,2026-10-09T05:00,95
TOS01001269,2026-10-09T05:15,96
TOS01001269,2026-10-09T05:30,96
TOS01001269,2026-10-09T05:45,96
TOS01001269,2026-10-09T06:00,96
TOS01001269,2026-10-09T06:15,96
TOS01001269,2026-10-09T06:30,96
TOS01001269,2026-10-09T06:45,96
TOS01001269,2026-10-09T07:00,96
TOS01001269,2026-10-09T07:15,96
TOS01001269,2026-10-09T07:30,96
TOS01001269,2026-10-09T07:45,96
TOS01001269,2026-10-09T08:00,96
TOS01001269,2026-10-09T08:15,95
TOS01001269,2026-10-09T08:30,95
TOS01001269,2026-10-09T08:45,93
TOS01001269,2026-10-09T09:00,92
TOS01001269,2026-10-09T09:15,91
TOS01001269,2026-10-09T09:30,90
TOS01001269,2026-10-09T09:45,89
TOS01001269,2026-10-09T10:00,88
TOS01001269,2026-10-09T10:15,85
TOS01001269,2026-10-09T10:30,82
TOS01001269,2026-10-09T10:45,84
TOS01001269,2026-10-09T11:00,82
TOS01001269,2026-10-09T11:15,82
TOS01001269,2026-10-09T11:30,79
TOS01001269,2026-10-09T11:45,77
TOS01001269,2026-10-09T12:00,76
TOS01001269,2026-10-09T12:15,73
TOS01001269,2026-10-09T12:30,73
TOS01001269,2026-10-09T12:45,71
TOS01001269,2026-10-09T13:00,68
TOS01001269,2026-10-09T13:15,68
TOS01001269,2026-10-09T13:30,66
TOS01001269,2026-10-09T13:45,66
TOS01001269,2026-10-09T14:00,67
TOS01001269,2026-10-09T14:15,65
TOS01001269,2026-10-09T14:30,64
TOS01001269,2026-10-09T14:45,66
TOS01001269,2026-10-09T15:00,70
TOS01001269,2026-10-09T15:15,80
TOS01001269,2026-10-09T15:30,83
TOS01001269,2026-10-09T15:45,83
TOS01001269,2026-10-09T16:00,87
TOS01001269,2026-10-09T16:15,86
TOS01001269,2026-10-09T16:30,85
TOS01001269,2026-10-09T16:45,85
TOS01001269,2026-10-09T17:00,85
TOS01001269,2026-10-09T17:15,86
TOS01001269,2026-10-09T17:30,87
TOS01001269,2026-10-09T17:45,88
TOS01001269,2026-10-09T18:00,89
TOS01001269,2026-10-09T18:15,90
TOS01001269,2026-10-09T18:30,92
TOS01001269,2026-10-09T18:45,93
TOS01001269,2026-10-09T19:00,93
TOS01001269,2026-10-09T19:15,94
TOS01001269,2026-10-09T19:30,94
TOS01001269,2026-10-09T19:45,94
TOS01001269,2026-10-09T20:00,94
TOS01001269,2026-10-09T20:15,94
TOS01001269,2026-10-09T20:30,94
TOS01001269,2026-10-09T20:45,94
TOS01001269,2026-10-09T21:00,95
TOS01001269,2026-10-09T21:15,95
TOS01001269,2026-10-09T21:30,95
TOS01001269,2026-10-09T21:45,95
TOS01001269,2026-10-09T22:00,95
TOS01001269,2026-10-09T22:15,95
TOS01001269,2026-10-09T22:30,95
TOS01001269,2026-10-09T22:45,95
TOS01001269,2026-10-09T23:00,96
TOS01001269,2026-10-09T23:15,96
TOS01001269,2026-10-09T23:30,95
TOS01001269,2026-10-09T23:45,96
TOS01004007,2026-10-09T00:00,85
TOS01004007,2026-10-09T00:15,85
TOS01004007,2026-10-09T00:30,86
TOS01004007,2026-10-09T00:45,87
TOS01004007,2026-10-09T01:00,87
TOS01004007,2026-10-09T01:15,87
TOS01004007,2026-10-09T01:30,86
TOS01004007,2026-10-09T01:45,86
TOS01004007,2026-10-09T02:00,87
TOS01004007,2026-10-09T02:15,88
TOS01004007,2026-10-09T02:30,88
TOS01004007,2026-10-09T02:45,88
TOS01004007,2026-10-09T03:00,88
TOS01004007,2026-10-09T03:15,88
TOS01004007,2026-10-09T03:30,88
TOS01004007,2026-10-09T03:45,88
TOS01004007,2026-10-09T04:00,89
TOS01004007,2026-10-09T04:15,90
TOS01004007,2026-10-09T04:30,90
TOS01004007,2026-10-09T04:45,90
TOS01004007,2026-10-09T05:00,91
TOS01004007,2026-10-09T05:15,91
TOS01004007,2026-10-09T05:30,91
TOS01004007,2026-10-09T05:45,92
TOS01004007,2026-10-09T06:00,93
TOS01004007,2026-10-09T06:15,92
TOS01004007,2026-10-09T06:30,92
TOS01004007,2026-10-09T06:45,93
TOS01004007,2026-10-09T07:00,94
TOS01004007,2026-10-09T07:15,94
TOS01004007,2026-10-09T07:30,95
TOS01004007,2026-10-09T07:45,94
TOS01004007,2026-10-09T08:00,93
TOS01004007,2026-10-09T08:15,93
TOS01004007,2026-10-09T08:30,92
TOS01004007,2026-10-09T08:45,92
TOS01004007,2026-10-09T09:00,91
TOS01004007,2026-10-09T09:15,88
TOS01004007,2026-10-09T09:30,85
TOS01004007,2026-10-09T09:45,82
TOS01004007,2026-10-09T10:00,76
TOS01004007,2026-10-09T10:15,71
TOS01004007,2026-10-09T10:30,70
TOS01004007,2026-10-09T10:45,69
TOS01004007,2026-10-09T11:00,70
TOS01004007,2026-10-09T11:15,71
TOS01004007,2026-10-09T11:30,71
TOS01004007,2026-10-09T11:45,73
TOS01004007,2026-10-09T12:00,72
TOS01004007,2026-10-09T12:15,73
TOS01004007,2026-10-09T12:30,75
TOS01004007,2026-10-09T12:45,76
TOS01004007,2026-10-09T13:00,76
TOS01004007,2026-10-09T13:15,77
TOS01004007,2026-10-09T13:30,80
TOS01004007,2026-10-09T13:45,83
TOS01004007,2026-10-09T14:00,81
TOS01004007,2026-10-09T14:15,86
TOS01004007,2026-10-09T14:30,88
TOS01004007,2026-10-09T14:45,87
TOS01004007,2026-10-09T15:00,84
TOS01004007,2026-10-09T15:15,81
TOS01004007,2026-10-09T15:30,82
TOS01004007,2026-10-09T15:45,83
TOS01004007,2026-10-09T16:00,84
TOS01004007,2026-10-09T16:15,83
TOS01004007,2026-10-09T16:30,83
TOS01004007,2026-10-09T16:45,84
TOS01004007,2026-10-09T17:00,84
TOS01004007,2026-10-09T17:15,85
TOS01004007,2026-10-09T17:30,86
TOS01004007,2026-10-09T17:45,87
TOS01004007,2026-10-09T18:00,88
TOS01004007,2026-10-09T18:15,89
TOS01004007,2026-10-09T18:30,90
TOS01004007,2026-10-09T18:45,90
TOS01004007,2026-10-09T19:00,90
TOS01004007,2026-10-09T19:15,90
TOS01004007,2026-10-09T19:30,89
TOS01004007,2026-10-09T19:45,89
TOS01004007,2026-10-09T20:00,89
TOS01004007,2026-10-09T20:15,89
TOS01004007,2026-10-09T20:30,89
TOS01004007,2026-10-09T20:45,89
TOS01004007,2026-10-09T21:00,89
TOS01004007,2026-10-09T21:15,90
TOS01004007,2026-10-09T21:30,91
TOS01004007,2026-10-09T21:45,92
TOS01004007,2026-10-09T22:00,92
TOS01004007,2026-10-09T22:15,93
TOS01004007,2026-10-09T22:30,94
TOS01004007,2026-10-09T22:45,94
TOS01004007,2026-10-09T23:00,95
TOS01004007,2026-10-09T23:15,95
TOS01004007,2026-10-09T23:30,95
TOS01004007,2026-10-09T23:45,95
TOS01004915,2026-10-09T00:00,91
TOS01004915,2026-10-09T00:15,91
TOS01004915,2026-10-09T00:30,90
TOS01004915,2026-10-09T00:45,90
TOS01004915,2026-10-09T01:00,90
TOS01004915,2026-10-09T01:15,90
TOS01004915,2026-10-09T01:30,91
TOS01004915,2026-10-09T01:45,91
TOS01004915,2026-10-09T02:00,91
TOS01004915,2026-10-09T02:15,92
TOS01004915,2026-10-09T02:30,92
TOS01004915,2026-10-09T02:45,92
TOS01004915,2026-10-09T03:00,92
TOS01004915,2026-10-09T03:15,92
TOS01004915,2026-10-09T03:30,92
TOS01004915,2026-10-09T03:45,92
TOS01004915,2026-10-09T04:00,92
TOS01004915,2026-10-09T04:15,93
TOS01004915,2026-10-09T04:30,93
TOS01004915,2026-10-09T04:45,92
TOS01004915,2026-10-09T05:00,92
TOS01004915,2026-10-09T05:15,92
TOS01004915,2026-10-09T05:30,92
TOS01004915,2026-10-09T05:45,92
TOS01004915,2026-10-09T06:00,92
TOS01004915,2026-10-09T06:15,92
TOS01004915,2026-10-09T06:30,93
TOS01004915,2026-10-09T06:45,93
TOS01004915,2026-10-09T07:00,93
TOS01004915,2026-10-09T07:15,93
TOS01004915,2026-10-09T07:30,93
TOS01004915,2026-10-09T07:45,94
TOS01004915,2026-10-09T08:00,94
TOS01004915,2026-10-09T08:15,94
TOS01004915,2026-10-09T08:30,94
TOS01004915,2026-10-09T08:45,94
TOS01004915,2026-10-09T09:00,94
TOS01004915,2026-10-09T09:15,94
TOS01004915,2026-10-09T09:30,93
TOS01004915,2026-10-09T09:45,93
TOS01004915,2026-10-09T10:00,87
TOS01004915,2026-10-09T10:15,79
TOS01004915,2026-10-09T10:30,82
TOS01004915,2026-10-09T10:45,81
TOS01004915,2026-10-09T11:00,78
TOS01004915,2026-10-09T11:15,74
TOS01004915,2026-10-09T11:30,75
TOS01004915,2026-10-09T11:45,77
TOS01004915,2026-10-09T12:00,75
TOS01004915,2026-10-09T12:15,73
TOS01004915,2026-10-09T12:30,69
TOS01004915,2026-10-09T12:45,66
TOS01004915,2026-10-09T13:00,69
TOS01004915,2026-10-09T13:15,71
TOS01004915,2026-10-09T13:30,72
TOS01004915,2026-10-09T13:45,71
TOS01004915,2026-10-09T14:00,72
TOS01004915,2026-10-09T14:15,75
TOS01004915,2026-10-09T14:30,78
TOS01004915,2026-10-09T14:45,80
TOS01004915,2026-10-09T15:00,83
TOS01004915,2026-10-09T15:15,82
TOS01004915,2026-10-09T15:30,81
TOS01004915,2026-10-09T15:45,80
TOS01004915,2026-10-09T16:00,80
TOS01004915,2026-10-09T16:15,73
TOS01004915,2026-10-09T16:30,64
TOS01004915,2026-10-09T16:45,61
TOS01004915,2026-10-09T17:00,70
TOS01004915,2026-10-09T17:15,77
TOS01004915,2026-10-09T17:30,80
TOS01004915,2026-10-09T17:45,83
TOS01004915,2026-10-09T18:00,83
TOS01004915,2026-10-09T18:15,84
TOS01004915,2026-10-09T18:30,84
TOS01004915,2026-10-09T18:45,85
TOS01004915,2026-10-09T19:00,86
TOS01004915,2026-10-09T19:15,87
TOS01004915,2026-10-09T19:30,87
TOS01004915,2026-10-09T19:45,87
TOS01004915,2026-10-09T20:00,88
TOS01004915,2026-10-09T20:15,87
TOS01004915,2026-10-09T20:30,87
TOS01004915,2026-10-09T20:45,87
TOS01004915,2026-10-09T21:00,87
TOS01004915,2026-10-09T21:15,87
TOS01004915,2026-10-09T21:30,88
TOS01004915,2026-10-09T21:45,88
TOS01004915,2026-10-09T22:00,88
TOS01004915,2026-10-09T22:15,89
TOS01004915,2026-10-09T22:30,89
TOS01004915,2026-10-09T22:45,90
TOS01004915,2026-10-09T23:00,90
TOS01004915,2026-10-09T23:15,90
TOS01004915,2026-10-09T23:30,91
TOS01004915,2026-10-09T23:45,91
TOS01004971,2026-10-09T00:00,90
TOS01004971,2026-10-09T00:15,89
TOS01004971,2026-10-09T00:30,90
TOS01004971,2026-10-09T00:45,91
TOS01004971,2026-10-09T01:00,91
TOS01004971,2026-10-09T01:15,92
TOS01004971,2026-10-09T01:30,92
TOS01004971,2026-10-09T01:45,93
TOS01004971,2026-10-09T02:00,93
TOS01004971,2026-10-09T02:15,93
TOS01004971,2026-10-09T02:30,93
TOS01004971,2026-10-09T02:45,93
TOS01004971,2026-10-09T03:00,94
TOS01004971,2026-10-09T03:15,94
TOS01004971,2026-10-09T03:30,94
TOS01004971,2026-10-09T03:45,94
TOS01004971,2026-10-09T04:00,94
TOS01004971,2026-10-09T04:15,94
TOS01004971,2026-10-09T04:30,94
TOS01004971,2026-10-09T04:45,94
TOS01004971,2026-10-09T05:00,93
TOS01004971,2026-10-09T05:15,93
TOS01004971,2026-10-09T05:30,94
TOS01004971,2026-10-09T05:45,94
TOS01004971,2026-10-09T06:00,94
TOS01004971,2026-10-09T06:15,94
TOS01004971,2026-10-09T06:30,94
TOS01004971,2026-10-09T06:45,94
TOS01004971,2026-10-09T07:00,95
TOS01004971,2026-10-09T07:15,95
TOS01004971,2026-10-09T07:30,94
TOS01004971,2026-10-09T07:45,95
TOS01004971,2026-10-09T08:00,95
TOS01004971,2026-10-09T08:15,95
TOS01004971,2026-10-09T08:30,92
TOS01004971,2026-10-09T08:45,91
TOS01004971,2026-10-09T09:00,91
TOS01004971,2026-10-09T09:15,91
TOS01004971,2026-10-09T09:30,88
TOS01004971,2026-10-09T09:45,86
TOS01004971,2026-10-09T10:00,83
TOS01004971,2026-10-09T10:15,82
TOS01004971,2026-10-09T10:30,80
TOS01004971,2026-10-09T10:45,77
TOS01004971,2026-10-09T11:00,75
TOS01004971,2026-10-09T11:15,74
TOS01004971,2026-10-09T11:30,73
TOS01004971,2026-10-09T11:45,73
TOS01004971,2026-10-09T12:00,70
TOS01004971,2026-10-09T12:15,69
TOS01004971,2026-10-09T12:30,68
TOS01004971,2026-10-09T12:45,66
TOS01004971,2026-10-09T13:00,67
TOS01004971,2026-10-09T13:15,67
TOS01004971,2026-10-09T13:30,69
TOS01004971,2026-10-09T13:45,74
TOS01004971,2026-10-09T14:00,77
TOS01004971,2026-10-09T14:15,77
TOS01004971,2026-10-09T14:30,80
TOS01004971,2026-10-09T14:45,82
TOS01004971,2026-10-09T15:00,79
TOS01004971,2026-10-09T15:15,77
TOS01004971,2026-10-09T15:30,75
TOS01004971,2026-10-09T15:45,73
TOS01004971,2026-10-09T16:00,73
TOS01004971,2026-10-09T16:15,73
TOS01004971,2026-10-09T16:30,68
TOS01004971,2026-10-09T16:45,64
TOS01004971,2026-10-09T17:00,63
TOS01004971,2026-10-09T17:15,63
TOS01004971,2026-10-09T17:30,63
TOS01004971,2026-10-09T17:45,65
TOS01004971,2026-10-09T18:00,64
TOS01004971,2026-10-09T18:15,65
TOS01004971,2026-10-09T18:30,69
TOS01004971,2026-10-09T18:45,70
TOS01004971,2026-10-09T19:00,69
TOS01004971,2026-10-09T19:15,70
TOS01004971,2026-10-09T19:30,73
TOS01004971,2026-10-09T19:45,72
TOS01004971,2026-10-09T20:00,75
TOS01004971,2026-10-09T20:15,76
TOS01004971,2026-10-09T20:30,77
TOS01004971,2026-10-09T20:45,78
TOS01004971,2026-10-09T21:00,77
TOS01004971,2026-10-09T21:15,79
TOS01004971,2026-10-09T21:30,80
TOS01004971,2026-10-09T21:45,80
TOS01004971,2026-10-09T22:00,81
TOS01004971,2026-10-09T22:15,83
TOS01004971,2026-10-09T22:30,84
TOS01004971,2026-10-09T22:45,86
TOS01004971,2026-10-09T23:00,87
TOS01004971,2026-10-09T23:15,88
TOS01004971,2026-10-09T23:30,89
TOS01004971,2026-10-09T23:45,89
TOS01005131,2026-10-09T00:00,90
TOS01005131,2026-10-09T00:15,90
TOS01005131,2026-10-09T00:30,90
TOS01005131,2026-10-09T00:45,91
TOS01005131,2026-10-09T01:00,91
TOS01005131,2026-10-09T01:15,91
TOS01005131,2026-10-09T01:30,91
TOS01005131,2026-10-09T01:45,91
TOS01005131,2026-10-09T02:00,91
TOS01005131,2026-10-09T02:15,91
TOS01005131,2026-10-09T02:30,91
TOS01005131,2026-10-09T02:45,91
TOS01005131,2026-10-09T03:00,91
TOS01005131,2026-10-09T03:15,91
TOS01005131,2026-10-09T03:30,91
TOS01005131,2026-10-09T03:45,91
TOS01005131,2026-10-09T04:00,91
TOS01005131,2026-10-09T04:15,91
TOS01005131,2026-10-09T04:30,91
TOS01005131,2026-10-09T04:45,91
TOS01005131,2026-10-09T05:00,91
TOS01005131,2026-10-09T05:15,91
TOS01005131,2026-10-09T05:30,91
TOS01005131,2026-10-09T05:45,91
TOS01005131,2026-10-09T06:00,91
TOS01005131,2026-10-09T06:15,91
TOS01005131,2026-10-09T06:30,91
TOS01005131,2026-10-09T06:45,92
TOS01005131,2026-10-09T07:00,92
TOS01005131,2026-10-09T07:15,92
TOS01005131,2026-10-09T07:30,92
TOS01005131,2026-10-09T07:45,92
TOS01005131,2026-10-09T08:00,92
TOS01005131,2026-10-09T08:15,93
TOS01005131,2026-10-09T08:30,93
TOS01005131,2026-10-09T08:45,92
TOS01005131,2026-10-09T09:00,92
TOS01005131,2026-10-09T09:15,92
TOS01005131,2026-10-09T09:30,91
TOS01005131,2026-10-09T09:45,91
TOS01005131,2026-10-09T10:00,88
TOS01005131,2026-10-09T10:15,86
TOS01005131,2026-10-09T10:30,84
TOS01005131,2026-10-09T10:45,82
TOS01005131,2026-10-09T11:00,81
TOS01005131,2026-10-09T11:15,77
TOS01005131,2026-10-09T11:30,76
TOS01005131,2026-10-09T11:45,76
TOS01005131,2026-10-09T12:00,76
TOS01005131,2026-10-09T12:15,76
TOS01005131,2026-10-09T12:30,75
TOS01005131,2026-10-09T12:45,73
TOS01005131,2026-10-09T13:00,72
TOS01005131,2026-10-09T13:15,72
TOS01005131,2026-10-09T13:30,73
TOS01005131,2026-10-09T13:45,75
TOS01005131,2026-10-09T14:00,75
TOS01005131,2026-10-09T14:15,74
TOS01005131,2026-10-09T14:30,74
TOS01005131,2026-10-09T14:45,74
TOS01005131,2026-10-09T15:00,71
TOS01005131,2026-10-09T15:15,70
TOS01005131,2026-10-09T15:30,69
TOS01005131,2026-10-09T15:45,67
TOS01005131,2026-10-09T16:00,67
TOS01005131,2026-10-09T16:15,67
TOS01005131,2026-10-09T16:30,66
TOS01005131,2026-10-09T16:45,71
TOS01005131,2026-10-09T17:00,74
TOS01005131,2026-10-09T17:15,75
TOS01005131,2026-10-09T17:30,75
TOS01005131,2026-10-09T17:45,71
TOS01005131,2026-10-09T18:00,70
TOS01005131,2026-10-09T18:15,71
TOS01005131,2026-10-09T18:30,72
TOS01005131,2026-10-09T18:45,75
TOS01005131,2026-10-09T19:00,77
TOS01005131,2026-10-09T19:15,78
TOS01005131,2026-10-09T19:30,79
TOS01005131,2026-10-09T19:45,81
TOS01005131,2026-10-09T20:00,81
TOS01005131,2026-10-09T20:15,82
TOS01005131,2026-10-09T20:30,83
TOS01005131,2026-10-09T20:45,84
TOS01005131,2026-10-09T21:00,86
TOS01005131,2026-10-09T21:15,86
TOS01005131,2026-10-09T21:30,87
TOS01005131,2026-10-09T21:45,87
TOS01005131,2026-10-09T22:00,87
TOS01005131,2026-10-09T22:15,88
TOS01005131,2026-10-09T22:30,88
TOS01005131,2026-10-09T22:45,88
TOS01005131,2026-10-09T23:00,88
TOS01005131,2026-10-09T23:15,89
TOS01005131,2026-10-09T23:30,89
TOS01005131,2026-10-09T23:45,89
TOS01005251,2026-10-09T00:00,69
TOS01005251,2026-10-09T00:15,71
TOS01005251,2026-10-09T00:30,71
TOS01005251,2026-10-09T00:45,70
TOS01005251,2026-10-09T01:00,72
TOS01005251,2026-10-09T01:15,79
TOS01005251,2026-10-09T01:30,78
TOS01005251,2026-10-09T01:45,79
TOS01005251,2026-10-09T02:00,79
TOS01005251,2026-10-09T02:15,78
TOS01005251,2026-10-09T02:30,77
TOS01005251,2026-10-09T02:45,77
TOS01005251,2026-10-09T03:00,81
TOS01005251,2026-10-09T03:15,84
TOS01005251,2026-10-09T03:30,86
TOS01005251,2026-10-09T03:45,87
TOS01005251,2026-10-09T04:00,88
TOS01005251,2026-10-09T04:15,88
TOS01005251,2026-10-09T04:30,88
TOS01005251,2026-10-09T04:45,89
TOS01005251,2026-10-09T05:00,89
TOS01005251,2026-10-09T05:15,88
TOS01005251,2026-10-09T05:30,88
TOS01005251,2026-10-09T05:45,88
TOS01005251,2026-10-09T06:00,88
TOS01005251,2026-10-09T06:15,89
TOS01005251,2026-10-09T06:30,89
TOS01005251,2026-10-09T06:45,90
TOS01005251,2026-10-09T07:00,90
TOS01005251,2026-10-09T07:15,90
TOS01005251,2026-10-09T07:30,90
TOS01005251,2026-10-09T07:45,90
TOS01005251,2026-10-09T08:00,90
TOS01005251,2026-10-09T08:15,90
TOS01005251,2026-10-09T08:30,90
TOS01005251,2026-10-09T08:45,90
TOS01005251,2026-10-09T09:00,90
TOS01005251,2026-10-09T09:15,89
TOS01005251,2026-10-09T09:30,89
TOS01005251,2026-10-09T09:45,88
TOS01005251,2026-10-09T10:00,87
TOS01005251,2026-10-09T10:15,84
TOS01005251,2026-10-09T10:30,81
TOS01005251,2026-10-09T10:45,79
TOS01005251,2026-10-09T11:00,79
TOS01005251,2026-10-09T11:15,80
TOS01005251,2026-10-09T11:30,80
TOS01005251,2026-10-09T11:45,79
TOS01005251,2026-10-09T12:00,79
TOS01005251,2026-10-09T12:15,78
TOS01005251,2026-10-09T12:30,76
TOS01005251,2026-10-09T12:45,75
TOS01005251,2026-10-09T13:00,75
TOS01005251,2026-10-09T13:15,77
TOS01005251,2026-10-09T13:30,76
TOS01005251,2026-10-09T13:45,75
TOS01005251,2026-10-09T14:00,76
TOS01005251,2026-10-09T14:15,77
TOS01005251,2026-10-09T14:30,80
TOS01005251,2026-10-09T14:45,81
TOS01005251,2026-10-09T15:00,82
TOS01005251,2026-10-09T15:15,80
TOS01005251,2026-10-09T15:30,79
TOS01005251,2026-10-09T15:45,78
TOS01005251,2026-10-09T16:00,77
TOS01005251,2026-10-09T16:15,77
TOS01005251,2026-10-09T16:30,77
TOS01005251,2026-10-09T16:45,78
TOS01005251,2026-10-09T17:00,78
TOS01005251,2026-10-09T17:15,79
TOS01005251,2026-10-09T17:30,79
TOS01005251,2026-10-09T17:45,80
TOS01005251,2026-10-09T18:00,81
TOS01005251,2026-10-09T18:15,82
TOS01005251,2026-10-09T18:30,83
TOS01005251,2026-10-09T18:45,82
TOS01005251,2026-10-09T19:00,78
TOS01005251,2026-10-09T19:15,78
TOS01005251,2026-10-09T19:30,75
TOS01005251,2026-10-09T19:45,75
TOS01005251,2026-10-09T20:00,77
TOS01005251,2026-10-09T20:15,78
TOS01005251,2026-10-09T20:30,77
TOS01005251,2026-10-09T20:45,77
TOS01005251,2026-10-09T21:00,78
TOS01005251,2026-10-09T21:15,77
TOS01005251,2026-10-09T21:30,79
TOS01005251,2026-10-09T21:45,80
TOS01005251,2026-10-09T22:00,80
TOS01005251,2026-10-09T22:15,81
TOS01005251,2026-10-09T22:30,82
TOS01005251,2026-10-09T22:45,82
TOS01005251,2026-10-09T23:00,83
TOS01005251,2026-10-09T23:15,84
TOS01005251,2026-10-09T23:30,84
TOS01005251,2026-10-09T23:45,85
TOS02000077,2026-10-09T00:00,92
TOS02000077,2026-10-09T00:15,92
TOS02000077,2026-10-09T00:30,92
TOS02000077,2026-10-09T00:45,93
TOS02000077,2026-10-09T01:00,93
TOS02000077,2026-10-09T01:15,93
TOS02000077,2026-10-09T01:30,93
TOS02000077,2026-10-09T01:45,93
TOS02000077,2026-10-09T02:00,93
TOS02000077,2026-10-09T02:15,94
TOS02000077,2026-10-09T02:30,94
TOS02000077,2026-10-09T02:45,94
TOS02000077,2026-10-09T03:00,94
TOS02000077,2026-10-09T03:15,94
TOS02000077,2026-10-09T03:30,94
TOS02000077,2026-10-09T03:45,94
TOS02000077,2026-10-09T04:00,94
TOS02000077,2026-10-09T04:15,94
TOS02000077,2026-10-09T04:30,94
TOS02000077,2026-10-09T04:45,94
TOS02000077,2026-10-09T05:00,94
TOS02000077,2026-10-09T05:15,94
TOS02000077,2026-10-09T05:30,94
TOS02000077,2026-10-09T05:45,94
TOS02000077,2026-10-09T06:00,95
TOS02000077,2026-10-09T06:15,95
TOS02000077,2026-10-09T06:30,94
TOS02000077,2026-10-09T06:45,94
TOS02000077,2026-10-09T07:00,94
TOS02000077,2026-10-09T07:15,94
TOS02000077,2026-10-09T07:30,94
TOS02000077,2026-10-09T07:45,94
TOS02000077,2026-10-09T08:00,95
TOS02000077,2026-10-09T08:15,95
TOS02000077,2026-10-09T08:30,95
TOS02000077,2026-10-09T08:45,93
TOS02000077,2026-10-09T09:00,91
TOS02000077,2026-10-09T09:15,87
TOS02000077,2026-10-09T09:30,85
TOS02000077,2026-10-09T09:45,85
TOS02000077,2026-10-09T10:00,87
TOS02000077,2026-10-09T10:15,85
TOS02000077,2026-10-09T10:30,85
TOS02000077,2026-10-09T10:45,83
TOS02000077,2026-10-09T11:00,82
TOS02000077,2026-10-09T11:15,84
TOS02000077,2026-10-09T11:30,82
TOS02000077,2026-10-09T11:45,81
TOS02000077,2026-10-09T12:00,83
TOS02000077,2026-10-09T12:15,84
TOS02000077,2026-10-09T12:30,84
TOS02000077,2026-10-09T12:45,83
TOS02000077,2026-10-09T13:00,84
TOS02000077,2026-10-09T13:15,85
TOS02000077,2026-10-09T13:30,84
TOS02000077,2026-10-09T13:45,84
TOS02000077,2026-10-09T14:00,84
TOS02000077,2026-10-09T14:15,85
TOS02000077,2026-10-09T14:30,85
TOS02000077,2026-10-09T14:45,85
TOS02000077,2026-10-09T15:00,84
TOS02000077,2026-10-09T15:15,86
TOS02000077,2026-10-09T15:30,87
TOS02000077,2026-10-09T15:45,85
TOS02000077,2026-10-09T16:00,84
TOS02000077,2026-10-09T16:15,84
TOS02000077,2026-10-09T16:30,83
TOS02000077,2026-10-09T16:45,79
TOS02000077,2026-10-09T17:00,77
TOS02000077,2026-10-09T17:15,82
TOS02000077,2026-10-09T17:30,85
TOS02000077,2026-10-09T17:45,86
TOS02000077,2026-10-09T18:00,86
TOS02000077,2026-10-09T18:15,83
TOS02000077,2026-10-09T18:30,82
TOS02000077,2026-10-09T19:00,76
TOS02000077,2026-10-09T19:15,78
TOS02000077,2026-10-09T19:30,75
TOS02000077,2026-10-09T19:45,76
TOS02000077,2026-10-09T20:00,75
TOS02000077,2026-10-09T20:15,76
TOS02000077,2026-10-09T20:30,77
TOS02000077,2026-10-09T20:45,80
TOS02000077,2026-10-09T21:15,85
TOS02000077,2026-10-09T21:30,81
TOS02000077,2026-10-09T21:45,81
TOS02000077,2026-10-09T22:00,82
TOS02000077,2026-10-09T22:15,81
TOS02000077,2026-10-09T22:30,76
TOS02000077,2026-10-09T22:45,72
TOS02000077,2026-10-09T23:00,70
TOS02000077,2026-10-09T23:15,74
TOS02000077,2026-10-09T23:30,79
TOS02000077,2026-10-09T23:45,83
TOS02000081,2026-10-09T00:00,98
TOS02000081,2026-10-09T00:15,98
TOS02000081,2026-10-09T00:30,98
TOS02000081,2026-10-09T00:45,98
TOS02000081,2026-10-09T01:00,98
TOS02000081,2026-10-09T01:15,98
TOS02000081,2026-10-09T01:30,97
TOS02000081,2026-10-09T01:45,97
TOS02000081,2026-10-09T02:00,97
TOS02000081,2026-10-09T02:15,97
TOS02000081,2026-10-09T02:30,97
TOS02000081,2026-10-09T02:45,97
TOS02000081,2026-10-09T03:00,97
TOS02000081,2026-10-09T03:15,97
TOS02000081,2026-10-09T03:30,97
TOS02000081,2026-10-09T03:45,97
TOS02000081,2026-10-09T04:00,97
TOS02000081,2026-10-09T04:15,97
TOS02000081,2026-10-09T04:30,97
TOS02000081,2026-10-09T04:45,97
TOS02000081,2026-10-09T05:00,97
TOS02000081,2026-10-09T05:15,97
TOS02000081,2026-10-09T05:30,97
TOS02000081,2026-10-09T05:45,97
TOS02000081,2026-10-09T06:00,97
TOS02000081,2026-10-09T06:15,97
TOS02000081,2026-10-09T06:30,97
TOS02000081,2026-10-09T06:45,97
TOS02000081,2026-10-09T07:00,97
TOS02000081,2026-10-09T07:15,97
TOS02000081,2026-10-09T07:30,97
TOS02000081,2026-10-09T07:45,97
TOS02000081,2026-10-09T08:00,97
TOS02000081,2026-10-09T08:15,97
TOS02000081,2026-10-09T08:30,91
TOS02000081,2026-10-09T08:45,73
TOS02000081,2026-10-09T09:00,75
TOS02000081,2026-10-09T09:15,82
TOS02000081,2026-10-09T09:30,85
TOS02000081,2026-10-09T09:45,87
TOS02000081,2026-10-09T10:00,87
TOS02000081,2026-10-09T10:15,89
TOS02000081,2026-10-09T10:30,90
TOS02000081,2026-10-09T10:45,90
TOS02000081,2026-10-09T11:00,91
TOS02000081,2026-10-09T11:15,91
TOS02000081,2026-10-09T11:30,92
TOS02000081,2026-10-09T11:45,91
TOS02000081,2026-10-09T12:00,90
TOS02000081,2026-10-09T12:15,92
TOS02000081,2026-10-09T12:30,92
TOS02000081,2026-10-09T12:45,92
TOS02000081,2026-10-09T13:00,92
TOS02000081,2026-10-09T13:15,93
TOS02000081,2026-10-09T13:30,94
TOS02000081,2026-10-09T13:45,94
TOS02000081,2026-10-09T14:00,94
TOS02000081,2026-10-09T14:15,94
TOS02000081,2026-10-09T14:30,93
TOS02000081,2026-10-09T14:45,94
TOS02000081,2026-10-09T15:00,94
TOS02000081,2026-10-09T15:15,94
TOS02000081,2026-10-09T15:30,94
TOS02000081,2026-10-09T15:45,92
TOS02000081,2026-10-09T16:00,87
TOS02000081,2026-10-09T16:15,83
TOS02000081,2026-10-09T16:30,84
TOS02000081,2026-10-09T16:45,87
TOS02000081,2026-10-09T17:00,87
TOS02000081,2026-10-09T17:15,85
TOS02000081,2026-10-09T17:30,85
TOS02000081,2026-10-09T17:45,85
TOS02000081,2026-10-09T18:00,87
TOS02000081,2026-10-09T18:15,87
TOS02000081,2026-10-09T18:30,87
TOS02000081,2026-10-09T18:45,87
TOS02000081,2026-10-09T19:00,87
TOS02000081,2026-10-09T19:15,87
TOS02000081,2026-10-09T19:30,87
TOS02000081,2026-10-09T19:45,85
TOS02000081,2026-10-09T20:00,85
TOS02000081,2026-10-09T20:15,88
TOS02000081,2026-10-09T20:30,89
TOS02000081,2026-10-09T20:45,90
TOS02000081,2026-10-09T21:00,89
TOS02000081,2026-10-09T21:15,90
TOS02000081,2026-10-09T21:30,90
TOS02000081,2026-10-09T21:45,91
TOS02000081,2026-10-09T22:00,92
TOS02000081,2026-10-09T22:15,90
TOS02000081,2026-10-09T22:30,87
TOS02000081,2026-10-09T22:45,84
TOS02000081,2026-10-09T23:00,84
TOS02000081,2026-10-09T23:15,83
TOS02000081,2026-10-09T23:30,81
TOS02000081,2026-10-09T23:45,78
TOS02000083,2026-10-09T00:00,91
TOS02000083,2026-10-09T00:15,90
TOS02000083,2026-10-09T00:30,91
TOS02000083,2026-10-09T00:45,91
TOS02000083,2026-10-09T01:00,92
TOS02000083,2026-10-09T01:15,92
TOS02000083,2026-10-09T01:30,92
TOS02000083,2026-10-09T01:45,92
TOS02000083,2026-10-09T02:00,92
TOS02000083,2026-10-09T02:15,93
TOS02000083,2026-10-09T02:30,93
TOS02000083,2026-10-09T02:45,93
TOS02000083,2026-10-09T03:00,93
TOS02000083,2026-10-09T03:15,93
TOS02000083,2026-10-09T03:30,93
TOS02000083,2026-10-09T03:45,93
TOS02000083,2026-10-09T04:00,93
TOS02000083,2026-10-09T04:15,93
TOS02000083,2026-10-09T04:30,93
TOS02000083,2026-10-09T04:45,93
TOS02000083,2026-10-09T05:00,93
TOS02000083,2026-10-09T05:15,93
TOS02000083,2026-10-09T05:30,93
TOS02000083,2026-10-09T05:45,93
TOS02000083,2026-10-09T06:00,93
TOS02000083,2026-10-09T06:15,93
TOS02000083,2026-10-09T06:30,93
TOS02000083,2026-10-09T06:45,93
TOS02000083,2026-10-09T07:00,93
TOS02000083,2026-10-09T07:15,93
TOS02000083,2026-10-09T07:30,93
TOS02000083,2026-10-09T07:45,93
TOS02000083,2026-10-09T08:00,93
TOS02000083,2026-10-09T08:15,93
TOS02000083,2026-10-09T08:30,93
TOS02000083,2026-10-09T08:45,93
TOS02000083,2026-10-09T09:00,93
TOS02000083,2026-10-09T09:15,92
TOS02000083,2026-10-09T09:30,92
TOS02000083,2026-10-09T09:45,90
TOS02000083,2026-10-09T10:00,89
TOS02000083,2026-10-09T10:15,90
TOS02000083,2026-10-09T10:30,90
TOS02000083,2026-10-09T10:45,88
TOS02000083,2026-10-09T11:00,89
TOS02000083,2026-10-09T11:15,89
TOS02000083,2026-10-09T11:30,88
TOS02000083,2026-10-09T11:45,87
TOS02000083,2026-10-09T12:00,87
TOS02000083,2026-10-09T12:15,87
TOS02000083,2026-10-09T12:30,87
TOS02000083,2026-10-09T12:45,88
TOS02000083,2026-10-09T13:00,88
TOS02000083,2026-10-09T13:15,89
TOS02000083,2026-10-09T13:30,90
TOS02000083,2026-10-09T13:45,90
TOS02000083,2026-10-09T14:00,88
TOS02000083,2026-10-09T14:15,88
TOS02000083,2026-10-09T14:30,88
TOS02000083,2026-10-09T14:45,88
TOS02000083,2026-10-09T15:00,86
TOS02000083,2026-10-09T15:15,87
TOS02000083,2026-10-09T15:30,89
TOS02000083,2026-10-09T15:45,90
TOS02000083,2026-10-09T16:00,89
TOS02000083,2026-10-09T16:15,89
TOS02000083,2026-10-09T16:30,90
TOS02000083,2026-10-09T16:45,90
TOS02000083,2026-10-09T17:00,89
TOS02000083,2026-10-09T17:15,89
TOS02000083,2026-10-09T17:30,90
TOS02000083,2026-10-09T17:45,91
TOS02000083,2026-10-09T18:00,90
TOS02000083,2026-10-09T18:15,87
TOS02000083,2026-10-09T18:30,84
TOS02000083,2026-10-09T18:45,85
TOS02000083,2026-10-09T19:00,85
TOS02000083,2026-10-09T19:15,81
TOS02000083,2026-10-09T19:30,82
TOS02000083,2026-10-09T19:45,83
TOS02000083,2026-10-09T20:00,84
TOS02000083,2026-10-09T20:15,85
TOS02000083,2026-10-09T20:30,85
TOS02000083,2026-10-09T20:45,85
TOS02000083,2026-10-09T21:00,85
TOS02000083,2026-10-09T21:15,84
TOS02000083,2026-10-09T21:30,85
TOS02000083,2026-10-09T21:45,84
TOS02000083,2026-10-09T22:00,85
TOS02000083,2026-10-09T22:15,85
TOS02000083,2026-10-09T22:30,86
TOS02000083,2026-10-09T22:45,86
TOS02000083,2026-10-09T23:00,86
TOS02000083,2026-10-09T23:15,87
TOS02000083,2026-10-09T23:30,87
TOS02000083,2026-10-09T23:45,88
TOS02000108,2026-10-09T00:00,90
TOS02000108,2026-10-09T00:15,89
TOS02000108,2026-10-09T00:30,89
TOS02000108,2026-10-09T00:45,89
TOS02000108,2026-10-09T01:00,89
TOS02000108,2026-10-09T01:15,89
TOS02000108,2026-10-09T01:30,89
TOS02000108,2026-10-09T01:45,89
TOS02000108,2026-10-09T02:00,90
TOS02000108,2026-10-09T02:15,90
TOS02000108,2026-10-09T02:30,90
TOS02000108,2026-10-09T02:45,90
TOS02000108,2026-10-09T03:00,90
TOS02000108,2026-10-09T03:15,90
TOS02000108,2026-10-09T03:30,91
TOS02000108,2026-10-09T03:45,90
TOS02000108,2026-10-09T04:00,91
TOS02000108,2026-10-09T04:15,91
TOS02000108,2026-10-09T04:30,91
TOS02000108,2026-10-09T04:45,91
TOS02000108,2026-10-09T05:00,91
TOS02000108,2026-10-09T05:15,91
TOS02000108,2026-10-09T05:30,92
TOS02000108,2026-10-09T05:45,91
TOS02000108,2026-10-09T06:00,91
TOS02000108,2026-10-09T06:15,91
TOS02000108,2026-10-09T06:30,92
TOS02000108,2026-10-09T06:45,92
TOS02000108,2026-10-09T07:00,92
TOS02000108,2026-10-09T07:15,92
TOS02000108,2026-10-09T07:30,92
TOS02000108,2026-10-09T07:45,92
TOS02000108,2026-10-09T08:00,92
TOS02000108,2026-10-09T08:15,92
TOS02000108,2026-10-09T08:30,92
TOS02000108,2026-10-09T08:45,91
TOS02000108,2026-10-09T09:00,91
TOS02000108,2026-10-09T09:15,89
TOS02000108,2026-10-09T09:30,88
TOS02000108,2026-10-09T09:45,87
TOS02000108,2026-10-09T10:00,87
TOS02000108,2026-10-09T10:15,87
TOS02000108,2026-10-09T10:30,86
TOS02000108,2026-10-09T10:45,86
TOS02000108,2026-10-09T11:00,86
TOS02000108,2026-10-09T11:15,87
TOS02000108,2026-10-09T11:30,87
TOS02000108,2026-10-09T11:45,87
TOS02000108,2026-10-09T12:00,87
TOS02000108,2026-10-09T12:15,87
TOS02000108,2026-10-09T12:30,87
TOS02000108,2026-10-09T12:45,87
TOS02000108,2026-10-09T13:00,87
TOS02000108,2026-10-09T13:15,88
TOS02000108,2026-10-09T13:30,87
TOS02000108,2026-10-09T13:45,85
TOS02000108,2026-10-09T14:00,85
TOS02000108,2026-10-09T14:15,86
TOS02000108,2026-10-09T14:30,86
TOS02000108,2026-10-09T14:45,86
TOS02000108,2026-10-09T15:00,86
TOS02000108,2026-10-09T15:15,86
TOS02000108,2026-10-09T15:30,87
TOS02000108,2026-10-09T15:45,84
TOS02000108,2026-10-09T16:00,79
TOS02000108,2026-10-09T16:15,77
TOS02000108,2026-10-09T16:30,75
TOS02000108,2026-10-09T16:45,73
TOS02000108,2026-10-09T17:00,76
TOS02000108,2026-10-09T17:15,76
TOS02000108,2026-10-09T17:30,77
TOS02000108,2026-10-09T17:45,78
TOS02000108,2026-10-09T18:00,79
TOS02000108,2026-10-09T18:15,81
TOS02000108,2026-10-09T18:30,83
TOS02000108,2026-10-09T18:45,81
TOS02000108,2026-10-09T19:00,80
TOS02000108,2026-10-09T19:15,80
TOS02000108,2026-10-09T19:30,81
TOS02000108,2026-10-09T19:45,82
TOS02000108,2026-10-09T20:00,82
TOS02000108,2026-10-09T20:15,83
TOS02000108,2026-10-09T20:30,82
TOS02000108,2026-10-09T20:45,82
TOS02000108,2026-10-09T21:00,83
TOS02000108,2026-10-09T21:15,83
TOS02000108,2026-10-09T21:30,83
TOS02000108,2026-10-09T21:45,83
TOS02000108,2026-10-09T22:00,82
TOS02000108,2026-10-09T22:15,81
TOS02000108,2026-10-09T22:30,81
TOS02000108,2026-10-09T22:45,82
TOS02000108,2026-10-09T23:00,82
TOS02000108,2026-10-09T23:15,81
TOS02000108,2026-10-09T23:30,81
TOS02000108,2026-10-09T23:45,81
TOS02000177,2026-10-09T00:00,90
TOS02000177,2026-10-09T00:15,90
TOS02000177,2026-10-09T00:30,90
TOS02000177,2026-10-09T00:45,92
TOS02000177,2026-10-09T01:00,92
TOS02000177,2026-10-09T01:15,93
TOS02000177,2026-10-09T01:30,93
TOS02000177,2026-10-09T01:45,93
TOS02000177,2026-10-09T02:00,94
TOS02000177,2026-10-09T02:15,95
TOS02000177,2026-10-09T02:30,95
TOS02000177,2026-10-09T02:45,96
TOS02000177,2026-10-09T03:00,97
TOS02000177,2026-10-09T03:15,97
TOS02000177,2026-10-09T03:30,97
TOS02000177,2026-10-09T03:45,98
TOS02000177,2026-10-09T04:00,98
TOS02000177,2026-10-09T04:15,98
TOS02000177,2026-10-09T04:30,98
TOS02000177,2026-10-09T04:45,98
TOS02000177,2026-10-09T05:00,98
TOS02000177,2026-10-09T05:15,98
TOS02000177,2026-10-09T05:30,98
TOS02000177,2026-10-09T05:45,98
TOS02000177,2026-10-09T06:00,98
TOS02000177,2026-10-09T06:15,98
TOS02000177,2026-10-09T06:30,98
TOS02000177,2026-10-09T06:45,98
TOS02000177,2026-10-09T07:00,98
TOS02000177,2026-10-09T07:15,99
TOS02000177,2026-10-09T07:30,99
TOS02000177,2026-10-09T07:45,99
TOS02000177,2026-10-09T08:00,99
TOS02000177,2026-10-09T08:15,99
TOS02000177,2026-10-09T08:30,99
TOS02000177,2026-10-09T08:45,99
TOS02000177,2026-10-09T09:00,99
TOS02000177,2026-10-09T09:15,100
TOS02000177,2026-10-09T09:30,100
TOS02000177,2026-10-09T09:45,98
TOS02000177,2026-10-09T10:00,84
TOS02000177,2026-10-09T10:15,75
TOS02000177,2026-10-09T10:30,76
TOS02000177,2026-10-09T10:45,72
TOS02000177,2026-10-09T11:00,73
TOS02000177,2026-10-09T11:15,77
TOS02000177,2026-10-09T11:30,83
TOS02000177,2026-10-09T11:45,78
TOS02000177,2026-10-09T12:00,76
TOS02000177,2026-10-09T12:15,81
TOS02000177,2026-10-09T12:30,85
TOS02000177,2026-10-09T12:45,89
TOS02000177,2026-10-09T13:00,92
TOS02000177,2026-10-09T13:15,94
TOS02000177,2026-10-09T13:30,94
TOS02000177,2026-10-09T13:45,91
TOS02000177,2026-10-09T14:00,93
TOS02000177,2026-10-09T14:15,95
TOS02000177,2026-10-09T14:30,95
TOS02000177,2026-10-09T14:45,95
TOS02000177,2026-10-09T15:00,95
TOS02000177,2026-10-09T15:15,95
TOS02000177,2026-10-09T15:30,96
TOS02000177,2026-10-09T15:45,96
TOS02000177,2026-10-09T16:00,96
TOS02000177,2026-10-09T16:15,96
TOS02000177,2026-10-09T16:30,96
TOS02000177,2026-10-09T16:45,95
TOS02000177,2026-10-09T17:00,94
TOS02000177,2026-10-09T17:15,93
TOS02000177,2026-10-09T17:30,89
TOS02000177,2026-10-09T17:45,91
TOS02000177,2026-10-09T18:00,93
TOS02000177,2026-10-09T18:15,94
TOS02000177,2026-10-09T18:30,94
TOS02000177,2026-10-09T18:45,95
TOS02000177,2026-10-09T19:00,95
TOS02000177,2026-10-09T19:15,95
TOS02000177,2026-10-09T19:30,96
TOS02000177,2026-10-09T19:45,97
TOS02000177,2026-10-09T20:00,97
TOS02000177,2026-10-09T20:15,97
TOS02000177,2026-10-09T20:30,96
TOS02000177,2026-10-09T20:45,97
TOS02000177,2026-10-09T21:00,97
TOS02000177,2026-10-09T21:15,97
TOS02000177,2026-10-09T21:30,97
TOS02000177,2026-10-09T21:45,97
TOS02000177,2026-10-09T22:00,98
TOS02000177,2026-10-09T22:15,98
TOS02000177,2026-10-09T22:30,98
TOS02000177,2026-10-09T22:45,97
TOS02000177,2026-10-09T23:00,98
TOS02000177,2026-10-09T23:15,97
TOS02000177,2026-10-09T23:30,98
TOS02000177,2026-10-09T23:45,98
TOS02000221,2026-10-09T00:00,97
TOS02000221,2026-10-09T00:15,98
TOS02000221,2026-10-09T00:30,98
TOS02000221,2026-10-09T00:45,98
TOS02000221,2026-10-09T01:00,98
TOS02000221,2026-10-09T01:15,98
TOS02000221,2026-10-09T01:30,98
TOS02000221,2026-10-09T01:45,97
TOS02000221,2026-10-09T02:00,97
TOS02000221,2026-10-09T02:15,97
TOS02000221,2026-10-09T02:30,98
TOS02000221,2026-10-09T02:45,99
TOS02000221,2026-10-09T03:00,99
TOS02000221,2026-10-09T03:15,98
TOS02000221,2026-10-09T03:30,99
TOS02000221,2026-10-09T03:45,98
TOS02000221,2026-10-09T04:00,98
TOS02000221,2026-10-09T04:15,98
TOS02000221,2026-10-09T04:30,98
TOS02000221,2026-10-09T04:45,98
TOS02000221,2026-10-09T05:00,98
TOS02000221,2026-10-09T05:15,98
TOS02000221,2026-10-09T05:30,98
TOS02000221,2026-10-09T05:45,98
TOS02000221,2026-10-09T06:00,99
TOS02000221,2026-10-09T06:15,99
TOS02000221,2026-10-09T06:30,98
TOS02000221,2026-10-09T06:45,99
TOS02000221,2026-10-09T07:00,99
TOS02000221,2026-10-09T07:15,99
TOS02000221,2026-10-09T07:30,99
TOS02000221,2026-10-09T07:45,99
TOS02000221,2026-10-09T08:00,98
TOS02000221,2026-10-09T08:15,94
TOS02000221,2026-10-09T08:30,90
TOS02000221,2026-10-09T08:45,85
TOS02000221,2026-10-09T09:00,83
TOS02000221,2026-10-09T09:15,70
TOS02000221,2026-10-09T09:30,74
TOS02000221,2026-10-09T09:45,76
TOS02000221,2026-10-09T10:00,73
TOS02000221,2026-10-09T10:15,70
TOS02000221,2026-10-09T10:30,73
TOS02000221,2026-10-09T10:45,78
TOS02000221,2026-10-09T11:00,79
TOS02000221,2026-10-09T11:15,78
TOS02000221,2026-10-09T11:30,80
TOS02000221,2026-10-09T11:45,80
TOS02000221,2026-10-09T12:00,81
TOS02000221,2026-10-09T12:15,81
TOS02000221,2026-10-09T12:30,82
TOS02000221,2026-10-09T12:45,82
TOS02000221,2026-10-09T13:00,82
TOS02000221,2026-10-09T13:15,83
TOS02000221,2026-10-09T13:30,87
TOS02000221,2026-10-09T13:45,91
TOS02000221,2026-10-09T14:00,94
TOS02000221,2026-10-09T14:15,94
TOS02000221,2026-10-09T14:30,93
TOS02000221,2026-10-09T14:45,92
TOS02000221,2026-10-09T15:00,93
TOS02000221,2026-10-09T15:15,92
TOS02000221,2026-10-09T15:30,91
TOS02000221,2026-10-09T15:45,90
TOS02000221,2026-10-09T16:00,90
TOS02000221,2026-10-09T16:15,92
TOS02000221,2026-10-09T16:30,93
TOS02000221,2026-10-09T16:45,94
TOS02000221,2026-10-09T17:00,93
TOS02000221,2026-10-09T17:15,91
TOS02000221,2026-10-09T17:30,91
TOS02000221,2026-10-09T17:45,92
TOS02000221,2026-10-09T18:00,92
TOS02000221,2026-10-09T18:15,93
TOS02000221,2026-10-09T18:30,93
TOS02000221,2026-10-09T18:45,94
TOS02000221,2026-10-09T19:00,95
TOS02000221,2026-10-09T19:15,95
TOS02000221,2026-10-09T19:30,96
TOS02000221,2026-10-09T19:45,96
TOS02000221,2026-10-09T20:00,97
TOS02000221,2026-10-09T20:15,97
TOS02000221,2026-10-09T20:30,97
TOS02000221,2026-10-09T20:45,97
TOS02000221,2026-10-09T21:00,97
TOS02000221,2026-10-09T21:15,97
TOS02000221,2026-10-09T21:30,97
TOS02000221,2026-10-09T21:45,97
TOS02000221,2026-10-09T22:00,98
TOS02000221,2026-10-09T22:15,98
TOS02000221,2026-10-09T22:30,98
TOS02000221,2026-10-09T22:45,98
TOS02000221,2026-10-09T23:00,98
TOS02000221,2026-10-09T23:15,98
TOS02000221,2026-10-09T23:30,97
TOS02000221,2026-10-09T23:45,97
TOS02000241,2026-10-09T00:00,98
TOS02000241,2026-10-09T00:15,98
TOS02000241,2026-10-09T00:30,99
TOS02000241,2026-10-09T00:45,99
TOS02000241,2026-10-09T01:00,99
TOS02000241,2026-10-09T01:15,99
TOS02000241,2026-10-09T01:30,99
TOS02000241,2026-10-09T01:45,99
TOS02000241,2026-10-09T02:00,99
TOS02000241,2026-10-09T02:15,99
TOS02000241,2026-10-09T02:30,99
TOS02000241,2026-10-09T02:45,99
TOS02000241,2026-10-09T03:00,99
TOS02000241,2026-10-09T03:15,99
TOS02000241,2026-10-09T03:30,99
TOS02000241,2026-10-09T03:45,99
TOS02000241,2026-10-09T04:00,99
TOS02000241,2026-10-09T04:15,99
TOS02000241,2026-10-09T04:30,99
TOS02000241,2026-10-09T04:45,99
TOS02000241,2026-10-09T05:00,99
TOS02000241,2026-10-09T05:15,99
TOS02000241,2026-10-09T05:30,100
TOS02000241,2026-10-09T05:45,100
TOS02000241,2026-10-09T06:00,100
TOS02000241,2026-10-09T06:15,100
TOS02000241,2026-10-09T06:30,100
TOS02000241,2026-10-09T06:45,100
TOS02000241,2026-10-09T07:00,100
TOS02000241,2026-10-09T07:15,100
TOS02000241,2026-10-09T07:30,100
TOS02000241,2026-10-09T07:45,100
TOS02000241,2026-10-09T08:00,100
TOS02000241,2026-10-09T08:15,100
TOS02000241,2026-10-09T08:30,100
TOS02000241,2026-10-09T08:45,100
TOS02000241,2026-10-09T09:00,100
TOS02000241,2026-10-09T09:15,100
TOS02000241,2026-10-09T09:30,100
TOS02000241,2026-10-09T09:45,100
TOS02000241,2026-10-09T10:00,100
TOS02000241,2026-10-09T10:15,100
TOS02000241,2026-10-09T10:30,100
TOS02000241,2026-10-09T10:45,100
TOS02000241,2026-10-09T11:00,100
TOS02000241,2026-10-09T11:15,100
TOS02000241,2026-10-09T11:30,100
TOS02000241,2026-10-09T11:45,100
TOS02000241,2026-10-09T12:00,100
TOS02000241,2026-10-09T12:15,99
TOS02000241,2026-10-09T12:30,98
TOS02000241,2026-10-09T12:45,97
TOS02000241,2026-10-09T13:00,96
TOS02000241,2026-10-09T13:15,96
TOS02000241,2026-10-09T13:30,96
TOS02000241,2026-10-09T13:45,97
TOS02000241,2026-10-09T14:00,97
TOS02000241,2026-10-09T14:30,98
TOS02000241,2026-10-09T14:45,98
TOS02000241,2026-10-09T15:00,98
TOS02000241,2026-10-09T15:15,98
TOS02000241,2026-10-09T15:30,98
TOS02000241,2026-10-09T15:45,98
TOS02000241,2026-10-09T16:00,98
TOS02000241,2026-10-09T16:15,98
TOS02000241,2026-10-09T16:30,98
TOS02000241,2026-10-09T16:45,98
TOS02000241,2026-10-09T17:00,98
TOS02000241,2026-10-09T17:15,98
TOS02000241,2026-10-09T17:30,98
TOS02000241,2026-10-09T17:45,98
TOS02000241,2026-10-09T18:00,98
TOS02000241,2026-10-09T18:15,98
TOS02000241,2026-10-09T18:30,98
TOS02000241,2026-10-09T18:45,98
TOS02000241,2026-10-09T19:00,98
TOS02000241,2026-10-09T19:15,98
TOS02000241,2026-10-09T19:30,99
TOS02000241,2026-10-09T19:45,99
TOS02000241,2026-10-09T20:00,99
TOS02000241,2026-10-09T20:15,99
TOS02000241,2026-10-09T20:30,99
TOS02000241,2026-10-09T20:45,99
TOS02000241,2026-10-09T21:00,99
TOS02000241,2026-10-09T21:15,99
TOS02000241,2026-10-09T21:30,99
TOS02000241,2026-10-09T21:45,99
TOS02000241,2026-10-09T22:00,99
TOS02000241,2026-10-09T22:15,99
TOS02000241,2026-10-09T22:30,100
TOS02000241,2026-10-09T22:45,100
TOS02000241,2026-10-09T23:00,100
TOS02000241,2026-10-09T23:15,100
TOS02000241,2026-10-09T23:30,100
TOS02000241,2026-10-09T23:45,100
TOS02000281,2026-10-09T00:00,97
TOS02000281,2026-10-09T00:15,97
TOS02000281,2026-10-09T00:30,98
TOS02000281,2026-10-09T00:45,98
TOS02000281,2026-10-09T01:00,98
TOS02000281,2026-10-09T01:15,97
TOS02000281,2026-10-09T01:30,97
TOS02000281,2026-10-09T01:45,97
TOS02000281,2026-10-09T02:00,98
TOS02000281,2026-10-09T02:15,98
TOS02000281,2026-10-09T02:30,98
TOS02000281,2026-10-09T02:45,98
TOS02000281,2026-10-09T03:00,98
TOS02000281,2026-10-09T03:15,98
TOS02000281,2026-10-09T03:30,98
TOS02000281,2026-10-09T03:45,98
TOS02000281,2026-10-09T04:00,98
TOS02000281,2026-10-09T04:15,98
TOS02000281,2026-10-09T04:30,98
TOS02000281,2026-10-09T04:45,98
TOS02000281,2026-10-09T05:00,99
TOS02000281,2026-10-09T05:15,99
TOS02000281,2026-10-09T05:30,99
TOS02000281,2026-10-09T05:45,99
TOS02000281,2026-10-09T06:00,99
TOS02000281,2026-10-09T06:15,99
TOS02000281,2026-10-09T06:30,99
TOS02000281,2026-10-09T06:45,99
TOS02000281,2026-10-09T07:00,99
TOS02000281,2026-10-09T07:15,99
TOS02000281,2026-10-09T07:30,99
TOS02000281,2026-10-09T07:45,99
TOS02000281,2026-10-09T08:00,99
TOS02000281,2026-10-09T08:15,99
TOS02000281,2026-10-09T08:30,100
TOS02000281,2026-10-09T08:45,100
TOS02000281,2026-10-09T09:00,99
TOS02000281,2026-10-09T09:15,100
TOS02000281,2026-10-09T09:30,99
TOS02000281,2026-10-09T09:45,99
TOS02000281,2026-10-09T10:00,100
TOS02000281,2026-10-09T10:15,100
TOS02000281,2026-10-09T10:30,100
TOS02000281,2026-10-09T10:45,100
TOS02000281,2026-10-09T11:00,99
TOS02000281,2026-10-09T11:15,97
TOS02000281,2026-10-09T11:30,94
TOS02000281,2026-10-09T11:45,93
TOS02000281,2026-10-09T12:00,94
TOS02000281,2026-10-09T12:15,94
TOS02000281,2026-10-09T12:30,88
TOS02000281,2026-10-09T12:45,88
TOS02000281,2026-10-09T13:00,89
TOS02000281,2026-10-09T13:15,91
TOS02000281,2026-10-09T13:30,91
TOS02000281,2026-10-09T13:45,88
TOS02000281,2026-10-09T14:00,89
TOS02000281,2026-10-09T14:15,89
TOS02000281,2026-10-09T14:30,89
TOS02000281,2026-10-09T14:45,89
TOS02000281,2026-10-09T15:00,88
TOS02000281,2026-10-09T15:15,89
TOS02000281,2026-10-09T15:30,92
TOS02000281,2026-10-09T15:45,93
TOS02000281,2026-10-09T16:00,91
TOS02000281,2026-10-09T16:15,93
TOS02000281,2026-10-09T16:30,93
TOS02000281,2026-10-09T16:45,94
TOS02000281,2026-10-09T17:00,95
TOS02000281,2026-10-09T17:15,95
TOS02000281,2026-10-09T17:30,95
TOS02000281,2026-10-09T17:45,96
TOS02000281,2026-10-09T18:00,96
TOS02000281,2026-10-09T18:15,96
TOS02000281,2026-10-09T18:30,96
TOS02000281,2026-10-09T18:45,96
TOS02000281,2026-10-09T19:00,97
TOS02000281,2026-10-09T19:15,97
TOS02000281,2026-10-09T19:30,98
TOS02000281,2026-10-09T19:45,98
TOS02000281,2026-10-09T20:00,98
TOS02000281,2026-10-09T20:15,98
TOS02000281,2026-10-09T20:30,98
TOS02000281,2026-10-09T20:45,98
TOS02000281,2026-10-09T21:00,98
TOS02000281,2026-10-09T21:15,98
TOS02000281,2026-10-09T21:30,98
TOS02000281,2026-10-09T21:45,98
TOS02000281,2026-10-09T22:00,98
TOS02000281,2026-10-09T22:15,98
TOS02000281,2026-10-09T22:30,98
TOS02000281,2026-10-09T22:45,98
TOS02000281,2026-10-09T23:00,98
TOS02000281,2026-10-09T23:15,99
TOS02000281,2026-10-09T23:30,99
TOS02000281,2026-10-09T23:45,99
TOS02000329,2026-10-09T00:00,92
TOS02000329,2026-10-09T00:15,91
TOS02000329,2026-10-09T00:30,90
TOS02000329,2026-10-09T00:45,91
TOS02000329,2026-10-09T01:00,92
TOS02000329,2026-10-09T01:15,92
TOS02000329,2026-10-09T01:30,92
TOS02000329,2026-10-09T01:45,93
TOS02000329,2026-10-09T02:00,93
TOS02000329,2026-10-09T02:15,93
TOS02000329,2026-10-09T02:30,94
TOS02000329,2026-10-09T02:45,94
TOS02000329,2026-10-09T03:00,94
TOS02000329,2026-10-09T03:15,94
TOS02000329,2026-10-09T03:30,94
TOS02000329,2026-10-09T03:45,94
TOS02000329,2026-10-09T04:00,94
TOS02000329,2026-10-09T04:15,95
TOS02000329,2026-10-09T04:30,95
TOS02000329,2026-10-09T04:45,95
TOS02000329,2026-10-09T05:00,95
TOS02000329,2026-10-09T05:15,95
TOS02000329,2026-10-09T05:30,95
TOS02000329,2026-10-09T05:45,95
TOS02000329,2026-10-09T06:00,93
TOS02000329,2026-10-09T06:15,93
TOS02000329,2026-10-09T06:30,93
TOS02000329,2026-10-09T06:45,93
TOS02000329,2026-10-09T07:00,94
TOS02000329,2026-10-09T07:15,94
TOS02000329,2026-10-09T07:30,95
TOS02000329,2026-10-09T07:45,95
TOS02000329,2026-10-09T08:00,95
TOS02000329,2026-10-09T08:15,94
TOS02000329,2026-10-09T08:30,93
TOS02000329,2026-10-09T08:45,93
TOS02000329,2026-10-09T09:00,91
TOS02000329,2026-10-09T09:15,89
TOS02000329,2026-10-09T09:30,88
TOS02000329,2026-10-09T09:45,88
TOS02000329,2026-10-09T10:00,90
TOS02000329,2026-10-09T10:15,89
TOS02000329,2026-10-09T10:30,89
TOS02000329,2026-10-09T10:45,86
TOS02000329,2026-10-09T11:00,86
TOS02000329,2026-10-09T11:15,87
TOS02000329,2026-10-09T11:30,85
TOS02000329,2026-10-09T11:45,84
TOS02000329,2026-10-09T12:00,82
TOS02000329,2026-10-09T12:15,84
TOS02000329,2026-10-09T12:30,82
TOS02000329,2026-10-09T12:45,83
TOS02000329,2026-10-09T13:00,84
TOS02000329,2026-10-09T13:15,85
TOS02000329,2026-10-09T13:30,85
TOS02000329,2026-10-09T13:45,84
TOS02000329,2026-10-09T14:00,82
TOS02000329,2026-10-09T14:15,83
TOS02000329,2026-10-09T14:30,83
TOS02000329,2026-10-09T14:45,83
TOS02000329,2026-10-09T15:00,85
TOS02000329,2026-10-09T15:15,86
TOS02000329,2026-10-09T15:30,87
TOS02000329,2026-10-09T15:45,84
TOS02000329,2026-10-09T16:00,84
TOS02000329,2026-10-09T16:15,83
TOS02000329,2026-10-09T16:30,82
TOS02000329,2026-10-09T16:45,81
TOS02000329,2026-10-09T17:00,82
TOS02000329,2026-10-09T17:15,84
TOS02000329,2026-10-09T17:30,82
TOS02000329,2026-10-09T17:45,83
TOS02000329,2026-10-09T18:00,84
TOS02000329,2026-10-09T18:15,85
TOS02000329,2026-10-09T18:30,85
TOS02000329,2026-10-09T18:45,86
TOS02000329,2026-10-09T19:00,86
TOS02000329,2026-10-09T19:15,86
TOS02000329,2026-10-09T19:30,86
TOS02000329,2026-10-09T19:45,87
TOS02000329,2026-10-09T20:00,88
TOS02000329,2026-10-09T20:15,88
TOS02000329,2026-10-09T20:30,88
TOS02000329,2026-10-09T20:45,88
TOS02000329,2026-10-09T21:00,89
TOS02000329,2026-10-09T21:15,89
TOS02000329,2026-10-09T21:30,89
TOS02000329,2026-10-09T21:45,89
TOS02000329,2026-10-09T22:00,90
TOS02000329,2026-10-09T22:15,89
TOS02000329,2026-10-09T22:30,89
TOS02000329,2026-10-09T22:45,88
TOS02000329,2026-10-09T23:00,85
TOS02000329,2026-10-09T23:15,81
TOS02000329,2026-10-09T23:30,81
TOS02000329,2026-10-09T23:45,82
TOS02000332,2026-10-09T00:00,96
TOS02000332,2026-10-09T00:15,96
TOS02000332,2026-10-09T00:30,96
TOS02000332,2026-10-09T00:45,96
TOS02000332,2026-10-09T01:00,96
TOS02000332,2026-10-09T01:15,96
TOS02000332,2026-10-09T01:30,96
TOS02000332,2026-10-09T01:45,96
TOS02000332,2026-10-09T02:00,96
TOS02000332,2026-10-09T02:15,96
TOS02000332,2026-10-09T02:30,96
TOS02000332,2026-10-09T02:45,96
TOS02000332,2026-10-09T03:00,96
TOS02000332,2026-10-09T03:15,96
TOS02000332,2026-10-09T03:30,96
TOS02000332,2026-10-09T03:45,96
TOS02000332,2026-10-09T04:00,96
TOS02000332,2026-10-09T04:15,96
TOS02000332,2026-10-09T04:30,96
TOS02000332,2026-10-09T04:45,96
TOS02000332,2026-10-09T05:00,95
TOS02000332,2026-10-09T05:15,95
TOS02000332,2026-10-09T05:30,95
TOS02000332,2026-10-09T05:45,95
TOS02000332,2026-10-09T06:00,95
TOS02000332,2026-10-09T06:15,96
TOS02000332,2026-10-09T06:30,96
TOS02000332,2026-10-09T06:45,96
TOS02000332,2026-10-09T07:00,96
TOS02000332,2026-10-09T07:15,96
TOS02000332,2026-10-09T07:30,96
TOS02000332,2026-10-09T07:45,96
TOS02000332,2026-10-09T08:00,96
TOS02000332,2026-10-09T08:15,96
TOS02000332,2026-10-09T08:30,95
TOS02000332,2026-10-09T08:45,95
TOS02000332,2026-10-09T09:00,95
TOS02000332,2026-10-09T09:15,95
TOS02000332,2026-10-09T09:30,95
TOS02000332,2026-10-09T09:45,95
TOS02000332,2026-10-09T10:00,94
TOS02000332,2026-10-09T10:15,94
TOS02000332,2026-10-09T10:30,93
TOS02000332,2026-10-09T10:45,91
TOS02000332,2026-10-09T11:00,89
TOS02000332,2026-10-09T11:15,87
TOS02000332,2026-10-09T11:30,87
TOS02000332,2026-10-09T11:45,89
TOS02000332,2026-10-09T12:00,87
TOS02000332,2026-10-09T12:15,87
TOS02000332,2026-10-09T12:30,87
TOS02000332,2026-10-09T12:45,87
TOS02000332,2026-10-09T13:00,87
TOS02000332,2026-10-09T13:15,86
TOS02000332,2026-10-09T13:30,86
TOS02000332,2026-10-09T13:45,84
TOS02000332,2026-10-09T14:00,85
TOS02000332,2026-10-09T14:15,85
TOS02000332,2026-10-09T14:30,84
TOS02000332,2026-10-09T14:45,85
TOS02000332,2026-10-09T15:00,85
TOS02000332,2026-10-09T15:15,85
TOS02000332,2026-10-09T15:30,86
TOS02000332,2026-10-09T15:45,85
TOS02000332,2026-10-09T16:00,86
TOS02000332,2026-10-09T16:15,85
TOS02000332,2026-10-09T16:30,84
TOS02000332,2026-10-09T16:45,86
TOS02000332,2026-10-09T17:00,88
TOS02000332,2026-10-09T17:15,88
TOS02000332,2026-10-09T17:30,89
TOS02000332,2026-10-09T17:45,90
TOS02000332,2026-10-09T18:00,90
TOS02000332,2026-10-09T18:15,91
TOS02000332,2026-10-09T18:30,92
TOS02000332,2026-10-09T18:45,92
TOS02000332,2026-10-09T19:00,92
TOS02000332,2026-10-09T19:15,93
TOS02000332,2026-10-09T19:30,93
TOS02000332,2026-10-09T19:45,93
TOS02000332,2026-10-09T20:00,93
TOS02000332,2026-10-09T20:15,93
TOS02000332,2026-10-09T20:30,93
TOS02000332,2026-10-09T20:45,93
TOS02000332,2026-10-09T21:00,93
TOS02000332,2026-10-09T21:15,93
TOS02000332,2026-10-09T21:30,94
TOS02000332,2026-10-09T21:45,94
TOS02000332,2026-10-09T22:00,94
TOS02000332,2026-10-09T22:15,94
TOS02000332,2026-10-09T22:30,94
TOS02000332,2026-10-09T22:45,94
TOS02000332,2026-10-09T23:00,94
TOS02000332,2026-10-09T23:15,94
TOS02000332,2026-10-09T23:30,94
TOS02000332,2026-10-09T23:45,94
TOS02000351,2026-10-09T00:00,100
TOS02000351,2026-10-09T00:15,100
TOS02000351,2026-10-09T00:30,100
TOS02000351,2026-10-09T00:45,100
TOS02000351,2026-10-09T01:00,100
TOS02000351,2026-10-09T01:15,100
TOS02000351,2026-10-09T01:30,100
TOS02000351,2026-10-09T01:45,100
TOS02000351,2026-10-09T02:00,100
TOS02000351,2026-10-09T02:15,100
TOS02000351,2026-10-09T02:30,100
TOS02000351,2026-10-09T02:45,100
TOS02000351,2026-10-09T03:00,100
TOS02000351,2026-10-09T03:15,100
TOS02000351,2026-10-09T03:30,100
TOS02000351,2026-10-09T03:45,100
TOS02000351,2026-10-09T04:00,100
TOS02000351,2026-10-09T04:15,100
TOS02000351,2026-10-09T04:30,100
TOS02000351,2026-10-09T04:45,100
TOS02000351,2026-10-09T05:00,100
TOS02000351,2026-10-09T05:15,100
TOS02000351,2026-10-09T05:30,100
TOS02000351,2026-10-09T05:45,100
TOS02000351,2026-10-09T06:00,100
TOS02000351,2026-10-09T06:15,100
TOS02000351,2026-10-09T06:30,100
TOS02000351,2026-10-09T06:45,100
TOS02000351,2026-10-09T07:00,100
TOS02000351,2026-10-09T07:15,100
TOS02000351,2026-10-09T07:30,100
TOS02000351,2026-10-09T07:45,100
TOS02000351,2026-10-09T08:00,100
TOS02000351,2026-10-09T08:15,100
TOS02000351,2026-10-09T08:30,100
TOS02000351,2026-10-09T08:45,99
TOS02000351,2026-10-09T09:00,100
TOS02000351,2026-10-09T09:15,100
TOS02000351,2026-10-09T09:30,96
TOS02000351,2026-10-09T09:45,86
TOS02000351,2026-10-09T10:00,89
TOS02000351,2026-10-09T10:15,91
TOS02000351,2026-10-09T10:30,92
TOS02000351,2026-10-09T10:45,92
TOS02000351,2026-10-09T11:00,89
TOS02000351,2026-10-09T11:15,89
TOS02000351,2026-10-09T11:30,94
TOS02000351,2026-10-09T11:45,95
TOS02000351,2026-10-09T12:00,94
TOS02000351,2026-10-09T12:15,92
TOS02000351,2026-10-09T12:30,92
TOS02000351,2026-10-09T12:45,94
TOS02000351,2026-10-09T13:00,95
TOS02000351,2026-10-09T13:15,96
TOS02000351,2026-10-09T13:30,96
TOS02000351,2026-10-09T13:45,96
TOS02000351,2026-10-09T14:00,94
TOS02000351,2026-10-09T14:15,94
TOS02000351,2026-10-09T14:30,92
TOS02000351,2026-10-09T14:45,93
TOS02000351,2026-10-09T15:00,95
TOS02000351,2026-10-09T15:15,96
TOS02000351,2026-10-09T15:30,95
TOS02000351,2026-10-09T15:45,95
TOS02000351,2026-10-09T16:00,94
TOS02000351,2026-10-09T16:15,93
TOS02000351,2026-10-09T16:30,93
TOS02000351,2026-10-09T16:45,95
TOS02000351,2026-10-09T17:00,96
TOS02000351,2026-10-09T17:15,95
TOS02000351,2026-10-09T17:30,96
TOS02000351,2026-10-09T17:45,96
TOS02000351,2026-10-09T18:00,97
TOS02000351,2026-10-09T18:15,97
TOS02000351,2026-10-09T18:30,98
TOS02000351,2026-10-09T18:45,98
TOS02000351,2026-10-09T19:00,99
TOS02000351,2026-10-09T19:15,100
TOS02000351,2026-10-09T19:30,100
TOS02000351,2026-10-09T19:45,100
TOS02000351,2026-10-09T20:00,100
TOS02000351,2026-10-09T20:15,100
TOS02000351,2026-10-09T20:30,100
TOS02000351,2026-10-09T20:45,100
TOS02000351,2026-10-09T21:00,100
TOS02000351,2026-10-09T21:15,100
TOS02000351,2026-10-09T21:30,100
TOS02000351,2026-10-09T21:45,100
TOS02000351,2026-10-09T22:00,100
TOS02000351,2026-10-09T22:15,100
TOS02000351,2026-10-09T22:30,100
TOS02000351,2026-10-09T22:45,100
TOS02000351,2026-10-09T23:00,100
TOS02000351,2026-10-09T23:15,99
TOS02000351,2026-10-09T23:30,99
TOS02000351,2026-10-09T23:45,98
TOS02000359,2026-10-09T00:00,97
TOS02000359,2026-10-09T00:15,97
TOS02000359,2026-10-09T00:30,97
TOS02000359,2026-10-09T00:45,98
TOS02000359,2026-10-09T01:00,98
TOS02000359,2026-10-09T01:15,98
TOS02000359,2026-10-09T01:30,98
TOS02000359,2026-10-09T01:45,98
TOS02000359,2026-10-09T02:00,98
TOS02000359,2026-10-09T02:15,98
TOS02000359,2026-10-09T02:30,98
TOS02000359,2026-10-09T02:45,97
TOS02000359,2026-10-09T03:00,97
TOS02000359,2026-10-09T03:15,98
TOS02000359,2026-10-09T03:30,98
TOS02000359,2026-10-09T03:45,98
TOS02000359,2026-10-09T04:00,98
TOS02000359,2026-10-09T04:15,98
TOS02000359,2026-10-09T04:30,97
TOS02000359,2026-10-09T04:45,98
TOS02000359,2026-10-09T05:00,98
TOS02000359,2026-10-09T05:15,98
TOS02000359,2026-10-09T05:30,98
TOS02000359,2026-10-09T05:45,98
TOS02000359,2026-10-09T06:00,98
TOS02000359,2026-10-09T06:15,98
TOS02000359,2026-10-09T06:30,98
TOS02000359,2026-10-09T06:45,97
TOS02000359,2026-10-09T07:00,97
TOS02000359,2026-10-09T07:15,96
TOS02000359,2026-10-09T07:30,96
TOS02000359,2026-10-09T07:45,97
TOS02000359,2026-10-09T08:00,97
TOS02000359,2026-10-09T08:15,97
TOS02000359,2026-10-09T08:30,97
TOS02000359,2026-10-09T08:45,96
TOS02000359,2026-10-09T09:00,96
TOS02000359,2026-10-09T09:15,97
TOS02000359,2026-10-09T09:30,97
TOS02000359,2026-10-09T09:45,93
TOS02000359,2026-10-09T10:00,91
TOS02000359,2026-10-09T10:15,90
TOS02000359,2026-10-09T10:30,90
TOS02000359,2026-10-09T10:45,87
TOS02000359,2026-10-09T11:00,89
TOS02000359,2026-10-09T11:15,88
TOS02000359,2026-10-09T11:30,86
TOS02000359,2026-10-09T11:45,83
TOS02000359,2026-10-09T12:00,81
TOS02000359,2026-10-09T12:15,80
TOS02000359,2026-10-09T12:30,82
TOS02000359,2026-10-09T12:45,81
TOS02000359,2026-10-09T13:00,85
TOS02000359,2026-10-09T13:15,90
TOS02000359,2026-10-09T13:30,89
TOS02000359,2026-10-09T13:45,86
TOS02000359,2026-10-09T14:00,82
TOS02000359,2026-10-09T14:15,81
TOS02000359,2026-10-09T14:30,82
TOS02000359,2026-10-09T14:45,82
TOS02000359,2026-10-09T15:00,82
TOS02000359,2026-10-09T15:15,81
TOS02000359,2026-10-09T15:30,82
TOS02000359,2026-10-09T15:45,83
TOS02000359,2026-10-09T16:00,88
TOS02000359,2026-10-09T16:15,90
TOS02000359,2026-10-09T16:30,91
TOS02000359,2026-10-09T16:45,93
TOS02000359,2026-10-09T17:00,93
TOS02000359,2026-10-09T17:15,90
TOS02000359,2026-10-09T17:30,92
TOS02000359,2026-10-09T17:45,94
TOS02000359,2026-10-09T18:00,95
TOS02000359,2026-10-09T18:15,95
TOS02000359,2026-10-09T18:30,96
TOS02000359,2026-10-09T18:45,97
TOS02000359,2026-10-09T19:00,97
TOS02000359,2026-10-09T19:15,98
TOS02000359,2026-10-09T19:30,98
TOS02000359,2026-10-09T19:45,98
TOS02000359,2026-10-09T20:00,98
TOS02000359,2026-10-09T20:15,98
TOS02000359,2026-10-09T20:30,98
TOS02000359,2026-10-09T20:45,98
TOS02000359,2026-10-09T21:00,98
TOS02000359,2026-10-09T21:15,98
TOS02000359,2026-10-09T21:30,98
TOS02000359,2026-10-09T21:45,98
TOS02000359,2026-10-09T22:00,98
TOS02000359,2026-10-09T22:15,98
TOS02000359,2026-10-09T22:30,98
TOS02000359,2026-10-09T22:45,98
TOS02000359,2026-10-09T23:00,98
TOS02000359,2026-10-09T23:15,98
TOS02000359,2026-10-09T23:30,98
TOS02000359,2026-10-09T23:45,98
TOS02000372,2026-10-09T00:00,100
TOS02000372,2026-10-09T00:15,100
TOS02000372,2026-10-09T00:30,100
TOS02000372,2026-10-09T00:45,100
TOS02000372,2026-10-09T01:00,100
TOS02000372,2026-10-09T01:15,100
TOS02000372,2026-10-09T01:30,100
TOS02000372,2026-10-09T01:45,100
TOS02000372,2026-10-09T02:00,100
TOS02000372,2026-10-09T02:15,100
TOS02000372,2026-10-09T02:30,100
TOS02000372,2026-10-09T02:45,100
TOS02000372,2026-10-09T03:00,100
TOS02000372,2026-10-09T03:15,100
TOS02000372,2026-10-09T03:30,100
TOS02000372,2026-10-09T03:45,100
TOS02000372,2026-10-09T04:00,100
TOS02000372,2026-10-09T04:15,100
TOS02000372,2026-10-09T04:30,100
TOS02000372,2026-10-09T04:45,100
TOS02000372,2026-10-09T05:00,100
TOS02000372,2026-10-09T05:15,100
TOS02000372,2026-10-09T05:30,100
TOS02000372,2026-10-09T05:45,98
TOS02000372,2026-10-09T06:00,95
TOS02000372,2026-10-09T06:15,91
TOS02000372,2026-10-09T06:30,78
TOS02000372,2026-10-09T06:45,61
TOS02000372,2026-10-09T07:00,65
TOS02000372,2026-10-09T07:15,58
TOS02000372,2026-10-09T07:30,57
TOS02000372,2026-10-09T07:45,65
TOS02000372,2026-10-09T08:00,76
TOS02000372,2026-10-09T08:15,80
TOS02000372,2026-10-09T08:30,79
TOS02000372,2026-10-09T08:45,85
TOS02000372,2026-10-09T09:00,88
TOS02000372,2026-10-09T09:15,88
TOS02000372,2026-10-09T09:30,88
TOS02000372,2026-10-09T09:45,93
TOS02000372,2026-10-09T10:00,95
TOS02000372,2026-10-09T10:15,93
TOS02000372,2026-10-09T10:30,93
TOS02000372,2026-10-09T10:45,95
TOS02000372,2026-10-09T11:00,96
TOS02000372,2026-10-09T11:15,97
TOS02000372,2026-10-09T11:30,98
TOS02000372,2026-10-09T11:45,98
TOS02000372,2026-10-09T12:00,99
TOS02000372,2026-10-09T12:15,98
TOS02000372,2026-10-09T12:30,97
TOS02000372,2026-10-09T12:45,98
TOS02000372,2026-10-09T13:00,99
TOS02000372,2026-10-09T13:15,99
TOS02000372,2026-10-09T13:30,99
TOS02000372,2026-10-09T13:45,99
TOS02000372,2026-10-09T14:00,100
TOS02000372,2026-10-09T14:15,99
TOS02000372,2026-10-09T14:30,100
TOS02000372,2026-10-09T14:45,100
TOS02000372,2026-10-09T15:00,100
TOS02000372,2026-10-09T15:15,100
TOS02000372,2026-10-09T15:30,100
TOS02000372,2026-10-09T15:45,100
TOS02000372,2026-10-09T16:00,100
TOS02000372,2026-10-09T16:15,97
TOS02000372,2026-10-09T16:30,96
TOS02000372,2026-10-09T16:45,99
TOS02000372,2026-10-09T17:00,98
TOS02000372,2026-10-09T17:15,96
TOS02000372,2026-10-09T17:30,93
TOS02000372,2026-10-09T17:45,91
TOS02000372,2026-10-09T18:00,93
TOS02000372,2026-10-09T18:15,95
TOS02000372,2026-10-09T18:30,94
TOS02000372,2026-10-09T18:45,93
TOS02000372,2026-10-09T19:00,94
TOS02000372,2026-10-09T19:15,97
TOS02000372,2026-10-09T19:30,93
TOS02000372,2026-10-09T19:45,89
TOS02000372,2026-10-09T20:00,95
TOS02000372,2026-10-09T20:15,92
TOS02000372,2026-10-09T20:30,88
TOS02000372,2026-10-09T20:45,92
TOS02000372,2026-10-09T21:00,99
TOS02000372,2026-10-09T21:15,93
TOS02000372,2026-10-09T21:30,85
TOS02000372,2026-10-09T21:45,92
TOS02000372,2026-10-09T22:00,79
TOS02000372,2026-10-09T22:15,71
TOS02000372,2026-10-09T22:30,80
TOS02000372,2026-10-09T22:45,71
TOS02000372,2026-10-09T23:00,69
TOS02000372,2026-10-09T23:15,67
TOS02000372,2026-10-09T23:30,67
TOS02000372,2026-10-09T23:45,68
TOS02000431,2026-10-09T00:00,97
TOS02000431,2026-10-09T00:15,97
TOS02000431,2026-10-09T00:30,98
TOS02000431,2026-10-09T00:45,98
TOS02000431,2026-10-09T01:00,98
TOS02000431,2026-10-09T01:15,98
TOS02000431,2026-10-09T01:30,98
TOS02000431,2026-10-09T01:45,98
TOS02000431,2026-10-09T02:00,98
TOS02000431,2026-10-09T02:15,97
TOS02000431,2026-10-09T02:30,98
TOS02000431,2026-10-09T02:45,98
TOS02000431,2026-10-09T03:00,98
TOS02000431,2026-10-09T03:15,98
TOS02000431,2026-10-09T03:30,98
TOS02000431,2026-10-09T03:45,98
TOS02000431,2026-10-09T04:00,98
TOS02000431,2026-10-09T04:15,98
TOS02000431,2026-10-09T04:30,98
TOS02000431,2026-10-09T04:45,97
TOS02000431,2026-10-09T05:00,97
TOS02000431,2026-10-09T05:15,97
TOS02000431,2026-10-09T05:30,97
TOS02000431,2026-10-09T05:45,97
TOS02000431,2026-10-09T06:00,97
TOS02000431,2026-10-09T06:15,97
TOS02000431,2026-10-09T06:30,97
TOS02000431,2026-10-09T06:45,97
TOS02000431,2026-10-09T07:00,98
TOS02000431,2026-10-09T07:15,98
TOS02000431,2026-10-09T07:30,98
TOS02000431,2026-10-09T07:45,97
TOS02000431,2026-10-09T08:00,97
TOS02000431,2026-10-09T08:15,93
TOS02000431,2026-10-09T08:30,88
TOS02000431,2026-10-09T08:45,87
TOS02000431,2026-10-09T09:00,87
TOS02000431,2026-10-09T09:15,88
TOS02000431,2026-10-09T09:30,85
TOS02000431,2026-10-09T09:45,85
TOS02000431,2026-10-09T10:00,82
TOS02000431,2026-10-09T10:15,81
TOS02000431,2026-10-09T10:30,79
TOS02000431,2026-10-09T10:45,78
TOS02000431,2026-10-09T11:00,78
TOS02000431,2026-10-09T11:15,74
TOS02000431,2026-10-09T11:30,79
TOS02000431,2026-10-09T11:45,80
TOS02000431,2026-10-09T12:00,81
TOS02000431,2026-10-09T12:15,78
TOS02000431,2026-10-09T12:30,76
TOS02000431,2026-10-09T12:45,76
TOS02000431,2026-10-09T13:00,76
TOS02000431,2026-10-09T13:15,74
TOS02000431,2026-10-09T13:30,72
TOS02000431,2026-10-09T13:45,73
TOS02000431,2026-10-09T14:00,75
TOS02000431,2026-10-09T14:15,73
TOS02000431,2026-10-09T14:30,71
TOS02000431,2026-10-09T14:45,69
TOS02000431,2026-10-09T15:00,70
TOS02000431,2026-10-09T15:15,69
TOS02000431,2026-10-09T15:30,73
TOS02000431,2026-10-09T15:45,77
TOS02000431,2026-10-09T16:00,82
TOS02000431,2026-10-09T16:15,84
TOS02000431,2026-10-09T16:30,84
TOS02000431,2026-10-09T16:45,84
TOS02000431,2026-10-09T17:00,85
TOS02000431,2026-10-09T17:15,86
TOS02000431,2026-10-09T17:30,88
TOS02000431,2026-10-09T17:45,89
TOS02000431,2026-10-09T18:00,90
TOS02000431,2026-10-09T18:15,90
TOS02000431,2026-10-09T18:30,91
TOS02000431,2026-10-09T18:45,92
TOS02000431,2026-10-09T19:00,92
TOS02000431,2026-10-09T19:15,93
TOS02000431,2026-10-09T19:30,93
TOS02000431,2026-10-09T19:45,93
TOS02000431,2026-10-09T20:00,94
TOS02000431,2026-10-09T20:15,94
TOS02000431,2026-10-09T20:30,95
TOS02000431,2026-10-09T20:45,95
TOS02000431,2026-10-09T21:00,95
TOS02000431,2026-10-09T21:15,95
TOS02000431,2026-10-09T21:30,95
TOS02000431,2026-10-09T21:45,95
TOS02000431,2026-10-09T22:00,95
TOS02000431,2026-10-09T22:15,95
TOS02000431,2026-10-09T22:30,95
TOS02000431,2026-10-09T22:45,95
TOS02000431,2026-10-09T23:00,95
TOS02000431,2026-10-09T23:15,94
TOS02000431,2026-10-09T23:30,93
TOS02000431,2026-10-09T23:45,93
TOS02004045,2026-10-09T00:00,87
TOS02004045,2026-10-09T00:15,87
TOS02004045,2026-10-09T00:30,85
TOS02004045,2026-10-09T00:45,85
TOS02004045,2026-10-09T01:00,86
TOS02004045,2026-10-09T01:15,86
TOS02004045,2026-10-09T01:30,86
TOS02004045,2026-10-09T01:45,86
TOS02004045,2026-10-09T02:00,86
TOS02004045,2026-10-09T02:15,87
TOS02004045,2026-10-09T02:30,87
TOS02004045,2026-10-09T02:45,88
TOS02004045,2026-10-09T03:00,90
TOS02004045,2026-10-09T03:15,92
TOS02004045,2026-10-09T03:30,91
TOS02004045,2026-10-09T03:45,90
TOS02004045,2026-10-09T04:00,88
TOS02004045,2026-10-09T04:15,88
TOS02004045,2026-10-09T04:30,88
TOS02004045,2026-10-09T04:45,87
TOS02004045,2026-10-09T05:00,87
TOS02004045,2026-10-09T05:15,88
TOS02004045,2026-10-09T05:30,89
TOS02004045,2026-10-09T05:45,88
TOS02004045,2026-10-09T06:00,87
TOS02004045,2026-10-09T06:15,87
TOS02004045,2026-10-09T06:30,87
TOS02004045,2026-10-09T06:45,88
TOS02004045,2026-10-09T07:00,87
TOS02004045,2026-10-09T07:15,87
TOS02004045,2026-10-09T07:30,86
TOS02004045,2026-10-09T07:45,84
TOS02004045,2026-10-09T08:00,84
TOS02004045,2026-10-09T08:15,84
TOS02004045,2026-10-09T08:30,83
TOS02004045,2026-10-09T08:45,78
TOS02004045,2026-10-09T09:00,76
TOS02004045,2026-10-09T09:15,74
TOS02004045,2026-10-09T09:30,74
TOS02004045,2026-10-09T09:45,76
TOS02004045,2026-10-09T10:00,78
TOS02004045,2026-10-09T10:15,77
TOS02004045,2026-10-09T10:30,78
TOS02004045,2026-10-09T10:45,78
TOS02004045,2026-10-09T11:00,75
TOS02004045,2026-10-09T11:15,74
TOS02004045,2026-10-09T11:30,73
TOS02004045,2026-10-09T11:45,74
TOS02004045,2026-10-09T12:00,75
TOS02004045,2026-10-09T12:15,75
TOS02004045,2026-10-09T12:30,73
TOS02004045,2026-10-09T12:45,73
TOS02004045,2026-10-09T13:00,73
TOS02004045,2026-10-09T13:15,74
TOS02004045,2026-10-09T13:30,75
TOS02004045,2026-10-09T13:45,81
TOS02004045,2026-10-09T14:00,82
TOS02004045,2026-10-09T14:15,80
TOS02004045,2026-10-09T14:30,78
TOS02004045,2026-10-09T14:45,78
TOS02004045,2026-10-09T15:00,77
TOS02004045,2026-10-09T15:15,78
TOS02004045,2026-10-09T15:30,79
TOS02004045,2026-10-09T15:45,79
TOS02004045,2026-10-09T16:00,79
TOS02004045,2026-10-09T16:15,79
TOS02004045,2026-10-09T16:30,79
TOS02004045,2026-10-09T16:45,81
TOS02004045,2026-10-09T17:00,81
TOS02004045,2026-10-09T17:15,79
TOS02004045,2026-10-09T17:30,82
TOS02004045,2026-10-09T17:45,85
TOS02004045,2026-10-09T18:00,87
TOS02004045,2026-10-09T18:15,88
TOS02004045,2026-10-09T18:30,89
TOS02004045,2026-10-09T18:45,89
TOS02004045,2026-10-09T19:00,90
TOS02004045,2026-10-09T19:15,90
TOS02004045,2026-10-09T19:30,90
TOS02004045,2026-10-09T19:45,90
TOS02004045,2026-10-09T20:00,91
TOS02004045,2026-10-09T20:15,93
TOS02004045,2026-10-09T20:30,93
TOS02004045,2026-10-09T20:45,92
TOS02004045,2026-10-09T21:00,91
TOS02004045,2026-10-09T21:15,90
TOS02004045,2026-10-09T21:30,89
TOS02004045,2026-10-09T21:45,89
TOS02004045,2026-10-09T22:00,88
TOS02004045,2026-10-09T22:15,90
TOS02004045,2026-10-09T22:30,91
TOS02004045,2026-10-09T22:45,92
TOS02004045,2026-10-09T23:00,93
TOS02004045,2026-10-09T23:15,93
TOS02004045,2026-10-09T23:30,94
TOS02004045,2026-10-09T23:45,94
TOS02004059,2026-10-09T00:00,92
TOS02004059,2026-10-09T00:15,92
TOS02004059,2026-10-09T00:30,92
TOS02004059,2026-10-09T00:45,92
TOS02004059,2026-10-09T01:00,92
TOS02004059,2026-10-09T01:15,92
TOS02004059,2026-10-09T01:30,92
TOS02004059,2026-10-09T01:45,92
TOS02004059,2026-10-09T02:00,92
TOS02004059,2026-10-09T02:15,92
TOS02004059,2026-10-09T02:30,92
TOS02004059,2026-10-09T02:45,92
TOS02004059,2026-10-09T03:00,92
TOS02004059,2026-10-09T03:15,92
TOS02004059,2026-10-09T03:30,92
TOS02004059,2026-10-09T03:45,92
TOS02004059,2026-10-09T04:00,92
TOS02004059,2026-10-09T04:15,92
TOS02004059,2026-10-09T04:30,92
TOS02004059,2026-10-09T04:45,92
TOS02004059,2026-10-09T05:00,93
TOS02004059,2026-10-09T05:15,93
TOS02004059,2026-10-09T05:30,93
TOS02004059,2026-10-09T05:45,93
TOS02004059,2026-10-09T06:00,93
TOS02004059,2026-10-09T06:15,93
TOS02004059,2026-10-09T06:30,93
TOS02004059,2026-10-09T06:45,93
TOS02004059,2026-10-09T07:00,93
TOS02004059,2026-10-09T07:15,93
TOS02004059,2026-10-09T07:30,93
TOS02004059,2026-10-09T07:45,93
TOS02004059,2026-10-09T08:00,93
TOS02004059,2026-10-09T08:15,93
TOS02004059,2026-10-09T08:30,94
TOS02004059,2026-10-09T08:45,94
TOS02004059,2026-10-09T09:00,94
TOS02004059,2026-10-09T09:15,94
TOS02004059,2026-10-09T09:30,93
TOS02004059,2026-10-09T09:45,93
TOS02004059,2026-10-09T10:00,93
TOS02004059,2026-10-09T10:15,92
TOS02004059,2026-10-09T10:30,90
TOS02004059,2026-10-09T10:45,88
TOS02004059,2026-10-09T11:00,87
TOS02004059,2026-10-09T11:15,83
TOS02004059,2026-10-09T11:30,80
TOS02004059,2026-10-09T11:45,80
TOS02004059,2026-10-09T12:00,80
TOS02004059,2026-10-09T12:15,79
TOS02004059,2026-10-09T12:30,79
TOS02004059,2026-10-09T12:45,77
TOS02004059,2026-10-09T13:00,78
TOS02004059,2026-10-09T13:15,79
TOS02004059,2026-10-09T13:30,76
TOS02004059,2026-10-09T13:45,76
TOS02004059,2026-10-09T14:00,75
TOS02004059,2026-10-09T14:15,76
TOS02004059,2026-10-09T14:30,77
TOS02004059,2026-10-09T14:45,77
TOS02004059,2026-10-09T15:00,78
TOS02004059,2026-10-09T15:15,79
TOS02004059,2026-10-09T15:30,81
TOS02004059,2026-10-09T15:45,79
TOS02004059,2026-10-09T16:00,79
TOS02004059,2026-10-09T16:15,81
TOS02004059,2026-10-09T16:30,82
TOS02004059,2026-10-09T16:45,82
TOS02004059,2026-10-09T17:00,82
TOS02004059,2026-10-09T17:15,82
TOS02004059,2026-10-09T17:30,83
TOS02004059,2026-10-09T17:45,85
TOS02004059,2026-10-09T18:00,86
TOS02004059,2026-10-09T18:15,87
TOS02004059,2026-10-09T18:30,88
TOS02004059,2026-10-09T18:45,89
TOS02004059,2026-10-09T19:00,89
TOS02004059,2026-10-09T19:15,90
TOS02004059,2026-10-09T19:30,90
TOS02004059,2026-10-09T19:45,90
TOS02004059,2026-10-09T20:00,90
TOS02004059,2026-10-09T20:15,90
TOS02004059,2026-10-09T20:30,90
TOS02004059,2026-10-09T20:45,91
TOS02004059,2026-10-09T21:00,91
TOS02004059,2026-10-09T21:15,91
TOS02004059,2026-10-09T21:30,90
TOS02004059,2026-10-09T21:45,91
TOS02004059,2026-10-09T22:00,91
TOS02004059,2026-10-09T22:15,91
TOS02004059,2026-10-09T22:30,91
TOS02004059,2026-10-09T22:45,91
TOS02004059,2026-10-09T23:00,91
TOS02004059,2026-10-09T23:15,91
TOS02004059,2026-10-09T23:30,91
TOS02004059,2026-10-09T23:45,91
TOS02004081,2026-10-09T00:00,84
TOS02004081,2026-10-09T00:15,83
TOS02004081,2026-10-09T00:30,84
TOS02004081,2026-10-09T00:45,86
TOS02004081,2026-10-09T01:00,86
TOS02004081,2026-10-09T01:15,86
TOS02004081,2026-10-09T01:30,87
TOS02004081,2026-10-09T01:45,87
TOS02004081,2026-10-09T02:00,88
TOS02004081,2026-10-09T02:15,88
TOS02004081,2026-10-09T02:30,89
TOS02004081,2026-10-09T02:45,89
TOS02004081,2026-10-09T03:00,88
TOS02004081,2026-10-09T03:15,88
TOS02004081,2026-10-09T03:30,87
TOS02004081,2026-10-09T03:45,87
TOS02004081,2026-10-09T04:00,86
TOS02004081,2026-10-09T04:15,86
TOS02004081,2026-10-09T04:30,87
TOS02004081,2026-10-09T04:45,88
TOS02004081,2026-10-09T05:00,89
TOS02004081,2026-10-09T05:15,90
TOS02004081,2026-10-09T05:30,91
TOS02004081,2026-10-09T05:45,90
TOS02004081,2026-10-09T06:00,90
TOS02004081,2026-10-09T06:15,90
TOS02004081,2026-10-09T06:30,90
TOS02004081,2026-10-09T06:45,88
TOS02004081,2026-10-09T07:00,88
TOS02004081,2026-10-09T07:15,87
TOS02004081,2026-10-09T07:30,86
TOS02004081,2026-10-09T07:45,86
TOS02004081,2026-10-09T08:00,85
TOS02004081,2026-10-09T08:15,85
TOS02004081,2026-10-09T08:30,86
TOS02004081,2026-10-09T08:45,84
TOS02004081,2026-10-09T09:00,84
TOS02004081,2026-10-09T09:15,84
TOS02004081,2026-10-09T09:30,84
TOS02004081,2026-10-09T09:45,84
TOS02004081,2026-10-09T10:00,82
TOS02004081,2026-10-09T10:15,80
TOS02004081,2026-10-09T10:30,78
TOS02004081,2026-10-09T10:45,79
TOS02004081,2026-10-09T11:00,79
TOS02004081,2026-10-09T11:15,78
TOS02004081,2026-10-09T11:30,79
TOS02004081,2026-10-09T11:45,79
TOS02004081,2026-10-09T12:00,78
TOS02004081,2026-10-09T12:15,78
TOS02004081,2026-10-09T12:30,77
TOS02004081,2026-10-09T12:45,76
TOS02004081,2026-10-09T13:00,73
TOS02004081,2026-10-09T13:15,71
TOS02004081,2026-10-09T13:30,68
TOS02004081,2026-10-09T13:45,66
TOS02004081,2026-10-09T14:00,65
TOS02004081,2026-10-09T14:15,67
TOS02004081,2026-10-09T14:30,67
TOS02004081,2026-10-09T14:45,70
TOS02004081,2026-10-09T15:00,74
TOS02004081,2026-10-09T15:15,75
TOS02004081,2026-10-09T15:30,74
TOS02004081,2026-10-09T15:45,75
TOS02004081,2026-10-09T16:00,74
TOS02004081,2026-10-09T16:15,75
TOS02004081,2026-10-09T16:30,74
TOS02004081,2026-10-09T16:45,76
TOS02004081,2026-10-09T17:00,77
TOS02004081,2026-10-09T17:15,77
TOS02004081,2026-10-09T17:30,78
TOS02004081,2026-10-09T17:45,79
TOS02004081,2026-10-09T18:00,78
TOS02004081,2026-10-09T18:15,77
TOS02004081,2026-10-09T18:30,75
TOS02004081,2026-10-09T18:45,76
TOS02004081,2026-10-09T19:00,77
TOS02004081,2026-10-09T19:15,81
TOS02004081,2026-10-09T19:30,83
TOS02004081,2026-10-09T19:45,85
TOS02004081,2026-10-09T20:00,85
TOS02004081,2026-10-09T20:15,85
TOS02004081,2026-10-09T20:30,85
TOS02004081,2026-10-09T20:45,85
TOS02004081,2026-10-09T21:00,84
TOS02004081,2026-10-09T21:15,83
TOS02004081,2026-10-09T21:30,82
TOS02004081,2026-10-09T21:45,83
TOS02004081,2026-10-09T22:00,84
TOS02004081,2026-10-09T22:15,84
TOS02004081,2026-10-09T22:30,83
TOS02004081,2026-10-09T22:45,82
TOS02004081,2026-10-09T23:00,82
TOS02004081,2026-10-09T23:15,80
TOS02004081,2026-10-09T23:30,80
TOS02004081,2026-10-09T23:45,81
TOS02004115,2026-10-09T00:00,100
TOS02004115,2026-10-09T00:15,100
TOS02004115,2026-10-09T00:30,100
TOS02004115,2026-10-09T00:45,100
TOS02004115,2026-10-09T01:00,100
TOS02004115,2026-10-09T01:15,100
TOS02004115,2026-10-09T01:30,100
TOS02004115,2026-10-09T01:45,100
TOS02004115,2026-10-09T02:00,100
TOS02004115,2026-10-09T02:15,100
TOS02004115,2026-10-09T02:30,100
TOS02004115,2026-10-09T02:45,100
TOS02004115,2026-10-09T03:00,100
TOS02004115,2026-10-09T03:15,100
TOS02004115,2026-10-09T03:30,100
TOS02004115,2026-10-09T03:45,100
TOS02004115,2026-10-09T04:00,100
TOS02004115,2026-10-09T04:15,100
TOS02004115,2026-10-09T04:30,100
TOS02004115,2026-10-09T04:45,100
TOS02004115,2026-10-09T05:00,100
TOS02004115,2026-10-09T05:15,100
TOS02004115,2026-10-09T05:30,100
TOS02004115,2026-10-09T05:45,100
TOS02004115,2026-10-09T06:00,100
TOS02004115,2026-10-09T06:15,100
TOS02004115,2026-10-09T06:30,100
TOS02004115,2026-10-09T06:45,100
TOS02004115,2026-10-09T07:00,100
TOS02004115,2026-10-09T07:15,100
TOS02004115,2026-10-09T07:30,100
TOS02004115,2026-10-09T07:45,100
TOS02004115,2026-10-09T08:00,100
TOS02004115,2026-10-09T08:15,100
TOS02004115,2026-10-09T08:30,99
TOS02004115,2026-10-09T08:45,99
TOS02004115,2026-10-09T09:00,99
TOS02004115,2026-10-09T09:15,99
TOS02004115,2026-10-09T09:30,99
TOS02004115,2026-10-09T09:45,100
TOS02004115,2026-10-09T10:00,98
TOS02004115,2026-10-09T10:15,92
TOS02004115,2026-10-09T10:30,92
TOS02004115,2026-10-09T10:45,94
TOS02004115,2026-10-09T11:00,94
TOS02004115,2026-10-09T11:15,90
TOS02004115,2026-10-09T11:30,88
TOS02004115,2026-10-09T11:45,84
TOS02004115,2026-10-09T12:00,84
TOS02004115,2026-10-09T12:15,83
TOS02004115,2026-10-09T12:30,84
TOS02004115,2026-10-09T12:45,86
TOS02004115,2026-10-09T13:00,81
TOS02004115,2026-10-09T13:15,79
TOS02004115,2026-10-09T13:30,87
TOS02004115,2026-10-09T13:45,92
TOS02004115,2026-10-09T14:00,93
TOS02004115,2026-10-09T14:15,88
TOS02004115,2026-10-09T14:30,85
TOS02004115,2026-10-09T14:45,83
TOS02004115,2026-10-09T15:00,83
TOS02004115,2026-10-09T15:15,82
TOS02004115,2026-10-09T15:30,85
TOS02004115,2026-10-09T15:45,90
TOS02004115,2026-10-09T16:00,88
TOS02004115,2026-10-09T16:15,87
TOS02004115,2026-10-09T16:30,91
TOS02004115,2026-10-09T16:45,94
TOS02004115,2026-10-09T17:00,95
TOS02004115,2026-10-09T17:15,95
TOS02004115,2026-10-09T17:30,96
TOS02004115,2026-10-09T17:45,97
TOS02004115,2026-10-09T18:00,98
TOS02004115,2026-10-09T18:15,98
TOS02004115,2026-10-09T18:30,99
TOS02004115,2026-10-09T18:45,99
TOS02004115,2026-10-09T19:00,100
TOS02004115,2026-10-09T19:15,100
TOS02004115,2026-10-09T19:30,100
TOS02004115,2026-10-09T19:45,100
TOS02004115,2026-10-09T20:00,100
TOS02004115,2026-10-09T20:15,100
TOS02004115,2026-10-09T20:30,100
TOS02004115,2026-10-09T20:45,100
TOS02004115,2026-10-09T21:00,100
TOS02004115,2026-10-09T21:15,100
TOS02004115,2026-10-09T21:30,100
TOS02004115,2026-10-09T21:45,100
TOS02004115,2026-10-09T22:00,100
TOS02004115,2026-10-09T22:15,100
TOS02004115,2026-10-09T22:30,100
TOS02004115,2026-10-09T22:45,100
TOS02004115,2026-10-09T23:00,100
TOS02004115,2026-10-09T23:15,100
TOS02004115,2026-10-09T23:30,100
TOS02004115,2026-10-09T23:45,100
TOS02004215,2026-10-09T00:00,94
TOS02004215,2026-10-09T00:15,94
TOS02004215,2026-10-09T00:30,94
TOS02004215,2026-10-09T00:45,94
TOS02004215,2026-10-09T01:00,94
TOS02004215,2026-10-09T01:15,94
TOS02004215,2026-10-09T01:30,94
TOS02004215,2026-10-09T01:45,94
TOS02004215,2026-10-09T02:00,94
TOS02004215,2026-10-09T02:15,94
TOS02004215,2026-10-09T02:30,95
TOS02004215,2026-10-09T02:45,95
TOS02004215,2026-10-09T03:00,95
TOS02004215,2026-10-09T03:15,95
TOS02004215,2026-10-09T03:30,95
TOS02004215,2026-10-09T03:45,95
TOS02004215,2026-10-09T04:00,95
TOS02004215,2026-10-09T04:15,95
TOS02004215,2026-10-09T04:30,95
TOS02004215,2026-10-09T04:45,95
TOS02004215,2026-10-09T05:00,95
TOS02004215,2026-10-09T05:15,95
TOS02004215,2026-10-09T05:30,95
TOS02004215,2026-10-09T05:45,95
TOS02004215,2026-10-09T06:00,95
TOS02004215,2026-10-09T06:15,95
TOS02004215,2026-10-09T06:30,95
TOS02004215,2026-10-09T06:45,95
TOS02004215,2026-10-09T07:00,96
TOS02004215,2026-10-09T07:15,96
TOS02004215,2026-10-09T07:30,96
TOS02004215,2026-10-09T07:45,96
TOS02004215,2026-10-09T08:00,96
TOS02004215,2026-10-09T08:15,96
TOS02004215,2026-10-09T08:30,97
TOS02004215,2026-10-09T08:45,96
TOS02004215,2026-10-09T09:00,93
TOS02004215,2026-10-09T09:15,90
TOS02004215,2026-10-09T09:30,88
TOS02004215,2026-10-09T09:45,85
TOS02004215,2026-10-09T10:00,86
TOS02004215,2026-10-09T10:15,83
TOS02004215,2026-10-09T10:30,86
TOS02004215,2026-10-09T10:45,84
TOS02004215,2026-10-09T11:00,82
TOS02004215,2026-10-09T11:15,81
TOS02004215,2026-10-09T11:30,80
TOS02004215,2026-10-09T11:45,82
TOS02004215,2026-10-09T12:00,81
TOS02004215,2026-10-09T12:15,84
TOS02004215,2026-10-09T12:30,85
TOS02004215,2026-10-09T12:45,84
TOS02004215,2026-10-09T13:00,81
TOS02004215,2026-10-09T13:15,78
TOS02004215,2026-10-09T13:30,74
TOS02004215,2026-10-09T13:45,72
TOS02004215,2026-10-09T14:00,73
TOS02004215,2026-10-09T14:15,75
TOS02004215,2026-10-09T14:30,76
TOS02004215,2026-10-09T14:45,75
TOS02004215,2026-10-09T15:00,74
TOS02004215,2026-10-09T15:15,74
TOS02004215,2026-10-09T15:30,80
TOS02004215,2026-10-09T15:45,83
TOS02004215,2026-10-09T16:00,86
TOS02004215,2026-10-09T16:15,87
TOS02004215,2026-10-09T16:30,88
TOS02004215,2026-10-09T16:45,88
TOS02004215,2026-10-09T17:00,89
TOS02004215,2026-10-09T17:15,89
TOS02004215,2026-10-09T17:30,90
TOS02004215,2026-10-09T17:45,90
TOS02004215,2026-10-09T18:00,90
TOS02004215,2026-10-09T18:15,91
TOS02004215,2026-10-09T18:30,91
TOS02004215,2026-10-09T18:45,92
TOS02004215,2026-10-09T19:00,92
TOS02004215,2026-10-09T19:15,93
TOS02004215,2026-10-09T19:30,93
TOS02004215,2026-10-09T19:45,93
TOS02004215,2026-10-09T20:00,93
TOS02004215,2026-10-09T20:15,94
TOS02004215,2026-10-09T20:30,94
TOS02004215,2026-10-09T20:45,94
TOS02004215,2026-10-09T21:00,94
TOS02004215,2026-10-09T21:15,94
TOS02004215,2026-10-09T21:30,94
TOS02004215,2026-10-09T21:45,94
TOS02004215,2026-10-09T22:00,94
TOS02004215,2026-10-09T22:15,94
TOS02004215,2026-10-09T22:30,94
TOS02004215,2026-10-09T22:45,95
TOS02004215,2026-10-09T23:00,95
TOS02004215,2026-10-09T23:15,95
TOS02004215,2026-10-09T23:30,95
TOS02004215,2026-10-09T23:45,95
TOS02004231,2026-10-09T00:00,94
TOS02004231,2026-10-09T00:15,94
TOS02004231,2026-10-09T00:30,94
TOS02004231,2026-10-09T00:45,94
TOS02004231,2026-10-09T01:00,94
TOS02004231,2026-10-09T01:15,94
TOS02004231,2026-10-09T01:30,94
TOS02004231,2026-10-09T01:45,94
TOS02004231,2026-10-09T02:00,94
TOS02004231,2026-10-09T02:15,94
TOS02004231,2026-10-09T02:30,94
TOS02004231,2026-10-09T02:45,94
TOS02004231,2026-10-09T03:00,94
TOS02004231,2026-10-09T03:15,94
TOS02004231,2026-10-09T03:30,94
TOS02004231,2026-10-09T03:45,94
TOS02004231,2026-10-09T04:00,94
TOS02004231,2026-10-09T04:15,94
TOS02004231,2026-10-09T04:30,94
TOS02004231,2026-10-09T04:45,93
TOS02004231,2026-10-09T05:00,93
TOS02004231,2026-10-09T05:15,94
TOS02004231,2026-10-09T05:30,94
TOS02004231,2026-10-09T05:45,93
TOS02004231,2026-10-09T06:00,93
TOS02004231,2026-10-09T06:15,93
TOS02004231,2026-10-09T06:30,94
TOS02004231,2026-10-09T06:45,94
TOS02004231,2026-10-09T07:00,94
TOS02004231,2026-10-09T07:15,94
TOS02004231,2026-10-09T07:30,94
TOS02004231,2026-10-09T07:45,94
TOS02004231,2026-10-09T08:00,94
TOS02004231,2026-10-09T08:15,94
TOS02004231,2026-10-09T08:30,93
TOS02004231,2026-10-09T08:45,92
TOS02004231,2026-10-09T09:00,91
TOS02004231,2026-10-09T09:15,89
TOS02004231,2026-10-09T09:30,87
TOS02004231,2026-10-09T09:45,88
TOS02004231,2026-10-09T10:00,82
TOS02004231,2026-10-09T10:15,80
TOS02004231,2026-10-09T10:30,83
TOS02004231,2026-10-09T10:45,84
TOS02004231,2026-10-09T11:00,82
TOS02004231,2026-10-09T11:15,82
TOS02004231,2026-10-09T11:30,82
TOS02004231,2026-10-09T11:45,82
TOS02004231,2026-10-09T12:00,82
TOS02004231,2026-10-09T12:15,82
TOS02004231,2026-10-09T12:30,82
TOS02004231,2026-10-09T12:45,81
TOS02004231,2026-10-09T13:00,80
TOS02004231,2026-10-09T13:15,80
TOS02004231,2026-10-09T13:30,80
TOS02004231,2026-10-09T13:45,80
TOS02004231,2026-10-09T14:00,80
TOS02004231,2026-10-09T14:15,80
TOS02004231,2026-10-09T14:30,75
TOS02004231,2026-10-09T14:45,76
TOS02004231,2026-10-09T15:00,72
TOS02004231,2026-10-09T15:15,80
TOS02004231,2026-10-09T15:30,82
TOS02004231,2026-10-09T15:45,83
TOS02004231,2026-10-09T16:00,83
TOS02004231,2026-10-09T16:15,81
TOS02004231,2026-10-09T16:30,78
TOS02004231,2026-10-09T16:45,77
TOS02004231,2026-10-09T17:00,82
TOS02004231,2026-10-09T17:15,85
TOS02004231,2026-10-09T17:30,87
TOS02004231,2026-10-09T17:45,88
TOS02004231,2026-10-09T18:00,89
TOS02004231,2026-10-09T18:15,90
TOS02004231,2026-10-09T18:30,90
TOS02004231,2026-10-09T18:45,90
TOS02004231,2026-10-09T19:00,91
TOS02004231,2026-10-09T19:15,91
TOS02004231,2026-10-09T19:30,91
TOS02004231,2026-10-09T19:45,92
TOS02004231,2026-10-09T20:00,92
TOS02004231,2026-10-09T20:15,92
TOS02004231,2026-10-09T20:30,92
TOS02004231,2026-10-09T20:45,92
TOS02004231,2026-10-09T21:00,92
TOS02004231,2026-10-09T21:15,93
TOS02004231,2026-10-09T21:30,93
TOS02004231,2026-10-09T21:45,93
TOS02004231,2026-10-09T22:00,93
TOS02004231,2026-10-09T22:15,93
TOS02004231,2026-10-09T22:30,93
TOS02004231,2026-10-09T22:45,93
TOS02004231,2026-10-09T23:00,93
TOS02004231,2026-10-09T23:15,93
TOS02004231,2026-10-09T23:30,93
TOS02004231,2026-10-09T23:45,94
TOS02004255,2026-10-09T00:00,96
TOS02004255,2026-10-09T00:15,96
TOS02004255,2026-10-09T00:30,96
TOS02004255,2026-10-09T00:45,96
TOS02004255,2026-10-09T01:00,97
TOS02004255,2026-10-09T01:15,97
TOS02004255,2026-10-09T01:30,97
TOS02004255,2026-10-09T01:45,97
TOS02004255,2026-10-09T02:00,97
TOS02004255,2026-10-09T02:15,97
TOS02004255,2026-10-09T02:30,97
TOS02004255,2026-10-09T02:45,96
TOS02004255,2026-10-09T03:00,96
TOS02004255,2026-10-09T03:15,97
TOS02004255,2026-10-09T03:30,97
TOS02004255,2026-10-09T03:45,97
TOS02004255,2026-10-09T04:00,96
TOS02004255,2026-10-09T04:15,96
TOS02004255,2026-10-09T04:30,97
TOS02004255,2026-10-09T04:45,97
TOS02004255,2026-10-09T05:00,97
TOS02004255,2026-10-09T05:15,97
TOS02004255,2026-10-09T05:30,97
TOS02004255,2026-10-09T05:45,96
TOS02004255,2026-10-09T06:00,97
TOS02004255,2026-10-09T06:15,97
TOS02004255,2026-10-09T06:30,97
TOS02004255,2026-10-09T06:45,97
TOS02004255,2026-10-09T07:00,97
TOS02004255,2026-10-09T07:15,97
TOS02004255,2026-10-09T07:30,96
TOS02004255,2026-10-09T07:45,96
TOS02004255,2026-10-09T08:00,96
TOS02004255,2026-10-09T08:15,96
TOS02004255,2026-10-09T08:30,95
TOS02004255,2026-10-09T08:45,93
TOS02004255,2026-10-09T09:00,92
TOS02004255,2026-10-09T09:15,91
TOS02004255,2026-10-09T09:30,89
TOS02004255,2026-10-09T09:45,88
TOS02004255,2026-10-09T10:00,84
TOS02004255,2026-10-09T10:15,83
TOS02004255,2026-10-09T10:30,85
TOS02004255,2026-10-09T10:45,81
TOS02004255,2026-10-09T11:00,78
TOS02004255,2026-10-09T11:15,74
TOS02004255,2026-10-09T11:30,75
TOS02004255,2026-10-09T11:45,81
TOS02004255,2026-10-09T12:00,77
TOS02004255,2026-10-09T12:15,74
TOS02004255,2026-10-09T12:30,77
TOS02004255,2026-10-09T12:45,75
TOS02004255,2026-10-09T13:00,75
TOS02004255,2026-10-09T13:15,74
TOS02004255,2026-10-09T13:30,72
TOS02004255,2026-10-09T13:45,75
TOS02004255,2026-10-09T14:00,78
TOS02004255,2026-10-09T14:15,78
TOS02004255,2026-10-09T14:30,78
TOS02004255,2026-10-09T14:45,78
TOS02004255,2026-10-09T15:00,79
TOS02004255,2026-10-09T15:15,79
TOS02004255,2026-10-09T15:30,78
TOS02004255,2026-10-09T15:45,78
TOS02004255,2026-10-09T16:00,78
TOS02004255,2026-10-09T16:15,81
TOS02004255,2026-10-09T16:30,83
TOS02004255,2026-10-09T16:45,86
TOS02004255,2026-10-09T17:00,88
TOS02004255,2026-10-09T17:15,90
TOS02004255,2026-10-09T17:30,91
TOS02004255,2026-10-09T17:45,91
TOS02004255,2026-10-09T18:00,91
TOS02004255,2026-10-09T18:15,91
TOS02004255,2026-10-09T18:30,92
TOS02004255,2026-10-09T18:45,92
TOS02004255,2026-10-09T19:00,92
TOS02004255,2026-10-09T19:15,93
TOS02004255,2026-10-09T19:30,93
TOS02004255,2026-10-09T19:45,93
TOS02004255,2026-10-09T20:00,93
TOS02004255,2026-10-09T20:15,93
TOS02004255,2026-10-09T20:30,94
TOS02004255,2026-10-09T20:45,94
TOS02004255,2026-10-09T21:00,94
TOS02004255,2026-10-09T21:15,94
TOS02004255,2026-10-09T21:30,95
TOS02004255,2026-10-09T21:45,95
TOS02004255,2026-10-09T22:00,95
TOS02004255,2026-10-09T22:15,95
TOS02004255,2026-10-09T22:30,95
TOS02004255,2026-10-09T22:45,95
TOS02004255,2026-10-09T23:00,95
TOS02004255,2026-10-09T23:15,95
TOS02004255,2026-10-09T23:30,96
TOS02004255,2026-10-09T23:45,96
TOS02004311,2026-10-09T00:00,86
TOS02004311,2026-10-09T00:15,88
TOS02004311,2026-10-09T00:30,90
TOS02004311,2026-10-09T00:45,91
TOS02004311,2026-10-09T01:00,91
TOS02004311,2026-10-09T01:15,92
TOS02004311,2026-10-09T01:30,92
TOS02004311,2026-10-09T01:45,92
TOS02004311,2026-10-09T02:00,92
TOS02004311,2026-10-09T02:15,93
TOS02004311,2026-10-09T02:30,93
TOS02004311,2026-10-09T02:45,93
TOS02004311,2026-10-09T03:00,93
TOS02004311,2026-10-09T03:15,93
TOS02004311,2026-10-09T03:30,93
TOS02004311,2026-10-09T03:45,94
TOS02004311,2026-10-09T04:00,94
TOS02004311,2026-10-09T04:15,94
TOS02004311,2026-10-09T04:30,94
TOS02004311,2026-10-09T04:45,94
TOS02004311,2026-10-09T05:00,94
TOS02004311,2026-10-09T05:15,94
TOS02004311,2026-10-09T05:30,94
TOS02004311,2026-10-09T05:45,94
TOS02004311,2026-10-09T06:00,94
TOS02004311,2026-10-09T06:15,94
TOS02004311,2026-10-09T06:30,94
TOS02004311,2026-10-09T06:45,95
TOS02004311,2026-10-09T07:00,95
TOS02004311,2026-10-09T07:15,95
TOS02004311,2026-10-09T07:30,95
TOS02004311,2026-10-09T07:45,95
TOS02004311,2026-10-09T08:00,95
TOS02004311,2026-10-09T08:15,95
TOS02004311,2026-10-09T08:30,95
TOS02004311,2026-10-09T08:45,94
TOS02004311,2026-10-09T09:00,94
TOS02004311,2026-10-09T09:15,94
TOS02004311,2026-10-09T09:30,94
TOS02004311,2026-10-09T09:45,92
TOS02004311,2026-10-09T10:00,90
TOS02004311,2026-10-09T10:15,88
TOS02004311,2026-10-09T10:30,86
TOS02004311,2026-10-09T10:45,86
TOS02004311,2026-10-09T11:00,85
TOS02004311,2026-10-09T11:15,84
TOS02004311,2026-10-09T11:30,84
TOS02004311,2026-10-09T11:45,84
TOS02004311,2026-10-09T12:00,83
TOS02004311,2026-10-09T12:15,82
TOS02004311,2026-10-09T12:30,81
TOS02004311,2026-10-09T12:45,79
TOS02004311,2026-10-09T13:00,77
TOS02004311,2026-10-09T13:15,75
TOS02004311,2026-10-09T13:30,75
TOS02004311,2026-10-09T13:45,76
TOS02004311,2026-10-09T14:00,76
TOS02004311,2026-10-09T14:15,76
TOS02004311,2026-10-09T14:30,76
TOS02004311,2026-10-09T14:45,77
TOS02004311,2026-10-09T15:00,78
TOS02004311,2026-10-09T15:15,77
TOS02004311,2026-10-09T15:30,76
TOS02004311,2026-10-09T15:45,76
TOS02004311,2026-10-09T16:00,76
TOS02004311,2026-10-09T16:15,77
TOS02004311,2026-10-09T16:30,77
TOS02004311,2026-10-09T16:45,77
TOS02004311,2026-10-09T17:00,71
TOS02004311,2026-10-09T17:15,72
TOS02004311,2026-10-09T17:30,72
TOS02004311,2026-10-09T17:45,73
TOS02004311,2026-10-09T18:00,74
TOS02004311,2026-10-09T18:15,76
TOS02004311,2026-10-09T18:30,76
TOS02004311,2026-10-09T18:45,82
TOS02004311,2026-10-09T19:00,86
TOS02004311,2026-10-09T19:15,87
TOS02004311,2026-10-09T19:30,88
TOS02004311,2026-10-09T19:45,90
TOS02004311,2026-10-09T20:00,90
TOS02004311,2026-10-09T20:15,91
TOS02004311,2026-10-09T20:30,92
TOS02004311,2026-10-09T20:45,92
TOS02004311,2026-10-09T21:00,92
TOS02004311,2026-10-09T21:15,92
TOS02004311,2026-10-09T21:30,92
TOS02004311,2026-10-09T21:45,93
TOS02004311,2026-10-09T22:00,93
TOS02004311,2026-10-09T22:15,93
TOS02004311,2026-10-09T22:30,93
TOS02004311,2026-10-09T22:45,93
TOS02004311,2026-10-09T23:00,93
TOS02004311,2026-10-09T23:15,93
TOS02004311,2026-10-09T23:30,93
TOS02004311,2026-10-09T23:45,93
TOS03000091,2026-10-09T00:00,88
TOS03000091,2026-10-09T00:15,88
TOS03000091,2026-10-09T00:30,88
TOS03000091,2026-10-09T00:45,88
TOS03000091,2026-10-09T01:00,88
TOS03000091,2026-10-09T01:15,88
TOS03000091,2026-10-09T01:30,88
TOS03000091,2026-10-09T01:45,88
TOS03000091,2026-10-09T02:00,88
TOS03000091,2026-10-09T02:15,87
TOS03000091,2026-10-09T02:30,88
TOS03000091,2026-10-09T02:45,88
TOS03000091,2026-10-09T03:00,88
TOS03000091,2026-10-09T03:15,88
TOS03000091,2026-10-09T03:30,88
TOS03000091,2026-10-09T03:45,88
TOS03000091,2026-10-09T04:00,88
TOS03000091,2026-10-09T04:15,88
TOS03000091,2026-10-09T04:30,88
TOS03000091,2026-10-09T04:45,88
TOS03000091,2026-10-09T05:00,88
TOS03000091,2026-10-09T05:15,88
TOS03000091,2026-10-09T05:30,88
TOS03000091,2026-10-09T05:45,89
TOS03000091,2026-10-09T06:00,89
TOS03000091,2026-10-09T06:15,89
TOS03000091,2026-10-09T06:30,89
TOS03000091,2026-10-09T06:45,88
TOS03000091,2026-10-09T07:00,88
TOS03000091,2026-10-09T07:15,88
TOS03000091,2026-10-09T07:30,88
TOS03000091,2026-10-09T07:45,87
TOS03000091,2026-10-09T08:00,87
TOS03000091,2026-10-09T08:15,86
TOS03000091,2026-10-09T08:30,86
TOS03000091,2026-10-09T08:45,87
TOS03000091,2026-10-09T09:00,84
TOS03000091,2026-10-09T09:15,82
TOS03000091,2026-10-09T09:30,81
TOS03000091,2026-10-09T09:45,83
TOS03000091,2026-10-09T10:00,83
TOS03000091,2026-10-09T10:15,82
TOS03000091,2026-10-09T10:30,81
TOS03000091,2026-10-09T10:45,77
TOS03000091,2026-10-09T11:00,75
TOS03000091,2026-10-09T11:15,73
TOS03000091,2026-10-09T11:30,69
TOS03000091,2026-10-09T11:45,75
TOS03000091,2026-10-09T12:00,78
TOS03000091,2026-10-09T12:15,76
TOS03000091,2026-10-09T12:30,75
TOS03000091,2026-10-09T12:45,75
TOS03000091,2026-10-09T13:00,76
TOS03000091,2026-10-09T13:15,73
TOS03000091,2026-10-09T13:30,69
TOS03000091,2026-10-09T13:45,68
TOS03000091,2026-10-09T14:00,74
TOS03000091,2026-10-09T14:15,76
TOS03000091,2026-10-09T14:30,75
TOS03000091,2026-10-09T14:45,74
TOS03000091,2026-10-09T15:00,75
TOS03000091,2026-10-09T15:15,77
TOS03000091,2026-10-09T15:30,78
TOS03000091,2026-10-09T15:45,77
TOS03000091,2026-10-09T16:00,75
TOS03000091,2026-10-09T16:15,77
TOS03000091,2026-10-09T16:30,79
TOS03000091,2026-10-09T16:45,78
TOS03000091,2026-10-09T17:00,77
TOS03000091,2026-10-09T17:15,77
TOS03000091,2026-10-09T17:30,79
TOS03000091,2026-10-09T17:45,82
TOS03000091,2026-10-09T18:00,85
TOS03000091,2026-10-09T18:15,87
TOS03000091,2026-10-09T18:30,87
TOS03000091,2026-10-09T18:45,88
TOS03000091,2026-10-09T19:00,88
TOS03000091,2026-10-09T19:15,87
TOS03000091,2026-10-09T19:30,88
TOS03000091,2026-10-09T19:45,88
TOS03000091,2026-10-09T20:00,88
TOS03000091,2026-10-09T20:15,88
TOS03000091,2026-10-09T20:30,88
TOS03000091,2026-10-09T20:45,88
TOS03000091,2026-10-09T21:00,88
TOS03000091,2026-10-09T21:15,88
TOS03000091,2026-10-09T21:30,88
TOS03000091,2026-10-09T21:45,88
TOS03000091,2026-10-09T22:00,88
TOS03000091,2026-10-09T22:15,88
TOS03000091,2026-10-09T22:30,88
TOS03000091,2026-10-09T22:45,88
TOS03000091,2026-10-09T23:00,88
TOS03000091,2026-10-09T23:15,89
TOS03000091,2026-10-09T23:30,89
TOS03000091,2026-10-09T23:45,89
TOS03000278,2026-10-09T00:00,99
TOS03000278,2026-10-09T00:15,97
TOS03000278,2026-10-09T00:30,98
TOS03000278,2026-10-09T00:45,97
TOS03000278,2026-10-09T01:00,99
TOS03000278,2026-10-09T01:15,96
TOS03000278,2026-10-09T01:30,98
TOS03000278,2026-10-09T01:45,92
TOS03000278,2026-10-09T02:00,88
TOS03000278,2026-10-09T02:15,84
TOS03000278,2026-10-09T02:30,87
TOS03000278,2026-10-09T02:45,92
TOS03000278,2026-10-09T03:00,90
TOS03000278,2026-10-09T03:15,92
TOS03000278,2026-10-09T03:30,91
TOS03000278,2026-10-09T03:45,95
TOS03000278,2026-10-09T04:00,95
TOS03000278,2026-10-09T04:15,91
TOS03000278,2026-10-09T04:30,95
TOS03000278,2026-10-09T04:45,99
TOS03000278,2026-10-09T05:00,100
TOS03000278,2026-10-09T05:15,100
TOS03000278,2026-10-09T05:30,98
TOS03000278,2026-10-09T05:45,97
TOS03000278,2026-10-09T06:00,95
TOS03000278,2026-10-09T06:15,93
TOS03000278,2026-10-09T06:30,92
TOS03000278,2026-10-09T06:45,93
TOS03000278,2026-10-09T07:00,93
TOS03000278,2026-10-09T07:15,92
TOS03000278,2026-10-09T07:30,93
TOS03000278,2026-10-09T07:45,94
TOS03000278,2026-10-09T08:00,92
TOS03000278,2026-10-09T08:15,93
TOS03000278,2026-10-09T08:30,97
TOS03000278,2026-10-09T08:45,96
TOS03000278,2026-10-09T09:00,95
TOS03000278,2026-10-09T09:15,90
TOS03000278,2026-10-09T09:30,86
TOS03000278,2026-10-09T09:45,92
TOS03000278,2026-10-09T10:00,96
TOS03000278,2026-10-09T10:15,97
TOS03000278,2026-10-09T10:30,94
TOS03000278,2026-10-09T10:45,92
TOS03000278,2026-10-09T11:00,87
TOS03000278,2026-10-09T11:15,90
TOS03000278,2026-10-09T11:30,97
TOS03000278,2026-10-09T11:45,96
TOS03000278,2026-10-09T12:00,98
TOS03000278,2026-10-09T12:15,98
TOS03000278,2026-10-09T12:30,97
TOS03000278,2026-10-09T12:45,96
TOS03000278,2026-10-09T13:00,98
TOS03000278,2026-10-09T13:15,100
TOS03000278,2026-10-09T13:30,100
TOS03000278,2026-10-09T13:45,100
TOS03000278,2026-10-09T14:00,100
TOS03000278,2026-10-09T14:15,100
TOS03000278,2026-10-09T14:30,99
TOS03000278,2026-10-09T14:45,99
TOS03000278,2026-10-09T15:00,97
TOS03000278,2026-10-09T15:15,97
TOS03000278,2026-10-09T15:30,98
TOS03000278,2026-10-09T15:45,100
TOS03000278,2026-10-09T16:00,100
TOS03000278,2026-10-09T16:15,100
TOS03000278,2026-10-09T16:30,100
TOS03000278,2026-10-09T16:45,98
TOS03000278,2026-10-09T17:00,91
TOS03000278,2026-10-09T17:15,89
TOS03000278,2026-10-09T17:30,88
TOS03000278,2026-10-09T17:45,87
TOS03000278,2026-10-09T18:00,93
TOS03000278,2026-10-09T18:15,96
TOS03000278,2026-10-09T18:30,95
TOS03000278,2026-10-09T18:45,92
TOS03000278,2026-10-09T19:00,94
TOS03000278,2026-10-09T19:15,93
TOS03000278,2026-10-09T19:30,94
TOS03000278,2026-10-09T19:45,95
TOS03000278,2026-10-09T20:00,95
TOS03000278,2026-10-09T20:15,96
TOS03000278,2026-10-09T20:30,97
TOS03000278,2026-10-09T20:45,96
TOS03000278,2026-10-09T21:00,95
TOS03000278,2026-10-09T21:15,94
TOS03000278,2026-10-09T21:30,93
TOS03000278,2026-10-09T21:45,95
TOS03000278,2026-10-09T22:00,96
TOS03000278,2026-10-09T22:15,97
TOS03000278,2026-10-09T22:30,99
TOS03000278,2026-10-09T22:45,98
TOS03000278,2026-10-09T23:00,96
TOS03000278,2026-10-09T23:15,99
TOS03000278,2026-10-09T23:30,100
TOS03000278,2026-10-09T23:45,96
TOS03000335,2026-10-09T00:00,100
TOS03000335,2026-10-09T00:15,100
TOS03000335,2026-10-09T00:30,100
TOS03000335,2026-10-09T00:45,100
TOS03000335,2026-10-09T01:00,100
TOS03000335,2026-10-09T01:15,100
TOS03000335,2026-10-09T01:30,100
TOS03000335,2026-10-09T01:45,100
TOS03000335,2026-10-09T02:00,100
TOS03000335,2026-10-09T02:15,100
TOS03000335,2026-10-09T02:30,100
TOS03000335,2026-10-09T02:45,100
TOS03000335,2026-10-09T03:00,100
TOS03000335,2026-10-09T03:15,100
TOS03000335,2026-10-09T03:30,100
TOS03000335,2026-10-09T03:45,100
TOS03000335,2026-10-09T04:00,100
TOS03000335,2026-10-09T04:15,99
TOS03000335,2026-10-09T04:30,97
TOS03000335,2026-10-09T04:45,98
TOS03000335,2026-10-09T05:00,98
TOS03000335,2026-10-09T05:15,97
TOS03000335,2026-10-09T05:30,97
TOS03000335,2026-10-09T05:45,98
TOS03000335,2026-10-09T06:00,99
TOS03000335,2026-10-09T06:15,99
TOS03000335,2026-10-09T06:30,87
TOS03000335,2026-10-09T06:45,74
TOS03000335,2026-10-09T07:00,82
TOS03000335,2026-10-09T07:15,80
TOS03000335,2026-10-09T07:30,75
TOS03000335,2026-10-09T07:45,76
TOS03000335,2026-10-09T08:00,76
TOS03000335,2026-10-09T08:15,75
TOS03000335,2026-10-09T08:30,71
TOS03000335,2026-10-09T08:45,75
TOS03000335,2026-10-09T09:00,70
TOS03000335,2026-10-09T09:15,61
TOS03000335,2026-10-09T09:30,76
TOS03000335,2026-10-09T09:45,86
TOS03000335,2026-10-09T10:00,87
TOS03000335,2026-10-09T10:15,91
TOS03000335,2026-10-09T10:30,93
TOS03000335,2026-10-09T10:45,95
TOS03000335,2026-10-09T11:00,97
TOS03000335,2026-10-09T11:15,98
TOS03000335,2026-10-09T11:30,98
TOS03000335,2026-10-09T11:45,99
TOS03000335,2026-10-09T12:00,96
TOS03000335,2026-10-09T12:15,91
TOS03000335,2026-10-09T12:30,95
TOS03000335,2026-10-09T12:45,98
TOS03000335,2026-10-09T13:00,96
TOS03000335,2026-10-09T13:15,99
TOS03000335,2026-10-09T13:30,98
TOS03000335,2026-10-09T13:45,96
TOS03000335,2026-10-09T14:00,89
TOS03000335,2026-10-09T14:15,91
TOS03000335,2026-10-09T14:30,97
TOS03000335,2026-10-09T14:45,96
TOS03000335,2026-10-09T15:00,96
TOS03000335,2026-10-09T15:15,93
TOS03000335,2026-10-09T15:30,90
TOS03000335,2026-10-09T15:45,96
TOS03000335,2026-10-09T16:00,90
TOS03000335,2026-10-09T16:15,86
TOS03000335,2026-10-09T16:30,93
TOS03000335,2026-10-09T16:45,88
TOS03000335,2026-10-09T17:00,88
TOS03000335,2026-10-09T17:15,87
TOS03000335,2026-10-09T17:30,87
TOS03000335,2026-10-09T17:45,89
TOS03000335,2026-10-09T18:00,91
TOS03000335,2026-10-09T18:15,90
TOS03000335,2026-10-09T18:30,86
TOS03000335,2026-10-09T18:45,88
TOS03000335,2026-10-09T19:00,89
TOS03000335,2026-10-09T19:15,94
TOS03000335,2026-10-09T19:30,97
TOS03000335,2026-10-09T19:45,96
TOS03000335,2026-10-09T20:00,95
TOS03000335,2026-10-09T20:15,93
TOS03000335,2026-10-09T20:30,91
TOS03000335,2026-10-09T20:45,85
TOS03000335,2026-10-09T21:00,84
TOS03000335,2026-10-09T21:15,78
TOS03000335,2026-10-09T21:30,74
TOS03000335,2026-10-09T21:45,64
TOS03000335,2026-10-09T22:00,67
TOS03000335,2026-10-09T22:15,69
TOS03000335,2026-10-09T22:30,69
TOS03000335,2026-10-09T22:45,68
TOS03000335,2026-10-09T23:00,65
TOS03000335,2026-10-09T23:15,65
TOS03000335,2026-10-09T23:30,60
TOS03000335,2026-10-09T23:45,62
TOS03000481,2026-10-09T00:00,62
TOS03000481,2026-10-09T00:15,64
TOS03000481,2026-10-09T00:30,66
TOS03000481,2026-10-09T00:45,61
TOS03000481,2026-10-09T01:00,65
TOS03000481,2026-10-09T01:15,72
TOS03000481,2026-10-09T01:30,75
TOS03000481,2026-10-09T01:45,78
TOS03000481,2026-10-09T02:00,80
TOS03000481,2026-10-09T02:15,84
TOS03000481,2026-10-09T02:30,88
TOS03000481,2026-10-09T02:45,90
TOS03000481,2026-10-09T03:00,90
TOS03000481,2026-10-09T03:15,90
TOS03000481,2026-10-09T03:30,90
TOS03000481,2026-10-09T03:45,90
TOS03000481,2026-10-09T04:00,90
TOS03000481,2026-10-09T04:15,89
TOS03000481,2026-10-09T04:30,89
TOS03000481,2026-10-09T04:45,89
TOS03000481,2026-10-09T05:00,90
TOS03000481,2026-10-09T05:15,90
TOS03000481,2026-10-09T05:30,91
TOS03000481,2026-10-09T05:45,91
TOS03000481,2026-10-09T06:00,91
TOS03000481,2026-10-09T06:15,92
TOS03000481,2026-10-09T06:30,92
TOS03000481,2026-10-09T06:45,93
TOS03000481,2026-10-09T07:00,91
TOS03000481,2026-10-09T07:15,90
TOS03000481,2026-10-09T07:30,89
TOS03000481,2026-10-09T07:45,88
TOS03000481,2026-10-09T08:00,87
TOS03000481,2026-10-09T08:15,86
TOS03000481,2026-10-09T08:30,84
TOS03000481,2026-10-09T08:45,82
TOS03000481,2026-10-09T09:00,77
TOS03000481,2026-10-09T09:15,76
TOS03000481,2026-10-09T09:30,80
TOS03000481,2026-10-09T09:45,80
TOS03000481,2026-10-09T10:00,81
TOS03000481,2026-10-09T10:15,79
TOS03000481,2026-10-09T10:30,77
TOS03000481,2026-10-09T10:45,73
TOS03000481,2026-10-09T11:00,71
TOS03000481,2026-10-09T11:15,70
TOS03000481,2026-10-09T11:30,70
TOS03000481,2026-10-09T11:45,71
TOS03000481,2026-10-09T12:00,73
TOS03000481,2026-10-09T12:15,74
TOS03000481,2026-10-09T12:30,71
TOS03000481,2026-10-09T12:45,70
TOS03000481,2026-10-09T13:00,68
TOS03000481,2026-10-09T13:15,64
TOS03000481,2026-10-09T13:30,65
TOS03000481,2026-10-09T13:45,64
TOS03000481,2026-10-09T14:00,68
TOS03000481,2026-10-09T14:15,71
TOS03000481,2026-10-09T14:30,70
TOS03000481,2026-10-09T14:45,71
TOS03000481,2026-10-09T15:00,74
TOS03000481,2026-10-09T15:15,74
TOS03000481,2026-10-09T15:30,75
TOS03000481,2026-10-09T15:45,75
TOS03000481,2026-10-09T16:00,74
TOS03000481,2026-10-09T16:15,75
TOS03000481,2026-10-09T16:30,74
TOS03000481,2026-10-09T16:45,74
TOS03000481,2026-10-09T17:00,74
TOS03000481,2026-10-09T17:15,73
TOS03000481,2026-10-09T17:30,74
TOS03000481,2026-10-09T17:45,76
TOS03000481,2026-10-09T18:00,77
TOS03000481,2026-10-09T18:15,78
TOS03000481,2026-10-09T18:30,78
TOS03000481,2026-10-09T18:45,77
TOS03000481,2026-10-09T19:00,75
TOS03000481,2026-10-09T19:15,76
TOS03000481,2026-10-09T19:30,80
TOS03000481,2026-10-09T19:45,84
TOS03000481,2026-10-09T20:00,86
TOS03000481,2026-10-09T20:15,87
TOS03000481,2026-10-09T20:30,87
TOS03000481,2026-10-09T20:45,85
TOS03000481,2026-10-09T21:00,84
TOS03000481,2026-10-09T21:15,83
TOS03000481,2026-10-09T21:30,83
TOS03000481,2026-10-09T21:45,84
TOS03000481,2026-10-09T22:00,83
TOS03000481,2026-10-09T22:15,83
TOS03000481,2026-10-09T22:30,82
TOS03000481,2026-10-09T22:45,81
TOS03000481,2026-10-09T23:00,79
TOS03000481,2026-10-09T23:15,78
TOS03000481,2026-10-09T23:30,77
TOS03000481,2026-10-09T23:45,77
TOS03000513,2026-10-09T00:00,86
TOS03000513,2026-10-09T00:15,87
TOS03000513,2026-10-09T00:30,88
TOS03000513,2026-10-09T00:45,88
TOS03000513,2026-10-09T01:00,89
TOS03000513,2026-10-09T01:15,90
TOS03000513,2026-10-09T01:30,90
TOS03000513,2026-10-09T01:45,90
TOS03000513,2026-10-09T02:00,91
TOS03000513,2026-10-09T02:15,91
TOS03000513,2026-10-09T02:30,91
TOS03000513,2026-10-09T02:45,92
TOS03000513,2026-10-09T03:00,92
TOS03000513,2026-10-09T03:15,92
TOS03000513,2026-10-09T03:30,92
TOS03000513,2026-10-09T03:45,92
TOS03000513,2026-10-09T04:00,92
TOS03000513,2026-10-09T04:15,92
TOS03000513,2026-10-09T04:30,93
TOS03000513,2026-10-09T04:45,93
TOS03000513,2026-10-09T05:00,93
TOS03000513,2026-10-09T05:15,93
TOS03000513,2026-10-09T05:30,93
TOS03000513,2026-10-09T05:45,94
TOS03000513,2026-10-09T06:00,93
TOS03000513,2026-10-09T06:15,93
TOS03000513,2026-10-09T06:30,94
TOS03000513,2026-10-09T06:45,94
TOS03000513,2026-10-09T07:00,94
TOS03000513,2026-10-09T07:15,94
TOS03000513,2026-10-09T07:30,94
TOS03000513,2026-10-09T07:45,94
TOS03000513,2026-10-09T08:00,92
TOS03000513,2026-10-09T08:15,88
TOS03000513,2026-10-09T08:30,85
TOS03000513,2026-10-09T08:45,86
TOS03000513,2026-10-09T09:00,85
TOS03000513,2026-10-09T09:15,85
TOS03000513,2026-10-09T09:30,85
TOS03000513,2026-10-09T09:45,85
TOS03000513,2026-10-09T10:00,83
TOS03000513,2026-10-09T10:15,81
TOS03000513,2026-10-09T10:30,80
TOS03000513,2026-10-09T10:45,79
TOS03000513,2026-10-09T11:00,81
TOS03000513,2026-10-09T11:15,80
TOS03000513,2026-10-09T11:30,79
TOS03000513,2026-10-09T11:45,77
TOS03000513,2026-10-09T12:00,75
TOS03000513,2026-10-09T12:15,73
TOS03000513,2026-10-09T12:30,74
TOS03000513,2026-10-09T12:45,72
TOS03000513,2026-10-09T13:00,72
TOS03000513,2026-10-09T13:15,70
TOS03000513,2026-10-09T13:30,70
TOS03000513,2026-10-09T13:45,70
TOS03000513,2026-10-09T14:00,70
TOS03000513,2026-10-09T14:15,70
TOS03000513,2026-10-09T14:30,72
TOS03000513,2026-10-09T14:45,73
TOS03000513,2026-10-09T15:00,72
TOS03000513,2026-10-09T15:15,71
TOS03000513,2026-10-09T15:30,68
TOS03000513,2026-10-09T15:45,68
TOS03000513,2026-10-09T16:00,67
TOS03000513,2026-10-09T16:15,61
TOS03000513,2026-10-09T16:30,64
TOS03000513,2026-10-09T16:45,67
TOS03000513,2026-10-09T17:00,69
TOS03000513,2026-10-09T17:15,69
TOS03000513,2026-10-09T17:30,70
TOS03000513,2026-10-09T17:45,70
TOS03000513,2026-10-09T18:00,72
TOS03000513,2026-10-09T18:15,72
TOS03000513,2026-10-09T18:30,73
TOS03000513,2026-10-09T18:45,74
TOS03000513,2026-10-09T19:00,75
TOS03000513,2026-10-09T19:15,76
TOS03000513,2026-10-09T19:30,78
TOS03000513,2026-10-09T19:45,81
TOS03000513,2026-10-09T20:00,83
TOS03000513,2026-10-09T20:15,85
TOS03000513,2026-10-09T20:30,86
TOS03000513,2026-10-09T20:45,87
TOS03000513,2026-10-09T21:00,87
TOS03000513,2026-10-09T21:15,88
TOS03000513,2026-10-09T21:30,89
TOS03000513,2026-10-09T21:45,90
TOS03000513,2026-10-09T22:00,91
TOS03000513,2026-10-09T22:15,91
TOS03000513,2026-10-09T22:30,91
TOS03000513,2026-10-09T22:45,91
TOS03000513,2026-10-09T23:00,91
TOS03000513,2026-10-09T23:15,92
TOS03000513,2026-10-09T23:30,92
TOS03000513,2026-10-09T23:45,92
TOS03001241,2026-10-09T00:00,98
TOS03001241,2026-10-09T00:15,98
TOS03001241,2026-10-09T00:30,98
TOS03001241,2026-10-09T00:45,98
TOS03001241,2026-10-09T01:00,98
TOS03001241,2026-10-09T01:15,98
TOS03001241,2026-10-09T01:30,98
TOS03001241,2026-10-09T01:45,98
TOS03001241,2026-10-09T02:00,97
TOS03001241,2026-10-09T02:15,98
TOS03001241,2026-10-09T02:30,98
TOS03001241,2026-10-09T02:45,98
TOS03001241,2026-10-09T03:00,98
TOS03001241,2026-10-09T03:15,98
TOS03001241,2026-10-09T03:30,98
TOS03001241,2026-10-09T03:45,98
TOS03001241,2026-10-09T04:00,98
TOS03001241,2026-10-09T04:15,98
TOS03001241,2026-10-09T04:30,98
TOS03001241,2026-10-09T04:45,98
TOS03001241,2026-10-09T05:00,98
TOS03001241,2026-10-09T05:15,98
TOS03001241,2026-10-09T05:30,98
TOS03001241,2026-10-09T05:45,98
TOS03001241,2026-10-09T06:00,98
TOS03001241,2026-10-09T06:15,98
TOS03001241,2026-10-09T06:30,98
TOS03001241,2026-10-09T06:45,97
TOS03001241,2026-10-09T07:00,97
TOS03001241,2026-10-09T07:15,98
TOS03001241,2026-10-09T07:30,98
TOS03001241,2026-10-09T07:45,99
TOS03001241,2026-10-09T08:00,99
TOS03001241,2026-10-09T08:15,98
TOS03001241,2026-10-09T08:30,98
TOS03001241,2026-10-09T08:45,98
TOS03001241,2026-10-09T09:00,98
TOS03001241,2026-10-09T09:15,98
TOS03001241,2026-10-09T09:30,97
TOS03001241,2026-10-09T09:45,94
TOS03001241,2026-10-09T10:00,92
TOS03001241,2026-10-09T10:15,92
TOS03001241,2026-10-09T10:30,91
TOS03001241,2026-10-09T10:45,94
TOS03001241,2026-10-09T11:00,90
TOS03001241,2026-10-09T11:15,85
TOS03001241,2026-10-09T11:30,82
TOS03001241,2026-10-09T11:45,82
TOS03001241,2026-10-09T12:00,84
TOS03001241,2026-10-09T12:15,91
TOS03001241,2026-10-09T12:30,92
TOS03001241,2026-10-09T12:45,93
TOS03001241,2026-10-09T13:00,93
TOS03001241,2026-10-09T13:15,93
TOS03001241,2026-10-09T13:30,91
TOS03001241,2026-10-09T13:45,90
TOS03001241,2026-10-09T14:00,87
TOS03001241,2026-10-09T14:15,87
TOS03001241,2026-10-09T14:30,87
TOS03001241,2026-10-09T14:45,88
TOS03001241,2026-10-09T15:00,84
TOS03001241,2026-10-09T15:15,85
TOS03001241,2026-10-09T15:30,88
TOS03001241,2026-10-09T15:45,90
TOS03001241,2026-10-09T16:00,91
TOS03001241,2026-10-09T16:15,92
TOS03001241,2026-10-09T16:30,93
TOS03001241,2026-10-09T16:45,93
TOS03001241,2026-10-09T17:00,90
TOS03001241,2026-10-09T17:15,89
TOS03001241,2026-10-09T17:30,90
TOS03001241,2026-10-09T17:45,92
TOS03001241,2026-10-09T18:00,93
TOS03001241,2026-10-09T18:15,94
TOS03001241,2026-10-09T18:30,94
TOS03001241,2026-10-09T18:45,95
TOS03001241,2026-10-09T19:00,95
TOS03001241,2026-10-09T19:15,95
TOS03001241,2026-10-09T19:30,95
TOS03001241,2026-10-09T19:45,95
TOS03001241,2026-10-09T20:00,96
TOS03001241,2026-10-09T20:15,95
TOS03001241,2026-10-09T20:30,95
TOS03001241,2026-10-09T20:45,95
TOS03001241,2026-10-09T21:00,95
TOS03001241,2026-10-09T21:15,95
TOS03001241,2026-10-09T21:30,95
TOS03001241,2026-10-09T21:45,95
TOS03001241,2026-10-09T22:00,95
TOS03001241,2026-10-09T22:15,95
TOS03001241,2026-10-09T22:30,95
TOS03001241,2026-10-09T22:45,95
TOS03001241,2026-10-09T23:00,95
TOS03001241,2026-10-09T23:15,95
TOS03001241,2026-10-09T23:30,95
TOS03001241,2026-10-09T23:45,95
TOS03001841,2026-10-09T00:00,96
TOS03001841,2026-10-09T00:15,96
TOS03001841,2026-10-09T00:30,96
TOS03001841,2026-10-09T00:45,96
TOS03001841,2026-10-09T01:00,96
TOS03001841,2026-10-09T01:15,96
TOS03001841,2026-10-09T01:30,96
TOS03001841,2026-10-09T01:45,96
TOS03001841,2026-10-09T02:00,96
TOS03001841,2026-10-09T02:15,96
TOS03001841,2026-10-09T02:30,96
TOS03001841,2026-10-09T02:45,96
TOS03001841,2026-10-09T03:00,95
TOS03001841,2026-10-09T03:15,96
TOS03001841,2026-10-09T03:30,96
TOS03001841,2026-10-09T03:45,96
TOS03001841,2026-10-09T04:00,96
TOS03001841,2026-10-09T04:15,96
TOS03001841,2026-10-09T04:30,95
TOS03001841,2026-10-09T04:45,96
TOS03001841,2026-10-09T05:00,96
TOS03001841,2026-10-09T05:15,95
TOS03001841,2026-10-09T05:30,93
TOS03001841,2026-10-09T05:45,92
TOS03001841,2026-10-09T06:00,91
TOS03001841,2026-10-09T06:15,92
TOS03001841,2026-10-09T06:30,93
TOS03001841,2026-10-09T06:45,94
TOS03001841,2026-10-09T07:00,94
TOS03001841,2026-10-09T07:15,94
TOS03001841,2026-10-09T07:30,95
TOS03001841,2026-10-09T07:45,95
TOS03001841,2026-10-09T08:00,95
TOS03001841,2026-10-09T08:15,95
TOS03001841,2026-10-09T08:30,95
TOS03001841,2026-10-09T08:45,94
TOS03001841,2026-10-09T09:00,94
TOS03001841,2026-10-09T09:15,94
TOS03001841,2026-10-09T09:30,94
TOS03001841,2026-10-09T09:45,94
TOS03001841,2026-10-09T10:00,95
TOS03001841,2026-10-09T10:15,95
TOS03001841,2026-10-09T10:30,94
TOS03001841,2026-10-09T10:45,92
TOS03001841,2026-10-09T11:00,90
TOS03001841,2026-10-09T11:15,92
TOS03001841,2026-10-09T11:30,92
TOS03001841,2026-10-09T11:45,90
TOS03001841,2026-10-09T12:00,89
TOS03001841,2026-10-09T12:15,90
TOS03001841,2026-10-09T12:30,90
TOS03001841,2026-10-09T12:45,89
TOS03001841,2026-10-09T13:00,87
TOS03001841,2026-10-09T13:15,86
TOS03001841,2026-10-09T13:30,84
TOS03001841,2026-10-09T13:45,85
TOS03001841,2026-10-09T14:00,85
TOS03001841,2026-10-09T14:15,87
TOS03001841,2026-10-09T14:30,87
TOS03001841,2026-10-09T14:45,86
TOS03001841,2026-10-09T15:00,85
TOS03001841,2026-10-09T15:15,83
TOS03001841,2026-10-09T15:30,85
TOS03001841,2026-10-09T15:45,83
TOS03001841,2026-10-09T16:00,82
TOS03001841,2026-10-09T16:15,83
TOS03001841,2026-10-09T16:30,86
TOS03001841,2026-10-09T16:45,89
TOS03001841,2026-10-09T17:00,90
TOS03001841,2026-10-09T17:15,88
TOS03001841,2026-10-09T17:30,86
TOS03001841,2026-10-09T17:45,87
TOS03001841,2026-10-09T18:00,88
TOS03001841,2026-10-09T18:15,89
TOS03001841,2026-10-09T18:30,90
TOS03001841,2026-10-09T18:45,91
TOS03001841,2026-10-09T19:00,92
TOS03001841,2026-10-09T19:15,93
TOS03001841,2026-10-09T19:30,93
TOS03001841,2026-10-09T19:45,93
TOS03001841,2026-10-09T20:00,92
TOS03001841,2026-10-09T20:15,92
TOS03001841,2026-10-09T20:30,92
TOS03001841,2026-10-09T20:45,92
TOS03001841,2026-10-09T21:00,92
TOS03001841,2026-10-09T21:15,93
TOS03001841,2026-10-09T21:30,93
TOS03001841,2026-10-09T21:45,91
TOS03001841,2026-10-09T22:00,91
TOS03001841,2026-10-09T22:15,92
TOS03001841,2026-10-09T22:30,91
TOS03001841,2026-10-09T22:45,91
TOS03001841,2026-10-09T23:00,91
TOS03001841,2026-10-09T23:15,90
TOS03001841,2026-10-09T23:30,89
TOS03001841,2026-10-09T23:45,89
TOS03001963,2026-10-09T00:00,87
TOS03001963,2026-10-09T00:15,88
TOS03001963,2026-10-09T00:30,86
TOS03001963,2026-10-09T00:45,85
TOS03001963,2026-10-09T01:00,83
TOS03001963,2026-10-09T01:15,88
TOS03001963,2026-10-09T01:30,90
TOS03001963,2026-10-09T01:45,92
TOS03001963,2026-10-09T02:00,92
TOS03001963,2026-10-09T02:15,93
TOS03001963,2026-10-09T02:30,93
TOS03001963,2026-10-09T02:45,92
TOS03001963,2026-10-09T03:00,93
TOS03001963,2026-10-09T03:15,92
TOS03001963,2026-10-09T03:30,90
TOS03001963,2026-10-09T03:45,89
TOS03001963,2026-10-09T04:00,88
TOS03001963,2026-10-09T04:15,87
TOS03001963,2026-10-09T04:30,90
TOS03001963,2026-10-09T04:45,89
TOS03001963,2026-10-09T05:00,90
TOS03001963,2026-10-09T05:15,89
TOS03001963,2026-10-09T05:30,91
TOS03001963,2026-10-09T05:45,92
TOS03001963,2026-10-09T06:00,93
TOS03001963,2026-10-09T06:15,94
TOS03001963,2026-10-09T06:30,95
TOS03001963,2026-10-09T06:45,92
TOS03001963,2026-10-09T07:00,88
TOS03001963,2026-10-09T07:15,87
TOS03001963,2026-10-09T07:30,91
TOS03001963,2026-10-09T07:45,93
TOS03001963,2026-10-09T08:00,92
TOS03001963,2026-10-09T08:15,89
TOS03001963,2026-10-09T08:30,92
TOS03001963,2026-10-09T08:45,93
TOS03001963,2026-10-09T09:00,94
TOS03001963,2026-10-09T09:15,94
TOS03001963,2026-10-09T09:30,88
TOS03001963,2026-10-09T09:45,88
TOS03001963,2026-10-09T10:00,86
TOS03001963,2026-10-09T10:15,84
TOS03001963,2026-10-09T10:30,80
TOS03001963,2026-10-09T10:45,78
TOS03001963,2026-10-09T11:00,81
TOS03001963,2026-10-09T11:15,83
TOS03001963,2026-10-09T11:30,85
TOS03001963,2026-10-09T11:45,84
TOS03001963,2026-10-09T12:00,83
TOS03001963,2026-10-09T12:15,78
TOS03001963,2026-10-09T12:30,75
TOS03001963,2026-10-09T12:45,74
TOS03001963,2026-10-09T13:00,70
TOS03001963,2026-10-09T13:15,68
TOS03001963,2026-10-09T13:30,69
TOS03001963,2026-10-09T13:45,71
TOS03001963,2026-10-09T14:00,73
TOS03001963,2026-10-09T14:15,80
TOS03001963,2026-10-09T14:30,85
TOS03001963,2026-10-09T14:45,88
TOS03001963,2026-10-09T15:00,87
TOS03001963,2026-10-09T15:15,82
TOS03001963,2026-10-09T15:30,78
TOS03001963,2026-10-09T15:45,79
TOS03001963,2026-10-09T16:00,80
TOS03001963,2026-10-09T16:15,85
TOS03001963,2026-10-09T16:30,86
TOS03001963,2026-10-09T16:45,86
TOS03001963,2026-10-09T17:00,85
TOS03001963,2026-10-09T17:15,86
TOS03001963,2026-10-09T17:30,83
TOS03001963,2026-10-09T17:45,74
TOS03001963,2026-10-09T18:00,73
TOS03001963,2026-10-09T18:15,72
TOS03001963,2026-10-09T18:30,69
TOS03001963,2026-10-09T18:45,72
TOS03001963,2026-10-09T19:00,79
TOS03001963,2026-10-09T19:15,83
TOS03001963,2026-10-09T19:30,82
TOS03001963,2026-10-09T19:45,84
TOS03001963,2026-10-09T20:00,86
TOS03001963,2026-10-09T20:15,87
TOS03001963,2026-10-09T20:30,82
TOS03001963,2026-10-09T20:45,80
TOS03001963,2026-10-09T21:00,79
TOS03001963,2026-10-09T21:15,77
TOS03001963,2026-10-09T21:30,75
TOS03001963,2026-10-09T21:45,70
TOS03001963,2026-10-09T22:00,68
TOS03001963,2026-10-09T22:15,72
TOS03001963,2026-10-09T22:30,74
TOS03001963,2026-10-09T22:45,72
TOS03001963,2026-10-09T23:00,71
TOS03001963,2026-10-09T23:15,71
TOS03001963,2026-10-09T23:30,75
TOS03001963,2026-10-09T23:45,71
TOS11000001,2026-10-09T00:00,80
TOS11000001,2026-10-09T00:15,82
TOS11000001,2026-10-09T00:30,84
TOS11000001,2026-10-09T00:45,84
TOS11000001,2026-10-09T01:00,85
TOS11000001,2026-10-09T01:15,85
TOS11000001,2026-10-09T01:30,85
TOS11000001,2026-10-09T01:45,86
TOS11000001,2026-10-09T02:00,86
TOS11000001,2026-10-09T02:15,87
TOS11000001,2026-10-09T02:30,87
TOS11000001,2026-10-09T02:45,86
TOS11000001,2026-10-09T03:00,87
TOS11000001,2026-10-09T03:15,87
TOS11000001,2026-10-09T03:30,87
TOS11000001,2026-10-09T03:45,87
TOS11000001,2026-10-09T04:00,87
TOS11000001,2026-10-09T04:15,87
TOS11000001,2026-10-09T04:30,88
TOS11000001,2026-10-09T04:45,88
TOS11000001,2026-10-09T05:00,88
TOS11000001,2026-10-09T05:15,88
TOS11000001,2026-10-09T05:30,89
TOS11000001,2026-10-09T05:45,89
TOS11000001,2026-10-09T06:00,89
TOS11000001,2026-10-09T06:15,89
TOS11000001,2026-10-09T06:30,89
TOS11000001,2026-10-09T06:45,89
TOS11000001,2026-10-09T07:00,89
TOS11000001,2026-10-09T07:15,90
TOS11000001,2026-10-09T07:30,90
TOS11000001,2026-10-09T07:45,89
TOS11000001,2026-10-09T08:00,87
TOS11000001,2026-10-09T08:15,83
TOS11000001,2026-10-09T08:30,81
TOS11000001,2026-10-09T08:45,80
TOS11000001,2026-10-09T09:00,80
TOS11000001,2026-10-09T09:15,81
TOS11000001,2026-10-09T09:30,80
TOS11000001,2026-10-09T09:45,79
TOS11000001,2026-10-09T10:00,78
TOS11000001,2026-10-09T10:15,77
TOS11000001,2026-10-09T10:30,76
TOS11000001,2026-10-09T10:45,75
TOS11000001,2026-10-09T11:00,74
TOS11000001,2026-10-09T11:15,75
TOS11000001,2026-10-09T11:30,75
TOS11000001,2026-10-09T11:45,74
TOS11000001,2026-10-09T12:00,72
TOS11000001,2026-10-09T12:15,70
TOS11000001,2026-10-09T12:30,72
TOS11000001,2026-10-09T12:45,70
TOS11000001,2026-10-09T13:00,70
TOS11000001,2026-10-09T13:15,69
TOS11000001,2026-10-09T13:30,68
TOS11000001,2026-10-09T13:45,69
TOS11000001,2026-10-09T14:00,69
TOS11000001,2026-10-09T14:15,70
TOS11000001,2026-10-09T14:30,73
TOS11000001,2026-10-09T14:45,74
TOS11000001,2026-10-09T15:00,76
TOS11000001,2026-10-09T15:15,76
TOS11000001,2026-10-09T15:30,74
TOS11000001,2026-10-09T15:45,73
TOS11000001,2026-10-09T16:00,74
TOS11000001,2026-10-09T16:15,74
TOS11000001,2026-10-09T16:30,75
TOS11000001,2026-10-09T16:45,74
TOS11000001,2026-10-09T17:00,75
TOS11000001,2026-10-09T17:15,76
TOS11000001,2026-10-09T17:30,77
TOS11000001,2026-10-09T17:45,75
TOS11000001,2026-10-09T18:00,74
TOS11000001,2026-10-09T18:15,76
TOS11000001,2026-10-09T18:30,77
TOS11000001,2026-10-09T18:45,77
TOS11000001,2026-10-09T19:00,78
TOS11000001,2026-10-09T19:15,80
TOS11000001,2026-10-09T19:30,82
TOS11000001,2026-10-09T19:45,83
TOS11000001,2026-10-09T20:00,84
TOS11000001,2026-10-09T20:15,84
TOS11000001,2026-10-09T20:30,84
TOS11000001,2026-10-09T20:45,82
TOS11000001,2026-10-09T21:00,82
TOS11000001,2026-10-09T21:15,82
TOS11000001,2026-10-09T21:30,82
TOS11000001,2026-10-09T21:45,82
TOS11000001,2026-10-09T22:00,81
TOS11000001,2026-10-09T22:15,81
TOS11000001,2026-10-09T22:30,81
TOS11000001,2026-10-09T22:45,82
TOS11000001,2026-10-09T23:00,83
TOS11000001,2026-10-09T23:15,82
TOS11000001,2026-10-09T23:30,79
TOS11000001,2026-10-09T23:45,77
TOS11000011,2026-10-09T00:00,78
TOS11000011,2026-10-09T00:15,81
TOS11000011,2026-10-09T00:30,83
TOS11000011,2026-10-09T00:45,85
TOS11000011,2026-10-09T01:00,86
TOS11000011,2026-10-09T01:15,87
TOS11000011,2026-10-09T01:30,87
TOS11000011,2026-10-09T01:45,88
TOS11000011,2026-10-09T02:00,89
TOS11000011,2026-10-09T02:15,89
TOS11000011,2026-10-09T02:30,89
TOS11000011,2026-10-09T02:45,90
TOS11000011,2026-10-09T03:00,90
TOS11000011,2026-10-09T03:15,90
TOS11000011,2026-10-09T03:30,90
TOS11000011,2026-10-09T03:45,90
TOS11000011,2026-10-09T04:00,90
TOS11000011,2026-10-09T04:15,90
TOS11000011,2026-10-09T04:30,90
TOS11000011,2026-10-09T04:45,90
TOS11000011,2026-10-09T05:00,90
TOS11000011,2026-10-09T05:15,90
TOS11000011,2026-10-09T05:30,91
TOS11000011,2026-10-09T05:45,90
TOS11000011,2026-10-09T06:00,90
TOS11000011,2026-10-09T06:15,91
TOS11000011,2026-10-09T06:30,91
TOS11000011,2026-10-09T06:45,91
TOS11000011,2026-10-09T07:00,91
TOS11000011,2026-10-09T07:15,92
TOS11000011,2026-10-09T07:30,92
TOS11000011,2026-10-09T07:45,93
TOS11000011,2026-10-09T08:00,93
TOS11000011,2026-10-09T08:15,93
TOS11000011,2026-10-09T08:30,92
TOS11000011,2026-10-09T08:45,90
TOS11000011,2026-10-09T09:00,85
TOS11000011,2026-10-09T09:15,80
TOS11000011,2026-10-09T09:30,80
TOS11000011,2026-10-09T09:45,81
TOS11000011,2026-10-09T10:00,79
TOS11000011,2026-10-09T10:15,79
TOS11000011,2026-10-09T10:30,77
TOS11000011,2026-10-09T10:45,73
TOS11000011,2026-10-09T11:00,72
TOS11000011,2026-10-09T11:15,70
TOS11000011,2026-10-09T11:30,70
TOS11000011,2026-10-09T11:45,72
TOS11000011,2026-10-09T12:00,73
TOS11000011,2026-10-09T12:15,74
TOS11000011,2026-10-09T12:30,73
TOS11000011,2026-10-09T12:45,72
TOS11000011,2026-10-09T13:00,71
TOS11000011,2026-10-09T13:15,68
TOS11000011,2026-10-09T13:30,65
TOS11000011,2026-10-09T13:45,68
TOS11000011,2026-10-09T14:00,69
TOS11000011,2026-10-09T14:15,71
TOS11000011,2026-10-09T14:30,73
TOS11000011,2026-10-09T14:45,75
TOS11000011,2026-10-09T15:00,75
TOS11000011,2026-10-09T15:15,76
TOS11000011,2026-10-09T15:30,76
TOS11000011,2026-10-09T15:45,77
TOS11000011,2026-10-09T16:00,76
TOS11000011,2026-10-09T16:15,76
TOS11000011,2026-10-09T16:30,76
TOS11000011,2026-10-09T16:45,76
TOS11000011,2026-10-09T17:00,76
TOS11000011,2026-10-09T17:15,77
TOS11000011,2026-10-09T17:30,78
TOS11000011,2026-10-09T17:45,79
TOS11000011,2026-10-09T18:00,81
TOS11000011,2026-10-09T18:15,83
TOS11000011,2026-10-09T18:30,85
TOS11000011,2026-10-09T18:45,85
TOS11000011,2026-10-09T19:00,84
TOS11000011,2026-10-09T19:15,82
TOS11000011,2026-10-09T19:30,85
TOS11000011,2026-10-09T19:45,86
TOS11000011,2026-10-09T20:00,87
TOS11000011,2026-10-09T20:15,87
TOS11000011,2026-10-09T20:30,87
TOS11000011,2026-10-09T20:45,87
TOS11000011,2026-10-09T21:00,88
TOS11000011,2026-10-09T21:15,87
TOS11000011,2026-10-09T21:30,87
TOS11000011,2026-10-09T21:45,86
TOS11000011,2026-10-09T22:00,85
TOS11000011,2026-10-09T22:15,84
TOS11000011,2026-10-09T22:30,83
TOS11000011,2026-10-09T22:45,84
TOS11000011,2026-10-09T23:00,84
TOS11000011,2026-10-09T23:15,83
TOS11000011,2026-10-09T23:30,84
TOS11000011,2026-10-09T23:45,84
TOS11000020,2026-10-09T00:00,98
TOS11000020,2026-10-09T00:15,98
TOS11000020,2026-10-09T00:30,98
TOS11000020,2026-10-09T00:45,98
TOS11000020,2026-10-09T01:00,98
TOS11000020,2026-10-09T01:15,98
TOS11000020,2026-10-09T01:30,98
TOS11000020,2026-10-09T01:45,98
TOS11000020,2026-10-09T02:00,98
TOS11000020,2026-10-09T02:15,98
TOS11000020,2026-10-09T02:30,98
TOS11000020,2026-10-09T02:45,98
TOS11000020,2026-10-09T03:00,98
TOS11000020,2026-10-09T03:15,98
TOS11000020,2026-10-09T03:30,98
TOS11000020,2026-10-09T03:45,98
TOS11000020,2026-10-09T04:00,98
TOS11000020,2026-10-09T04:15,98
TOS11000020,2026-10-09T04:30,98
TOS11000020,2026-10-09T04:45,98
TOS11000020,2026-10-09T05:00,98
TOS11000020,2026-10-09T05:15,98
TOS11000020,2026-10-09T05:30,98
TOS11000020,2026-10-09T05:45,98
TOS11000020,2026-10-09T06:00,98
TOS11000020,2026-10-09T06:15,98
TOS11000020,2026-10-09T06:30,98
TOS11000020,2026-10-09T06:45,98
TOS11000020,2026-10-09T07:00,98
TOS11000020,2026-10-09T07:15,98
TOS11000020,2026-10-09T07:30,98
TOS11000020,2026-10-09T07:45,98
TOS11000020,2026-10-09T08:00,98
TOS11000020,2026-10-09T08:15,98
TOS11000020,2026-10-09T08:30,98
TOS11000020,2026-10-09T08:45,98
TOS11000020,2026-10-09T09:00,98
TOS11000020,2026-10-09T09:15,98
TOS11000020,2026-10-09T09:30,98
TOS11000020,2026-10-09T09:45,98
TOS11000020,2026-10-09T10:00,98
TOS11000020,2026-10-09T10:15,98
TOS11000020,2026-10-09T10:30,98
TOS11000020,2026-10-09T10:45,98
TOS11000020,2026-10-09T11:00,97
TOS11000020,2026-10-09T11:15,97
TOS11000020,2026-10-09T11:30,97
TOS11000020,2026-10-09T11:45,97
TOS11000020,2026-10-09T12:00,97
TOS11000020,2026-10-09T12:15,97
TOS11000020,2026-10-09T12:30,97
TOS11000020,2026-10-09T12:45,97
TOS11000020,2026-10-09T13:00,94
TOS11000020,2026-10-09T13:15,90
TOS11000020,2026-10-09T13:30,88
TOS11000020,2026-10-09T13:45,88
TOS11000020,2026-10-09T14:00,89
TOS11000020,2026-10-09T14:15,91
TOS11000020,2026-10-09T14:30,92
TOS11000020,2026-10-09T14:45,93
TOS11000020,2026-10-09T15:00,90
TOS11000020,2026-10-09T15:15,85
TOS11000020,2026-10-09T15:30,86
TOS11000020,2026-10-09T15:45,82
TOS11000020,2026-10-09T16:00,82
TOS11000020,2026-10-09T16:15,83
TOS11000020,2026-10-09T16:30,83
TOS11000020,2026-10-09T16:45,84
TOS11000020,2026-10-09T17:00,87
TOS11000020,2026-10-09T17:15,90
TOS11000020,2026-10-09T17:30,90
TOS11000020,2026-10-09T17:45,90
TOS11000020,2026-10-09T18:00,91
TOS11000020,2026-10-09T18:15,93
TOS11000020,2026-10-09T18:30,94
TOS11000020,2026-10-09T18:45,94
TOS11000020,2026-10-09T19:00,94
TOS11000020,2026-10-09T19:15,93
TOS11000020,2026-10-09T19:30,92
TOS11000020,2026-10-09T19:45,90
TOS11000020,2026-10-09T20:00,90
TOS11000020,2026-10-09T20:15,90
TOS11000020,2026-10-09T20:30,91
TOS11000020,2026-10-09T20:45,91
TOS11000020,2026-10-09T21:00,90
TOS11000020,2026-10-09T21:15,89
TOS11000020,2026-10-09T21:30,88
TOS11000020,2026-10-09T21:45,88
TOS11000020,2026-10-09T22:00,88
TOS11000020,2026-10-09T22:15,87
TOS11000020,2026-10-09T22:30,87
TOS11000020,2026-10-09T22:45,87
TOS11000020,2026-10-09T23:00,86
TOS11000020,2026-10-09T23:15,85
TOS11000020,2026-10-09T23:30,85
TOS11000020,2026-10-09T23:45,85
TOS11000027,2026-10-09T00:00,76
TOS11000027,2026-10-09T00:15,74
TOS11000027,2026-10-09T00:30,75
TOS11000027,2026-10-09T00:45,77
TOS11000027,2026-10-09T01:00,77
TOS11000027,2026-10-09T01:15,79
TOS11000027,2026-10-09T01:30,77
TOS11000027,2026-10-09T01:45,76
TOS11000027,2026-10-09T02:00,77
TOS11000027,2026-10-09T02:15,79
TOS11000027,2026-10-09T02:30,78
TOS11000027,2026-10-09T02:45,78
TOS11000027,2026-10-09T03:00,80
TOS11000027,2026-10-09T03:15,82
TOS11000027,2026-10-09T03:30,85
TOS11000027,2026-10-09T03:45,83
TOS11000027,2026-10-09T04:00,82
TOS11000027,2026-10-09T04:15,82
TOS11000027,2026-10-09T04:30,82
TOS11000027,2026-10-09T04:45,83
TOS11000027,2026-10-09T05:00,81
TOS11000027,2026-10-09T05:15,80
TOS11000027,2026-10-09T05:30,79
TOS11000027,2026-10-09T05:45,79
TOS11000027,2026-10-09T06:00,77
TOS11000027,2026-10-09T06:15,77
TOS11000027,2026-10-09T06:30,78
TOS11000027,2026-10-09T06:45,79
TOS11000027,2026-10-09T07:00,81
TOS11000027,2026-10-09T07:15,84
TOS11000027,2026-10-09T07:30,84
TOS11000027,2026-10-09T07:45,80
TOS11000027,2026-10-09T08:00,82
TOS11000027,2026-10-09T08:15,82
TOS11000027,2026-10-09T08:30,85
TOS11000027,2026-10-09T08:45,85
TOS11000027,2026-10-09T09:00,83
TOS11000027,2026-10-09T09:15,81
TOS11000027,2026-10-09T09:30,76
TOS11000027,2026-10-09T09:45,77
TOS11000027,2026-10-09T10:00,76
TOS11000027,2026-10-09T10:15,77
TOS11000027,2026-10-09T10:30,76
TOS11000027,2026-10-09T10:45,78
TOS11000027,2026-10-09T11:00,76
TOS11000027,2026-10-09T11:15,72
TOS11000027,2026-10-09T11:30,70
TOS11000027,2026-10-09T11:45,72
TOS11000027,2026-10-09T12:00,75
TOS11000027,2026-10-09T12:15,76
TOS11000027,2026-10-09T12:30,78
TOS11000027,2026-10-09T12:45,76
TOS11000027,2026-10-09T13:00,77
TOS11000027,2026-10-09T13:15,81
TOS11000027,2026-10-09T13:30,85
TOS11000027,2026-10-09T13:45,89
TOS11000027,2026-10-09T14:00,91
TOS11000027,2026-10-09T14:15,91
TOS11000027,2026-10-09T14:30,89
TOS11000027,2026-10-09T14:45,87
TOS11000027,2026-10-09T15:00,84
TOS11000027,2026-10-09T15:15,83
TOS11000027,2026-10-09T15:30,82
TOS11000027,2026-10-09T15:45,86
TOS11000027,2026-10-09T16:00,88
TOS11000027,2026-10-09T16:15,90
TOS11000027,2026-10-09T16:30,89
TOS11000027,2026-10-09T16:45,86
TOS11000027,2026-10-09T17:00,86
TOS11000027,2026-10-09T17:15,88
TOS11000027,2026-10-09T17:30,88
TOS11000027,2026-10-09T17:45,89
TOS11000027,2026-10-09T18:00,89
TOS11000027,2026-10-09T18:15,87
TOS11000027,2026-10-09T18:30,83
TOS11000027,2026-10-09T18:45,87
TOS11000027,2026-10-09T19:00,87
TOS11000027,2026-10-09T19:15,84
TOS11000027,2026-10-09T19:30,83
TOS11000027,2026-10-09T19:45,86
TOS11000027,2026-10-09T20:00,87
TOS11000027,2026-10-09T20:15,85
TOS11000027,2026-10-09T20:30,85
TOS11000027,2026-10-09T20:45,84
TOS11000027,2026-10-09T21:00,85
TOS11000027,2026-10-09T21:15,84
TOS11000027,2026-10-09T21:30,83
TOS11000027,2026-10-09T21:45,84
TOS11000027,2026-10-09T22:00,84
TOS11000027,2026-10-09T22:15,81
TOS11000027,2026-10-09T22:30,78
TOS11000027,2026-10-09T22:45,78
TOS11000027,2026-10-09T23:00,79
TOS11000027,2026-10-09T23:15,79
TOS11000027,2026-10-09T23:30,79
TOS11000027,2026-10-09T23:45,80
TOS11000029,2026-10-09T00:00,100
TOS11000029,2026-10-09T00:15,100
TOS11000029,2026-10-09T00:30,100
TOS11000029,2026-10-09T00:45,100
TOS11000029,2026-10-09T01:00,100
TOS11000029,2026-10-09T01:15,100
TOS11000029,2026-10-09T01:30,100
TOS11000029,2026-10-09T01:45,100
TOS11000029,2026-10-09T02:00,100
TOS11000029,2026-10-09T02:15,100
TOS11000029,2026-10-09T02:30,100
TOS11000029,2026-10-09T02:45,100
TOS11000029,2026-10-09T03:00,100
TOS11000029,2026-10-09T03:15,100
TOS11000029,2026-10-09T03:30,100
TOS11000029,2026-10-09T03:45,100
TOS11000029,2026-10-09T04:00,100
TOS11000029,2026-10-09T04:15,100
TOS11000029,2026-10-09T04:30,100
TOS11000029,2026-10-09T04:45,100
TOS11000029,2026-10-09T05:00,100
TOS11000029,2026-10-09T05:15,100
TOS11000029,2026-10-09T05:30,100
TOS11000029,2026-10-09T05:45,100
TOS11000029,2026-10-09T06:00,100
TOS11000029,2026-10-09T06:15,100
TOS11000029,2026-10-09T06:30,100
TOS11000029,2026-10-09T06:45,100
TOS11000029,2026-10-09T07:00,100
TOS11000029,2026-10-09T07:15,100
TOS11000029,2026-10-09T07:30,100
TOS11000029,2026-10-09T07:45,100
TOS11000029,2026-10-09T08:00,100
TOS11000029,2026-10-09T08:15,100
TOS11000029,2026-10-09T08:30,100
TOS11000029,2026-10-09T08:45,100
TOS11000029,2026-10-09T09:00,100
TOS11000029,2026-10-09T09:15,100
TOS11000029,2026-10-09T09:30,100
TOS11000029,2026-10-09T09:45,100
TOS11000029,2026-10-09T10:00,99
TOS11000029,2026-10-09T10:15,97
TOS11000029,2026-10-09T10:30,97
TOS11000029,2026-10-09T10:45,100
TOS11000029,2026-10-09T11:00,100
TOS11000029,2026-10-09T11:15,98
TOS11000029,2026-10-09T11:30,99
TOS11000029,2026-10-09T11:45,100
TOS11000029,2026-10-09T12:00,99
TOS11000029,2026-10-09T12:15,100
TOS11000029,2026-10-09T12:30,100
TOS11000029,2026-10-09T12:45,100
TOS11000029,2026-10-09T13:00,100
TOS11000029,2026-10-09T13:15,100
TOS11000029,2026-10-09T13:30,100
TOS11000029,2026-10-09T13:45,100
TOS11000029,2026-10-09T14:00,100
TOS11000029,2026-10-09T14:15,100
TOS11000029,2026-10-09T14:30,100
TOS11000029,2026-10-09T14:45,100
TOS11000029,2026-10-09T15:00,100
TOS11000029,2026-10-09T15:15,100
TOS11000029,2026-10-09T15:30,100
TOS11000029,2026-10-09T15:45,99
TOS11000029,2026-10-09T16:00,97
TOS11000029,2026-10-09T16:15,96
TOS11000029,2026-10-09T16:30,94
TOS11000029,2026-10-09T16:45,96
TOS11000029,2026-10-09T17:00,96
TOS11000029,2026-10-09T17:15,94
TOS11000029,2026-10-09T17:30,95
TOS11000029,2026-10-09T17:45,97
TOS11000029,2026-10-09T18:00,96
TOS11000029,2026-10-09T18:15,92
TOS11000029,2026-10-09T18:30,88
TOS11000029,2026-10-09T18:45,86
TOS11000029,2026-10-09T19:00,89
TOS11000029,2026-10-09T19:15,92
TOS11000029,2026-10-09T19:30,94
TOS11000029,2026-10-09T19:45,96
TOS11000029,2026-10-09T20:00,96
TOS11000029,2026-10-09T20:15,97
TOS11000029,2026-10-09T20:30,98
TOS11000029,2026-10-09T20:45,97
TOS11000029,2026-10-09T21:00,94
TOS11000029,2026-10-09T21:15,94
TOS11000029,2026-10-09T21:30,95
TOS11000029,2026-10-09T21:45,98
TOS11000029,2026-10-09T22:00,99
TOS11000029,2026-10-09T22:15,99
TOS11000029,2026-10-09T22:30,100
TOS11000029,2026-10-09T22:45,100
TOS11000029,2026-10-09T23:00,100
TOS11000029,2026-10-09T23:15,100
TOS11000029,2026-10-09T23:30,100
TOS11000029,2026-10-09T23:45,100
TOS11000031,2026-10-09T00:00,94
TOS11000031,2026-10-09T00:15,94
TOS11000031,2026-10-09T00:30,93
TOS11000031,2026-10-09T00:45,94
TOS11000031,2026-10-09T01:00,94
TOS11000031,2026-10-09T01:15,93
TOS11000031,2026-10-09T01:30,94
TOS11000031,2026-10-09T01:45,94
TOS11000031,2026-10-09T02:00,95
TOS11000031,2026-10-09T02:15,95
TOS11000031,2026-10-09T02:30,95
TOS11000031,2026-10-09T02:45,95
TOS11000031,2026-10-09T03:00,95
TOS11000031,2026-10-09T03:15,95
TOS11000031,2026-10-09T03:30,95
TOS11000031,2026-10-09T03:45,95
TOS11000031,2026-10-09T04:00,95
TOS11000031,2026-10-09T04:15,95
TOS11000031,2026-10-09T04:30,95
TOS11000031,2026-10-09T04:45,95
TOS11000031,2026-10-09T05:00,95
TOS11000031,2026-10-09T05:15,95
TOS11000031,2026-10-09T05:30,95
TOS11000031,2026-10-09T05:45,95
TOS11000031,2026-10-09T06:00,95
TOS11000031,2026-10-09T06:15,95
TOS11000031,2026-10-09T06:30,95
TOS11000031,2026-10-09T06:45,95
TOS11000031,2026-10-09T07:00,95
TOS11000031,2026-10-09T07:15,96
TOS11000031,2026-10-09T07:30,96
TOS11000031,2026-10-09T07:45,96
TOS11000031,2026-10-09T08:00,95
TOS11000031,2026-10-09T08:15,93
TOS11000031,2026-10-09T08:30,92
TOS11000031,2026-10-09T08:45,91
TOS11000031,2026-10-09T09:00,88
TOS11000031,2026-10-09T09:15,88
TOS11000031,2026-10-09T09:30,86
TOS11000031,2026-10-09T09:45,86
TOS11000031,2026-10-09T10:00,86
TOS11000031,2026-10-09T10:15,86
TOS11000031,2026-10-09T10:30,85
TOS11000031,2026-10-09T10:45,85
TOS11000031,2026-10-09T11:00,84
TOS11000031,2026-10-09T11:15,82
TOS11000031,2026-10-09T11:30,81
TOS11000031,2026-10-09T11:45,78
TOS11000031,2026-10-09T12:00,78
TOS11000031,2026-10-09T12:15,79
TOS11000031,2026-10-09T12:30,79
TOS11000031,2026-10-09T12:45,77
TOS11000031,2026-10-09T13:00,73
TOS11000031,2026-10-09T13:15,71
TOS11000031,2026-10-09T13:30,70
TOS11000031,2026-10-09T13:45,70
TOS11000031,2026-10-09T14:00,69
TOS11000031,2026-10-09T14:15,69
TOS11000031,2026-10-09T14:30,71
TOS11000031,2026-10-09T14:45,71
TOS11000031,2026-10-09T15:00,69
TOS11000031,2026-10-09T15:15,67
TOS11000031,2026-10-09T15:30,66
TOS11000031,2026-10-09T15:45,64
TOS11000031,2026-10-09T16:00,64
TOS11000031,2026-10-09T16:15,72
TOS11000031,2026-10-09T16:30,77
TOS11000031,2026-10-09T16:45,76
TOS11000031,2026-10-09T17:00,74
TOS11000031,2026-10-09T17:15,71
TOS11000031,2026-10-09T17:30,72
TOS11000031,2026-10-09T17:45,75
TOS11000031,2026-10-09T18:00,78
TOS11000031,2026-10-09T18:15,80
TOS11000031,2026-10-09T18:30,82
TOS11000031,2026-10-09T18:45,83
TOS11000031,2026-10-09T19:00,84
TOS11000031,2026-10-09T19:15,83
TOS11000031,2026-10-09T19:30,83
TOS11000031,2026-10-09T19:45,83
TOS11000031,2026-10-09T20:00,84
TOS11000031,2026-10-09T20:15,85
TOS11000031,2026-10-09T20:30,86
TOS11000031,2026-10-09T20:45,86
TOS11000031,2026-10-09T21:00,87
TOS11000031,2026-10-09T21:15,87
TOS11000031,2026-10-09T21:30,88
TOS11000031,2026-10-09T21:45,88
TOS11000031,2026-10-09T22:00,88
TOS11000031,2026-10-09T22:15,86
TOS11000031,2026-10-09T22:30,86
TOS11000031,2026-10-09T22:45,83
TOS11000031,2026-10-09T23:00,82
TOS11000031,2026-10-09T23:15,82
TOS11000031,2026-10-09T23:30,83
TOS11000031,2026-10-09T23:45,82
TOS11000032,2026-10-09T00:00,78
TOS11000032,2026-10-09T00:15,82
TOS11000032,2026-10-09T00:30,82
TOS11000032,2026-10-09T00:45,78
TOS11000032,2026-10-09T01:00,76
TOS11000032,2026-10-09T01:15,76
TOS11000032,2026-10-09T01:30,82
TOS11000032,2026-10-09T01:45,87
TOS11000032,2026-10-09T02:00,88
TOS11000032,2026-10-09T02:15,88
TOS11000032,2026-10-09T02:30,89
TOS11000032,2026-10-09T02:45,90
TOS11000032,2026-10-09T03:00,89
TOS11000032,2026-10-09T03:15,89
TOS11000032,2026-10-09T03:30,89
TOS11000032,2026-10-09T03:45,89
TOS11000032,2026-10-09T04:00,88
TOS11000032,2026-10-09T04:15,89
TOS11000032,2026-10-09T04:30,89
TOS11000032,2026-10-09T04:45,87
TOS11000032,2026-10-09T05:00,88
TOS11000032,2026-10-09T05:15,87
TOS11000032,2026-10-09T05:30,88
TOS11000032,2026-10-09T05:45,87
TOS11000032,2026-10-09T06:00,89
TOS11000032,2026-10-09T06:15,87
TOS11000032,2026-10-09T06:30,87
TOS11000032,2026-10-09T06:45,88
TOS11000032,2026-10-09T07:00,89
TOS11000032,2026-10-09T07:15,88
TOS11000032,2026-10-09T07:30,85
TOS11000032,2026-10-09T07:45,84
TOS11000032,2026-10-09T08:00,84
TOS11000032,2026-10-09T08:15,85
TOS11000032,2026-10-09T08:30,86
TOS11000032,2026-10-09T08:45,85
TOS11000032,2026-10-09T09:00,86
TOS11000032,2026-10-09T09:15,85
TOS11000032,2026-10-09T09:30,86
TOS11000032,2026-10-09T09:45,87
TOS11000032,2026-10-09T10:00,87
TOS11000032,2026-10-09T10:15,87
TOS11000032,2026-10-09T10:30,87
TOS11000032,2026-10-09T10:45,86
TOS11000032,2026-10-09T11:00,87
TOS11000032,2026-10-09T11:15,87
TOS11000032,2026-10-09T11:30,86
TOS11000032,2026-10-09T11:45,85
TOS11000032,2026-10-09T12:00,84
TOS11000032,2026-10-09T12:15,82
TOS11000032,2026-10-09T12:30,82
TOS11000032,2026-10-09T12:45,82
TOS11000032,2026-10-09T13:00,78
TOS11000032,2026-10-09T13:15,74
TOS11000032,2026-10-09T13:30,73
TOS11000032,2026-10-09T13:45,74
TOS11000032,2026-10-09T14:00,73
TOS11000032,2026-10-09T14:15,73
TOS11000032,2026-10-09T14:30,73
TOS11000032,2026-10-09T14:45,74
TOS11000032,2026-10-09T15:00,72
TOS11000032,2026-10-09T15:15,71
TOS11000032,2026-10-09T15:30,71
TOS11000032,2026-10-09T15:45,66
TOS11000032,2026-10-09T16:00,64
TOS11000032,2026-10-09T16:15,69
TOS11000032,2026-10-09T16:30,74
TOS11000032,2026-10-09T16:45,76
TOS11000032,2026-10-09T17:00,77
TOS11000032,2026-10-09T17:15,76
TOS11000032,2026-10-09T17:30,74
TOS11000032,2026-10-09T17:45,77
TOS11000032,2026-10-09T18:00,77
TOS11000032,2026-10-09T18:15,76
TOS11000032,2026-10-09T18:30,77
TOS11000032,2026-10-09T18:45,79
TOS11000032,2026-10-09T19:00,81
TOS11000032,2026-10-09T19:15,81
TOS11000032,2026-10-09T19:30,79
TOS11000032,2026-10-09T19:45,78
TOS11000032,2026-10-09T20:00,81
TOS11000032,2026-10-09T20:15,82
TOS11000032,2026-10-09T20:30,83
TOS11000032,2026-10-09T20:45,82
TOS11000032,2026-10-09T21:00,82
TOS11000032,2026-10-09T21:15,81
TOS11000032,2026-10-09T21:30,78
TOS11000032,2026-10-09T21:45,77
TOS11000032,2026-10-09T22:00,77
TOS11000032,2026-10-09T22:15,79
TOS11000032,2026-10-09T22:30,79
TOS11000032,2026-10-09T22:45,79
TOS11000032,2026-10-09T23:00,80
TOS11000032,2026-10-09T23:15,80
TOS11000032,2026-10-09T23:30,80
TOS11000032,2026-10-09T23:45,80
TOS11000033,2026-10-09T00:00,94
TOS11000033,2026-10-09T00:15,94
TOS11000033,2026-10-09T00:30,95
TOS11000033,2026-10-09T00:45,95
TOS11000033,2026-10-09T01:00,95
TOS11000033,2026-10-09T01:15,95
TOS11000033,2026-10-09T01:30,95
TOS11000033,2026-10-09T01:45,95
TOS11000033,2026-10-09T02:00,95
TOS11000033,2026-10-09T02:15,95
TOS11000033,2026-10-09T02:30,95
TOS11000033,2026-10-09T02:45,95
TOS11000033,2026-10-09T03:00,95
TOS11000033,2026-10-09T03:15,95
TOS11000033,2026-10-09T03:30,95
TOS11000033,2026-10-09T03:45,95
TOS11000033,2026-10-09T04:00,95
TOS11000033,2026-10-09T04:15,95
TOS11000033,2026-10-09T04:30,95
TOS11000033,2026-10-09T04:45,96
TOS11000033,2026-10-09T05:00,96
TOS11000033,2026-10-09T05:15,97
TOS11000033,2026-10-09T05:30,97
TOS11000033,2026-10-09T05:45,97
TOS11000033,2026-10-09T06:00,97
TOS11000033,2026-10-09T06:15,97
TOS11000033,2026-10-09T06:30,97
TOS11000033,2026-10-09T06:45,97
TOS11000033,2026-10-09T07:00,98
TOS11000033,2026-10-09T07:15,98
TOS11000033,2026-10-09T07:30,97
TOS11000033,2026-10-09T07:45,97
TOS11000033,2026-10-09T08:00,94
TOS11000033,2026-10-09T08:15,91
TOS11000033,2026-10-09T08:30,90
TOS11000033,2026-10-09T08:45,91
TOS11000033,2026-10-09T09:00,90
TOS11000033,2026-10-09T09:15,89
TOS11000033,2026-10-09T09:30,89
TOS11000033,2026-10-09T09:45,87
TOS11000033,2026-10-09T10:00,88
TOS11000033,2026-10-09T10:15,86
TOS11000033,2026-10-09T10:30,86
TOS11000033,2026-10-09T10:45,84
TOS11000033,2026-10-09T11:00,83
TOS11000033,2026-10-09T11:15,82
TOS11000033,2026-10-09T11:30,81
TOS11000033,2026-10-09T11:45,81
TOS11000033,2026-10-09T12:00,81
TOS11000033,2026-10-09T12:15,79
TOS11000033,2026-10-09T12:30,75
TOS11000033,2026-10-09T12:45,72
TOS11000033,2026-10-09T13:00,71
TOS11000033,2026-10-09T13:15,73
TOS11000033,2026-10-09T13:30,73
TOS11000033,2026-10-09T13:45,73
TOS11000033,2026-10-09T14:00,74
TOS11000033,2026-10-09T14:15,73
TOS11000033,2026-10-09T14:30,74
TOS11000033,2026-10-09T14:45,75
TOS11000033,2026-10-09T15:00,73
TOS11000033,2026-10-09T15:15,70
TOS11000033,2026-10-09T15:30,68
TOS11000033,2026-10-09T15:45,67
TOS11000033,2026-10-09T16:00,67
TOS11000033,2026-10-09T16:15,65
TOS11000033,2026-10-09T16:30,72
TOS11000033,2026-10-09T16:45,80
TOS11000033,2026-10-09T17:00,82
TOS11000033,2026-10-09T17:15,85
TOS11000033,2026-10-09T17:30,86
TOS11000033,2026-10-09T17:45,87
TOS11000033,2026-10-09T18:00,87
TOS11000033,2026-10-09T18:15,88
TOS11000033,2026-10-09T18:30,88
TOS11000033,2026-10-09T18:45,89
TOS11000033,2026-10-09T19:00,90
TOS11000033,2026-10-09T19:15,91
TOS11000033,2026-10-09T19:30,91
TOS11000033,2026-10-09T19:45,91
TOS11000033,2026-10-09T20:00,90
TOS11000033,2026-10-09T20:15,90
TOS11000033,2026-10-09T20:30,90
TOS11000033,2026-10-09T20:45,90
TOS11000033,2026-10-09T21:00,91
TOS11000033,2026-10-09T21:15,91
TOS11000033,2026-10-09T21:30,92
TOS11000033,2026-10-09T21:45,92
TOS11000033,2026-10-09T22:00,92
TOS11000033,2026-10-09T22:15,93
TOS11000033,2026-10-09T22:30,93
TOS11000033,2026-10-09T22:45,93
TOS11000033,2026-10-09T23:00,93
TOS11000033,2026-10-09T23:15,93
TOS11000033,2026-10-09T23:30,94
TOS11000033,2026-10-09T23:45,94
TOS11000034,2026-10-09T00:00,94
TOS11000034,2026-10-09T00:15,94
TOS11000034,2026-10-09T00:30,94
TOS11000034,2026-10-09T00:45,95
TOS11000034,2026-10-09T01:00,95
TOS11000034,2026-10-09T01:15,95
TOS11000034,2026-10-09T01:30,95
TOS11000034,2026-10-09T01:45,95
TOS11000034,2026-10-09T02:00,95
TOS11000034,2026-10-09T02:15,95
TOS11000034,2026-10-09T02:30,95
TOS11000034,2026-10-09T02:45,95
TOS11000034,2026-10-09T03:00,95
TOS11000034,2026-10-09T03:15,94
TOS11000034,2026-10-09T03:30,94
TOS11000034,2026-10-09T03:45,95
TOS11000034,2026-10-09T04:00,95
TOS11000034,2026-10-09T04:15,95
TOS11000034,2026-10-09T04:30,95
TOS11000034,2026-10-09T04:45,95
TOS11000034,2026-10-09T05:00,95
TOS11000034,2026-10-09T05:15,95
TOS11000034,2026-10-09T05:30,95
TOS11000034,2026-10-09T05:45,95
TOS11000034,2026-10-09T06:00,95
TOS11000034,2026-10-09T06:15,95
TOS11000034,2026-10-09T06:30,95
TOS11000034,2026-10-09T06:45,95
TOS11000034,2026-10-09T07:00,95
TOS11000034,2026-10-09T07:15,95
TOS11000034,2026-10-09T07:30,95
TOS11000034,2026-10-09T07:45,95
TOS11000034,2026-10-09T08:00,95
TOS11000034,2026-10-09T08:15,94
TOS11000034,2026-10-09T08:30,90
TOS11000034,2026-10-09T08:45,87
TOS11000034,2026-10-09T09:00,85
TOS11000034,2026-10-09T09:15,86
TOS11000034,2026-10-09T09:30,83
TOS11000034,2026-10-09T09:45,83
TOS11000034,2026-10-09T10:00,79
TOS11000034,2026-10-09T10:15,76
TOS11000034,2026-10-09T10:30,74
TOS11000034,2026-10-09T10:45,74
TOS11000034,2026-10-09T11:00,82
TOS11000034,2026-10-09T11:15,83
TOS11000034,2026-10-09T11:30,82
TOS11000034,2026-10-09T11:45,80
TOS11000034,2026-10-09T12:00,79
TOS11000034,2026-10-09T12:15,77
TOS11000034,2026-10-09T12:30,79
TOS11000034,2026-10-09T12:45,79
TOS11000034,2026-10-09T13:00,80
TOS11000034,2026-10-09T13:15,78
TOS11000034,2026-10-09T13:30,78
TOS11000034,2026-10-09T13:45,83
TOS11000034,2026-10-09T14:00,87
TOS11000034,2026-10-09T14:15,85
TOS11000034,2026-10-09T14:30,83
TOS11000034,2026-10-09T14:45,83
TOS11000034,2026-10-09T15:00,82
TOS11000034,2026-10-09T15:15,82
TOS11000034,2026-10-09T15:30,81
TOS11000034,2026-10-09T15:45,82
TOS11000034,2026-10-09T16:00,83
TOS11000034,2026-10-09T16:15,81
TOS11000034,2026-10-09T16:30,80
TOS11000034,2026-10-09T16:45,82
TOS11000034,2026-10-09T17:00,82
TOS11000034,2026-10-09T17:15,82
TOS11000034,2026-10-09T17:30,83
TOS11000034,2026-10-09T17:45,84
TOS11000034,2026-10-09T18:00,86
TOS11000034,2026-10-09T18:15,87
TOS11000034,2026-10-09T18:30,87
TOS11000034,2026-10-09T18:45,86
TOS11000034,2026-10-09T19:00,86
TOS11000034,2026-10-09T19:15,86
TOS11000034,2026-10-09T19:30,85
TOS11000034,2026-10-09T19:45,85
TOS11000034,2026-10-09T20:00,85
TOS11000034,2026-10-09T20:15,84
TOS11000034,2026-10-09T20:30,85
TOS11000034,2026-10-09T20:45,85
TOS11000034,2026-10-09T21:00,86
TOS11000034,2026-10-09T21:15,86
TOS11000034,2026-10-09T21:30,86
TOS11000034,2026-10-09T21:45,85
TOS11000034,2026-10-09T22:00,86
TOS11000034,2026-10-09T22:15,85
TOS11000034,2026-10-09T22:30,86
TOS11000034,2026-10-09T22:45,86
TOS11000034,2026-10-09T23:00,86
TOS11000034,2026-10-09T23:15,86
TOS11000034,2026-10-09T23:30,88
TOS11000034,2026-10-09T23:45,88
TOS11000036,2026-10-09T00:00,89
TOS11000036,2026-10-09T00:15,90
TOS11000036,2026-10-09T00:30,92
TOS11000036,2026-10-09T00:45,93
TOS11000036,2026-10-09T01:00,93
TOS11000036,2026-10-09T01:15,93
TOS11000036,2026-10-09T01:30,94
TOS11000036,2026-10-09T01:45,94
TOS11000036,2026-10-09T02:00,94
TOS11000036,2026-10-09T02:15,95
TOS11000036,2026-10-09T02:30,95
TOS11000036,2026-10-09T02:45,95
TOS11000036,2026-10-09T03:00,95
TOS11000036,2026-10-09T03:15,95
TOS11000036,2026-10-09T03:30,95
TOS11000036,2026-10-09T03:45,95
TOS11000036,2026-10-09T04:00,95
TOS11000036,2026-10-09T04:15,95
TOS11000036,2026-10-09T04:30,95
TOS11000036,2026-10-09T04:45,95
TOS11000036,2026-10-09T05:00,95
TOS11000036,2026-10-09T05:15,95
TOS11000036,2026-10-09T05:30,95
TOS11000036,2026-10-09T05:45,95
TOS11000036,2026-10-09T06:00,95
TOS11000036,2026-10-09T06:15,95
TOS11000036,2026-10-09T06:30,96
TOS11000036,2026-10-09T06:45,96
TOS11000036,2026-10-09T07:00,96
TOS11000036,2026-10-09T07:15,96
TOS11000036,2026-10-09T07:30,96
TOS11000036,2026-10-09T07:45,97
TOS11000036,2026-10-09T08:00,97
TOS11000036,2026-10-09T08:15,97
TOS11000036,2026-10-09T08:30,97
TOS11000036,2026-10-09T08:45,97
TOS11000036,2026-10-09T09:00,97
TOS11000036,2026-10-09T09:15,97
TOS11000036,2026-10-09T09:30,97
TOS11000036,2026-10-09T09:45,96
TOS11000036,2026-10-09T10:00,94
TOS11000036,2026-10-09T10:15,91
TOS11000036,2026-10-09T10:30,86
TOS11000036,2026-10-09T10:45,83
TOS11000036,2026-10-09T11:00,83
TOS11000036,2026-10-09T11:15,83
TOS11000036,2026-10-09T11:30,84
TOS11000036,2026-10-09T11:45,80
TOS11000036,2026-10-09T12:00,79
TOS11000036,2026-10-09T12:15,77
TOS11000036,2026-10-09T12:30,77
TOS11000036,2026-10-09T12:45,76
TOS11000036,2026-10-09T13:00,76
TOS11000036,2026-10-09T13:15,74
TOS11000036,2026-10-09T13:30,75
TOS11000036,2026-10-09T13:45,76
TOS11000036,2026-10-09T14:00,78
TOS11000036,2026-10-09T14:15,81
TOS11000036,2026-10-09T14:30,85
TOS11000036,2026-10-09T14:45,84
TOS11000036,2026-10-09T15:00,82
TOS11000036,2026-10-09T15:15,81
TOS11000036,2026-10-09T15:30,81
TOS11000036,2026-10-09T15:45,80
TOS11000036,2026-10-09T16:00,79
TOS11000036,2026-10-09T16:15,80
TOS11000036,2026-10-09T16:30,80
TOS11000036,2026-10-09T16:45,80
TOS11000036,2026-10-09T17:00,83
TOS11000036,2026-10-09T17:15,85
TOS11000036,2026-10-09T17:30,87
TOS11000036,2026-10-09T17:45,78
TOS11000036,2026-10-09T18:00,74
TOS11000036,2026-10-09T18:15,80
TOS11000036,2026-10-09T18:30,82
TOS11000036,2026-10-09T18:45,86
TOS11000036,2026-10-09T19:00,88
TOS11000036,2026-10-09T19:15,85
TOS11000036,2026-10-09T19:30,85
TOS11000036,2026-10-09T19:45,85
TOS11000036,2026-10-09T20:00,86
TOS11000036,2026-10-09T20:15,88
TOS11000036,2026-10-09T20:30,90
TOS11000036,2026-10-09T20:45,91
TOS11000036,2026-10-09T21:00,92
TOS11000036,2026-10-09T21:15,92
TOS11000036,2026-10-09T21:30,93
TOS11000036,2026-10-09T21:45,93
TOS11000036,2026-10-09T22:00,93
TOS11000036,2026-10-09T22:15,94
TOS11000036,2026-10-09T22:30,93
TOS11000036,2026-10-09T22:45,94
TOS11000036,2026-10-09T23:00,94
TOS11000036,2026-10-09T23:15,94
TOS11000036,2026-10-09T23:30,95
TOS11000036,2026-10-09T23:45,95
TOS11000045,2026-10-09T00:00,93
TOS11000045,2026-10-09T00:15,93
TOS11000045,2026-10-09T00:30,92
TOS11000045,2026-10-09T00:45,92
TOS11000045,2026-10-09T01:00,93
TOS11000045,2026-10-09T01:15,93
TOS11000045,2026-10-09T01:30,93
TOS11000045,2026-10-09T01:45,94
TOS11000045,2026-10-09T02:00,94
TOS11000045,2026-10-09T02:15,95
TOS11000045,2026-10-09T02:30,95
TOS11000045,2026-10-09T02:45,96
TOS11000045,2026-10-09T03:00,96
TOS11000045,2026-10-09T03:15,96
TOS11000045,2026-10-09T03:30,96
TOS11000045,2026-10-09T03:45,96
TOS11000045,2026-10-09T04:00,96
TOS11000045,2026-10-09T04:15,96
TOS11000045,2026-10-09T04:30,96
TOS11000045,2026-10-09T04:45,96
TOS11000045,2026-10-09T05:00,96
TOS11000045,2026-10-09T05:15,97
TOS11000045,2026-10-09T05:30,97
TOS11000045,2026-10-09T05:45,97
TOS11000045,2026-10-09T06:00,97
TOS11000045,2026-10-09T06:15,97
TOS11000045,2026-10-09T06:30,97
TOS11000045,2026-10-09T06:45,97
TOS11000045,2026-10-09T07:00,97
TOS11000045,2026-10-09T07:15,98
TOS11000045,2026-10-09T07:30,98
TOS11000045,2026-10-09T07:45,98
TOS11000045,2026-10-09T08:00,98
TOS11000045,2026-10-09T08:15,98
TOS11000045,2026-10-09T08:30,98
TOS11000045,2026-10-09T08:45,98
TOS11000045,2026-10-09T09:00,98
TOS11000045,2026-10-09T09:15,98
TOS11000045,2026-10-09T09:30,98
TOS11000045,2026-10-09T09:45,98
TOS11000045,2026-10-09T10:00,98
TOS11000045,2026-10-09T10:15,98
TOS11000045,2026-10-09T10:30,96
TOS11000045,2026-10-09T10:45,87
TOS11000045,2026-10-09T11:00,83
TOS11000045,2026-10-09T11:15,84
TOS11000045,2026-10-09T11:30,82
TOS11000045,2026-10-09T11:45,81
TOS11000045,2026-10-09T12:00,80
TOS11000045,2026-10-09T12:15,76
TOS11000045,2026-10-09T12:30,76
TOS11000045,2026-10-09T12:45,73
TOS11000045,2026-10-09T13:00,72
TOS11000045,2026-10-09T13:15,73
TOS11000045,2026-10-09T13:30,72
TOS11000045,2026-10-09T13:45,74
TOS11000045,2026-10-09T14:00,80
TOS11000045,2026-10-09T14:15,82
TOS11000045,2026-10-09T14:30,82
TOS11000045,2026-10-09T14:45,85
TOS11000045,2026-10-09T15:00,88
TOS11000045,2026-10-09T15:15,88
TOS11000045,2026-10-09T15:30,85
TOS11000045,2026-10-09T15:45,83
TOS11000045,2026-10-09T16:00,81
TOS11000045,2026-10-09T16:15,79
TOS11000045,2026-10-09T16:30,79
TOS11000045,2026-10-09T16:45,80
TOS11000045,2026-10-09T17:00,80
TOS11000045,2026-10-09T17:15,79
TOS11000045,2026-10-09T17:30,81
TOS11000045,2026-10-09T17:45,84
TOS11000045,2026-10-09T18:00,84
TOS11000045,2026-10-09T18:15,84
TOS11000045,2026-10-09T18:30,84
TOS11000045,2026-10-09T18:45,82
TOS11000045,2026-10-09T19:00,83
TOS11000045,2026-10-09T19:15,82
TOS11000045,2026-10-09T19:30,76
TOS11000045,2026-10-09T19:45,83
TOS11000045,2026-10-09T20:00,80
TOS11000045,2026-10-09T20:15,75
TOS11000045,2026-10-09T20:30,74
TOS11000045,2026-10-09T20:45,75
TOS11000045,2026-10-09T21:00,74
TOS11000045,2026-10-09T21:15,76
TOS11000045,2026-10-09T21:30,81
TOS11000045,2026-10-09T21:45,79
TOS11000045,2026-10-09T22:00,78
TOS11000045,2026-10-09T22:15,80
TOS11000045,2026-10-09T22:30,79
TOS11000045,2026-10-09T22:45,80
TOS11000045,2026-10-09T23:00,81
TOS11000045,2026-10-09T23:15,83
TOS11000045,2026-10-09T23:30,87
TOS11000045,2026-10-09T23:45,89
TOS11000046,2026-10-09T00:00,92
TOS11000046,2026-10-09T00:15,93
TOS11000046,2026-10-09T00:30,93
TOS11000046,2026-10-09T00:45,93
TOS11000046,2026-10-09T01:00,93
TOS11000046,2026-10-09T01:15,93
TOS11000046,2026-10-09T01:30,93
TOS11000046,2026-10-09T01:45,94
TOS11000046,2026-10-09T02:00,94
TOS11000046,2026-10-09T02:15,94
TOS11000046,2026-10-09T02:30,94
TOS11000046,2026-10-09T02:45,94
TOS11000046,2026-10-09T03:00,94
TOS11000046,2026-10-09T03:15,94
TOS11000046,2026-10-09T03:30,94
TOS11000046,2026-10-09T03:45,94
TOS11000046,2026-10-09T04:00,94
TOS11000046,2026-10-09T04:15,94
TOS11000046,2026-10-09T04:30,94
TOS11000046,2026-10-09T04:45,94
TOS11000046,2026-10-09T05:00,94
TOS11000046,2026-10-09T05:15,95
TOS11000046,2026-10-09T05:30,94
TOS11000046,2026-10-09T05:45,94
TOS11000046,2026-10-09T06:00,94
TOS11000046,2026-10-09T06:15,94
TOS11000046,2026-10-09T06:30,95
TOS11000046,2026-10-09T06:45,95
TOS11000046,2026-10-09T07:00,95
TOS11000046,2026-10-09T07:15,95
TOS11000046,2026-10-09T07:30,95
TOS11000046,2026-10-09T07:45,95
TOS11000046,2026-10-09T08:00,95
TOS11000046,2026-10-09T08:15,95
TOS11000046,2026-10-09T08:30,95
TOS11000046,2026-10-09T08:45,95
TOS11000046,2026-10-09T09:00,95
TOS11000046,2026-10-09T09:15,95
TOS11000046,2026-10-09T09:30,95
TOS11000046,2026-10-09T09:45,95
TOS11000046,2026-10-09T10:00,94
TOS11000046,2026-10-09T10:15,94
TOS11000046,2026-10-09T10:30,94
TOS11000046,2026-10-09T10:45,92
TOS11000046,2026-10-09T11:00,88
TOS11000046,2026-10-09T11:15,85
TOS11000046,2026-10-09T11:30,82
TOS11000046,2026-10-09T11:45,78
TOS11000046,2026-10-09T12:00,75
TOS11000046,2026-10-09T12:15,76
TOS11000046,2026-10-09T12:30,75
TOS11000046,2026-10-09T12:45,72
TOS11000046,2026-10-09T13:00,71
TOS11000046,2026-10-09T13:15,72
TOS11000046,2026-10-09T13:30,73
TOS11000046,2026-10-09T13:45,75
TOS11000046,2026-10-09T14:00,78
TOS11000046,2026-10-09T14:15,72
TOS11000046,2026-10-09T14:30,70
TOS11000046,2026-10-09T14:45,69
TOS11000046,2026-10-09T15:00,72
TOS11000046,2026-10-09T15:15,70
TOS11000046,2026-10-09T15:30,73
TOS11000046,2026-10-09T15:45,72
TOS11000046,2026-10-09T16:00,72
TOS11000046,2026-10-09T16:15,75
TOS11000046,2026-10-09T16:30,78
TOS11000046,2026-10-09T16:45,80
TOS11000046,2026-10-09T17:00,83
TOS11000046,2026-10-09T17:15,85
TOS11000046,2026-10-09T17:30,87
TOS11000046,2026-10-09T17:45,88
TOS11000046,2026-10-09T18:00,90
TOS11000046,2026-10-09T18:15,91
TOS11000046,2026-10-09T18:30,91
TOS11000046,2026-10-09T18:45,91
TOS11000046,2026-10-09T19:00,91
TOS11000046,2026-10-09T19:15,92
TOS11000046,2026-10-09T19:30,92
TOS11000046,2026-10-09T19:45,92
TOS11000046,2026-10-09T20:00,93
TOS11000046,2026-10-09T20:15,93
TOS11000046,2026-10-09T20:30,93
TOS11000046,2026-10-09T20:45,93
TOS11000046,2026-10-09T21:00,93
TOS11000046,2026-10-09T21:15,93
TOS11000046,2026-10-09T21:30,93
TOS11000046,2026-10-09T21:45,94
TOS11000046,2026-10-09T22:00,93
TOS11000046,2026-10-09T22:15,93
TOS11000046,2026-10-09T22:30,94
TOS11000046,2026-10-09T22:45,94
TOS11000046,2026-10-09T23:00,94
TOS11000046,2026-10-09T23:15,94
TOS11000046,2026-10-09T23:30,94
TOS11000046,2026-10-09T23:45,94
TOS11000048,2026-10-09T00:00,98
TOS11000048,2026-10-09T00:15,98
TOS11000048,2026-10-09T00:30,98
TOS11000048,2026-10-09T00:45,98
TOS11000048,2026-10-09T01:00,99
TOS11000048,2026-10-09T01:15,98
TOS11000048,2026-10-09T01:30,98
TOS11000048,2026-10-09T01:45,98
TOS11000048,2026-10-09T02:00,99
TOS11000048,2026-10-09T02:15,99
TOS11000048,2026-10-09T02:30,99
TOS11000048,2026-10-09T02:45,99
TOS11000048,2026-10-09T03:00,99
TOS11000048,2026-10-09T03:15,99
TOS11000048,2026-10-09T03:30,99
TOS11000048,2026-10-09T03:45,99
TOS11000048,2026-10-09T04:00,99
TOS11000048,2026-10-09T04:15,99
TOS11000048,2026-10-09T04:30,98
TOS11000048,2026-10-09T04:45,99
TOS11000048,2026-10-09T05:00,99
TOS11000048,2026-10-09T05:15,99
TOS11000048,2026-10-09T05:30,99
TOS11000048,2026-10-09T05:45,99
TOS11000048,2026-10-09T06:00,98
TOS11000048,2026-10-09T06:15,98
TOS11000048,2026-10-09T06:30,99
TOS11000048,2026-10-09T06:45,98
TOS11000048,2026-10-09T07:00,98
TOS11000048,2026-10-09T07:15,97
TOS11000048,2026-10-09T07:30,96
TOS11000048,2026-10-09T07:45,95
TOS11000048,2026-10-09T08:00,94
TOS11000048,2026-10-09T08:15,93
TOS11000048,2026-10-09T08:30,90
TOS11000048,2026-10-09T08:45,90
TOS11000048,2026-10-09T09:00,88
TOS11000048,2026-10-09T09:15,84
TOS11000048,2026-10-09T09:30,85
TOS11000048,2026-10-09T09:45,83
TOS11000048,2026-10-09T10:00,84
TOS11000048,2026-10-09T10:15,86
TOS11000048,2026-10-09T10:30,85
TOS11000048,2026-10-09T10:45,84
TOS11000048,2026-10-09T11:00,85
TOS11000048,2026-10-09T11:15,84
TOS11000048,2026-10-09T11:30,85
TOS11000048,2026-10-09T11:45,85
TOS11000048,2026-10-09T12:00,86
TOS11000048,2026-10-09T12:15,87
TOS11000048,2026-10-09T12:30,85
TOS11000048,2026-10-09T12:45,85
TOS11000048,2026-10-09T13:00,85
TOS11000048,2026-10-09T13:15,88
TOS11000048,2026-10-09T13:30,87
TOS11000048,2026-10-09T13:45,84
TOS11000048,2026-10-09T14:00,85
TOS11000048,2026-10-09T14:15,84
TOS11000048,2026-10-09T14:30,84
TOS11000048,2026-10-09T14:45,81
TOS11000048,2026-10-09T15:00,79
TOS11000048,2026-10-09T15:15,81
TOS11000048,2026-10-09T15:30,82
TOS11000048,2026-10-09T15:45,80
TOS11000048,2026-10-09T16:00,79
TOS11000048,2026-10-09T16:15,81
TOS11000048,2026-10-09T16:30,81
TOS11000048,2026-10-09T16:45,82
TOS11000048,2026-10-09T17:00,84
TOS11000048,2026-10-09T17:15,88
TOS11000048,2026-10-09T17:30,90
TOS11000048,2026-10-09T17:45,91
TOS11000048,2026-10-09T18:00,94
TOS11000048,2026-10-09T18:15,94
TOS11000048,2026-10-09T18:30,94
TOS11000048,2026-10-09T18:45,94
TOS11000048,2026-10-09T19:00,95
TOS11000048,2026-10-09T19:15,95
TOS11000048,2026-10-09T19:30,96
TOS11000048,2026-10-09T19:45,96
TOS11000048,2026-10-09T20:00,96
TOS11000048,2026-10-09T20:15,97
TOS11000048,2026-10-09T20:30,97
TOS11000048,2026-10-09T20:45,97
TOS11000048,2026-10-09T21:00,98
TOS11000048,2026-10-09T21:15,98
TOS11000048,2026-10-09T21:30,98
TOS11000048,2026-10-09T21:45,98
TOS11000048,2026-10-09T22:00,99
TOS11000048,2026-10-09T22:15,99
TOS11000048,2026-10-09T22:30,99
TOS11000048,2026-10-09T22:45,98
TOS11000048,2026-10-09T23:00,98
TOS11000048,2026-10-09T23:15,98
TOS11000048,2026-10-09T23:30,98
TOS11000048,2026-10-09T23:45,98
TOS11000049,2026-10-09T00:00,86
TOS11000049,2026-10-09T00:15,86
TOS11000049,2026-10-09T00:30,86
TOS11000049,2026-10-09T00:45,86
TOS11000049,2026-10-09T01:00,86
TOS11000049,2026-10-09T01:15,86
TOS11000049,2026-10-09T01:30,86
TOS11000049,2026-10-09T01:45,86
TOS11000049,2026-10-09T02:00,86
TOS11000049,2026-10-09T02:15,86
TOS11000049,2026-10-09T02:30,86
TOS11000049,2026-10-09T02:45,86
TOS11000049,2026-10-09T03:00,86
TOS11000049,2026-10-09T03:15,86
TOS11000049,2026-10-09T03:30,86
TOS11000049,2026-10-09T03:45,86
TOS11000049,2026-10-09T04:00,86
TOS11000049,2026-10-09T04:15,86
TOS11000049,2026-10-09T04:30,86
TOS11000049,2026-10-09T04:45,86
TOS11000049,2026-10-09T05:00,86
TOS11000049,2026-10-09T05:15,86
TOS11000049,2026-10-09T05:30,86
TOS11000049,2026-10-09T05:45,86
TOS11000049,2026-10-09T06:00,86
TOS11000049,2026-10-09T06:15,86
TOS11000049,2026-10-09T06:30,86
TOS11000049,2026-10-09T06:45,86
TOS11000049,2026-10-09T07:00,86
TOS11000049,2026-10-09T07:15,86
TOS11000049,2026-10-09T07:30,86
TOS11000049,2026-10-09T07:45,87
TOS11000049,2026-10-09T08:00,86
TOS11000049,2026-10-09T08:15,85
TOS11000049,2026-10-09T08:30,84
TOS11000049,2026-10-09T08:45,82
TOS11000049,2026-10-09T09:00,82
TOS11000049,2026-10-09T09:15,83
TOS11000049,2026-10-09T09:30,82
TOS11000049,2026-10-09T09:45,83
TOS11000049,2026-10-09T10:00,82
TOS11000049,2026-10-09T10:15,79
TOS11000049,2026-10-09T10:30,75
TOS11000049,2026-10-09T10:45,77
TOS11000049,2026-10-09T11:00,78
TOS11000049,2026-10-09T11:15,79
TOS11000049,2026-10-09T11:30,81
TOS11000049,2026-10-09T11:45,79
TOS11000049,2026-10-09T12:00,78
TOS11000049,2026-10-09T12:15,78
TOS11000049,2026-10-09T12:30,78
TOS11000049,2026-10-09T12:45,78
TOS11000049,2026-10-09T13:00,76
TOS11000049,2026-10-09T13:15,74
TOS11000049,2026-10-09T13:30,73
TOS11000049,2026-10-09T13:45,72
TOS11000049,2026-10-09T14:00,72
TOS11000049,2026-10-09T14:15,71
TOS11000049,2026-10-09T14:30,71
TOS11000049,2026-10-09T14:45,71
TOS11000049,2026-10-09T15:00,71
TOS11000049,2026-10-09T15:15,70
TOS11000049,2026-10-09T15:30,68
TOS11000049,2026-10-09T15:45,66
TOS11000049,2026-10-09T16:00,68
TOS11000049,2026-10-09T16:15,67
TOS11000049,2026-10-09T16:30,69
TOS11000049,2026-10-09T16:45,69
TOS11000049,2026-10-09T17:00,74
TOS11000049,2026-10-09T17:15,78
TOS11000049,2026-10-09T17:30,81
TOS11000049,2026-10-09T17:45,82
TOS11000049,2026-10-09T18:00,84
TOS11000049,2026-10-09T18:15,84
TOS11000049,2026-10-09T18:30,84
TOS11000049,2026-10-09T18:45,85
TOS11000049,2026-10-09T19:00,85
TOS11000049,2026-10-09T19:15,85
TOS11000049,2026-10-09T19:30,85
TOS11000049,2026-10-09T19:45,85
TOS11000049,2026-10-09T20:00,85
TOS11000049,2026-10-09T20:15,85
TOS11000049,2026-10-09T20:30,85
TOS11000049,2026-10-09T20:45,85
TOS11000049,2026-10-09T21:00,85
TOS11000049,2026-10-09T21:15,85
TOS11000049,2026-10-09T21:30,85
TOS11000049,2026-10-09T21:45,85
TOS11000049,2026-10-09T22:00,85
TOS11000049,2026-10-09T22:15,85
TOS11000049,2026-10-09T22:30,85
TOS11000049,2026-10-09T22:45,85
TOS11000049,2026-10-09T23:00,85
TOS11000049,2026-10-09T23:15,85
TOS11000049,2026-10-09T23:30,85
TOS11000049,2026-10-09T23:45,85
TOS11000063,2026-10-09T00:00,90
TOS11000063,2026-10-09T00:15,91
TOS11000063,2026-10-09T00:30,92
TOS11000063,2026-10-09T00:45,92
TOS11000063,2026-10-09T01:00,93
TOS11000063,2026-10-09T01:15,93
TOS11000063,2026-10-09T01:30,93
TOS11000063,2026-10-09T01:45,93
TOS11000063,2026-10-09T02:00,92
TOS11000063,2026-10-09T02:15,93
TOS11000063,2026-10-09T02:30,93
TOS11000063,2026-10-09T02:45,94
TOS11000063,2026-10-09T03:00,94
TOS11000063,2026-10-09T03:15,94
TOS11000063,2026-10-09T03:30,94
TOS11000063,2026-10-09T03:45,94
TOS11000063,2026-10-09T04:00,94
TOS11000063,2026-10-09T04:15,94
TOS11000063,2026-10-09T04:30,94
TOS11000063,2026-10-09T04:45,94
TOS11000063,2026-10-09T05:00,94
TOS11000063,2026-10-09T05:15,94
TOS11000063,2026-10-09T05:30,95
TOS11000063,2026-10-09T05:45,95
TOS11000063,2026-10-09T06:00,95
TOS11000063,2026-10-09T06:15,95
TOS11000063,2026-10-09T06:30,96
TOS11000063,2026-10-09T06:45,96
TOS11000063,2026-10-09T07:00,96
TOS11000063,2026-10-09T07:15,96
TOS11000063,2026-10-09T07:30,97
TOS11000063,2026-10-09T07:45,97
TOS11000063,2026-10-09T08:00,97
TOS11000063,2026-10-09T08:15,97
TOS11000063,2026-10-09T08:30,97
TOS11000063,2026-10-09T08:45,97
TOS11000063,2026-10-09T09:00,97
TOS11000063,2026-10-09T09:15,97
TOS11000063,2026-10-09T09:30,97
TOS11000063,2026-10-09T09:45,96
TOS11000063,2026-10-09T10:00,94
TOS11000063,2026-10-09T10:15,88
TOS11000063,2026-10-09T10:30,86
TOS11000063,2026-10-09T10:45,85
TOS11000063,2026-10-09T11:00,84
TOS11000063,2026-10-09T11:15,83
TOS11000063,2026-10-09T11:30,83
TOS11000063,2026-10-09T11:45,82
TOS11000063,2026-10-09T12:00,81
TOS11000063,2026-10-09T12:15,79
TOS11000063,2026-10-09T12:30,78
TOS11000063,2026-10-09T12:45,74
TOS11000063,2026-10-09T13:00,72
TOS11000063,2026-10-09T13:15,74
TOS11000063,2026-10-09T13:30,74
TOS11000063,2026-10-09T13:45,75
TOS11000063,2026-10-09T14:00,76
TOS11000063,2026-10-09T14:15,77
TOS11000063,2026-10-09T14:30,75
TOS11000063,2026-10-09T14:45,73
TOS11000063,2026-10-09T15:00,75
TOS11000063,2026-10-09T15:15,76
TOS11000063,2026-10-09T15:30,78
TOS11000063,2026-10-09T15:45,73
TOS11000063,2026-10-09T16:00,75
TOS11000063,2026-10-09T16:15,75
TOS11000063,2026-10-09T16:30,77
TOS11000063,2026-10-09T16:45,77
TOS11000063,2026-10-09T17:00,80
TOS11000063,2026-10-09T17:15,81
TOS11000063,2026-10-09T17:30,82
TOS11000063,2026-10-09T17:45,78
TOS11000063,2026-10-09T18:00,75
TOS11000063,2026-10-09T18:15,70
TOS11000063,2026-10-09T18:30,69
TOS11000063,2026-10-09T18:45,70
TOS11000063,2026-10-09T19:00,69
TOS11000063,2026-10-09T19:15,76
TOS11000063,2026-10-09T19:30,73
TOS11000063,2026-10-09T19:45,72
TOS11000063,2026-10-09T20:00,78
TOS11000063,2026-10-09T20:15,82
TOS11000063,2026-10-09T20:30,81
TOS11000063,2026-10-09T20:45,77
TOS11000063,2026-10-09T21:00,77
TOS11000063,2026-10-09T21:15,79
TOS11000063,2026-10-09T21:30,78
TOS11000063,2026-10-09T21:45,78
TOS11000063,2026-10-09T22:00,83
TOS11000063,2026-10-09T22:15,86
TOS11000063,2026-10-09T22:30,87
TOS11000063,2026-10-09T22:45,86
TOS11000063,2026-10-09T23:00,84
TOS11000063,2026-10-09T23:15,83
TOS11000063,2026-10-09T23:30,83
TOS11000063,2026-10-09T23:45,83
TOS11000071,2026-10-09T00:00,88
TOS11000071,2026-10-09T00:15,88
TOS11000071,2026-10-09T00:30,87
TOS11000071,2026-10-09T00:45,86
TOS11000071,2026-10-09T01:00,86
TOS11000071,2026-10-09T01:15,87
TOS11000071,2026-10-09T01:30,87
TOS11000071,2026-10-09T01:45,88
TOS11000071,2026-10-09T02:00,89
TOS11000071,2026-10-09T02:15,89
TOS11000071,2026-10-09T02:30,89
TOS11000071,2026-10-09T02:45,90
TOS11000071,2026-10-09T03:00,90
TOS11000071,2026-10-09T03:15,90
TOS11000071,2026-10-09T03:30,90
TOS11000071,2026-10-09T03:45,90
TOS11000071,2026-10-09T04:00,90
TOS11000071,2026-10-09T04:15,91
TOS11000071,2026-10-09T04:30,91
TOS11000071,2026-10-09T04:45,91
TOS11000071,2026-10-09T05:00,91
TOS11000071,2026-10-09T05:15,91
TOS11000071,2026-10-09T05:30,91
TOS11000071,2026-10-09T05:45,91
TOS11000071,2026-10-09T06:00,91
TOS11000071,2026-10-09T06:15,91
TOS11000071,2026-10-09T06:30,91
TOS11000071,2026-10-09T06:45,91
TOS11000071,2026-10-09T07:00,91
TOS11000071,2026-10-09T07:15,91
TOS11000071,2026-10-09T07:30,91
TOS11000071,2026-10-09T07:45,91
TOS11000071,2026-10-09T08:00,91
TOS11000071,2026-10-09T08:15,92
TOS11000071,2026-10-09T08:30,92
TOS11000071,2026-10-09T08:45,92
TOS11000071,2026-10-09T09:00,91
TOS11000071,2026-10-09T09:15,91
TOS11000071,2026-10-09T09:30,90
TOS11000071,2026-10-09T09:45,88
TOS11000071,2026-10-09T10:00,86
TOS11000071,2026-10-09T10:15,83
TOS11000071,2026-10-09T10:30,79
TOS11000071,2026-10-09T10:45,76
TOS11000071,2026-10-09T11:00,75
TOS11000071,2026-10-09T11:15,71
TOS11000071,2026-10-09T11:30,70
TOS11000071,2026-10-09T11:45,70
TOS11000071,2026-10-09T12:00,70
TOS11000071,2026-10-09T12:15,69
TOS11000071,2026-10-09T12:30,68
TOS11000071,2026-10-09T12:45,66
TOS11000071,2026-10-09T13:00,66
TOS11000071,2026-10-09T13:15,66
TOS11000071,2026-10-09T13:30,65
TOS11000071,2026-10-09T13:45,65
TOS11000071,2026-10-09T14:00,66
TOS11000071,2026-10-09T14:15,70
TOS11000071,2026-10-09T14:30,70
TOS11000071,2026-10-09T14:45,71
TOS11000071,2026-10-09T15:00,73
TOS11000071,2026-10-09T15:15,77
TOS11000071,2026-10-09T15:30,73
TOS11000071,2026-10-09T15:45,68
TOS11000071,2026-10-09T16:00,66
TOS11000071,2026-10-09T16:15,64
TOS11000071,2026-10-09T16:30,65
TOS11000071,2026-10-09T16:45,65
TOS11000071,2026-10-09T17:00,67
TOS11000071,2026-10-09T17:15,69
TOS11000071,2026-10-09T17:30,69
TOS11000071,2026-10-09T17:45,71
TOS11000071,2026-10-09T18:00,69
TOS11000071,2026-10-09T18:15,67
TOS11000071,2026-10-09T18:30,66
TOS11000071,2026-10-09T18:45,67
TOS11000071,2026-10-09T19:00,70
TOS11000071,2026-10-09T19:15,71
TOS11000071,2026-10-09T19:30,70
TOS11000071,2026-10-09T19:45,70
TOS11000071,2026-10-09T20:00,70
TOS11000071,2026-10-09T20:15,69
TOS11000071,2026-10-09T20:30,68
TOS11000071,2026-10-09T20:45,69
TOS11000071,2026-10-09T21:00,71
TOS11000071,2026-10-09T21:15,71
TOS11000071,2026-10-09T21:30,69
TOS11000071,2026-10-09T21:45,70
TOS11000071,2026-10-09T22:00,72
TOS11000071,2026-10-09T22:15,75
TOS11000071,2026-10-09T22:30,78
TOS11000071,2026-10-09T22:45,77
TOS11000071,2026-10-09T23:00,77
TOS11000071,2026-10-09T23:15,79
TOS11000071,2026-10-09T23:30,82
TOS11000071,2026-10-09T23:45,84
TOS11000076,2026-10-09T00:00,86
TOS11000076,2026-10-09T00:15,86
TOS11000076,2026-10-09T00:30,86
TOS11000076,2026-10-09T00:45,86
TOS11000076,2026-10-09T01:00,87
TOS11000076,2026-10-09T01:15,87
TOS11000076,2026-10-09T01:30,87
TOS11000076,2026-10-09T01:45,87
TOS11000076,2026-10-09T02:00,87
TOS11000076,2026-10-09T02:15,87
TOS11000076,2026-10-09T02:30,86
TOS11000076,2026-10-09T02:45,86
TOS11000076,2026-10-09T03:00,86
TOS11000076,2026-10-09T03:15,86
TOS11000076,2026-10-09T03:30,87
TOS11000076,2026-10-09T03:45,87
TOS11000076,2026-10-09T04:00,87
TOS11000076,2026-10-09T04:15,87
TOS11000076,2026-10-09T04:30,87
TOS11000076,2026-10-09T04:45,87
TOS11000076,2026-10-09T05:00,87
TOS11000076,2026-10-09T05:15,87
TOS11000076,2026-10-09T05:30,87
TOS11000076,2026-10-09T05:45,87
TOS11000076,2026-10-09T06:00,87
TOS11000076,2026-10-09T06:15,87
TOS11000076,2026-10-09T06:30,87
TOS11000076,2026-10-09T06:45,87
TOS11000076,2026-10-09T07:00,87
TOS11000076,2026-10-09T07:15,87
TOS11000076,2026-10-09T07:30,87
TOS11000076,2026-10-09T07:45,87
TOS11000076,2026-10-09T08:00,87
TOS11000076,2026-10-09T08:15,87
TOS11000076,2026-10-09T08:30,87
TOS11000076,2026-10-09T08:45,87
TOS11000076,2026-10-09T09:00,87
TOS11000076,2026-10-09T09:15,86
TOS11000076,2026-10-09T09:30,86
TOS11000076,2026-10-09T09:45,84
TOS11000076,2026-10-09T10:00,83
TOS11000076,2026-10-09T10:15,83
TOS11000076,2026-10-09T10:30,81
TOS11000076,2026-10-09T10:45,80
TOS11000076,2026-10-09T11:00,78
TOS11000076,2026-10-09T11:15,77
TOS11000076,2026-10-09T11:30,77
TOS11000076,2026-10-09T11:45,77
TOS11000076,2026-10-09T12:00,77
TOS11000076,2026-10-09T12:15,75
TOS11000076,2026-10-09T12:30,73
TOS11000076,2026-10-09T12:45,69
TOS11000076,2026-10-09T13:00,68
TOS11000076,2026-10-09T13:15,68
TOS11000076,2026-10-09T13:30,68
TOS11000076,2026-10-09T13:45,67
TOS11000076,2026-10-09T14:00,69
TOS11000076,2026-10-09T14:15,68
TOS11000076,2026-10-09T14:30,69
TOS11000076,2026-10-09T14:45,74
TOS11000076,2026-10-09T15:00,81
TOS11000076,2026-10-09T15:15,81
TOS11000076,2026-10-09T15:30,81
TOS11000076,2026-10-09T15:45,81
TOS11000076,2026-10-09T16:00,80
TOS11000076,2026-10-09T16:15,82
TOS11000076,2026-10-09T16:30,83
TOS11000076,2026-10-09T16:45,82
TOS11000076,2026-10-09T17:00,81
TOS11000076,2026-10-09T17:15,81
TOS11000076,2026-10-09T17:30,83
TOS11000076,2026-10-09T17:45,84
TOS11000076,2026-10-09T18:00,83
TOS11000076,2026-10-09T18:15,84
TOS11000076,2026-10-09T18:30,84
TOS11000076,2026-10-09T18:45,85
TOS11000076,2026-10-09T19:00,85
TOS11000076,2026-10-09T19:15,85
TOS11000076,2026-10-09T19:30,86
TOS11000076,2026-10-09T19:45,84
TOS11000076,2026-10-09T20:00,85
TOS11000076,2026-10-09T20:15,83
TOS11000076,2026-10-09T20:30,84
TOS11000076,2026-10-09T20:45,85
TOS11000076,2026-10-09T21:00,86
TOS11000076,2026-10-09T21:15,86
TOS11000076,2026-10-09T21:30,86
TOS11000076,2026-10-09T21:45,86
TOS11000076,2026-10-09T22:00,86
TOS11000076,2026-10-09T22:15,86
TOS11000076,2026-10-09T22:30,86
TOS11000076,2026-10-09T22:45,86
TOS11000076,2026-10-09T23:00,86
TOS11000076,2026-10-09T23:15,86
TOS11000076,2026-10-09T23:30,87
TOS11000076,2026-10-09T23:45,87
TOS11000077,2026-10-09T00:00,82
TOS11000077,2026-10-09T00:15,80
TOS11000077,2026-10-09T00:30,80
TOS11000077,2026-10-09T00:45,80
TOS11000077,2026-10-09T01:00,79
TOS11000077,2026-10-09T01:15,82
TOS11000077,2026-10-09T01:30,85
TOS11000077,2026-10-09T01:45,87
TOS11000077,2026-10-09T02:00,87
TOS11000077,2026-10-09T02:15,87
TOS11000077,2026-10-09T02:30,86
TOS11000077,2026-10-09T02:45,83
TOS11000077,2026-10-09T03:00,80
TOS11000077,2026-10-09T03:15,79
TOS11000077,2026-10-09T03:30,79
TOS11000077,2026-10-09T03:45,80
TOS11000077,2026-10-09T04:00,80
TOS11000077,2026-10-09T04:15,80
TOS11000077,2026-10-09T04:30,79
TOS11000077,2026-10-09T04:45,78
TOS11000077,2026-10-09T05:00,78
TOS11000077,2026-10-09T05:15,77
TOS11000077,2026-10-09T05:30,77
TOS11000077,2026-10-09T05:45,77
TOS11000077,2026-10-09T06:00,77
TOS11000077,2026-10-09T06:15,76
TOS11000077,2026-10-09T06:30,76
TOS11000077,2026-10-09T06:45,76
TOS11000077,2026-10-09T07:00,77
TOS11000077,2026-10-09T07:15,75
TOS11000077,2026-10-09T07:30,75
TOS11000077,2026-10-09T07:45,74
TOS11000077,2026-10-09T08:00,74
TOS11000077,2026-10-09T08:15,74
TOS11000077,2026-10-09T08:30,74
TOS11000077,2026-10-09T08:45,74
TOS11000077,2026-10-09T09:00,74
TOS11000077,2026-10-09T09:15,75
TOS11000077,2026-10-09T09:30,75
TOS11000077,2026-10-09T09:45,74
TOS11000077,2026-10-09T10:00,74
TOS11000077,2026-10-09T10:15,74
TOS11000077,2026-10-09T10:30,75
TOS11000077,2026-10-09T10:45,75
TOS11000077,2026-10-09T11:00,76
TOS11000077,2026-10-09T11:15,79
TOS11000077,2026-10-09T11:30,86
TOS11000077,2026-10-09T11:45,89
TOS11000077,2026-10-09T12:00,90
TOS11000077,2026-10-09T12:15,90
TOS11000077,2026-10-09T12:30,90
TOS11000077,2026-10-09T12:45,90
TOS11000077,2026-10-09T13:00,90
TOS11000077,2026-10-09T13:15,87
TOS11000077,2026-10-09T13:30,86
TOS11000077,2026-10-09T13:45,87
TOS11000077,2026-10-09T14:00,87
TOS11000077,2026-10-09T14:15,87
TOS11000077,2026-10-09T14:30,87
TOS11000077,2026-10-09T14:45,84
TOS11000077,2026-10-09T15:00,85
TOS11000077,2026-10-09T15:15,88
TOS11000077,2026-10-09T15:30,90
TOS11000077,2026-10-09T15:45,88
TOS11000077,2026-10-09T16:00,88
TOS11000077,2026-10-09T16:15,90
TOS11000077,2026-10-09T16:30,91
TOS11000077,2026-10-09T16:45,89
TOS11000077,2026-10-09T17:00,87
TOS11000077,2026-10-09T17:15,89
TOS11000077,2026-10-09T17:30,90
TOS11000077,2026-10-09T17:45,90
TOS11000077,2026-10-09T18:00,89
TOS11000077,2026-10-09T18:15,87
TOS11000077,2026-10-09T18:30,87
TOS11000077,2026-10-09T18:45,88
TOS11000077,2026-10-09T19:00,88
TOS11000077,2026-10-09T19:15,87
TOS11000077,2026-10-09T19:30,85
TOS11000077,2026-10-09T19:45,85
TOS11000077,2026-10-09T20:00,83
TOS11000077,2026-10-09T20:15,82
TOS11000077,2026-10-09T20:30,87
TOS11000077,2026-10-09T20:45,90
TOS11000077,2026-10-09T21:00,91
TOS11000077,2026-10-09T21:15,91
TOS11000077,2026-10-09T21:30,89
TOS11000077,2026-10-09T21:45,89
TOS11000077,2026-10-09T22:00,90
TOS11000077,2026-10-09T22:15,87
TOS11000077,2026-10-09T22:30,88
TOS11000077,2026-10-09T22:45,91
TOS11000077,2026-10-09T23:00,91
TOS11000077,2026-10-09T23:15,89
TOS11000077,2026-10-09T23:30,88
TOS11000077,2026-10-09T23:45,87
TOS11000091,2026-10-09T00:00,84
TOS11000091,2026-10-09T00:15,84
TOS11000091,2026-10-09T00:30,85
TOS11000091,2026-10-09T00:45,85
TOS11000091,2026-10-09T01:00,85
TOS11000091,2026-10-09T01:15,83
TOS11000091,2026-10-09T01:30,80
TOS11000091,2026-10-09T01:45,80
TOS11000091,2026-10-09T02:00,82
TOS11000091,2026-10-09T02:15,83
TOS11000091,2026-10-09T02:30,85
TOS11000091,2026-10-09T02:45,86
TOS11000091,2026-10-09T03:00,86
TOS11000091,2026-10-09T03:15,87
TOS11000091,2026-10-09T03:30,88
TOS11000091,2026-10-09T03:45,87
TOS11000091,2026-10-09T04:00,88
TOS11000091,2026-10-09T04:15,89
TOS11000091,2026-10-09T04:30,89
TOS11000091,2026-10-09T04:45,89
TOS11000091,2026-10-09T05:00,89
TOS11000091,2026-10-09T05:15,90
TOS11000091,2026-10-09T05:30,90
TOS11000091,2026-10-09T05:45,90
TOS11000091,2026-10-09T06:00,88
TOS11000091,2026-10-09T06:15,86
TOS11000091,2026-10-09T06:30,87
TOS11000091,2026-10-09T06:45,88
TOS11000091,2026-10-09T07:00,89
TOS11000091,2026-10-09T07:15,89
TOS11000091,2026-10-09T07:30,86
TOS11000091,2026-10-09T07:45,82
TOS11000091,2026-10-09T08:00,85
TOS11000091,2026-10-09T08:15,85
TOS11000091,2026-10-09T08:30,85
TOS11000091,2026-10-09T08:45,84
TOS11000091,2026-10-09T09:00,84
TOS11000091,2026-10-09T09:15,85
TOS11000091,2026-10-09T09:30,85
TOS11000091,2026-10-09T09:45,84
TOS11000091,2026-10-09T10:00,85
TOS11000091,2026-10-09T10:15,87
TOS11000091,2026-10-09T10:30,87
TOS11000091,2026-10-09T10:45,87
TOS11000091,2026-10-09T11:00,88
TOS11000091,2026-10-09T11:15,89
TOS11000091,2026-10-09T11:30,89
TOS11000091,2026-10-09T11:45,89
TOS11000091,2026-10-09T12:00,89
TOS11000091,2026-10-09T12:15,87
TOS11000091,2026-10-09T12:30,84
TOS11000091,2026-10-09T12:45,82
TOS11000091,2026-10-09T13:00,79
TOS11000091,2026-10-09T13:15,75
TOS11000091,2026-10-09T13:30,74
TOS11000091,2026-10-09T13:45,76
TOS11000091,2026-10-09T14:00,74
TOS11000091,2026-10-09T14:15,75
TOS11000091,2026-10-09T14:30,76
TOS11000091,2026-10-09T14:45,76
TOS11000091,2026-10-09T15:00,73
TOS11000091,2026-10-09T15:15,75
TOS11000091,2026-10-09T15:30,75
TOS11000091,2026-10-09T15:45,78
TOS11000091,2026-10-09T16:00,79
TOS11000091,2026-10-09T16:15,79
TOS11000091,2026-10-09T16:30,74
TOS11000091,2026-10-09T16:45,72
TOS11000091,2026-10-09T17:00,70
TOS11000091,2026-10-09T17:15,73
TOS11000091,2026-10-09T17:30,73
TOS11000091,2026-10-09T17:45,75
TOS11000091,2026-10-09T18:00,78
TOS11000091,2026-10-09T18:15,79
TOS11000091,2026-10-09T18:30,79
TOS11000091,2026-10-09T18:45,81
TOS11000091,2026-10-09T19:00,83
TOS11000091,2026-10-09T19:15,83
TOS11000091,2026-10-09T19:30,83
TOS11000091,2026-10-09T19:45,82
TOS11000091,2026-10-09T20:00,81
TOS11000091,2026-10-09T20:15,81
TOS11000091,2026-10-09T20:30,82
TOS11000091,2026-10-09T20:45,81
TOS11000091,2026-10-09T21:00,79
TOS11000091,2026-10-09T21:15,79
TOS11000091,2026-10-09T21:30,76
TOS11000091,2026-10-09T21:45,75
TOS11000091,2026-10-09T22:00,74
TOS11000091,2026-10-09T22:15,72
TOS11000091,2026-10-09T22:30,73
TOS11000091,2026-10-09T22:45,77
TOS11000091,2026-10-09T23:00,80
TOS11000091,2026-10-09T23:15,79
TOS11000091,2026-10-09T23:30,78
TOS11000091,2026-10-09T23:45,77
TOS11000092,2026-10-09T00:00,100
TOS11000092,2026-10-09T00:15,100
TOS11000092,2026-10-09T00:30,100
TOS11000092,2026-10-09T00:45,100
TOS11000092,2026-10-09T01:00,100
TOS11000092,2026-10-09T01:15,100
TOS11000092,2026-10-09T01:30,100
TOS11000092,2026-10-09T01:45,100
TOS11000092,2026-10-09T02:00,100
TOS11000092,2026-10-09T02:15,100
TOS11000092,2026-10-09T02:30,100
TOS11000092,2026-10-09T02:45,100
TOS11000092,2026-10-09T03:00,100
TOS11000092,2026-10-09T03:15,100
TOS11000092,2026-10-09T03:30,100
TOS11000092,2026-10-09T03:45,100
TOS11000092,2026-10-09T04:00,100
TOS11000092,2026-10-09T04:15,100
TOS11000092,2026-10-09T04:30,100
TOS11000092,2026-10-09T04:45,100
TOS11000092,2026-10-09T05:00,100
TOS11000092,2026-10-09T05:15,100
TOS11000092,2026-10-09T05:30,100
TOS11000092,2026-10-09T05:45,100
TOS11000092,2026-10-09T06:00,100
TOS11000092,2026-10-09T06:15,100
TOS11000092,2026-10-09T06:30,100
TOS11000092,2026-10-09T06:45,100
TOS11000092,2026-10-09T07:00,100
TOS11000092,2026-10-09T07:15,100
TOS11000092,2026-10-09T07:30,100
TOS11000092,2026-10-09T07:45,100
TOS11000092,2026-10-09T08:00,100
TOS11000092,2026-10-09T08:15,100
TOS11000092,2026-10-09T08:30,100
TOS11000092,2026-10-09T08:45,100
TOS11000092,2026-10-09T09:00,100
TOS11000092,2026-10-09T09:15,100
TOS11000092,2026-10-09T09:30,97
TOS11000092,2026-10-09T09:45,94
TOS11000092,2026-10-09T10:00,92
TOS11000092,2026-10-09T10:15,85
TOS11000092,2026-10-09T10:30,90
TOS11000092,2026-10-09T10:45,88
TOS11000092,2026-10-09T11:00,88
TOS11000092,2026-10-09T11:15,84
TOS11000092,2026-10-09T11:30,89
TOS11000092,2026-10-09T11:45,91
TOS11000092,2026-10-09T12:00,91
TOS11000092,2026-10-09T12:15,92
TOS11000092,2026-10-09T12:30,89
TOS11000092,2026-10-09T12:45,90
TOS11000092,2026-10-09T13:00,89
TOS11000092,2026-10-09T13:15,81
TOS11000092,2026-10-09T13:30,82
TOS11000092,2026-10-09T13:45,82
TOS11000092,2026-10-09T14:00,80
TOS11000092,2026-10-09T14:15,81
TOS11000092,2026-10-09T14:30,86
TOS11000092,2026-10-09T14:45,86
TOS11000092,2026-10-09T15:00,83
TOS11000092,2026-10-09T15:15,85
TOS11000092,2026-10-09T15:30,89
TOS11000092,2026-10-09T15:45,86
TOS11000092,2026-10-09T16:00,82
TOS11000092,2026-10-09T16:15,81
TOS11000092,2026-10-09T16:30,80
TOS11000092,2026-10-09T16:45,80
TOS11000092,2026-10-09T17:00,78
TOS11000092,2026-10-09T17:15,80
TOS11000092,2026-10-09T17:30,80
TOS11000092,2026-10-09T17:45,80
TOS11000092,2026-10-09T18:00,80
TOS11000092,2026-10-09T18:15,81
TOS11000092,2026-10-09T18:30,85
TOS11000092,2026-10-09T18:45,84
TOS11000092,2026-10-09T19:00,83
TOS11000092,2026-10-09T19:15,86
TOS11000092,2026-10-09T19:30,87
TOS11000092,2026-10-09T19:45,88
TOS11000092,2026-10-09T20:00,88
TOS11000092,2026-10-09T20:15,88
TOS11000092,2026-10-09T20:30,87
TOS11000092,2026-10-09T20:45,88
TOS11000092,2026-10-09T21:00,89
TOS11000092,2026-10-09T21:15,91
TOS11000092,2026-10-09T21:30,93
TOS11000092,2026-10-09T21:45,93
TOS11000092,2026-10-09T22:00,93
TOS11000092,2026-10-09T22:15,91
TOS11000092,2026-10-09T22:30,92
TOS11000092,2026-10-09T22:45,92
TOS11000092,2026-10-09T23:00,93
TOS11000092,2026-10-09T23:15,92
TOS11000092,2026-10-09T23:30,94
TOS11000092,2026-10-09T23:45,97
TOS11000093,2026-10-09T00:00,92
TOS11000093,2026-10-09T00:15,92
TOS11000093,2026-10-09T00:30,93
TOS11000093,2026-10-09T00:45,92
TOS11000093,2026-10-09T01:00,93
TOS11000093,2026-10-09T01:15,93
TOS11000093,2026-10-09T01:30,92
TOS11000093,2026-10-09T01:45,92
TOS11000093,2026-10-09T02:00,92
TOS11000093,2026-10-09T02:15,92
TOS11000093,2026-10-09T02:30,93
TOS11000093,2026-10-09T02:45,93
TOS11000093,2026-10-09T03:00,93
TOS11000093,2026-10-09T03:15,93
TOS11000093,2026-10-09T03:30,93
TOS11000093,2026-10-09T03:45,93
TOS11000093,2026-10-09T04:00,93
TOS11000093,2026-10-09T04:15,93
TOS11000093,2026-10-09T04:30,93
TOS11000093,2026-10-09T04:45,93
TOS11000093,2026-10-09T05:00,93
TOS11000093,2026-10-09T05:15,94
TOS11000093,2026-10-09T05:30,94
TOS11000093,2026-10-09T05:45,93
TOS11000093,2026-10-09T06:00,93
TOS11000093,2026-10-09T06:15,94
TOS11000093,2026-10-09T06:30,94
TOS11000093,2026-10-09T06:45,94
TOS11000093,2026-10-09T07:00,93
TOS11000093,2026-10-09T07:15,93
TOS11000093,2026-10-09T07:30,94
TOS11000093,2026-10-09T07:45,94
TOS11000093,2026-10-09T08:00,94
TOS11000093,2026-10-09T08:15,94
TOS11000093,2026-10-09T08:30,94
TOS11000093,2026-10-09T08:45,94
TOS11000093,2026-10-09T09:00,94
TOS11000093,2026-10-09T09:15,94
TOS11000093,2026-10-09T09:30,93
TOS11000093,2026-10-09T09:45,90
TOS11000093,2026-10-09T10:00,90
TOS11000093,2026-10-09T10:15,90
TOS11000093,2026-10-09T10:30,89
TOS11000093,2026-10-09T10:45,88
TOS11000093,2026-10-09T11:00,87
TOS11000093,2026-10-09T11:15,86
TOS11000093,2026-10-09T11:30,86
TOS11000093,2026-10-09T11:45,85
TOS11000093,2026-10-09T12:00,83
TOS11000093,2026-10-09T12:15,81
TOS11000093,2026-10-09T12:30,78
TOS11000093,2026-10-09T12:45,76
TOS11000093,2026-10-09T13:00,71
TOS11000093,2026-10-09T13:15,67
TOS11000093,2026-10-09T13:30,66
TOS11000093,2026-10-09T13:45,63
TOS11000093,2026-10-09T14:00,65
TOS11000093,2026-10-09T14:15,67
TOS11000093,2026-10-09T14:30,70
TOS11000093,2026-10-09T14:45,68
TOS11000093,2026-10-09T15:00,71
TOS11000093,2026-10-09T15:15,79
TOS11000093,2026-10-09T15:30,83
TOS11000093,2026-10-09T15:45,83
TOS11000093,2026-10-09T16:00,86
TOS11000093,2026-10-09T16:15,88
TOS11000093,2026-10-09T16:30,86
TOS11000093,2026-10-09T16:45,85
TOS11000093,2026-10-09T17:00,84
TOS11000093,2026-10-09T17:15,85
TOS11000093,2026-10-09T17:30,86
TOS11000093,2026-10-09T17:45,88
TOS11000093,2026-10-09T18:00,89
TOS11000093,2026-10-09T18:15,90
TOS11000093,2026-10-09T18:30,90
TOS11000093,2026-10-09T18:45,91
TOS11000093,2026-10-09T19:00,91
TOS11000093,2026-10-09T19:15,91
TOS11000093,2026-10-09T19:30,91
TOS11000093,2026-10-09T19:45,91
TOS11000093,2026-10-09T20:00,92
TOS11000093,2026-10-09T20:15,92
TOS11000093,2026-10-09T20:30,92
TOS11000093,2026-10-09T20:45,92
TOS11000093,2026-10-09T21:00,92
TOS11000093,2026-10-09T21:15,92
TOS11000093,2026-10-09T21:30,92
TOS11000093,2026-10-09T21:45,92
TOS11000093,2026-10-09T22:00,92
TOS11000093,2026-10-09T22:15,92
TOS11000093,2026-10-09T22:30,93
TOS11000093,2026-10-09T22:45,93
TOS11000093,2026-10-09T23:00,93
TOS11000093,2026-10-09T23:15,93
TOS11000093,2026-10-09T23:30,93
TOS11000093,2026-10-09T23:45,93
TOS11000094,2026-10-09T00:00,96
TOS11000094,2026-10-09T00:15,94
TOS11000094,2026-10-09T00:30,96
TOS11000094,2026-10-09T00:45,96
TOS11000094,2026-10-09T01:00,94
TOS11000094,2026-10-09T01:15,94
TOS11000094,2026-10-09T01:30,92
TOS11000094,2026-10-09T01:45,95
TOS11000094,2026-10-09T02:00,96
TOS11000094,2026-10-09T02:15,96
TOS11000094,2026-10-09T02:30,95
TOS11000094,2026-10-09T02:45,95
TOS11000094,2026-10-09T03:00,96
TOS11000094,2026-10-09T03:15,96
TOS11000094,2026-10-09T03:30,96
TOS11000094,2026-10-09T03:45,96
TOS11000094,2026-10-09T04:00,95
TOS11000094,2026-10-09T04:15,95
TOS11000094,2026-10-09T04:30,95
TOS11000094,2026-10-09T04:45,95
TOS11000094,2026-10-09T05:00,95
TOS11000094,2026-10-09T05:15,95
TOS11000094,2026-10-09T05:30,95
TOS11000094,2026-10-09T05:45,96
TOS11000094,2026-10-09T06:00,96
TOS11000094,2026-10-09T06:15,96
TOS11000094,2026-10-09T06:30,96
TOS11000094,2026-10-09T06:45,96
TOS11000094,2026-10-09T07:00,96
TOS11000094,2026-10-09T07:15,96
TOS11000094,2026-10-09T07:30,95
TOS11000094,2026-10-09T07:45,96
TOS11000094,2026-10-09T08:00,94
TOS11000094,2026-10-09T08:15,91
TOS11000094,2026-10-09T08:30,86
TOS11000094,2026-10-09T08:45,88
TOS11000094,2026-10-09T09:00,92
TOS11000094,2026-10-09T09:15,95
TOS11000094,2026-10-09T09:30,95
TOS11000094,2026-10-09T09:45,95
TOS11000094,2026-10-09T10:00,95
TOS11000094,2026-10-09T10:15,95
TOS11000094,2026-10-09T10:30,95
TOS11000094,2026-10-09T10:45,94
TOS11000094,2026-10-09T11:00,93
TOS11000094,2026-10-09T11:15,93
TOS11000094,2026-10-09T11:30,90
TOS11000094,2026-10-09T11:45,89
TOS11000094,2026-10-09T12:00,88
TOS11000094,2026-10-09T12:15,85
TOS11000094,2026-10-09T12:30,84
TOS11000094,2026-10-09T12:45,86
TOS11000094,2026-10-09T13:00,86
TOS11000094,2026-10-09T13:15,86
TOS11000094,2026-10-09T13:30,84
TOS11000094,2026-10-09T13:45,80
TOS11000094,2026-10-09T14:00,76
TOS11000094,2026-10-09T14:15,75
TOS11000094,2026-10-09T14:30,77
TOS11000094,2026-10-09T14:45,78
TOS11000094,2026-10-09T15:00,77
TOS11000094,2026-10-09T15:15,83
TOS11000094,2026-10-09T15:30,87
TOS11000094,2026-10-09T15:45,89
TOS11000094,2026-10-09T16:00,91
TOS11000094,2026-10-09T16:15,95
TOS11000094,2026-10-09T16:30,95
TOS11000094,2026-10-09T16:45,95
TOS11000094,2026-10-09T17:00,95
TOS11000094,2026-10-09T17:15,95
TOS11000094,2026-10-09T17:30,95
TOS11000094,2026-10-09T17:45,95
TOS11000094,2026-10-09T18:00,95
TOS11000094,2026-10-09T18:15,95
TOS11000094,2026-10-09T18:30,95
TOS11000094,2026-10-09T18:45,94
TOS11000094,2026-10-09T19:00,94
TOS11000094,2026-10-09T19:15,94
TOS11000094,2026-10-09T19:30,95
TOS11000094,2026-10-09T19:45,96
TOS11000094,2026-10-09T20:00,96
TOS11000094,2026-10-09T20:15,96
TOS11000094,2026-10-09T20:30,96
TOS11000094,2026-10-09T20:45,94
TOS11000094,2026-10-09T21:00,94
TOS11000094,2026-10-09T21:15,93
TOS11000094,2026-10-09T21:30,91
TOS11000094,2026-10-09T21:45,89
TOS11000094,2026-10-09T22:00,89
TOS11000094,2026-10-09T22:15,88
TOS11000094,2026-10-09T22:30,86
TOS11000094,2026-10-09T22:45,88
TOS11000094,2026-10-09T23:00,89
TOS11000094,2026-10-09T23:15,88
TOS11000094,2026-10-09T23:30,85
TOS11000094,2026-10-09T23:45,86
TOS11000096,2026-10-09T00:00,97
TOS11000096,2026-10-09T00:15,97
TOS11000096,2026-10-09T00:30,97
TOS11000096,2026-10-09T00:45,97
TOS11000096,2026-10-09T01:00,97
TOS11000096,2026-10-09T01:15,96
TOS11000096,2026-10-09T01:30,96
TOS11000096,2026-10-09T01:45,93
TOS11000096,2026-10-09T02:00,95
TOS11000096,2026-10-09T02:15,97
TOS11000096,2026-10-09T02:30,98
TOS11000096,2026-10-09T02:45,97
TOS11000096,2026-10-09T03:00,97
TOS11000096,2026-10-09T03:15,97
TOS11000096,2026-10-09T03:30,98
TOS11000096,2026-10-09T03:45,98
TOS11000096,2026-10-09T04:00,98
TOS11000096,2026-10-09T04:15,98
TOS11000096,2026-10-09T04:30,98
TOS11000096,2026-10-09T04:45,98
TOS11000096,2026-10-09T05:00,98
TOS11000096,2026-10-09T05:15,97
TOS11000096,2026-10-09T05:30,96
TOS11000096,2026-10-09T05:45,98
TOS11000096,2026-10-09T06:00,98
TOS11000096,2026-10-09T06:15,99
TOS11000096,2026-10-09T06:30,99
TOS11000096,2026-10-09T06:45,99
TOS11000096,2026-10-09T07:00,99
TOS11000096,2026-10-09T07:15,99
TOS11000096,2026-10-09T07:30,99
TOS11000096,2026-10-09T07:45,99
TOS11000096,2026-10-09T08:00,99
TOS11000096,2026-10-09T08:15,96
TOS11000096,2026-10-09T08:30,94
TOS11000096,2026-10-09T08:45,93
TOS11000096,2026-10-09T09:00,89
TOS11000096,2026-10-09T09:15,82
TOS11000096,2026-10-09T09:30,87
TOS11000096,2026-10-09T09:45,88
TOS11000096,2026-10-09T10:00,89
TOS11000096,2026-10-09T10:15,94
TOS11000096,2026-10-09T10:30,89
TOS11000096,2026-10-09T10:45,91
TOS11000096,2026-10-09T11:00,85
TOS11000096,2026-10-09T11:15,80
TOS11000096,2026-10-09T11:30,78
TOS11000096,2026-10-09T11:45,75
TOS11000096,2026-10-09T12:00,71
TOS11000096,2026-10-09T12:15,76
TOS11000096,2026-10-09T12:30,78
TOS11000096,2026-10-09T12:45,86
TOS11000096,2026-10-09T13:00,88
TOS11000096,2026-10-09T13:15,90
TOS11000096,2026-10-09T13:30,93
TOS11000096,2026-10-09T13:45,96
TOS11000096,2026-10-09T14:00,97
TOS11000096,2026-10-09T14:15,96
TOS11000096,2026-10-09T14:30,97
TOS11000096,2026-10-09T14:45,97
TOS11000096,2026-10-09T15:00,97
TOS11000096,2026-10-09T15:15,97
TOS11000096,2026-10-09T16:15,95
TOS11000096,2026-10-09T16:30,96
TOS11000097,2026-10-09T00:00,95
TOS11000097,2026-10-09T00:15,94
TOS11000097,2026-10-09T00:30,94
TOS11000097,2026-10-09T00:45,93
TOS11000097,2026-10-09T01:00,94
TOS11000097,2026-10-09T01:15,94
TOS11000097,2026-10-09T01:30,94
TOS11000097,2026-10-09T01:45,94
TOS11000097,2026-10-09T02:00,94
TOS11000097,2026-10-09T02:15,94
TOS11000097,2026-10-09T02:30,94
TOS11000097,2026-10-09T02:45,95
TOS11000097,2026-10-09T03:00,95
TOS11000097,2026-10-09T03:15,95
TOS11000097,2026-10-09T03:30,95
TOS11000097,2026-10-09T03:45,95
TOS11000097,2026-10-09T04:00,94
TOS11000097,2026-10-09T04:15,94
TOS11000097,2026-10-09T04:30,93
TOS11000097,2026-10-09T04:45,93
TOS11000097,2026-10-09T05:00,94
TOS11000097,2026-10-09T05:15,94
TOS11000097,2026-10-09T05:30,95
TOS11000097,2026-10-09T05:45,95
TOS11000097,2026-10-09T06:00,96
TOS11000097,2026-10-09T06:15,95
TOS11000097,2026-10-09T06:30,93
TOS11000097,2026-10-09T06:45,94
TOS11000097,2026-10-09T07:00,94
TOS11000097,2026-10-09T07:15,95
TOS11000097,2026-10-09T07:30,95
TOS11000097,2026-10-09T07:45,93
TOS11000097,2026-10-09T08:00,92
TOS11000097,2026-10-09T08:15,93
TOS11000097,2026-10-09T08:30,88
TOS11000097,2026-10-09T08:45,86
TOS11000097,2026-10-09T09:00,82
TOS11000097,2026-10-09T09:15,81
TOS11000097,2026-10-09T09:30,79
TOS11000097,2026-10-09T09:45,78
TOS11000097,2026-10-09T10:00,75
TOS11000097,2026-10-09T10:15,78
TOS11000097,2026-10-09T10:30,83
TOS11000097,2026-10-09T10:45,86
TOS11000097,2026-10-09T11:00,82
TOS11000097,2026-10-09T11:15,80
TOS11000097,2026-10-09T11:30,82
TOS11000097,2026-10-09T11:45,81
TOS11000097,2026-10-09T12:00,83
TOS11000097,2026-10-09T12:15,80
TOS11000097,2026-10-09T12:30,79
TOS11000097,2026-10-09T12:45,79
TOS11000097,2026-10-09T13:00,80
TOS11000097,2026-10-09T13:15,82
TOS11000097,2026-10-09T13:30,86
TOS11000097,2026-10-09T13:45,87
TOS11000097,2026-10-09T14:00,89
TOS11000097,2026-10-09T14:15,86
TOS11000097,2026-10-09T14:30,88
TOS11000097,2026-10-09T14:45,87
TOS11000097,2026-10-09T15:00,88
TOS11000097,2026-10-09T15:15,88
TOS11000097,2026-10-09T15:30,89
TOS11000097,2026-10-09T15:45,90
TOS11000097,2026-10-09T16:00,90
TOS11000097,2026-10-09T16:15,90
TOS11000097,2026-10-09T16:30,91
TOS11000097,2026-10-09T16:45,90
TOS11000097,2026-10-09T17:00,89
TOS11000097,2026-10-09T17:15,90
TOS11000097,2026-10-09T17:30,90
TOS11000097,2026-10-09T17:45,91
TOS11000097,2026-10-09T18:00,92
TOS11000097,2026-10-09T18:15,93
TOS11000097,2026-10-09T18:30,94
TOS11000097,2026-10-09T18:45,94
TOS11000097,2026-10-09T19:00,93
TOS11000097,2026-10-09T19:15,93
TOS11000097,2026-10-09T19:30,94
TOS11000097,2026-10-09T19:45,95
TOS11000097,2026-10-09T20:00,94
TOS11000097,2026-10-09T20:15,94
TOS11000097,2026-10-09T20:30,95
TOS11000097,2026-10-09T20:45,94
TOS11000097,2026-10-09T21:00,94
TOS11000097,2026-10-09T21:15,93
TOS11000097,2026-10-09T21:30,93
TOS11000097,2026-10-09T21:45,94
TOS11000097,2026-10-09T22:00,94
TOS11000097,2026-10-09T22:15,95
TOS11000097,2026-10-09T22:30,95
TOS11000097,2026-10-09T22:45,94
TOS11000097,2026-10-09T23:00,94
TOS11000097,2026-10-09T23:15,94
TOS11000097,2026-10-09T23:30,95
TOS11000097,2026-10-09T23:45,95
TOS11000100,2026-10-09T00:00,96
TOS11000100,2026-10-09T00:15,96
TOS11000100,2026-10-09T00:30,96
TOS11000100,2026-10-09T00:45,97
TOS11000100,2026-10-09T01:00,97
TOS11000100,2026-10-09T01:15,97
TOS11000100,2026-10-09T01:30,97
TOS11000100,2026-10-09T01:45,97
TOS11000100,2026-10-09T02:00,97
TOS11000100,2026-10-09T02:15,97
TOS11000100,2026-10-09T02:30,97
TOS11000100,2026-10-09T02:45,97
TOS11000100,2026-10-09T03:00,97
TOS11000100,2026-10-09T03:15,97
TOS11000100,2026-10-09T03:30,97
TOS11000100,2026-10-09T03:45,97
TOS11000100,2026-10-09T04:00,97
TOS11000100,2026-10-09T04:15,97
TOS11000100,2026-10-09T04:30,97
TOS11000100,2026-10-09T04:45,98
TOS11000100,2026-10-09T05:00,98
TOS11000100,2026-10-09T05:15,98
TOS11000100,2026-10-09T05:30,98
TOS11000100,2026-10-09T05:45,98
TOS11000100,2026-10-09T06:00,98
TOS11000100,2026-10-09T06:15,98
TOS11000100,2026-10-09T06:30,98
TOS11000100,2026-10-09T06:45,98
TOS11000100,2026-10-09T07:00,98
TOS11000100,2026-10-09T07:15,98
TOS11000100,2026-10-09T07:30,98
TOS11000100,2026-10-09T07:45,98
TOS11000100,2026-10-09T08:00,98
TOS11000100,2026-10-09T08:15,98
TOS11000100,2026-10-09T08:30,98
TOS11000100,2026-10-09T08:45,98
TOS11000100,2026-10-09T09:00,98
TOS11000100,2026-10-09T09:15,98
TOS11000100,2026-10-09T09:30,98
TOS11000100,2026-10-09T09:45,98
TOS11000100,2026-10-09T10:00,98
TOS11000100,2026-10-09T10:15,98
TOS11000100,2026-10-09T10:30,97
TOS11000100,2026-10-09T10:45,95
TOS11000100,2026-10-09T11:00,94
TOS11000100,2026-10-09T11:15,91
TOS11000100,2026-10-09T11:30,89
TOS11000100,2026-10-09T11:45,88
TOS11000100,2026-10-09T12:00,87
TOS11000100,2026-10-09T12:15,87
TOS11000100,2026-10-09T12:30,84
TOS11000100,2026-10-09T12:45,77
TOS11000100,2026-10-09T13:00,77
TOS11000100,2026-10-09T13:15,77
TOS11000100,2026-10-09T13:30,80
TOS11000100,2026-10-09T13:45,83
TOS11000100,2026-10-09T14:00,85
TOS11000100,2026-10-09T14:15,87
TOS11000100,2026-10-09T14:30,90
TOS11000100,2026-10-09T14:45,91
TOS11000100,2026-10-09T15:00,91
TOS11000100,2026-10-09T15:15,90
TOS11000100,2026-10-09T15:30,89
TOS11000100,2026-10-09T15:45,89
TOS11000100,2026-10-09T16:00,87
TOS11000100,2026-10-09T16:15,88
TOS11000100,2026-10-09T16:30,87
TOS11000100,2026-10-09T16:45,87
TOS11000100,2026-10-09T17:00,88
TOS11000100,2026-10-09T17:15,88
TOS11000100,2026-10-09T17:30,88
TOS11000100,2026-10-09T17:45,90
TOS11000100,2026-10-09T18:00,91
TOS11000100,2026-10-09T18:15,92
TOS11000100,2026-10-09T18:30,93
TOS11000100,2026-10-09T18:45,94
TOS11000100,2026-10-09T19:00,94
TOS11000100,2026-10-09T19:15,95
TOS11000100,2026-10-09T19:30,95
TOS11000100,2026-10-09T19:45,95
TOS11000100,2026-10-09T20:00,96
TOS11000100,2026-10-09T20:15,96
TOS11000100,2026-10-09T20:30,96
TOS11000100,2026-10-09T20:45,96
TOS11000100,2026-10-09T21:00,96
TOS11000100,2026-10-09T21:15,96
TOS11000100,2026-10-09T21:30,96
TOS11000100,2026-10-09T21:45,97
TOS11000100,2026-10-09T22:00,97
TOS11000100,2026-10-09T22:15,97
TOS11000100,2026-10-09T22:30,97
TOS11000100,2026-10-09T22:45,97
TOS11000100,2026-10-09T23:00,97
TOS11000100,2026-10-09T23:15,97
TOS11000100,2026-10-09T23:30,97
TOS11000100,2026-10-09T23:45,97
TOS11000102,2026-10-09T00:00,81
TOS11000102,2026-10-09T00:15,82
TOS11000102,2026-10-09T00:30,82
TOS11000102,2026-10-09T00:45,84
TOS11000102,2026-10-09T01:00,87
TOS11000102,2026-10-09T01:15,88
TOS11000102,2026-10-09T01:30,87
TOS11000102,2026-10-09T01:45,87
TOS11000102,2026-10-09T02:00,87
TOS11000102,2026-10-09T02:15,88
TOS11000102,2026-10-09T02:30,88
TOS11000102,2026-10-09T02:45,88
TOS11000102,2026-10-09T03:00,89
TOS11000102,2026-10-09T03:15,90
TOS11000102,2026-10-09T03:30,90
TOS11000102,2026-10-09T03:45,88
TOS11000102,2026-10-09T04:00,88
TOS11000102,2026-10-09T04:15,88
TOS11000102,2026-10-09T04:30,88
TOS11000102,2026-10-09T04:45,86
TOS11000102,2026-10-09T05:00,85
TOS11000102,2026-10-09T05:15,86
TOS11000102,2026-10-09T05:30,87
TOS11000102,2026-10-09T05:45,88
TOS11000102,2026-10-09T06:00,87
TOS11000102,2026-10-09T06:15,84
TOS11000102,2026-10-09T06:30,82
TOS11000102,2026-10-09T06:45,81
TOS11000102,2026-10-09T07:00,83
TOS11000102,2026-10-09T07:15,84
TOS11000102,2026-10-09T07:30,83
TOS11000102,2026-10-09T07:45,84
TOS11000102,2026-10-09T08:00,83
TOS11000102,2026-10-09T08:15,83
TOS11000102,2026-10-09T08:30,81
TOS11000102,2026-10-09T08:45,81
TOS11000102,2026-10-09T09:00,81
TOS11000102,2026-10-09T09:15,77
TOS11000102,2026-10-09T09:30,75
TOS11000102,2026-10-09T09:45,74
TOS11000102,2026-10-09T10:00,79
TOS11000102,2026-10-09T10:15,79
TOS11000102,2026-10-09T10:30,78
TOS11000102,2026-10-09T10:45,78
TOS11000102,2026-10-09T11:00,71
TOS11000102,2026-10-09T11:15,70
TOS11000102,2026-10-09T11:30,70
TOS11000102,2026-10-09T11:45,70
TOS11000102,2026-10-09T12:00,73
TOS11000102,2026-10-09T12:15,75
TOS11000102,2026-10-09T12:30,75
TOS11000102,2026-10-09T12:45,76
TOS11000102,2026-10-09T13:00,77
TOS11000102,2026-10-09T13:15,80
TOS11000102,2026-10-09T13:30,86
TOS11000102,2026-10-09T13:45,89
TOS11000102,2026-10-09T14:00,85
TOS11000102,2026-10-09T14:15,84
TOS11000102,2026-10-09T14:30,83
TOS11000102,2026-10-09T14:45,81
TOS11000102,2026-10-09T15:00,79
TOS11000102,2026-10-09T15:15,79
TOS11000102,2026-10-09T15:30,81
TOS11000102,2026-10-09T15:45,82
TOS11000102,2026-10-09T16:00,83
TOS11000102,2026-10-09T16:15,83
TOS11000102,2026-10-09T16:30,84
TOS11000102,2026-10-09T16:45,85
TOS11000102,2026-10-09T17:00,87
TOS11000102,2026-10-09T17:15,88
TOS11000102,2026-10-09T17:30,87
TOS11000102,2026-10-09T17:45,86
TOS11000102,2026-10-09T18:00,85
TOS11000102,2026-10-09T18:15,86
TOS11000102,2026-10-09T18:30,86
TOS11000102,2026-10-09T18:45,85
TOS11000102,2026-10-09T19:00,85
TOS11000102,2026-10-09T19:15,84
TOS11000102,2026-10-09T19:30,80
TOS11000102,2026-10-09T19:45,82
TOS11000102,2026-10-09T20:00,84
TOS11000102,2026-10-09T20:15,86
TOS11000102,2026-10-09T20:30,87
TOS11000102,2026-10-09T20:45,86
TOS11000102,2026-10-09T21:00,80
TOS11000102,2026-10-09T21:15,78
TOS11000102,2026-10-09T21:30,77
TOS11000102,2026-10-09T21:45,79
TOS11000102,2026-10-09T22:00,78
TOS11000102,2026-10-09T22:15,78
TOS11000102,2026-10-09T22:30,80
TOS11000102,2026-10-09T22:45,80
TOS11000102,2026-10-09T23:00,80
TOS11000102,2026-10-09T23:15,80
TOS11000102,2026-10-09T23:30,80
TOS11000102,2026-10-09T23:45,79
TOS11000106,2026-10-09T00:00,100
TOS11000106,2026-10-09T00:15,100
TOS11000106,2026-10-09T00:30,100
TOS11000106,2026-10-09T00:45,100
TOS11000106,2026-10-09T01:00,100
TOS11000106,2026-10-09T01:15,100
TOS11000106,2026-10-09T01:30,100
TOS11000106,2026-10-09T01:45,100
TOS11000106,2026-10-09T02:00,100
TOS11000106,2026-10-09T02:15,100
TOS11000106,2026-10-09T02:30,100
TOS11000106,2026-10-09T02:45,100
TOS11000106,2026-10-09T03:00,100
TOS11000106,2026-10-09T03:15,100
TOS11000106,2026-10-09T03:30,100
TOS11000106,2026-10-09T03:45,100
TOS11000106,2026-10-09T04:00,100
TOS11000106,2026-10-09T04:15,100
TOS11000106,2026-10-09T04:30,100
TOS11000106,2026-10-09T04:45,100
TOS11000106,2026-10-09T05:00,100
TOS11000106,2026-10-09T05:15,100
TOS11000106,2026-10-09T05:30,100
TOS11000106,2026-10-09T05:45,100
TOS11000106,2026-10-09T06:00,100
TOS11000106,2026-10-09T06:15,100
TOS11000106,2026-10-09T06:30,99
TOS11000106,2026-10-09T06:45,98
TOS11000106,2026-10-09T07:00,98
TOS11000106,2026-10-09T07:15,98
TOS11000106,2026-10-09T07:30,97
TOS11000106,2026-10-09T07:45,97
TOS11000106,2026-10-09T08:00,98
TOS11000106,2026-10-09T08:15,98
TOS11000106,2026-10-09T08:30,98
TOS11000106,2026-10-09T08:45,97
TOS11000106,2026-10-09T09:00,96
TOS11000106,2026-10-09T09:15,96
TOS11000106,2026-10-09T09:30,97
TOS11000106,2026-10-09T09:45,96
TOS11000106,2026-10-09T10:00,95
TOS11000106,2026-10-09T10:15,95
TOS11000106,2026-10-09T10:30,94
TOS11000106,2026-10-09T10:45,96
TOS11000106,2026-10-09T11:00,96
TOS11000106,2026-10-09T11:15,97
TOS11000106,2026-10-09T11:30,97
TOS11000106,2026-10-09T11:45,97
TOS11000106,2026-10-09T12:00,97
TOS11000106,2026-10-09T12:15,98
TOS11000106,2026-10-09T12:30,98
TOS11000106,2026-10-09T12:45,98
TOS11000106,2026-10-09T13:00,98
TOS11000106,2026-10-09T13:15,98
TOS11000106,2026-10-09T13:30,98
TOS11000106,2026-10-09T13:45,98
TOS11000106,2026-10-09T14:00,98
TOS11000106,2026-10-09T14:15,99
TOS11000106,2026-10-09T14:30,98
TOS11000106,2026-10-09T14:45,98
TOS11000106,2026-10-09T15:00,98
TOS11000106,2026-10-09T15:15,98
TOS11000106,2026-10-09T15:30,98
TOS11000106,2026-10-09T15:45,98
TOS11000106,2026-10-09T16:00,98
TOS11000106,2026-10-09T16:15,97
TOS11000106,2026-10-09T16:30,98
TOS11000106,2026-10-09T16:45,98
TOS11000106,2026-10-09T17:00,97
TOS11000106,2026-10-09T17:15,97
TOS11000106,2026-10-09T17:30,98
TOS11000106,2026-10-09T17:45,98
TOS11000106,2026-10-09T18:00,98
TOS11000106,2026-10-09T18:15,98
TOS11000106,2026-10-09T18:30,98
TOS11000106,2026-10-09T18:45,98
TOS11000106,2026-10-09T19:00,94
TOS11000106,2026-10-09T19:15,90
TOS11000106,2026-10-09T19:30,94
TOS11000106,2026-10-09T19:45,96
TOS11000106,2026-10-09T20:00,97
TOS11000106,2026-10-09T20:15,98
TOS11000106,2026-10-09T20:30,98
TOS11000106,2026-10-09T20:45,95
TOS11000106,2026-10-09T21:00,93
TOS11000106,2026-10-09T21:15,89
TOS11000106,2026-10-09T21:30,89
TOS11000106,2026-10-09T21:45,84
TOS11000106,2026-10-09T22:00,84
TOS11000106,2026-10-09T22:15,80
TOS11000106,2026-10-09T22:30,86
TOS11000106,2026-10-09T22:45,77
TOS11000106,2026-10-09T23:00,72
TOS11000106,2026-10-09T23:15,71
TOS11000106,2026-10-09T23:30,68
TOS11000106,2026-10-09T23:45,64
TOS11000504,2026-10-09T00:00,91
TOS11000504,2026-10-09T00:15,91
TOS11000504,2026-10-09T00:30,91
TOS11000504,2026-10-09T00:45,92
TOS11000504,2026-10-09T01:00,92
TOS11000504,2026-10-09T01:15,92
TOS11000504,2026-10-09T01:30,92
TOS11000504,2026-10-09T01:45,92
TOS11000504,2026-10-09T02:00,92
TOS11000504,2026-10-09T02:15,93
TOS11000504,2026-10-09T02:30,93
TOS11000504,2026-10-09T02:45,93
TOS11000504,2026-10-09T03:00,93
TOS11000504,2026-10-09T03:15,93
TOS11000504,2026-10-09T03:30,93
TOS11000504,2026-10-09T03:45,93
TOS11000504,2026-10-09T04:00,93
TOS11000504,2026-10-09T04:15,94
TOS11000504,2026-10-09T04:30,94
TOS11000504,2026-10-09T04:45,94
TOS11000504,2026-10-09T05:00,94
TOS11000504,2026-10-09T05:15,94
TOS11000504,2026-10-09T05:30,94
TOS11000504,2026-10-09T05:45,94
TOS11000504,2026-10-09T06:00,94
TOS11000504,2026-10-09T06:15,94
TOS11000504,2026-10-09T06:30,94
TOS11000504,2026-10-09T06:45,94
TOS11000504,2026-10-09T07:00,94
TOS11000504,2026-10-09T07:15,94
TOS11000504,2026-10-09T07:30,94
TOS11000504,2026-10-09T07:45,94
TOS11000504,2026-10-09T08:00,94
TOS11000504,2026-10-09T08:15,94
TOS11000504,2026-10-09T08:30,95
TOS11000504,2026-10-09T08:45,95
TOS11000504,2026-10-09T09:00,94
TOS11000504,2026-10-09T09:15,94
TOS11000504,2026-10-09T09:30,94
TOS11000504,2026-10-09T09:45,94
TOS11000504,2026-10-09T10:00,93
TOS11000504,2026-10-09T10:15,92
TOS11000504,2026-10-09T10:30,90
TOS11000504,2026-10-09T10:45,86
TOS11000504,2026-10-09T11:00,82
TOS11000504,2026-10-09T11:15,82
TOS11000504,2026-10-09T11:30,80
TOS11000504,2026-10-09T11:45,79
TOS11000504,2026-10-09T12:00,79
TOS11000504,2026-10-09T12:15,76
TOS11000504,2026-10-09T12:30,73
TOS11000504,2026-10-09T12:45,72
TOS11000504,2026-10-09T13:00,71
TOS11000504,2026-10-09T13:15,71
TOS11000504,2026-10-09T13:30,72
TOS11000504,2026-10-09T13:45,75
TOS11000504,2026-10-09T14:00,79
TOS11000504,2026-10-09T14:15,82
TOS11000504,2026-10-09T14:30,82
TOS11000504,2026-10-09T14:45,83
TOS11000504,2026-10-09T15:00,85
TOS11000504,2026-10-09T15:15,87
TOS11000504,2026-10-09T15:30,84
TOS11000504,2026-10-09T15:45,83
TOS11000504,2026-10-09T16:00,82
TOS11000504,2026-10-09T16:15,83
TOS11000504,2026-10-09T16:30,82
TOS11000504,2026-10-09T16:45,82
TOS11000504,2026-10-09T17:00,82
TOS11000504,2026-10-09T17:15,83
TOS11000504,2026-10-09T17:30,83
TOS11000504,2026-10-09T17:45,85
TOS11000504,2026-10-09T18:00,86
TOS11000504,2026-10-09T18:15,83
TOS11000504,2026-10-09T18:30,76
TOS11000504,2026-10-09T18:45,74
TOS11000504,2026-10-09T19:00,73
TOS11000504,2026-10-09T19:15,72
TOS11000504,2026-10-09T19:30,72
TOS11000504,2026-10-09T19:45,71
TOS11000504,2026-10-09T20:00,70
TOS11000504,2026-10-09T20:15,70
TOS11000504,2026-10-09T20:30,71
TOS11000504,2026-10-09T20:45,71
TOS11000504,2026-10-09T21:00,73
TOS11000504,2026-10-09T21:15,79
TOS11000504,2026-10-09T21:30,79
TOS11000504,2026-10-09T21:45,78
TOS11000504,2026-10-09T22:00,78
TOS11000504,2026-10-09T22:15,79
TOS11000504,2026-10-09T22:30,81
TOS11000504,2026-10-09T22:45,81
TOS11000504,2026-10-09T23:00,83
TOS11000504,2026-10-09T23:15,84
TOS11000504,2026-10-09T23:30,82
TOS11000504,2026-10-09T23:45,81
TOS11000505,2026-10-09T00:00,92
TOS11000505,2026-10-09T00:15,92
TOS11000505,2026-10-09T00:30,92
TOS11000505,2026-10-09T00:45,92
TOS11000505,2026-10-09T01:00,91
TOS11000505,2026-10-09T01:15,91
TOS11000505,2026-10-09T01:30,92
TOS11000505,2026-10-09T01:45,92
TOS11000505,2026-10-09T02:00,93
TOS11000505,2026-10-09T02:15,93
TOS11000505,2026-10-09T02:30,93
TOS11000505,2026-10-09T02:45,93
TOS11000505,2026-10-09T03:00,93
TOS11000505,2026-10-09T03:15,93
TOS11000505,2026-10-09T03:30,93
TOS11000505,2026-10-09T03:45,93
TOS11000505,2026-10-09T04:00,94
TOS11000505,2026-10-09T04:15,94
TOS11000505,2026-10-09T04:30,94
TOS11000505,2026-10-09T04:45,94
TOS11000505,2026-10-09T05:00,95
TOS11000505,2026-10-09T05:15,95
TOS11000505,2026-10-09T05:30,94
TOS11000505,2026-10-09T05:45,94
TOS11000505,2026-10-09T06:00,94
TOS11000505,2026-10-09T06:15,94
TOS11000505,2026-10-09T06:30,94
TOS11000505,2026-10-09T06:45,94
TOS11000505,2026-10-09T07:00,95
TOS11000505,2026-10-09T07:15,94
TOS11000505,2026-10-09T07:30,95
TOS11000505,2026-10-09T07:45,95
TOS11000505,2026-10-09T08:00,95
TOS11000505,2026-10-09T08:15,96
TOS11000505,2026-10-09T08:30,96
TOS11000505,2026-10-09T08:45,95
TOS11000505,2026-10-09T09:00,95
TOS11000505,2026-10-09T09:15,95
TOS11000505,2026-10-09T09:30,94
TOS11000505,2026-10-09T09:45,92
TOS11000505,2026-10-09T10:00,88
TOS11000505,2026-10-09T10:15,85
TOS11000505,2026-10-09T10:30,85
TOS11000505,2026-10-09T10:45,83
TOS11000505,2026-10-09T11:00,81
TOS11000505,2026-10-09T11:15,79
TOS11000505,2026-10-09T11:30,78
TOS11000505,2026-10-09T11:45,79
TOS11000505,2026-10-09T12:00,78
TOS11000505,2026-10-09T12:15,77
TOS11000505,2026-10-09T12:30,75
TOS11000505,2026-10-09T12:45,72
TOS11000505,2026-10-09T13:00,71
TOS11000505,2026-10-09T13:15,72
TOS11000505,2026-10-09T13:30,71
TOS11000505,2026-10-09T13:45,73
TOS11000505,2026-10-09T14:00,76
TOS11000505,2026-10-09T14:15,73
TOS11000505,2026-10-09T14:30,77
TOS11000505,2026-10-09T14:45,81
TOS11000505,2026-10-09T15:00,83
TOS11000505,2026-10-09T15:15,79
TOS11000505,2026-10-09T15:30,77
TOS11000505,2026-10-09T15:45,77
TOS11000505,2026-10-09T16:00,74
TOS11000505,2026-10-09T16:15,69
TOS11000505,2026-10-09T16:30,64
TOS11000505,2026-10-09T16:45,63
TOS11000505,2026-10-09T17:00,61
TOS11000505,2026-10-09T17:15,60
TOS11000505,2026-10-09T17:30,59
TOS11000505,2026-10-09T17:45,59
TOS11000505,2026-10-09T18:00,59
TOS11000505,2026-10-09T18:15,59
TOS11000505,2026-10-09T18:30,60
TOS11000505,2026-10-09T18:45,60
TOS11000505,2026-10-09T19:00,62
TOS11000505,2026-10-09T19:15,64
TOS11000505,2026-10-09T19:30,65
TOS11000505,2026-10-09T19:45,65
TOS11000505,2026-10-09T20:00,67
TOS11000505,2026-10-09T20:15,69
TOS11000505,2026-10-09T20:30,70
TOS11000505,2026-10-09T20:45,70
TOS11000505,2026-10-09T21:00,72
TOS11000505,2026-10-09T21:15,73
TOS11000505,2026-10-09T21:30,71
TOS11000505,2026-10-09T21:45,73
TOS11000505,2026-10-09T22:00,75
TOS11000505,2026-10-09T22:15,74
TOS11000505,2026-10-09T22:30,77
TOS11000505,2026-10-09T22:45,79
TOS11000505,2026-10-09T23:00,80
TOS11000505,2026-10-09T23:15,85
TOS11000505,2026-10-09T23:30,87
TOS11000505,2026-10-09T23:45,87
TOS11000507,2026-10-09T00:00,84
TOS11000507,2026-10-09T00:15,85
TOS11000507,2026-10-09T00:30,85
TOS11000507,2026-10-09T00:45,84
TOS11000507,2026-10-09T01:00,83
TOS11000507,2026-10-09T01:15,82
TOS11000507,2026-10-09T01:30,82
TOS11000507,2026-10-09T01:45,82
TOS11000507,2026-10-09T02:00,82
TOS11000507,2026-10-09T02:15,81
TOS11000507,2026-10-09T02:30,81
TOS11000507,2026-10-09T02:45,81
TOS11000507,2026-10-09T03:00,81
TOS11000507,2026-10-09T03:15,82
TOS11000507,2026-10-09T03:30,82
TOS11000507,2026-10-09T03:45,81
TOS11000507,2026-10-09T04:00,81
TOS11000507,2026-10-09T04:15,81
TOS11000507,2026-10-09T04:30,81
TOS11000507,2026-10-09T04:45,82
TOS11000507,2026-10-09T05:00,82
TOS11000507,2026-10-09T05:15,82
TOS11000507,2026-10-09T05:30,82
TOS11000507,2026-10-09T05:45,82
TOS11000507,2026-10-09T06:00,82
TOS11000507,2026-10-09T06:15,82
TOS11000507,2026-10-09T06:30,82
TOS11000507,2026-10-09T06:45,82
TOS11000507,2026-10-09T07:00,82
TOS11000507,2026-10-09T07:15,82
TOS11000507,2026-10-09T07:30,82
TOS11000507,2026-10-09T07:45,82
TOS11000507,2026-10-09T08:00,82
TOS11000507,2026-10-09T08:15,82
TOS11000507,2026-10-09T08:30,82
TOS11000507,2026-10-09T08:45,82
TOS11000507,2026-10-09T09:00,82
TOS11000507,2026-10-09T09:15,82
TOS11000507,2026-10-09T09:30,83
TOS11000507,2026-10-09T09:45,83
TOS11000507,2026-10-09T10:00,82
TOS11000507,2026-10-09T10:15,82
TOS11000507,2026-10-09T10:30,82
TOS11000507,2026-10-09T10:45,83
TOS11000507,2026-10-09T11:00,87
TOS11000507,2026-10-09T11:15,84
TOS11000507,2026-10-09T11:30,80
TOS11000507,2026-10-09T11:45,79
TOS11000507,2026-10-09T12:00,79
TOS11000507,2026-10-09T12:15,79
TOS11000507,2026-10-09T12:30,78
TOS11000507,2026-10-09T12:45,76
TOS11000507,2026-10-09T13:00,76
TOS11000507,2026-10-09T13:15,78
TOS11000507,2026-10-09T13:30,82
TOS11000507,2026-10-09T13:45,82
TOS11000507,2026-10-09T14:00,80
TOS11000507,2026-10-09T14:15,79
TOS11000507,2026-10-09T14:30,77
TOS11000507,2026-10-09T14:45,75
TOS11000507,2026-10-09T15:00,74
TOS11000507,2026-10-09T15:15,71
TOS11000507,2026-10-09T15:30,69
TOS11000507,2026-10-09T15:45,68
TOS11000507,2026-10-09T16:00,71
TOS11000507,2026-10-09T16:15,72
TOS11000507,2026-10-09T16:30,65
TOS11000507,2026-10-09T16:45,64
TOS11000507,2026-10-09T17:00,65
TOS11000507,2026-10-09T17:15,67
TOS11000507,2026-10-09T17:30,66
TOS11000507,2026-10-09T17:45,66
TOS11000507,2026-10-09T18:00,66
TOS11000507,2026-10-09T18:15,67
TOS11000507,2026-10-09T18:30,67
TOS11000507,2026-10-09T18:45,68
TOS11000507,2026-10-09T19:00,68
TOS11000507,2026-10-09T19:15,68
TOS11000507,2026-10-09T19:30,73
TOS11000507,2026-10-09T19:45,70
TOS11000507,2026-10-09T20:00,69
TOS11000507,2026-10-09T20:15,72
TOS11000507,2026-10-09T20:30,72
TOS11000507,2026-10-09T20:45,69
TOS11000507,2026-10-09T21:00,72
TOS11000507,2026-10-09T21:15,75
TOS11000507,2026-10-09T21:30,75
TOS11000507,2026-10-09T21:45,73
TOS11000507,2026-10-09T22:00,74
TOS11000507,2026-10-09T22:15,75
TOS11000507,2026-10-09T22:30,72
TOS11000507,2026-10-09T22:45,77
TOS11000507,2026-10-09T23:00,80
TOS11000507,2026-10-09T23:15,79
TOS11000507,2026-10-09T23:30,79
TOS11000507,2026-10-09T23:45,81
TOS11000512,2026-10-09T00:00,93
TOS11000512,2026-10-09T00:15,94
TOS11000512,2026-10-09T00:30,94
TOS11000512,2026-10-09T00:45,93
TOS11000512,2026-10-09T01:00,87
TOS11000512,2026-10-09T01:15,91
TOS11000512,2026-10-09T01:30,93
TOS11000512,2026-10-09T01:45,94
TOS11000512,2026-10-09T02:00,95
TOS11000512,2026-10-09T02:15,95
TOS11000512,2026-10-09T02:30,95
TOS11000512,2026-10-09T02:45,95
TOS11000512,2026-10-09T03:00,95
TOS11000512,2026-10-09T03:15,94
TOS11000512,2026-10-09T03:30,94
TOS11000512,2026-10-09T03:45,94
TOS11000512,2026-10-09T04:00,95
TOS11000512,2026-10-09T04:15,95
TOS11000512,2026-10-09T04:30,95
TOS11000512,2026-10-09T04:45,96
TOS11000512,2026-10-09T05:00,96
TOS11000512,2026-10-09T05:15,96
TOS11000512,2026-10-09T05:30,96
TOS11000512,2026-10-09T05:45,96
TOS11000512,2026-10-09T06:00,96
TOS11000512,2026-10-09T06:15,96
TOS11000512,2026-10-09T06:30,97
TOS11000512,2026-10-09T06:45,97
TOS11000512,2026-10-09T07:00,97
TOS11000512,2026-10-09T07:15,97
TOS11000512,2026-10-09T07:30,98
TOS11000512,2026-10-09T07:45,98
TOS11000512,2026-10-09T08:00,98
TOS11000512,2026-10-09T08:15,97
TOS11000512,2026-10-09T08:30,97
TOS11000512,2026-10-09T08:45,97
TOS11000512,2026-10-09T09:00,97
TOS11000512,2026-10-09T09:15,96
TOS11000512,2026-10-09T09:30,96
TOS11000512,2026-10-09T09:45,97
TOS11000512,2026-10-09T10:00,93
TOS11000512,2026-10-09T10:15,89
TOS11000512,2026-10-09T10:30,89
TOS11000512,2026-10-09T10:45,89
TOS11000512,2026-10-09T11:00,88
TOS11000512,2026-10-09T11:15,86
TOS11000512,2026-10-09T11:30,84
TOS11000512,2026-10-09T11:45,88
TOS11000512,2026-10-09T12:00,88
TOS11000512,2026-10-09T12:15,88
TOS11000512,2026-10-09T12:30,81
TOS11000512,2026-10-09T12:45,82
TOS11000512,2026-10-09T13:00,76
TOS11000512,2026-10-09T13:15,75
TOS11000512,2026-10-09T13:30,75
TOS11000512,2026-10-09T13:45,78
TOS11000512,2026-10-09T14:00,81
TOS11000512,2026-10-09T14:15,81
TOS11000512,2026-10-09T14:30,80
TOS11000512,2026-10-09T14:45,79
TOS11000512,2026-10-09T15:00,77
TOS11000512,2026-10-09T15:15,77
TOS11000512,2026-10-09T15:30,73
TOS11000512,2026-10-09T15:45,76
TOS11000512,2026-10-09T16:00,72
TOS11000512,2026-10-09T16:15,70
TOS11000512,2026-10-09T16:30,63
TOS11000512,2026-10-09T16:45,69
TOS11000512,2026-10-09T17:00,74
TOS11000512,2026-10-09T17:15,76
TOS11000512,2026-10-09T17:30,79
TOS11000512,2026-10-09T17:45,78
TOS11000512,2026-10-09T18:00,77
TOS11000512,2026-10-09T18:15,78
TOS11000512,2026-10-09T18:30,85
TOS11000512,2026-10-09T18:45,88
TOS11000512,2026-10-09T19:00,88
TOS11000512,2026-10-09T19:15,85
TOS11000512,2026-10-09T19:30,77
TOS11000512,2026-10-09T19:45,75
TOS11000512,2026-10-09T20:00,77
TOS11000512,2026-10-09T20:15,69
TOS11000512,2026-10-09T20:30,69
TOS11000512,2026-10-09T20:45,69
TOS11000512,2026-10-09T21:00,74
TOS11000512,2026-10-09T21:15,78
TOS11000512,2026-10-09T21:30,75
TOS11000512,2026-10-09T21:45,77
TOS11000512,2026-10-09T22:00,77
TOS11000512,2026-10-09T22:15,82
TOS11000512,2026-10-09T22:30,81
TOS11000512,2026-10-09T22:45,84
TOS11000512,2026-10-09T23:00,82
TOS11000512,2026-10-09T23:15,82
TOS11000512,2026-10-09T23:30,82
TOS11000512,2026-10-09T23:45,80
