stazione,ora,umidita
TOS01000025,2026-10-04T00:00,41
TOS01000025,2026-10-04T00:15,41
TOS01000025,2026-10-04T00:30,42
TOS01000025,2026-10-04T00:45,42
TOS01000025,2026-10-04T01:00,42
TOS01000025,2026-10-04T01:15,42
TOS01000025,2026-10-04T01:30,43
TOS01000025,2026-10-04T01:45,43
TOS01000025,2026-10-04T02:00,43
TOS01000025,2026-10-04T02:15,44
TOS01000025,2026-10-04T02:30,44
TOS01000025,2026-10-04T02:45,44
TOS01000025,2026-10-04T03:00,45
TOS01000025,2026-10-04T03:15,44
TOS01000025,2026-10-04T03:30,44
TOS01000025,2026-10-04T03:45,44
TOS01000025,2026-10-04T04:00,44
TOS01000025,2026-10-04T04:15,44
TOS01000025,2026-10-04T04:30,44
TOS01000025,2026-10-04T04:45,44
TOS01000025,2026-10-04T05:00,45
TOS01000025,2026-10-04T05:15,45
TOS01000025,2026-10-04T05:30,45
TOS01000025,2026-10-04T05:45,44
TOS01000025,2026-10-04T06:00,45
TOS01000025,2026-10-04T06:15,45
TOS01000025,2026-10-04T06:30,45
TOS01000025,2026-10-04T06:45,45
TOS01000025,2026-10-04T07:00,46
TOS01000025,2026-10-04T07:15,46
TOS01000025,2026-10-04T07:30,47
TOS01000025,2026-10-04T07:45,47
TOS01000025,2026-10-04T08:00,49
TOS01000025,2026-10-04T08:15,49
TOS01000025,2026-10-04T08:30,48
TOS01000025,2026-10-04T08:45,48
TOS01000025,2026-10-04T09:00,48
TOS01000025,2026-10-04T09:15,46
TOS01000025,2026-10-04T09:30,44
TOS01000025,2026-10-04T09:45,43
TOS01000025,2026-10-04T10:00,43
TOS01000025,2026-10-04T10:15,45
TOS01000025,2026-10-04T10:30,46
TOS01000025,2026-10-04T10:45,46
TOS01000025,2026-10-04T11:00,48
TOS01000025,2026-10-04T11:15,46
TOS01000025,2026-10-04T11:30,43
TOS01000025,2026-10-04T11:45,42
TOS01000025,2026-10-04T12:00,42
TOS01000025,2026-10-04T12:15,42
TOS01000025,2026-10-04T12:30,42
TOS01000025,2026-10-04T12:45,43
TOS01000025,2026-10-04T13:00,44
TOS01000025,2026-10-04T13:15,43
TOS01000025,2026-10-04T13:30,43
TOS01000025,2026-10-04T13:45,43
TOS01000025,2026-10-04T14:00,45
TOS01000025,2026-10-04T14:15,49
TOS01000025,2026-10-04T14:30,54
TOS01000025,2026-10-04T14:45,57
TOS01000025,2026-10-04T15:00,58
TOS01000025,2026-10-04T15:15,60
TOS01000025,2026-10-04T15:30,60
TOS01000025,2026-10-04T15:45,59
TOS01000025,2026-10-04T16:00,57
TOS01000025,2026-10-04T16:15,57
TOS01000025,2026-10-04T16:30,56
TOS01000025,2026-10-04T16:45,58
TOS01000025,2026-10-04T17:00,60
TOS01000025,2026-10-04T17:15,61
TOS01000025,2026-10-04T17:30,64
TOS01000025,2026-10-04T17:45,68
TOS01000025,2026-10-04T18:00,72
TOS01000025,2026-10-04T18:15,75
TOS01000025,2026-10-04T18:30,77
TOS01000025,2026-10-04T18:45,76
TOS01000025,2026-10-04T19:00,77
TOS01000025,2026-10-04T19:15,80
TOS01000025,2026-10-04T19:30,77
TOS01000025,2026-10-04T19:45,76
TOS01000025,2026-10-04T20:00,73
TOS01000025,2026-10-04T20:15,67
TOS01000025,2026-10-04T20:30,63
TOS01000025,2026-10-04T20:45,60
TOS01000025,2026-10-04T21:00,59
TOS01000025,2026-10-04T21:15,63
TOS01000025,2026-10-04T21:30,60
TOS01000025,2026-10-04T21:45,61
TOS01000025,2026-10-04T22:00,59
TOS01000025,2026-10-04T22:15,59
TOS01000025,2026-10-04T22:30,58
TOS01000025,2026-10-04T22:45,59
TOS01000025,2026-10-04T23:00,58
TOS01000025,2026-10-04T23:15,59
TOS01000025,2026-10-04T23:30,53
TOS01000025,2026-10-04T23:45,52
TOS01000056,2026-10-04T00:00,49
TOS01000056,2026-10-04T00:15,49
TOS01000056,2026-10-04T00:30,49
TOS01000056,2026-10-04T00:45,49
TOS01000056,2026-10-04T01:00,49
TOS01000056,2026-10-04T01:15,50
TOS01000056,2026-10-04T01:30,50
TOS01000056,2026-10-04T01:45,49
TOS01000056,2026-10-04T02:00,50
TOS01000056,2026-10-04T02:15,50
TOS01000056,2026-10-04T02:30,50
TOS01000056,2026-10-04T02:45,50
TOS01000056,2026-10-04T03:00,50
TOS01000056,2026-10-04T03:15,50
TOS01000056,2026-10-04T03:30,50
TOS01000056,2026-10-04T03:45,51
TOS01000056,2026-10-04T04:00,51
TOS01000056,2026-10-04T04:15,51
TOS01000056,2026-10-04T04:30,51
TOS01000056,2026-10-04T04:45,51
TOS01000056,2026-10-04T05:00,50
TOS01000056,2026-10-04T05:15,49
TOS01000056,2026-10-04T05:30,49
TOS01000056,2026-10-04T05:45,50
TOS01000056,2026-10-04T06:00,50
TOS01000056,2026-10-04T06:15,51
TOS01000056,2026-10-04T06:30,52
TOS01000056,2026-10-04T06:45,53
TOS01000056,2026-10-04T07:00,53
TOS01000056,2026-10-04T07:15,53
TOS01000056,2026-10-04T07:30,52
TOS01000056,2026-10-04T07:45,53
TOS01000056,2026-10-04T08:00,53
TOS01000056,2026-10-04T08:15,53
TOS01000056,2026-10-04T08:30,54
TOS01000056,2026-10-04T08:45,54
TOS01000056,2026-10-04T09:00,53
TOS01000056,2026-10-04T09:15,54
TOS01000056,2026-10-04T09:30,54
TOS01000056,2026-10-04T09:45,56
TOS01000056,2026-10-04T10:00,54
TOS01000056,2026-10-04T10:15,53
TOS01000056,2026-10-04T10:30,54
TOS01000056,2026-10-04T10:45,54
TOS01000056,2026-10-04T11:00,54
TOS01000056,2026-10-04T11:15,57
TOS01000056,2026-10-04T11:30,57
TOS01000056,2026-10-04T11:45,56
TOS01000056,2026-10-04T12:00,55
TOS01000056,2026-10-04T12:15,54
TOS01000056,2026-10-04T12:30,53
TOS01000056,2026-10-04T12:45,55
TOS01000056,2026-10-04T13:00,55
TOS01000056,2026-10-04T13:15,54
TOS01000056,2026-10-04T13:30,54
TOS01000056,2026-10-04T13:45,54
TOS01000056,2026-10-04T14:00,54
TOS01000056,2026-10-04T14:15,55
TOS01000056,2026-10-04T14:30,57
TOS01000056,2026-10-04T14:45,61
TOS01000056,2026-10-04T15:00,64
TOS01000056,2026-10-04T15:15,65
TOS01000056,2026-10-04T15:30,66
TOS01000056,2026-10-04T15:45,66
TOS01000056,2026-10-04T16:00,64
TOS01000056,2026-10-04T16:15,63
TOS01000056,2026-10-04T16:30,64
TOS01000056,2026-10-04T16:45,64
TOS01000056,2026-10-04T17:00,64
TOS01000056,2026-10-04T17:15,66
TOS01000056,2026-10-04T17:30,67
TOS01000056,2026-10-04T17:45,72
TOS01000056,2026-10-04T18:00,73
TOS01000056,2026-10-04T18:15,73
TOS01000056,2026-10-04T18:30,74
TOS01000056,2026-10-04T18:45,72
TOS01000056,2026-10-04T19:00,53
TOS01000056,2026-10-04T19:15,54
TOS01000056,2026-10-04T19:30,50
TOS01000056,2026-10-04T19:45,50
TOS01000056,2026-10-04T20:00,50
TOS01000056,2026-10-04T20:15,51
TOS01000056,2026-10-04T20:30,51
TOS01000056,2026-10-04T20:45,51
TOS01000056,2026-10-04T21:00,52
TOS01000056,2026-10-04T21:15,51
TOS01000056,2026-10-04T21:30,52
TOS01000056,2026-10-04T21:45,54
TOS01000056,2026-10-04T22:00,57
TOS01000056,2026-10-04T22:15,59
TOS01000056,2026-10-04T22:30,59
TOS01000056,2026-10-04T22:45,56
TOS01000056,2026-10-04T23:00,55
TOS01000056,2026-10-04T23:15,57
TOS01000056,2026-10-04T23:30,60
TOS01000056,2026-10-04T23:45,61
TOS01001205,2026-10-04T00:00,48
TOS01001205,2026-10-04T00:15,49
TOS01001205,2026-10-04T00:30,50
TOS01001205,2026-10-04T00:45,50
TOS01001205,2026-10-04T01:00,50
TOS01001205,2026-10-04T01:15,49
TOS01001205,2026-10-04T01:30,50
TOS01001205,2026-10-04T01:45,52
TOS01001205,2026-10-04T02:00,52
TOS01001205,2026-10-04T02:15,51
TOS01001205,2026-10-04T02:30,52
TOS01001205,2026-10-04T02:45,53
TOS01001205,2026-10-04T03:00,54
TOS01001205,2026-10-04T03:15,55
TOS01001205,2026-10-04T03:30,56
TOS01001205,2026-10-04T03:45,57
TOS01001205,2026-10-04T04:00,57
TOS01001205,2026-10-04T04:15,57
TOS01001205,2026-10-04T04:30,58
TOS01001205,2026-10-04T04:45,58
TOS01001205,2026-10-04T05:00,58
TOS01001205,2026-10-04T05:15,58
TOS01001205,2026-10-04T05:30,59
TOS01001205,2026-10-04T05:45,61
TOS01001205,2026-10-04T06:00,66
TOS01001205,2026-10-04T06:15,61
TOS01001205,2026-10-04T06:30,62
TOS01001205,2026-10-04T06:45,62
TOS01001205,2026-10-04T07:00,62
TOS01001205,2026-10-04T07:15,62
TOS01001205,2026-10-04T07:30,66
TOS01001205,2026-10-04T07:45,61
TOS01001205,2026-10-04T08:00,60
TOS01001205,2026-10-04T08:15,59
TOS01001205,2026-10-04T08:30,61
TOS01001205,2026-10-04T08:45,59
TOS01001205,2026-10-04T09:00,57
TOS01001205,2026-10-04T09:15,54
TOS01001205,2026-10-04T09:30,52
TOS01001205,2026-10-04T09:45,50
TOS01001205,2026-10-04T10:00,47
TOS01001205,2026-10-04T10:15,46
TOS01001205,2026-10-04T10:30,45
TOS01001205,2026-10-04T10:45,44
TOS01001205,2026-10-04T11:00,42
TOS01001205,2026-10-04T11:15,40
TOS01001205,2026-10-04T11:30,39
TOS01001205,2026-10-04T11:45,38
TOS01001205,2026-10-04T12:00,39
TOS01001205,2026-10-04T12:15,39
TOS01001205,2026-10-04T12:30,38
TOS01001205,2026-10-04T12:45,37
TOS01001205,2026-10-04T13:00,37
TOS01001205,2026-10-04T13:15,36
TOS01001205,2026-10-04T13:30,36
TOS01001205,2026-10-04T13:45,36
TOS01001205,2026-10-04T14:00,36
TOS01001205,2026-10-04T14:15,36
TOS01001205,2026-10-04T14:30,36
TOS01001205,2026-10-04T14:45,36
TOS01001205,2026-10-04T15:00,36
TOS01001205,2026-10-04T15:15,36
TOS01001205,2026-10-04T15:30,36
TOS01001205,2026-10-04T15:45,36
TOS01001205,2026-10-04T16:00,36
TOS01001205,2026-10-04T16:15,36
TOS01001205,2026-10-04T16:30,37
TOS01001205,2026-10-04T16:45,38
TOS01001205,2026-10-04T17:00,39
TOS01001205,2026-10-04T17:15,39
TOS01001205,2026-10-04T17:30,39
TOS01001205,2026-10-04T17:45,40
TOS01001205,2026-10-04T18:00,44
TOS01001205,2026-10-04T18:15,48
TOS01001205,2026-10-04T18:30,50
TOS01001205,2026-10-04T18:45,52
TOS01001205,2026-10-04T19:00,53
TOS01001205,2026-10-04T19:15,55
TOS01001205,2026-10-04T19:30,54
TOS01001205,2026-10-04T19:45,53
TOS01001205,2026-10-04T20:00,53
TOS01001205,2026-10-04T20:15,53
TOS01001205,2026-10-04T20:30,53
TOS01001205,2026-10-04T20:45,52
TOS01001205,2026-10-04T21:00,52
TOS01001205,2026-10-04T21:15,52
TOS01001205,2026-10-04T21:30,55
TOS01001205,2026-10-04T21:45,55
TOS01001205,2026-10-04T22:00,56
TOS01001205,2026-10-04T22:15,55
TOS01001205,2026-10-04T22:30,56
TOS01001205,2026-10-04T22:45,58
TOS01001205,2026-10-04T23:00,61
TOS01001205,2026-10-04T23:15,61
TOS01001205,2026-10-04T23:30,61
TOS01001205,2026-10-04T23:45,61
TOS01001263,2026-10-04T00:00,47
TOS01001263,2026-10-04T00:15,47
TOS01001263,2026-10-04T00:30,46
TOS01001263,2026-10-04T00:45,47
TOS01001263,2026-10-04T01:00,46
TOS01001263,2026-10-04T01:15,46
TOS01001263,2026-10-04T01:30,46
TOS01001263,2026-10-04T01:45,46
TOS01001263,2026-10-04T02:00,46
TOS01001263,2026-10-04T02:15,46
TOS01001263,2026-10-04T02:30,47
TOS01001263,2026-10-04T02:45,47
TOS01001263,2026-10-04T03:00,47
TOS01001263,2026-10-04T03:15,47
TOS01001263,2026-10-04T03:30,48
TOS01001263,2026-10-04T03:45,48
TOS01001263,2026-10-04T04:00,48
TOS01001263,2026-10-04T04:15,47
TOS01001263,2026-10-04T04:30,47
TOS01001263,2026-10-04T04:45,47
TOS01001263,2026-10-04T05:00,48
TOS01001263,2026-10-04T05:15,48
TOS01001263,2026-10-04T05:30,47
TOS01001263,2026-10-04T05:45,46
TOS01001263,2026-10-04T06:00,46
TOS01001263,2026-10-04T06:15,47
TOS01001263,2026-10-04T06:30,46
TOS01001263,2026-10-04T06:45,46
TOS01001263,2026-10-04T07:00,46
TOS01001263,2026-10-04T07:15,47
TOS01001263,2026-10-04T07:30,49
TOS01001263,2026-10-04T07:45,47
TOS01001263,2026-10-04T08:00,45
TOS01001263,2026-10-04T08:15,44
TOS01001263,2026-10-04T08:30,43
TOS01001263,2026-10-04T08:45,45
TOS01001263,2026-10-04T09:00,46
TOS01001263,2026-10-04T09:15,44
TOS01001263,2026-10-04T09:30,48
TOS01001263,2026-10-04T09:45,48
TOS01001263,2026-10-04T10:00,47
TOS01001263,2026-10-04T10:15,45
TOS01001263,2026-10-04T10:30,47
TOS01001263,2026-10-04T10:45,46
TOS01001263,2026-10-04T11:00,45
TOS01001263,2026-10-04T11:15,44
TOS01001263,2026-10-04T11:30,42
TOS01001263,2026-10-04T11:45,39
TOS01001263,2026-10-04T12:00,37
TOS01001263,2026-10-04T12:15,37
TOS01001263,2026-10-04T12:30,36
TOS01001263,2026-10-04T12:45,36
TOS01001263,2026-10-04T13:00,37
TOS01001263,2026-10-04T13:15,37
TOS01001263,2026-10-04T13:30,37
TOS01001263,2026-10-04T13:45,37
TOS01001263,2026-10-04T14:00,37
TOS01001263,2026-10-04T14:15,38
TOS01001263,2026-10-04T14:30,40
TOS01001263,2026-10-04T14:45,40
TOS01001263,2026-10-04T15:00,40
TOS01001263,2026-10-04T15:15,41
TOS01001263,2026-10-04T15:30,42
TOS01001263,2026-10-04T15:45,43
TOS01001263,2026-10-04T16:00,44
TOS01001263,2026-10-04T16:15,44
TOS01001263,2026-10-04T16:30,45
TOS01001263,2026-10-04T16:45,45
TOS01001263,2026-10-04T17:00,46
TOS01001263,2026-10-04T17:15,47
TOS01001263,2026-10-04T17:30,49
TOS01001263,2026-10-04T17:45,52
TOS01001263,2026-10-04T18:00,54
TOS01001263,2026-10-04T18:15,51
TOS01001263,2026-10-04T18:30,50
TOS01001263,2026-10-04T18:45,50
TOS01001263,2026-10-04T19:00,51
TOS01001263,2026-10-04T19:15,51
TOS01001263,2026-10-04T19:30,52
TOS01001263,2026-10-04T19:45,52
TOS01001263,2026-10-04T20:00,55
TOS01001263,2026-10-04T20:15,57
TOS01001263,2026-10-04T20:30,58
TOS01001263,2026-10-04T20:45,58
TOS01001263,2026-10-04T21:00,59
TOS01001263,2026-10-04T21:15,59
TOS01001263,2026-10-04T21:30,60
TOS01001263,2026-10-04T21:45,61
TOS01001263,2026-10-04T22:00,61
TOS01001263,2026-10-04T22:15,62
TOS01001263,2026-10-04T22:30,63
TOS01001263,2026-10-04T22:45,62
TOS01001263,2026-10-04T23:00,63
TOS01001263,2026-10-04T23:15,63
TOS01001263,2026-10-04T23:30,62
TOS01001263,2026-10-04T23:45,61
TOS01001269,2026-10-04T00:00,85
TOS01001269,2026-10-04T00:15,87
TOS01001269,2026-10-04T00:30,87
TOS01001269,2026-10-04T00:45,88
TOS01001269,2026-10-04T01:00,89
TOS01001269,2026-10-04T01:15,89
TOS01001269,2026-10-04T01:30,90
TOS01001269,2026-10-04T01:45,90
TOS01001269,2026-10-04T02:00,91
TOS01001269,2026-10-04T02:15,91
TOS01001269,2026-10-04T02:30,91
TOS01001269,2026-10-04T02:45,92
TOS01001269,2026-10-04T03:00,92
TOS01001269,2026-10-04T03:15,92
TOS01001269,2026-10-04T03:30,91
TOS01001269,2026-10-04T03:45,91
TOS01001269,2026-10-04T04:00,92
TOS01001269,2026-10-04T04:15,93
TOS01001269,2026-10-04T04:30,93
TOS01001269,2026-10-04T04:45,93
TOS01001269,2026-10-04T05:00,93
TOS01001269,2026-10-04T05:15,93
TOS01001269,2026-10-04T05:30,93
TOS01001269,2026-10-04T05:45,94
TOS01001269,2026-10-04T06:00,94
TOS01001269,2026-10-04T06:15,94
TOS01001269,2026-10-04T06:30,94
TOS01001269,2026-10-04T06:45,94
TOS01001269,2026-10-04T07:00,94
TOS01001269,2026-10-04T07:15,94
TOS01001269,2026-10-04T07:30,90
TOS01001269,2026-10-04T07:45,87
TOS01001269,2026-10-04T08:00,85
TOS01001269,2026-10-04T08:15,84
TOS01001269,2026-10-04T08:30,81
TOS01001269,2026-10-04T08:45,78
TOS01001269,2026-10-04T09:00,72
TOS01001269,2026-10-04T09:15,69
TOS01001269,2026-10-04T09:30,71
TOS01001269,2026-10-04T09:45,62
TOS01001269,2026-10-04T10:00,56
TOS01001269,2026-10-04T10:15,52
TOS01001269,2026-10-04T10:30,48
TOS01001269,2026-10-04T10:45,45
TOS01001269,2026-10-04T11:00,45
TOS01001269,2026-10-04T11:15,42
TOS01001269,2026-10-04T11:30,40
TOS01001269,2026-10-04T11:45,39
TOS01001269,2026-10-04T12:00,39
TOS01001269,2026-10-04T12:15,40
TOS01001269,2026-10-04T12:30,38
TOS01001269,2026-10-04T12:45,37
TOS01001269,2026-10-04T13:00,39
TOS01001269,2026-10-04T13:15,38
TOS01001269,2026-10-04T13:30,39
TOS01001269,2026-10-04T13:45,40
TOS01001269,2026-10-04T14:00,39
TOS01001269,2026-10-04T14:15,39
TOS01001269,2026-10-04T14:30,38
TOS01001269,2026-10-04T14:45,39
TOS01001269,2026-10-04T15:00,39
TOS01001269,2026-10-04T15:15,39
TOS01001269,2026-10-04T15:30,41
TOS01001269,2026-10-04T15:45,41
TOS01001269,2026-10-04T16:00,42
TOS01001269,2026-10-04T16:15,42
TOS01001269,2026-10-04T16:30,42
TOS01001269,2026-10-04T16:45,42
TOS01001269,2026-10-04T17:00,43
TOS01001269,2026-10-04T17:15,44
TOS01001269,2026-10-04T17:30,47
TOS01001269,2026-10-04T17:45,52
TOS01001269,2026-10-04T18:00,56
TOS01001269,2026-10-04T18:15,58
TOS01001269,2026-10-04T18:30,61
TOS01001269,2026-10-04T18:45,63
TOS01001269,2026-10-04T19:00,66
TOS01001269,2026-10-04T19:15,68
TOS01001269,2026-10-04T19:30,74
TOS01001269,2026-10-04T19:45,77
TOS01001269,2026-10-04T20:00,78
TOS01001269,2026-10-04T20:15,79
TOS01001269,2026-10-04T20:30,79
TOS01001269,2026-10-04T20:45,81
TOS01001269,2026-10-04T21:00,84
TOS01001269,2026-10-04T21:15,83
TOS01001269,2026-10-04T21:30,81
TOS01001269,2026-10-04T21:45,83
TOS01001269,2026-10-04T22:00,85
TOS01001269,2026-10-04T22:15,86
TOS01001269,2026-10-04T22:30,86
TOS01001269,2026-10-04T22:45,87
TOS01001269,2026-10-04T23:00,87
TOS01001269,2026-10-04T23:15,88
TOS01001269,2026-10-04T23:30,88
TOS01001269,2026-10-04T23:45,89
TOS01004007,2026-10-04T00:00,66
TOS01004007,2026-10-04T00:15,67
TOS01004007,2026-10-04T00:30,67
TOS01004007,2026-10-04T00:45,68
TOS01004007,2026-10-04T01:00,69
TOS01004007,2026-10-04T01:15,70
TOS01004007,2026-10-04T01:30,70
TOS01004007,2026-10-04T01:45,70
TOS01004007,2026-10-04T02:00,70
TOS01004007,2026-10-04T02:15,70
TOS01004007,2026-10-04T02:30,70
TOS01004007,2026-10-04T02:45,70
TOS01004007,2026-10-04T03:00,70
TOS01004007,2026-10-04T03:15,71
TOS01004007,2026-10-04T03:30,72
TOS01004007,2026-10-04T03:45,71
TOS01004007,2026-10-04T04:00,71
TOS01004007,2026-10-04T04:15,70
TOS01004007,2026-10-04T04:30,71
TOS01004007,2026-10-04T04:45,71
TOS01004007,2026-10-04T05:00,71
TOS01004007,2026-10-04T05:15,72
TOS01004007,2026-10-04T05:30,72
TOS01004007,2026-10-04T05:45,72
TOS01004007,2026-10-04T06:00,72
TOS01004007,2026-10-04T06:15,72
TOS01004007,2026-10-04T06:30,72
TOS01004007,2026-10-04T06:45,72
TOS01004007,2026-10-04T07:00,72
TOS01004007,2026-10-04T07:15,72
TOS01004007,2026-10-04T07:30,72
TOS01004007,2026-10-04T07:45,71
TOS01004007,2026-10-04T08:00,70
TOS01004007,2026-10-04T08:15,69
TOS01004007,2026-10-04T08:30,68
TOS01004007,2026-10-04T08:45,67
TOS01004007,2026-10-04T09:00,65
TOS01004007,2026-10-04T09:15,63
TOS01004007,2026-10-04T09:30,59
TOS01004007,2026-10-04T09:45,57
TOS01004007,2026-10-04T10:00,55
TOS01004007,2026-10-04T10:15,52
TOS01004007,2026-10-04T10:30,50
TOS01004007,2026-10-04T10:45,46
TOS01004007,2026-10-04T11:00,44
TOS01004007,2026-10-04T11:15,43
TOS01004007,2026-10-04T11:30,42
TOS01004007,2026-10-04T11:45,40
TOS01004007,2026-10-04T12:00,40
TOS01004007,2026-10-04T12:15,40
TOS01004007,2026-10-04T12:30,42
TOS01004007,2026-10-04T12:45,43
TOS01004007,2026-10-04T13:00,43
TOS01004007,2026-10-04T13:15,46
TOS01004007,2026-10-04T13:30,50
TOS01004007,2026-10-04T13:45,52
TOS01004007,2026-10-04T14:00,57
TOS01004007,2026-10-04T14:15,62
TOS01004007,2026-10-04T14:30,64
TOS01004007,2026-10-04T14:45,65
TOS01004007,2026-10-04T15:00,64
TOS01004007,2026-10-04T15:15,62
TOS01004007,2026-10-04T15:30,60
TOS01004007,2026-10-04T15:45,62
TOS01004007,2026-10-04T16:00,64
TOS01004007,2026-10-04T16:15,66
TOS01004007,2026-10-04T16:30,66
TOS01004007,2026-10-04T16:45,66
TOS01004007,2026-10-04T17:00,68
TOS01004007,2026-10-04T17:15,70
TOS01004007,2026-10-04T17:30,71
TOS01004007,2026-10-04T17:45,73
TOS01004007,2026-10-04T18:00,74
TOS01004007,2026-10-04T18:15,75
TOS01004007,2026-10-04T18:30,73
TOS01004007,2026-10-04T18:45,73
TOS01004007,2026-10-04T19:00,74
TOS01004007,2026-10-04T19:15,74
TOS01004007,2026-10-04T19:30,75
TOS01004007,2026-10-04T19:45,73
TOS01004007,2026-10-04T20:00,69
TOS01004007,2026-10-04T20:15,67
TOS01004007,2026-10-04T20:30,68
TOS01004007,2026-10-04T20:45,68
TOS01004007,2026-10-04T21:00,68
TOS01004007,2026-10-04T21:15,70
TOS01004007,2026-10-04T21:30,70
TOS01004007,2026-10-04T21:45,70
TOS01004007,2026-10-04T22:00,73
TOS01004007,2026-10-04T22:15,74
TOS01004007,2026-10-04T22:30,74
TOS01004007,2026-10-04T22:45,76
TOS01004007,2026-10-04T23:00,77
TOS01004007,2026-10-04T23:15,80
TOS01004007,2026-10-04T23:30,81
TOS01004007,2026-10-04T23:45,82
TOS01004915,2026-10-04T00:00,85
TOS01004915,2026-10-04T00:15,86
TOS01004915,2026-10-04T00:30,86
TOS01004915,2026-10-04T00:45,87
TOS01004915,2026-10-04T01:00,87
TOS01004915,2026-10-04T01:15,87
TOS01004915,2026-10-04T01:30,87
TOS01004915,2026-10-04T01:45,88
TOS01004915,2026-10-04T02:00,88
TOS01004915,2026-10-04T02:15,88
TOS01004915,2026-10-04T02:30,89
TOS01004915,2026-10-04T02:45,89
TOS01004915,2026-10-04T03:00,89
TOS01004915,2026-10-04T03:15,89
TOS01004915,2026-10-04T03:30,90
TOS01004915,2026-10-04T03:45,90
TOS01004915,2026-10-04T04:00,90
TOS01004915,2026-10-04T04:15,90
TOS01004915,2026-10-04T04:30,90
TOS01004915,2026-10-04T04:45,90
TOS01004915,2026-10-04T05:00,90
TOS01004915,2026-10-04T05:15,90
TOS01004915,2026-10-04T05:30,90
TOS01004915,2026-10-04T05:45,90
TOS01004915,2026-10-04T06:00,90
TOS01004915,2026-10-04T06:15,90
TOS01004915,2026-10-04T06:30,90
TOS01004915,2026-10-04T06:45,90
TOS01004915,2026-10-04T07:00,91
TOS01004915,2026-10-04T07:15,92
TOS01004915,2026-10-04T07:30,92
TOS01004915,2026-10-04T07:45,92
TOS01004915,2026-10-04T08:00,91
TOS01004915,2026-10-04T08:15,88
TOS01004915,2026-10-04T08:30,82
TOS01004915,2026-10-04T08:45,75
TOS01004915,2026-10-04T09:00,71
TOS01004915,2026-10-04T09:15,68
TOS01004915,2026-10-04T09:30,62
TOS01004915,2026-10-04T09:45,57
TOS01004915,2026-10-04T10:00,56
TOS01004915,2026-10-04T10:15,55
TOS01004915,2026-10-04T10:30,53
TOS01004915,2026-10-04T10:45,49
TOS01004915,2026-10-04T11:00,47
TOS01004915,2026-10-04T11:15,43
TOS01004915,2026-10-04T11:30,43
TOS01004915,2026-10-04T11:45,42
TOS01004915,2026-10-04T12:00,41
TOS01004915,2026-10-04T12:15,40
TOS01004915,2026-10-04T12:30,44
TOS01004915,2026-10-04T12:45,45
TOS01004915,2026-10-04T13:00,46
TOS01004915,2026-10-04T13:15,46
TOS01004915,2026-10-04T13:30,45
TOS01004915,2026-10-04T13:45,46
TOS01004915,2026-10-04T14:00,45
TOS01004915,2026-10-04T14:15,42
TOS01004915,2026-10-04T14:30,43
TOS01004915,2026-10-04T14:45,45
TOS01004915,2026-10-04T15:00,47
TOS01004915,2026-10-04T15:15,47
TOS01004915,2026-10-04T15:30,45
TOS01004915,2026-10-04T15:45,44
TOS01004915,2026-10-04T16:00,45
TOS01004915,2026-10-04T16:15,45
TOS01004915,2026-10-04T16:30,45
TOS01004915,2026-10-04T16:45,44
TOS01004915,2026-10-04T17:00,47
TOS01004915,2026-10-04T17:15,48
TOS01004915,2026-10-04T17:30,56
TOS01004915,2026-10-04T17:45,62
TOS01004915,2026-10-04T18:00,64
TOS01004915,2026-10-04T18:15,66
TOS01004915,2026-10-04T18:30,69
TOS01004915,2026-10-04T18:45,71
TOS01004915,2026-10-04T19:00,73
TOS01004915,2026-10-04T19:15,75
TOS01004915,2026-10-04T19:30,77
TOS01004915,2026-10-04T19:45,78
TOS01004915,2026-10-04T20:00,80
TOS01004915,2026-10-04T20:15,81
TOS01004915,2026-10-04T20:30,83
TOS01004915,2026-10-04T20:45,83
TOS01004915,2026-10-04T21:00,84
TOS01004915,2026-10-04T21:15,85
TOS01004915,2026-10-04T21:30,85
TOS01004915,2026-10-04T21:45,86
TOS01004915,2026-10-04T22:00,86
TOS01004915,2026-10-04T22:15,86
TOS01004915,2026-10-04T22:30,86
TOS01004915,2026-10-04T22:45,87
TOS01004915,2026-10-04T23:00,87
TOS01004915,2026-10-04T23:15,87
TOS01004915,2026-10-04T23:30,87
TOS01004915,2026-10-04T23:45,88
TOS01004971,2026-10-04T00:00,79
TOS01004971,2026-10-04T00:15,80
TOS01004971,2026-10-04T00:30,80
TOS01004971,2026-10-04T00:45,80
TOS01004971,2026-10-04T01:00,81
TOS01004971,2026-10-04T01:15,82
TOS01004971,2026-10-04T01:30,82
TOS01004971,2026-10-04T01:45,83
TOS01004971,2026-10-04T02:00,84
TOS01004971,2026-10-04T02:15,84
TOS01004971,2026-10-04T02:30,85
TOS01004971,2026-10-04T02:45,86
TOS01004971,2026-10-04T03:00,86
TOS01004971,2026-10-04T03:15,86
TOS01004971,2026-10-04T03:30,86
TOS01004971,2026-10-04T03:45,85
TOS01004971,2026-10-04T04:00,85
TOS01004971,2026-10-04T04:15,86
TOS01004971,2026-10-04T04:30,87
TOS01004971,2026-10-04T04:45,87
TOS01004971,2026-10-04T05:00,88
TOS01004971,2026-10-04T05:15,87
TOS01004971,2026-10-04T05:30,87
TOS01004971,2026-10-04T05:45,88
TOS01004971,2026-10-04T06:00,89
TOS01004971,2026-10-04T06:15,89
TOS01004971,2026-10-04T06:30,90
TOS01004971,2026-10-04T06:45,90
TOS01004971,2026-10-04T07:00,89
TOS01004971,2026-10-04T07:15,88
TOS01004971,2026-10-04T07:30,87
TOS01004971,2026-10-04T07:45,86
TOS01004971,2026-10-04T08:00,85
TOS01004971,2026-10-04T08:15,79
TOS01004971,2026-10-04T08:30,74
TOS01004971,2026-10-04T08:45,70
TOS01004971,2026-10-04T09:00,66
TOS01004971,2026-10-04T09:15,64
TOS01004971,2026-10-04T09:30,61
TOS01004971,2026-10-04T09:45,55
TOS01004971,2026-10-04T10:00,53
TOS01004971,2026-10-04T10:15,52
TOS01004971,2026-10-04T10:30,50
TOS01004971,2026-10-04T10:45,50
TOS01004971,2026-10-04T11:00,52
TOS01004971,2026-10-04T11:15,50
TOS01004971,2026-10-04T11:30,48
TOS01004971,2026-10-04T11:45,47
TOS01004971,2026-10-04T12:00,48
TOS01004971,2026-10-04T12:15,48
TOS01004971,2026-10-04T12:30,48
TOS01004971,2026-10-04T12:45,50
TOS01004971,2026-10-04T13:00,48
TOS01004971,2026-10-04T13:15,48
TOS01004971,2026-10-04T13:30,46
TOS01004971,2026-10-04T13:45,46
TOS01004971,2026-10-04T14:00,46
TOS01004971,2026-10-04T14:15,46
TOS01004971,2026-10-04T14:30,47
TOS01004971,2026-10-04T14:45,47
TOS01004971,2026-10-04T15:00,46
TOS01004971,2026-10-04T15:15,46
TOS01004971,2026-10-04T15:30,45
TOS01004971,2026-10-04T15:45,45
TOS01004971,2026-10-04T16:00,45
TOS01004971,2026-10-04T16:15,43
TOS01004971,2026-10-04T16:30,44
TOS01004971,2026-10-04T16:45,50
TOS01004971,2026-10-04T17:00,55
TOS01004971,2026-10-04T17:15,57
TOS01004971,2026-10-04T17:30,59
TOS01004971,2026-10-04T17:45,61
TOS01004971,2026-10-04T18:00,62
TOS01004971,2026-10-04T18:15,63
TOS01004971,2026-10-04T18:30,64
TOS01004971,2026-10-04T18:45,66
TOS01004971,2026-10-04T19:00,69
TOS01004971,2026-10-04T19:15,70
TOS01004971,2026-10-04T19:30,72
TOS01004971,2026-10-04T19:45,73
TOS01004971,2026-10-04T20:00,73
TOS01004971,2026-10-04T20:15,74
TOS01004971,2026-10-04T20:30,74
TOS01004971,2026-10-04T20:45,75
TOS01004971,2026-10-04T21:00,75
TOS01004971,2026-10-04T21:15,76
TOS01004971,2026-10-04T21:30,77
TOS01004971,2026-10-04T21:45,79
TOS01004971,2026-10-04T22:00,80
TOS01004971,2026-10-04T22:15,81
TOS01004971,2026-10-04T22:30,82
TOS01004971,2026-10-04T22:45,83
TOS01004971,2026-10-04T23:00,83
TOS01004971,2026-10-04T23:15,84
TOS01004971,2026-10-04T23:30,84
TOS01004971,2026-10-04T23:45,85
TOS01005131,2026-10-04T00:00,82
TOS01005131,2026-10-04T00:15,82
TOS01005131,2026-10-04T00:30,82
TOS01005131,2026-10-04T00:45,82
TOS01005131,2026-10-04T01:00,82
TOS01005131,2026-10-04T01:15,82
TOS01005131,2026-10-04T01:30,82
TOS01005131,2026-10-04T01:45,82
TOS01005131,2026-10-04T02:00,83
TOS01005131,2026-10-04T02:15,83
TOS01005131,2026-10-04T02:30,84
TOS01005131,2026-10-04T02:45,84
TOS01005131,2026-10-04T03:00,84
TOS01005131,2026-10-04T03:15,85
TOS01005131,2026-10-04T03:30,84
TOS01005131,2026-10-04T03:45,85
TOS01005131,2026-10-04T04:00,85
TOS01005131,2026-10-04T04:15,85
TOS01005131,2026-10-04T04:30,86
TOS01005131,2026-10-04T04:45,85
TOS01005131,2026-10-04T05:00,86
TOS01005131,2026-10-04T05:15,86
TOS01005131,2026-10-04T05:30,86
TOS01005131,2026-10-04T05:45,86
TOS01005131,2026-10-04T06:00,86
TOS01005131,2026-10-04T06:15,86
TOS01005131,2026-10-04T06:30,87
TOS01005131,2026-10-04T06:45,87
TOS01005131,2026-10-04T07:00,87
TOS01005131,2026-10-04T07:15,88
TOS01005131,2026-10-04T07:30,86
TOS01005131,2026-10-04T07:45,86
TOS01005131,2026-10-04T08:00,83
TOS01005131,2026-10-04T08:15,81
TOS01005131,2026-10-04T08:30,79
TOS01005131,2026-10-04T08:45,77
TOS01005131,2026-10-04T09:00,73
TOS01005131,2026-10-04T09:15,71
TOS01005131,2026-10-04T09:30,68
TOS01005131,2026-10-04T09:45,65
TOS01005131,2026-10-04T10:00,61
TOS01005131,2026-10-04T10:15,59
TOS01005131,2026-10-04T10:30,57
TOS01005131,2026-10-04T10:45,55
TOS01005131,2026-10-04T11:00,54
TOS01005131,2026-10-04T11:15,53
TOS01005131,2026-10-04T11:30,52
TOS01005131,2026-10-04T11:45,50
TOS01005131,2026-10-04T12:00,49
TOS01005131,2026-10-04T12:15,49
TOS01005131,2026-10-04T12:30,49
TOS01005131,2026-10-04T12:45,48
TOS01005131,2026-10-04T13:00,48
TOS01005131,2026-10-04T13:15,47
TOS01005131,2026-10-04T13:30,46
TOS01005131,2026-10-04T13:45,46
TOS01005131,2026-10-04T14:00,45
TOS01005131,2026-10-04T14:15,45
TOS01005131,2026-10-04T14:30,45
TOS01005131,2026-10-04T14:45,47
TOS01005131,2026-10-04T15:00,49
TOS01005131,2026-10-04T15:15,53
TOS01005131,2026-10-04T15:30,55
TOS01005131,2026-10-04T15:45,58
TOS01005131,2026-10-04T16:00,61
TOS01005131,2026-10-04T16:15,60
TOS01005131,2026-10-04T16:30,59
TOS01005131,2026-10-04T16:45,58
TOS01005131,2026-10-04T17:00,58
TOS01005131,2026-10-04T17:15,60
TOS01005131,2026-10-04T17:30,61
TOS01005131,2026-10-04T17:45,63
TOS01005131,2026-10-04T18:00,65
TOS01005131,2026-10-04T18:15,67
TOS01005131,2026-10-04T18:30,68
TOS01005131,2026-10-04T18:45,70
TOS01005131,2026-10-04T19:00,71
TOS01005131,2026-10-04T19:15,73
TOS01005131,2026-10-04T19:30,74
TOS01005131,2026-10-04T19:45,76
TOS01005131,2026-10-04T20:00,77
TOS01005131,2026-10-04T20:15,78
TOS01005131,2026-10-04T20:30,79
TOS01005131,2026-10-04T20:45,81
TOS01005131,2026-10-04T21:00,82
TOS01005131,2026-10-04T21:15,82
TOS01005131,2026-10-04T21:30,83
TOS01005131,2026-10-04T21:45,83
TOS01005131,2026-10-04T22:00,84
TOS01005131,2026-10-04T22:15,84
TOS01005131,2026-10-04T22:30,84
TOS01005131,2026-10-04T22:45,85
TOS01005131,2026-10-04T23:00,86
TOS01005131,2026-10-04T23:15,86
TOS01005131,2026-10-04T23:30,86
TOS01005131,2026-10-04T23:45,86
TOS01005251,2026-10-04T00:00,77
TOS01005251,2026-10-04T00:15,76
TOS01005251,2026-10-04T00:30,75
TOS01005251,2026-10-04T00:45,74
TOS01005251,2026-10-04T01:00,74
TOS01005251,2026-10-04T01:15,75
TOS01005251,2026-10-04T01:30,75
TOS01005251,2026-10-04T01:45,76
TOS01005251,2026-10-04T02:00,73
TOS01005251,2026-10-04T02:15,72
TOS01005251,2026-10-04T02:30,73
TOS01005251,2026-10-04T02:45,71
TOS01005251,2026-10-04T03:00,70
TOS01005251,2026-10-04T03:15,70
TOS01005251,2026-10-04T03:30,71
TOS01005251,2026-10-04T03:45,72
TOS01005251,2026-10-04T04:00,71
TOS01005251,2026-10-04T04:15,70
TOS01005251,2026-10-04T04:30,71
TOS01005251,2026-10-04T04:45,71
TOS01005251,2026-10-04T05:00,71
TOS01005251,2026-10-04T05:15,70
TOS01005251,2026-10-04T05:30,72
TOS01005251,2026-10-04T05:45,71
TOS01005251,2026-10-04T06:00,71
TOS01005251,2026-10-04T06:15,72
TOS01005251,2026-10-04T06:30,73
TOS01005251,2026-10-04T06:45,73
TOS01005251,2026-10-04T07:00,74
TOS01005251,2026-10-04T07:15,73
TOS01005251,2026-10-04T07:30,73
TOS01005251,2026-10-04T07:45,73
TOS01005251,2026-10-04T08:00,70
TOS01005251,2026-10-04T08:15,69
TOS01005251,2026-10-04T08:30,69
TOS01005251,2026-10-04T08:45,68
TOS01005251,2026-10-04T09:00,65
TOS01005251,2026-10-04T09:15,60
TOS01005251,2026-10-04T09:30,58
TOS01005251,2026-10-04T09:45,54
TOS01005251,2026-10-04T10:00,51
TOS01005251,2026-10-04T10:15,51
TOS01005251,2026-10-04T10:30,53
TOS01005251,2026-10-04T10:45,54
TOS01005251,2026-10-04T11:00,55
TOS01005251,2026-10-04T11:15,54
TOS01005251,2026-10-04T11:30,53
TOS01005251,2026-10-04T11:45,58
TOS01005251,2026-10-04T12:00,64
TOS01005251,2026-10-04T12:15,70
TOS01005251,2026-10-04T12:30,71
TOS01005251,2026-10-04T12:45,71
TOS01005251,2026-10-04T13:00,72
TOS01005251,2026-10-04T13:15,74
TOS01005251,2026-10-04T13:30,74
TOS01005251,2026-10-04T13:45,75
TOS01005251,2026-10-04T14:00,75
TOS01005251,2026-10-04T14:15,75
TOS01005251,2026-10-04T14:30,76
TOS01005251,2026-10-04T14:45,76
TOS01005251,2026-10-04T15:00,76
TOS01005251,2026-10-04T15:15,75
TOS01005251,2026-10-04T15:30,76
TOS01005251,2026-10-04T15:45,76
TOS01005251,2026-10-04T16:00,74
TOS01005251,2026-10-04T16:15,72
TOS01005251,2026-10-04T16:30,71
TOS01005251,2026-10-04T16:45,71
TOS01005251,2026-10-04T17:00,71
TOS01005251,2026-10-04T17:15,72
TOS01005251,2026-10-04T17:30,71
TOS01005251,2026-10-04T17:45,72
TOS01005251,2026-10-04T18:00,73
TOS01005251,2026-10-04T18:15,75
TOS01005251,2026-10-04T18:30,75
TOS01005251,2026-10-04T18:45,76
TOS01005251,2026-10-04T19:00,77
TOS01005251,2026-10-04T19:15,79
TOS01005251,2026-10-04T19:30,81
TOS01005251,2026-10-04T19:45,82
TOS01005251,2026-10-04T20:00,83
TOS01005251,2026-10-04T20:15,84
TOS01005251,2026-10-04T20:30,85
TOS01005251,2026-10-04T20:45,85
TOS01005251,2026-10-04T21:00,85
TOS01005251,2026-10-04T21:15,86
TOS01005251,2026-10-04T21:30,86
TOS01005251,2026-10-04T21:45,86
TOS01005251,2026-10-04T22:00,87
TOS01005251,2026-10-04T22:15,87
TOS01005251,2026-10-04T22:30,88
TOS01005251,2026-10-04T22:45,88
TOS01005251,2026-10-04T23:00,88
TOS01005251,2026-10-04T23:15,88
TOS01005251,2026-10-04T23:30,89
TOS01005251,2026-10-04T23:45,89
TOS02000077,2026-10-04T00:00,59
TOS02000077,2026-10-04T00:15,59
TOS02000077,2026-10-04T00:30,60
TOS02000077,2026-10-04T00:45,59
TOS02000077,2026-10-04T01:00,60
TOS02000077,2026-10-04T01:15,61
TOS02000077,2026-10-04T01:30,60
TOS02000077,2026-10-04T01:45,61
TOS02000077,2026-10-04T02:00,60
TOS02000077,2026-10-04T02:15,62
TOS02000077,2026-10-04T02:30,64
TOS02000077,2026-10-04T02:45,60
TOS02000077,2026-10-04T03:00,61
TOS02000077,2026-10-04T03:15,61
TOS02000077,2026-10-04T03:30,61
TOS02000077,2026-10-04T03:45,60
TOS02000077,2026-10-04T04:00,60
TOS02000077,2026-10-04T04:15,61
TOS02000077,2026-10-04T04:30,62
TOS02000077,2026-10-04T04:45,60
TOS02000077,2026-10-04T05:00,61
TOS02000077,2026-10-04T05:15,60
TOS02000077,2026-10-04T05:30,60
TOS02000077,2026-10-04T05:45,60
TOS02000077,2026-10-04T06:00,60
TOS02000077,2026-10-04T06:15,62
TOS02000077,2026-10-04T06:30,62
TOS02000077,2026-10-04T06:45,62
TOS02000077,2026-10-04T07:00,63
TOS02000077,2026-10-04T07:15,67
TOS02000077,2026-10-04T07:30,67
TOS02000077,2026-10-04T07:45,69
TOS02000077,2026-10-04T08:00,68
TOS02000077,2026-10-04T08:15,67
TOS02000077,2026-10-04T08:30,64
TOS02000077,2026-10-04T08:45,61
TOS02000077,2026-10-04T09:00,57
TOS02000077,2026-10-04T09:15,55
TOS02000077,2026-10-04T09:30,53
TOS02000077,2026-10-04T09:45,54
TOS02000077,2026-10-04T10:00,52
TOS02000077,2026-10-04T10:15,50
TOS02000077,2026-10-04T10:30,50
TOS02000077,2026-10-04T10:45,48
TOS02000077,2026-10-04T11:00,47
TOS02000077,2026-10-04T11:15,49
TOS02000077,2026-10-04T11:30,49
TOS02000077,2026-10-04T11:45,49
TOS02000077,2026-10-04T12:00,49
TOS02000077,2026-10-04T12:15,50
TOS02000077,2026-10-04T12:30,53
TOS02000077,2026-10-04T12:45,52
TOS02000077,2026-10-04T13:00,51
TOS02000077,2026-10-04T13:15,51
TOS02000077,2026-10-04T13:30,52
TOS02000077,2026-10-04T13:45,51
TOS02000077,2026-10-04T14:00,52
TOS02000077,2026-10-04T14:15,54
TOS02000077,2026-10-04T14:30,55
TOS02000077,2026-10-04T14:45,56
TOS02000077,2026-10-04T15:00,59
TOS02000077,2026-10-04T15:15,60
TOS02000077,2026-10-04T15:30,61
TOS02000077,2026-10-04T15:45,60
TOS02000077,2026-10-04T16:00,60
TOS02000077,2026-10-04T16:15,60
TOS02000077,2026-10-04T16:30,63
TOS02000077,2026-10-04T16:45,63
TOS02000077,2026-10-04T17:00,65
TOS02000077,2026-10-04T17:15,69
TOS02000077,2026-10-04T17:30,71
TOS02000077,2026-10-04T17:45,74
TOS02000077,2026-10-04T18:00,76
TOS02000077,2026-10-04T18:15,78
TOS02000077,2026-10-04T18:30,80
TOS02000077,2026-10-04T18:45,80
TOS02000077,2026-10-04T19:00,81
TOS02000077,2026-10-04T19:15,79
TOS02000077,2026-10-04T19:30,79
TOS02000077,2026-10-04T19:45,77
TOS02000077,2026-10-04T20:00,76
TOS02000077,2026-10-04T20:15,73
TOS02000077,2026-10-04T20:30,69
TOS02000077,2026-10-04T20:45,69
TOS02000077,2026-10-04T21:00,68
TOS02000077,2026-10-04T21:15,67
TOS02000077,2026-10-04T21:30,66
TOS02000077,2026-10-04T21:45,65
TOS02000077,2026-10-04T22:00,62
TOS02000077,2026-10-04T22:15,65
TOS02000077,2026-10-04T22:30,64
TOS02000077,2026-10-04T22:45,65
TOS02000077,2026-10-04T23:00,67
TOS02000077,2026-10-04T23:15,66
TOS02000077,2026-10-04T23:30,65
TOS02000077,2026-10-04T23:45,67
TOS02000081,2026-10-04T00:00,52
TOS02000081,2026-10-04T00:15,52
TOS02000081,2026-10-04T00:30,52
TOS02000081,2026-10-04T00:45,52
TOS02000081,2026-10-04T01:00,52
TOS02000081,2026-10-04T01:15,52
TOS02000081,2026-10-04T01:30,53
TOS02000081,2026-10-04T01:45,53
TOS02000081,2026-10-04T02:00,53
TOS02000081,2026-10-04T02:15,53
TOS02000081,2026-10-04T02:30,53
TOS02000081,2026-10-04T02:45,53
TOS02000081,2026-10-04T03:00,53
TOS02000081,2026-10-04T03:15,54
TOS02000081,2026-10-04T03:30,54
TOS02000081,2026-10-04T03:45,54
TOS02000081,2026-10-04T04:00,54
TOS02000081,2026-10-04T04:15,54
TOS02000081,2026-10-04T04:30,54
TOS02000081,2026-10-04T04:45,54
TOS02000081,2026-10-04T05:00,54
TOS02000081,2026-10-04T05:15,55
TOS02000081,2026-10-04T05:30,54
TOS02000081,2026-10-04T05:45,54
TOS02000081,2026-10-04T06:00,55
TOS02000081,2026-10-04T06:15,55
TOS02000081,2026-10-04T06:30,54
TOS02000081,2026-10-04T06:45,54
TOS02000081,2026-10-04T07:00,54
TOS02000081,2026-10-04T07:15,54
TOS02000081,2026-10-04T07:30,53
TOS02000081,2026-10-04T07:45,53
TOS02000081,2026-10-04T08:00,53
TOS02000081,2026-10-04T08:15,52
TOS02000081,2026-10-04T08:30,52
TOS02000081,2026-10-04T08:45,52
TOS02000081,2026-10-04T09:00,52
TOS02000081,2026-10-04T09:15,52
TOS02000081,2026-10-04T09:30,52
TOS02000081,2026-10-04T09:45,52
TOS02000081,2026-10-04T10:00,52
TOS02000081,2026-10-04T10:15,51
TOS02000081,2026-10-04T10:30,52
TOS02000081,2026-10-04T10:45,53
TOS02000081,2026-10-04T11:00,53
TOS02000081,2026-10-04T11:15,55
TOS02000081,2026-10-04T11:30,54
TOS02000081,2026-10-04T11:45,56
TOS02000081,2026-10-04T12:00,57
TOS02000081,2026-10-04T12:15,57
TOS02000081,2026-10-04T12:30,57
TOS02000081,2026-10-04T12:45,58
TOS02000081,2026-10-04T13:00,60
TOS02000081,2026-10-04T13:15,61
TOS02000081,2026-10-04T13:30,62
TOS02000081,2026-10-04T13:45,62
TOS02000081,2026-10-04T14:00,63
TOS02000081,2026-10-04T14:15,63
TOS02000081,2026-10-04T14:30,64
TOS02000081,2026-10-04T14:45,66
TOS02000081,2026-10-04T15:00,69
TOS02000081,2026-10-04T15:15,71
TOS02000081,2026-10-04T15:30,74
TOS02000081,2026-10-04T15:45,77
TOS02000081,2026-10-04T16:00,77
TOS02000081,2026-10-04T16:15,78
TOS02000081,2026-10-04T16:30,78
TOS02000081,2026-10-04T16:45,80
TOS02000081,2026-10-04T17:00,80
TOS02000081,2026-10-04T17:15,80
TOS02000081,2026-10-04T17:30,82
TOS02000081,2026-10-04T17:45,83
TOS02000081,2026-10-04T18:00,83
TOS02000081,2026-10-04T18:15,82
TOS02000081,2026-10-04T18:30,68
TOS02000081,2026-10-04T18:45,59
TOS02000081,2026-10-04T19:00,57
TOS02000081,2026-10-04T19:15,56
TOS02000081,2026-10-04T19:30,55
TOS02000081,2026-10-04T19:45,52
TOS02000081,2026-10-04T20:00,51
TOS02000081,2026-10-04T20:15,52
TOS02000081,2026-10-04T20:30,52
TOS02000081,2026-10-04T20:45,53
TOS02000081,2026-10-04T21:00,50
TOS02000081,2026-10-04T21:15,51
TOS02000081,2026-10-04T21:30,52
TOS02000081,2026-10-04T21:45,51
TOS02000081,2026-10-04T22:00,54
TOS02000081,2026-10-04T22:15,54
TOS02000081,2026-10-04T22:30,55
TOS02000081,2026-10-04T22:45,55
TOS02000081,2026-10-04T23:00,57
TOS02000081,2026-10-04T23:15,58
TOS02000081,2026-10-04T23:30,58
TOS02000081,2026-10-04T23:45,58
TOS02000083,2026-10-04T00:00,55
TOS02000083,2026-10-04T00:15,55
TOS02000083,2026-10-04T00:30,54
TOS02000083,2026-10-04T00:45,54
TOS02000083,2026-10-04T01:00,55
TOS02000083,2026-10-04T01:15,54
TOS02000083,2026-10-04T01:30,55
TOS02000083,2026-10-04T01:45,56
TOS02000083,2026-10-04T02:00,56
TOS02000083,2026-10-04T02:15,55
TOS02000083,2026-10-04T02:30,54
TOS02000083,2026-10-04T02:45,54
TOS02000083,2026-10-04T03:00,55
TOS02000083,2026-10-04T03:15,57
TOS02000083,2026-10-04T03:30,57
TOS02000083,2026-10-04T03:45,57
TOS02000083,2026-10-04T04:00,55
TOS02000083,2026-10-04T04:15,56
TOS02000083,2026-10-04T04:30,56
TOS02000083,2026-10-04T04:45,54
TOS02000083,2026-10-04T05:00,55
TOS02000083,2026-10-04T05:15,55
TOS02000083,2026-10-04T05:30,55
TOS02000083,2026-10-04T05:45,55
TOS02000083,2026-10-04T06:00,55
TOS02000083,2026-10-04T06:15,55
TOS02000083,2026-10-04T06:30,55
TOS02000083,2026-10-04T06:45,56
TOS02000083,2026-10-04T07:00,58
TOS02000083,2026-10-04T07:15,60
TOS02000083,2026-10-04T07:30,59
TOS02000083,2026-10-04T07:45,62
TOS02000083,2026-10-04T08:00,63
TOS02000083,2026-10-04T08:15,65
TOS02000083,2026-10-04T08:30,64
TOS02000083,2026-10-04T08:45,64
TOS02000083,2026-10-04T09:00,63
TOS02000083,2026-10-04T09:15,62
TOS02000083,2026-10-04T09:30,60
TOS02000083,2026-10-04T09:45,59
TOS02000083,2026-10-04T10:00,54
TOS02000083,2026-10-04T10:15,54
TOS02000083,2026-10-04T10:30,53
TOS02000083,2026-10-04T10:45,53
TOS02000083,2026-10-04T11:00,52
TOS02000083,2026-10-04T11:15,53
TOS02000083,2026-10-04T11:30,54
TOS02000083,2026-10-04T11:45,54
TOS02000083,2026-10-04T12:00,55
TOS02000083,2026-10-04T12:15,54
TOS02000083,2026-10-04T12:30,54
TOS02000083,2026-10-04T12:45,55
TOS02000083,2026-10-04T13:00,55
TOS02000083,2026-10-04T13:15,55
TOS02000083,2026-10-04T13:30,55
TOS02000083,2026-10-04T13:45,55
TOS02000083,2026-10-04T14:00,55
TOS02000083,2026-10-04T14:15,56
TOS02000083,2026-10-04T14:30,58
TOS02000083,2026-10-04T14:45,62
TOS02000083,2026-10-04T15:00,66
TOS02000083,2026-10-04T15:15,66
TOS02000083,2026-10-04T15:30,66
TOS02000083,2026-10-04T15:45,66
TOS02000083,2026-10-04T16:00,66
TOS02000083,2026-10-04T16:15,67
TOS02000083,2026-10-04T16:30,69
TOS02000083,2026-10-04T16:45,70
TOS02000083,2026-10-04T17:00,70
TOS02000083,2026-10-04T17:15,73
TOS02000083,2026-10-04T17:30,76
TOS02000083,2026-10-04T17:45,79
TOS02000083,2026-10-04T18:00,81
TOS02000083,2026-10-04T18:15,80
TOS02000083,2026-10-04T18:30,79
TOS02000083,2026-10-04T18:45,76
TOS02000083,2026-10-04T19:00,73
TOS02000083,2026-10-04T19:15,72
TOS02000083,2026-10-04T19:30,72
TOS02000083,2026-10-04T19:45,70
TOS02000083,2026-10-04T20:00,70
TOS02000083,2026-10-04T20:15,67
TOS02000083,2026-10-04T20:30,65
TOS02000083,2026-10-04T20:45,63
TOS02000083,2026-10-04T21:00,62
TOS02000083,2026-10-04T21:15,63
TOS02000083,2026-10-04T21:30,62
TOS02000083,2026-10-04T21:45,62
TOS02000083,2026-10-04T22:00,64
TOS02000083,2026-10-04T22:15,66
TOS02000083,2026-10-04T22:30,67
TOS02000083,2026-10-04T22:45,67
TOS02000083,2026-10-04T23:00,65
TOS02000083,2026-10-04T23:15,62
TOS02000083,2026-10-04T23:30,63
TOS02000083,2026-10-04T23:45,63
TOS02000108,2026-10-04T00:00,50
TOS02000108,2026-10-04T00:15,50
TOS02000108,2026-10-04T00:30,50
TOS02000108,2026-10-04T00:45,50
TOS02000108,2026-10-04T01:00,50
TOS02000108,2026-10-04T01:15,50
TOS02000108,2026-10-04T01:30,51
TOS02000108,2026-10-04T01:45,52
TOS02000108,2026-10-04T02:00,51
TOS02000108,2026-10-04T02:15,50
TOS02000108,2026-10-04T02:30,50
TOS02000108,2026-10-04T02:45,49
TOS02000108,2026-10-04T03:00,49
TOS02000108,2026-10-04T03:15,50
TOS02000108,2026-10-04T03:30,50
TOS02000108,2026-10-04T03:45,49
TOS02000108,2026-10-04T04:00,47
TOS02000108,2026-10-04T04:15,48
TOS02000108,2026-10-04T04:30,48
TOS02000108,2026-10-04T04:45,48
TOS02000108,2026-10-04T05:00,48
TOS02000108,2026-10-04T05:15,48
TOS02000108,2026-10-04T05:30,49
TOS02000108,2026-10-04T05:45,51
TOS02000108,2026-10-04T06:00,52
TOS02000108,2026-10-04T06:15,51
TOS02000108,2026-10-04T06:30,52
TOS02000108,2026-10-04T06:45,52
TOS02000108,2026-10-04T07:00,52
TOS02000108,2026-10-04T07:15,52
TOS02000108,2026-10-04T07:30,52
TOS02000108,2026-10-04T07:45,52
TOS02000108,2026-10-04T08:00,52
TOS02000108,2026-10-04T08:15,52
TOS02000108,2026-10-04T08:30,51
TOS02000108,2026-10-04T08:45,50
TOS02000108,2026-10-04T09:00,48
TOS02000108,2026-10-04T09:15,46
TOS02000108,2026-10-04T09:30,44
TOS02000108,2026-10-04T09:45,44
TOS02000108,2026-10-04T10:00,43
TOS02000108,2026-10-04T10:15,44
TOS02000108,2026-10-04T10:30,45
TOS02000108,2026-10-04T10:45,46
TOS02000108,2026-10-04T11:00,47
TOS02000108,2026-10-04T11:15,47
TOS02000108,2026-10-04T11:30,44
TOS02000108,2026-10-04T11:45,44
TOS02000108,2026-10-04T12:00,47
TOS02000108,2026-10-04T12:15,49
TOS02000108,2026-10-04T12:30,49
TOS02000108,2026-10-04T12:45,50
TOS02000108,2026-10-04T13:00,51
TOS02000108,2026-10-04T13:15,52
TOS02000108,2026-10-04T13:30,52
TOS02000108,2026-10-04T13:45,53
TOS02000108,2026-10-04T14:00,53
TOS02000108,2026-10-04T14:15,55
TOS02000108,2026-10-04T14:30,57
TOS02000108,2026-10-04T14:45,59
TOS02000108,2026-10-04T15:00,60
TOS02000108,2026-10-04T15:15,60
TOS02000108,2026-10-04T15:30,60
TOS02000108,2026-10-04T15:45,60
TOS02000108,2026-10-04T16:00,60
TOS02000108,2026-10-04T16:15,61
TOS02000108,2026-10-04T16:30,64
TOS02000108,2026-10-04T16:45,66
TOS02000108,2026-10-04T17:00,67
TOS02000108,2026-10-04T17:15,69
TOS02000108,2026-10-04T17:30,70
TOS02000108,2026-10-04T17:45,71
TOS02000108,2026-10-04T18:00,74
TOS02000108,2026-10-04T18:15,71
TOS02000108,2026-10-04T18:30,62
TOS02000108,2026-10-04T18:45,54
TOS02000108,2026-10-04T19:00,51
TOS02000108,2026-10-04T19:15,49
TOS02000108,2026-10-04T19:30,51
TOS02000108,2026-10-04T19:45,53
TOS02000108,2026-10-04T20:00,53
TOS02000108,2026-10-04T20:15,50
TOS02000108,2026-10-04T20:30,49
TOS02000108,2026-10-04T20:45,50
TOS02000108,2026-10-04T21:00,51
TOS02000108,2026-10-04T21:15,53
TOS02000108,2026-10-04T21:30,54
TOS02000108,2026-10-04T21:45,57
TOS02000108,2026-10-04T22:00,59
TOS02000108,2026-10-04T22:15,59
TOS02000108,2026-10-04T22:30,58
TOS02000108,2026-10-04T22:45,59
TOS02000108,2026-10-04T23:00,60
TOS02000108,2026-10-04T23:15,59
TOS02000108,2026-10-04T23:30,58
TOS02000108,2026-10-04T23:45,54
TOS02000177,2026-10-04T00:00,93
TOS02000177,2026-10-04T00:15,93
TOS02000177,2026-10-04T00:30,93
TOS02000177,2026-10-04T00:45,93
TOS02000177,2026-10-04T01:00,94
TOS02000177,2026-10-04T01:15,94
TOS02000177,2026-10-04T01:30,95
TOS02000177,2026-10-04T01:45,95
TOS02000177,2026-10-04T02:00,96
TOS02000177,2026-10-04T02:15,96
TOS02000177,2026-10-04T02:30,96
TOS02000177,2026-10-04T02:45,96
TOS02000177,2026-10-04T03:00,96
TOS02000177,2026-10-04T03:15,96
TOS02000177,2026-10-04T03:30,96
TOS02000177,2026-10-04T03:45,96
TOS02000177,2026-10-04T04:00,96
TOS02000177,2026-10-04T04:15,97
TOS02000177,2026-10-04T04:30,97
TOS02000177,2026-10-04T04:45,97
TOS02000177,2026-10-04T05:00,96
TOS02000177,2026-10-04T05:15,96
TOS02000177,2026-10-04T05:30,96
TOS02000177,2026-10-04T05:45,96
TOS02000177,2026-10-04T06:00,97
TOS02000177,2026-10-04T06:15,97
TOS02000177,2026-10-04T06:30,97
TOS02000177,2026-10-04T06:45,97
TOS02000177,2026-10-04T07:00,97
TOS02000177,2026-10-04T07:15,96
TOS02000177,2026-10-04T07:30,96
TOS02000177,2026-10-04T07:45,95
TOS02000177,2026-10-04T08:00,95
TOS02000177,2026-10-04T08:15,95
TOS02000177,2026-10-04T08:30,95
TOS02000177,2026-10-04T08:45,95
TOS02000177,2026-10-04T09:00,96
TOS02000177,2026-10-04T09:15,89
TOS02000177,2026-10-04T09:30,77
TOS02000177,2026-10-04T09:45,73
TOS02000177,2026-10-04T10:00,59
TOS02000177,2026-10-04T10:15,56
TOS02000177,2026-10-04T10:30,54
TOS02000177,2026-10-04T10:45,54
TOS02000177,2026-10-04T11:00,55
TOS02000177,2026-10-04T11:15,56
TOS02000177,2026-10-04T11:30,57
TOS02000177,2026-10-04T11:45,57
TOS02000177,2026-10-04T12:00,57
TOS02000177,2026-10-04T12:15,57
TOS02000177,2026-10-04T12:30,57
TOS02000177,2026-10-04T12:45,55
TOS02000177,2026-10-04T13:00,55
TOS02000177,2026-10-04T13:15,59
TOS02000177,2026-10-04T13:30,62
TOS02000177,2026-10-04T13:45,61
TOS02000177,2026-10-04T14:00,62
TOS02000177,2026-10-04T14:15,62
TOS02000177,2026-10-04T14:30,61
TOS02000177,2026-10-04T14:45,63
TOS02000177,2026-10-04T15:00,66
TOS02000177,2026-10-04T15:15,68
TOS02000177,2026-10-04T15:30,69
TOS02000177,2026-10-04T15:45,72
TOS02000177,2026-10-04T16:00,75
TOS02000177,2026-10-04T16:15,79
TOS02000177,2026-10-04T16:30,82
TOS02000177,2026-10-04T16:45,84
TOS02000177,2026-10-04T17:00,86
TOS02000177,2026-10-04T17:15,88
TOS02000177,2026-10-04T17:30,89
TOS02000177,2026-10-04T17:45,90
TOS02000177,2026-10-04T18:00,91
TOS02000177,2026-10-04T18:15,92
TOS02000177,2026-10-04T18:30,93
TOS02000177,2026-10-04T18:45,93
TOS02000177,2026-10-04T19:00,94
TOS02000177,2026-10-04T19:15,94
TOS02000177,2026-10-04T19:30,96
TOS02000177,2026-10-04T19:45,95
TOS02000177,2026-10-04T20:00,95
TOS02000177,2026-10-04T20:15,94
TOS02000177,2026-10-04T20:30,94
TOS02000177,2026-10-04T20:45,94
TOS02000177,2026-10-04T21:00,94
TOS02000177,2026-10-04T21:15,93
TOS02000177,2026-10-04T21:30,93
TOS02000177,2026-10-04T21:45,93
TOS02000177,2026-10-04T22:00,93
TOS02000177,2026-10-04T22:15,93
TOS02000177,2026-10-04T22:30,93
TOS02000177,2026-10-04T22:45,93
TOS02000177,2026-10-04T23:00,92
TOS02000177,2026-10-04T23:15,92
TOS02000177,2026-10-04T23:30,92
TOS02000177,2026-10-04T23:45,92
TOS02000221,2026-10-04T00:00,75
TOS02000221,2026-10-04T00:15,76
TOS02000221,2026-10-04T00:30,76
TOS02000221,2026-10-04T00:45,76
TOS02000221,2026-10-04T01:00,76
TOS02000221,2026-10-04T01:15,75
TOS02000221,2026-10-04T01:30,76
TOS02000221,2026-10-04T01:45,75
TOS02000221,2026-10-04T02:00,76
TOS02000221,2026-10-04T02:15,76
TOS02000221,2026-10-04T02:30,76
TOS02000221,2026-10-04T02:45,78
TOS02000221,2026-10-04T03:00,79
TOS02000221,2026-10-04T03:15,77
TOS02000221,2026-10-04T03:30,76
TOS02000221,2026-10-04T03:45,78
TOS02000221,2026-10-04T04:00,80
TOS02000221,2026-10-04T04:15,77
TOS02000221,2026-10-04T04:30,75
TOS02000221,2026-10-04T04:45,76
TOS02000221,2026-10-04T05:00,77
TOS02000221,2026-10-04T05:15,75
TOS02000221,2026-10-04T05:30,77
TOS02000221,2026-10-04T05:45,78
TOS02000221,2026-10-04T06:00,79
TOS02000221,2026-10-04T06:15,79
TOS02000221,2026-10-04T06:30,79
TOS02000221,2026-10-04T06:45,79
TOS02000221,2026-10-04T07:00,79
TOS02000221,2026-10-04T07:15,77
TOS02000221,2026-10-04T07:30,75
TOS02000221,2026-10-04T07:45,72
TOS02000221,2026-10-04T08:00,70
TOS02000221,2026-10-04T08:15,64
TOS02000221,2026-10-04T08:30,61
TOS02000221,2026-10-04T08:45,60
TOS02000221,2026-10-04T09:00,60
TOS02000221,2026-10-04T09:15,62
TOS02000221,2026-10-04T09:30,60
TOS02000221,2026-10-04T09:45,58
TOS02000221,2026-10-04T10:00,56
TOS02000221,2026-10-04T10:15,56
TOS02000221,2026-10-04T10:30,56
TOS02000221,2026-10-04T10:45,57
TOS02000221,2026-10-04T11:00,56
TOS02000221,2026-10-04T11:15,55
TOS02000221,2026-10-04T11:30,56
TOS02000221,2026-10-04T11:45,56
TOS02000221,2026-10-04T12:00,57
TOS02000221,2026-10-04T12:15,58
TOS02000221,2026-10-04T12:30,59
TOS02000221,2026-10-04T12:45,60
TOS02000221,2026-10-04T13:00,60
TOS02000221,2026-10-04T13:15,62
TOS02000221,2026-10-04T13:30,61
TOS02000221,2026-10-04T13:45,65
TOS02000221,2026-10-04T14:00,66
TOS02000221,2026-10-04T14:15,66
TOS02000221,2026-10-04T14:30,67
TOS02000221,2026-10-04T14:45,66
TOS02000221,2026-10-04T15:00,65
TOS02000221,2026-10-04T15:15,64
TOS02000221,2026-10-04T15:30,63
TOS02000221,2026-10-04T15:45,66
TOS02000221,2026-10-04T16:00,67
TOS02000221,2026-10-04T16:15,69
TOS02000221,2026-10-04T16:30,72
TOS02000221,2026-10-04T16:45,73
TOS02000221,2026-10-04T17:00,75
TOS02000221,2026-10-04T17:15,78
TOS02000221,2026-10-04T17:30,81
TOS02000221,2026-10-04T17:45,82
TOS02000221,2026-10-04T18:00,84
TOS02000221,2026-10-04T18:15,85
TOS02000221,2026-10-04T18:30,84
TOS02000221,2026-10-04T18:45,85
TOS02000221,2026-10-04T19:00,86
TOS02000221,2026-10-04T19:15,87
TOS02000221,2026-10-04T19:30,88
TOS02000221,2026-10-04T19:45,87
TOS02000221,2026-10-04T20:00,88
TOS02000221,2026-10-04T20:15,88
TOS02000221,2026-10-04T20:30,88
TOS02000221,2026-10-04T20:45,87
TOS02000221,2026-10-04T21:00,87
TOS02000221,2026-10-04T21:15,88
TOS02000221,2026-10-04T21:30,87
TOS02000221,2026-10-04T21:45,86
TOS02000221,2026-10-04T22:00,85
TOS02000221,2026-10-04T22:15,84
TOS02000221,2026-10-04T22:30,83
TOS02000221,2026-10-04T22:45,84
TOS02000221,2026-10-04T23:00,85
TOS02000221,2026-10-04T23:15,85
TOS02000221,2026-10-04T23:30,84
TOS02000221,2026-10-04T23:45,84
TOS02000241,2026-10-04T00:00,91
TOS02000241,2026-10-04T00:15,91
TOS02000241,2026-10-04T00:30,91
TOS02000241,2026-10-04T00:45,91
TOS02000241,2026-10-04T01:00,91
TOS02000241,2026-10-04T01:15,91
TOS02000241,2026-10-04T01:30,91
TOS02000241,2026-10-04T01:45,92
TOS02000241,2026-10-04T02:00,92
TOS02000241,2026-10-04T02:15,92
TOS02000241,2026-10-04T02:30,92
TOS02000241,2026-10-04T02:45,92
TOS02000241,2026-10-04T03:00,92
TOS02000241,2026-10-04T03:15,92
TOS02000241,2026-10-04T03:30,92
TOS02000241,2026-10-04T03:45,92
TOS02000241,2026-10-04T04:00,92
TOS02000241,2026-10-04T04:15,92
TOS02000241,2026-10-04T04:30,92
TOS02000241,2026-10-04T04:45,92
TOS02000241,2026-10-04T05:00,92
TOS02000241,2026-10-04T05:15,92
TOS02000241,2026-10-04T05:30,92
TOS02000241,2026-10-04T05:45,91
TOS02000241,2026-10-04T06:00,91
TOS02000241,2026-10-04T06:15,92
TOS02000241,2026-10-04T06:30,91
TOS02000241,2026-10-04T06:45,91
TOS02000241,2026-10-04T07:00,91
TOS02000241,2026-10-04T07:15,92
TOS02000241,2026-10-04T07:30,91
TOS02000241,2026-10-04T07:45,92
TOS02000241,2026-10-04T08:00,92
TOS02000241,2026-10-04T08:15,93
TOS02000241,2026-10-04T08:30,92
TOS02000241,2026-10-04T08:45,91
TOS02000241,2026-10-04T09:00,89
TOS02000241,2026-10-04T09:15,88
TOS02000241,2026-10-04T09:30,89
TOS02000241,2026-10-04T09:45,88
TOS02000241,2026-10-04T10:00,81
TOS02000241,2026-10-04T10:15,77
TOS02000241,2026-10-04T10:30,75
TOS02000241,2026-10-04T10:45,73
TOS02000241,2026-10-04T11:00,69
TOS02000241,2026-10-04T11:15,65
TOS02000241,2026-10-04T11:30,61
TOS02000241,2026-10-04T11:45,60
TOS02000241,2026-10-04T12:00,59
TOS02000241,2026-10-04T12:15,59
TOS02000241,2026-10-04T12:30,62
TOS02000241,2026-10-04T12:45,59
TOS02000241,2026-10-04T13:00,64
TOS02000241,2026-10-04T13:15,64
TOS02000241,2026-10-04T13:30,64
TOS02000241,2026-10-04T13:45,66
TOS02000241,2026-10-04T14:00,66
TOS02000241,2026-10-04T14:15,66
TOS02000241,2026-10-04T14:30,66
TOS02000241,2026-10-04T14:45,68
TOS02000241,2026-10-04T15:00,70
TOS02000241,2026-10-04T15:15,73
TOS02000241,2026-10-04T15:30,76
TOS02000241,2026-10-04T15:45,80
TOS02000241,2026-10-04T16:00,82
TOS02000241,2026-10-04T16:15,84
TOS02000241,2026-10-04T16:30,86
TOS02000241,2026-10-04T16:45,87
TOS02000241,2026-10-04T17:00,88
TOS02000241,2026-10-04T17:15,89
TOS02000241,2026-10-04T17:30,90
TOS02000241,2026-10-04T17:45,91
TOS02000241,2026-10-04T18:00,91
TOS02000241,2026-10-04T18:15,92
TOS02000241,2026-10-04T18:30,92
TOS02000241,2026-10-04T18:45,92
TOS02000241,2026-10-04T19:00,92
TOS02000241,2026-10-04T19:15,93
TOS02000241,2026-10-04T19:30,93
TOS02000241,2026-10-04T19:45,93
TOS02000241,2026-10-04T20:00,93
TOS02000241,2026-10-04T20:15,93
TOS02000241,2026-10-04T20:30,92
TOS02000241,2026-10-04T20:45,91
TOS02000241,2026-10-04T21:00,91
TOS02000241,2026-10-04T21:15,91
TOS02000241,2026-10-04T21:30,91
TOS02000241,2026-10-04T21:45,91
TOS02000241,2026-10-04T22:00,90
TOS02000241,2026-10-04T22:15,90
TOS02000241,2026-10-04T22:30,91
TOS02000241,2026-10-04T22:45,90
TOS02000241,2026-10-04T23:00,90
TOS02000241,2026-10-04T23:15,90
TOS02000241,2026-10-04T23:30,90
TOS02000241,2026-10-04T23:45,90
TOS02000281,2026-10-04T00:00,95
TOS02000281,2026-10-04T00:15,95
TOS02000281,2026-10-04T00:30,95
TOS02000281,2026-10-04T00:45,95
TOS02000281,2026-10-04T01:00,95
TOS02000281,2026-10-04T01:15,96
TOS02000281,2026-10-04T01:30,96
TOS02000281,2026-10-04T01:45,96
TOS02000281,2026-10-04T02:00,96
TOS02000281,2026-10-04T02:15,96
TOS02000281,2026-10-04T02:30,96
TOS02000281,2026-10-04T02:45,97
TOS02000281,2026-10-04T03:00,97
TOS02000281,2026-10-04T03:15,97
TOS02000281,2026-10-04T03:30,97
TOS02000281,2026-10-04T03:45,97
TOS02000281,2026-10-04T04:00,97
TOS02000281,2026-10-04T04:15,97
TOS02000281,2026-10-04T04:30,97
TOS02000281,2026-10-04T04:45,97
TOS02000281,2026-10-04T05:00,97
TOS02000281,2026-10-04T05:15,97
TOS02000281,2026-10-04T05:30,97
TOS02000281,2026-10-04T05:45,97
TOS02000281,2026-10-04T06:00,97
TOS02000281,2026-10-04T06:15,97
TOS02000281,2026-10-04T06:30,97
TOS02000281,2026-10-04T06:45,97
TOS02000281,2026-10-04T07:00,97
TOS02000281,2026-10-04T07:15,97
TOS02000281,2026-10-04T07:30,97
TOS02000281,2026-10-04T07:45,97
TOS02000281,2026-10-04T08:00,98
TOS02000281,2026-10-04T08:15,98
TOS02000281,2026-10-04T08:30,98
TOS02000281,2026-10-04T08:45,98
TOS02000281,2026-10-04T09:00,98
TOS02000281,2026-10-04T09:15,98
TOS02000281,2026-10-04T09:30,98
TOS02000281,2026-10-04T09:45,98
TOS02000281,2026-10-04T10:00,98
TOS02000281,2026-10-04T10:15,98
TOS02000281,2026-10-04T10:30,98
TOS02000281,2026-10-04T10:45,97
TOS02000281,2026-10-04T11:00,93
TOS02000281,2026-10-04T11:15,87
TOS02000281,2026-10-04T11:30,82
TOS02000281,2026-10-04T11:45,79
TOS02000281,2026-10-04T12:00,75
TOS02000281,2026-10-04T12:15,68
TOS02000281,2026-10-04T12:30,65
TOS02000281,2026-10-04T12:45,63
TOS02000281,2026-10-04T13:00,62
TOS02000281,2026-10-04T13:15,59
TOS02000281,2026-10-04T13:30,58
TOS02000281,2026-10-04T13:45,58
TOS02000281,2026-10-04T14:00,57
TOS02000281,2026-10-04T14:15,57
TOS02000281,2026-10-04T14:30,58
TOS02000281,2026-10-04T14:45,59
TOS02000281,2026-10-04T15:00,62
TOS02000281,2026-10-04T15:15,66
TOS02000281,2026-10-04T15:30,68
TOS02000281,2026-10-04T15:45,70
TOS02000281,2026-10-04T16:00,74
TOS02000281,2026-10-04T16:15,79
TOS02000281,2026-10-04T16:30,82
TOS02000281,2026-10-04T16:45,84
TOS02000281,2026-10-04T17:00,87
TOS02000281,2026-10-04T17:15,89
TOS02000281,2026-10-04T17:30,90
TOS02000281,2026-10-04T17:45,91
TOS02000281,2026-10-04T18:00,92
TOS02000281,2026-10-04T18:15,92
TOS02000281,2026-10-04T18:30,93
TOS02000281,2026-10-04T18:45,94
TOS02000281,2026-10-04T19:00,94
TOS02000281,2026-10-04T19:15,94
TOS02000281,2026-10-04T19:30,94
TOS02000281,2026-10-04T19:45,94
TOS02000281,2026-10-04T20:00,94
TOS02000281,2026-10-04T20:15,94
TOS02000281,2026-10-04T20:30,94
TOS02000281,2026-10-04T20:45,94
TOS02000281,2026-10-04T21:00,94
TOS02000281,2026-10-04T21:15,94
TOS02000281,2026-10-04T21:30,94
TOS02000281,2026-10-04T21:45,94
TOS02000281,2026-10-04T22:00,94
TOS02000281,2026-10-04T22:15,95
TOS02000281,2026-10-04T22:30,95
TOS02000281,2026-10-04T22:45,95
TOS02000281,2026-10-04T23:00,95
TOS02000281,2026-10-04T23:15,95
TOS02000281,2026-10-04T23:30,95
TOS02000281,2026-10-04T23:45,96
TOS02000329,2026-10-04T00:00,52
TOS02000329,2026-10-04T00:15,52
TOS02000329,2026-10-04T00:30,53
TOS02000329,2026-10-04T00:45,53
TOS02000329,2026-10-04T01:00,53
TOS02000329,2026-10-04T01:15,53
TOS02000329,2026-10-04T01:30,54
TOS02000329,2026-10-04T01:45,54
TOS02000329,2026-10-04T02:00,54
TOS02000329,2026-10-04T02:15,55
TOS02000329,2026-10-04T02:30,54
TOS02000329,2026-10-04T02:45,53
TOS02000329,2026-10-04T03:00,55
TOS02000329,2026-10-04T03:15,54
TOS02000329,2026-10-04T03:30,54
TOS02000329,2026-10-04T03:45,54
TOS02000329,2026-10-04T04:00,54
TOS02000329,2026-10-04T04:15,54
TOS02000329,2026-10-04T04:30,54
TOS02000329,2026-10-04T04:45,55
TOS02000329,2026-10-04T05:00,54
TOS02000329,2026-10-04T05:15,53
TOS02000329,2026-10-04T05:30,51
TOS02000329,2026-10-04T05:45,50
TOS02000329,2026-10-04T06:00,51
TOS02000329,2026-10-04T06:15,52
TOS02000329,2026-10-04T06:30,52
TOS02000329,2026-10-04T06:45,53
TOS02000329,2026-10-04T07:00,54
TOS02000329,2026-10-04T07:15,53
TOS02000329,2026-10-04T07:30,52
TOS02000329,2026-10-04T07:45,51
TOS02000329,2026-10-04T08:00,52
TOS02000329,2026-10-04T08:15,52
TOS02000329,2026-10-04T08:30,52
TOS02000329,2026-10-04T08:45,51
TOS02000329,2026-10-04T09:00,52
TOS02000329,2026-10-04T09:15,49
TOS02000329,2026-10-04T09:30,50
TOS02000329,2026-10-04T09:45,47
TOS02000329,2026-10-04T10:00,48
TOS02000329,2026-10-04T10:15,48
TOS02000329,2026-10-04T10:30,47
TOS02000329,2026-10-04T10:45,48
TOS02000329,2026-10-04T11:00,48
TOS02000329,2026-10-04T11:15,48
TOS02000329,2026-10-04T11:30,48
TOS02000329,2026-10-04T11:45,49
TOS02000329,2026-10-04T12:00,50
TOS02000329,2026-10-04T12:15,50
TOS02000329,2026-10-04T12:30,49
TOS02000329,2026-10-04T12:45,50
TOS02000329,2026-10-04T13:00,50
TOS02000329,2026-10-04T13:15,51
TOS02000329,2026-10-04T13:30,53
TOS02000329,2026-10-04T13:45,53
TOS02000329,2026-10-04T14:00,55
TOS02000329,2026-10-04T14:15,55
TOS02000329,2026-10-04T14:30,56
TOS02000329,2026-10-04T14:45,60
TOS02000329,2026-10-04T15:00,64
TOS02000329,2026-10-04T15:15,62
TOS02000329,2026-10-04T15:30,63
TOS02000329,2026-10-04T15:45,63
TOS02000329,2026-10-04T16:00,64
TOS02000329,2026-10-04T16:15,65
TOS02000329,2026-10-04T16:30,66
TOS02000329,2026-10-04T16:45,66
TOS02000329,2026-10-04T17:00,68
TOS02000329,2026-10-04T17:15,72
TOS02000329,2026-10-04T17:30,73
TOS02000329,2026-10-04T17:45,72
TOS02000329,2026-10-04T18:00,73
TOS02000329,2026-10-04T18:15,74
TOS02000329,2026-10-04T18:30,74
TOS02000329,2026-10-04T18:45,66
TOS02000329,2026-10-04T19:00,56
TOS02000329,2026-10-04T19:15,54
TOS02000329,2026-10-04T19:30,52
TOS02000329,2026-10-04T19:45,50
TOS02000329,2026-10-04T20:00,49
TOS02000329,2026-10-04T20:15,50
TOS02000329,2026-10-04T20:30,52
TOS02000329,2026-10-04T20:45,51
TOS02000329,2026-10-04T21:00,51
TOS02000329,2026-10-04T21:15,51
TOS02000329,2026-10-04T21:30,53
TOS02000329,2026-10-04T21:45,54
TOS02000329,2026-10-04T22:00,54
TOS02000329,2026-10-04T22:15,54
TOS02000329,2026-10-04T22:30,55
TOS02000329,2026-10-04T22:45,55
TOS02000329,2026-10-04T23:00,57
TOS02000329,2026-10-04T23:15,58
TOS02000329,2026-10-04T23:30,59
TOS02000329,2026-10-04T23:45,59
TOS02000332,2026-10-04T00:00,83
TOS02000332,2026-10-04T00:15,83
TOS02000332,2026-10-04T00:30,84
TOS02000332,2026-10-04T00:45,84
TOS02000332,2026-10-04T01:00,85
TOS02000332,2026-10-04T01:15,85
TOS02000332,2026-10-04T01:30,85
TOS02000332,2026-10-04T01:45,85
TOS02000332,2026-10-04T02:00,85
TOS02000332,2026-10-04T02:15,86
TOS02000332,2026-10-04T02:30,85
TOS02000332,2026-10-04T02:45,86
TOS02000332,2026-10-04T03:00,86
TOS02000332,2026-10-04T03:15,86
TOS02000332,2026-10-04T03:30,86
TOS02000332,2026-10-04T03:45,86
TOS02000332,2026-10-04T04:00,86
TOS02000332,2026-10-04T04:15,87
TOS02000332,2026-10-04T04:30,87
TOS02000332,2026-10-04T04:45,87
TOS02000332,2026-10-04T05:00,87
TOS02000332,2026-10-04T05:15,88
TOS02000332,2026-10-04T05:30,88
TOS02000332,2026-10-04T05:45,88
TOS02000332,2026-10-04T06:00,88
TOS02000332,2026-10-04T06:15,88
TOS02000332,2026-10-04T06:30,88
TOS02000332,2026-10-04T06:45,89
TOS02000332,2026-10-04T07:00,89
TOS02000332,2026-10-04T07:15,89
TOS02000332,2026-10-04T07:30,89
TOS02000332,2026-10-04T07:45,89
TOS02000332,2026-10-04T08:00,89
TOS02000332,2026-10-04T08:15,89
TOS02000332,2026-10-04T08:30,89
TOS02000332,2026-10-04T08:45,89
TOS02000332,2026-10-04T09:00,90
TOS02000332,2026-10-04T09:15,89
TOS02000332,2026-10-04T09:30,86
TOS02000332,2026-10-04T09:45,81
TOS02000332,2026-10-04T10:00,76
TOS02000332,2026-10-04T10:15,72
TOS02000332,2026-10-04T10:30,68
TOS02000332,2026-10-04T10:45,65
TOS02000332,2026-10-04T11:00,62
TOS02000332,2026-10-04T11:15,59
TOS02000332,2026-10-04T11:30,57
TOS02000332,2026-10-04T11:45,54
TOS02000332,2026-10-04T12:00,54
TOS02000332,2026-10-04T12:15,49
TOS02000332,2026-10-04T12:30,48
TOS02000332,2026-10-04T12:45,46
TOS02000332,2026-10-04T13:00,45
TOS02000332,2026-10-04T13:15,46
TOS02000332,2026-10-04T13:30,45
TOS02000332,2026-10-04T13:45,45
TOS02000332,2026-10-04T14:00,46
TOS02000332,2026-10-04T14:15,49
TOS02000332,2026-10-04T14:30,54
TOS02000332,2026-10-04T14:45,61
TOS02000332,2026-10-04T15:00,65
TOS02000332,2026-10-04T15:15,65
TOS02000332,2026-10-04T15:30,65
TOS02000332,2026-10-04T15:45,65
TOS02000332,2026-10-04T16:00,67
TOS02000332,2026-10-04T16:15,69
TOS02000332,2026-10-04T16:30,71
TOS02000332,2026-10-04T16:45,74
TOS02000332,2026-10-04T17:00,76
TOS02000332,2026-10-04T17:15,78
TOS02000332,2026-10-04T17:30,79
TOS02000332,2026-10-04T17:45,81
TOS02000332,2026-10-04T18:00,82
TOS02000332,2026-10-04T18:15,82
TOS02000332,2026-10-04T18:30,83
TOS02000332,2026-10-04T18:45,84
TOS02000332,2026-10-04T19:00,84
TOS02000332,2026-10-04T19:15,84
TOS02000332,2026-10-04T19:30,84
TOS02000332,2026-10-04T19:45,84
TOS02000332,2026-10-04T20:00,84
TOS02000332,2026-10-04T20:15,85
TOS02000332,2026-10-04T20:30,84
TOS02000332,2026-10-04T20:45,84
TOS02000332,2026-10-04T21:00,84
TOS02000332,2026-10-04T21:15,84
TOS02000332,2026-10-04T21:30,84
TOS02000332,2026-10-04T21:45,83
TOS02000332,2026-10-04T22:00,84
TOS02000332,2026-10-04T22:15,83
TOS02000332,2026-10-04T22:30,84
TOS02000332,2026-10-04T22:45,84
TOS02000332,2026-10-04T23:00,85
TOS02000332,2026-10-04T23:15,85
TOS02000332,2026-10-04T23:30,84
TOS02000332,2026-10-04T23:45,85
TOS02000351,2026-10-04T00:00,72
TOS02000351,2026-10-04T00:15,72
TOS02000351,2026-10-04T00:30,72
TOS02000351,2026-10-04T00:45,73
TOS02000351,2026-10-04T01:00,75
TOS02000351,2026-10-04T01:15,77
TOS02000351,2026-10-04T01:30,79
TOS02000351,2026-10-04T01:45,81
TOS02000351,2026-10-04T02:00,82
TOS02000351,2026-10-04T02:15,85
TOS02000351,2026-10-04T02:30,86
TOS02000351,2026-10-04T02:45,86
TOS02000351,2026-10-04T03:00,85
TOS02000351,2026-10-04T03:15,84
TOS02000351,2026-10-04T03:30,84
TOS02000351,2026-10-04T03:45,83
TOS02000351,2026-10-04T04:00,82
TOS02000351,2026-10-04T04:15,82
TOS02000351,2026-10-04T04:30,82
TOS02000351,2026-10-04T04:45,82
TOS02000351,2026-10-04T05:00,82
TOS02000351,2026-10-04T05:15,81
TOS02000351,2026-10-04T05:30,81
TOS02000351,2026-10-04T05:45,82
TOS02000351,2026-10-04T06:00,83
TOS02000351,2026-10-04T06:15,83
TOS02000351,2026-10-04T06:30,83
TOS02000351,2026-10-04T06:45,83
TOS02000351,2026-10-04T07:00,83
TOS02000351,2026-10-04T07:15,82
TOS02000351,2026-10-04T07:30,82
TOS02000351,2026-10-04T07:45,82
TOS02000351,2026-10-04T08:00,82
TOS02000351,2026-10-04T08:15,82
TOS02000351,2026-10-04T08:30,77
TOS02000351,2026-10-04T08:45,77
TOS02000351,2026-10-04T09:00,75
TOS02000351,2026-10-04T09:15,67
TOS02000351,2026-10-04T09:30,64
TOS02000351,2026-10-04T09:45,62
TOS02000351,2026-10-04T10:00,61
TOS02000351,2026-10-04T10:15,61
TOS02000351,2026-10-04T10:30,62
TOS02000351,2026-10-04T10:45,61
TOS02000351,2026-10-04T11:00,60
TOS02000351,2026-10-04T11:15,59
TOS02000351,2026-10-04T11:30,59
TOS02000351,2026-10-04T11:45,59
TOS02000351,2026-10-04T12:00,60
TOS02000351,2026-10-04T12:15,60
TOS02000351,2026-10-04T12:30,60
TOS02000351,2026-10-04T12:45,60
TOS02000351,2026-10-04T13:00,62
TOS02000351,2026-10-04T13:15,64
TOS02000351,2026-10-04T13:30,65
TOS02000351,2026-10-04T13:45,65
TOS02000351,2026-10-04T14:00,66
TOS02000351,2026-10-04T14:15,66
TOS02000351,2026-10-04T14:30,65
TOS02000351,2026-10-04T14:45,65
TOS02000351,2026-10-04T15:00,66
TOS02000351,2026-10-04T15:15,66
TOS02000351,2026-10-04T15:30,68
TOS02000351,2026-10-04T15:45,71
TOS02000351,2026-10-04T16:00,74
TOS02000351,2026-10-04T16:15,76
TOS02000351,2026-10-04T16:30,77
TOS02000351,2026-10-04T16:45,78
TOS02000351,2026-10-04T17:00,78
TOS02000351,2026-10-04T17:15,77
TOS02000351,2026-10-04T17:30,76
TOS02000351,2026-10-04T17:45,76
TOS02000351,2026-10-04T18:00,75
TOS02000351,2026-10-04T18:15,74
TOS02000351,2026-10-04T18:30,75
TOS02000351,2026-10-04T18:45,76
TOS02000351,2026-10-04T19:00,78
TOS02000351,2026-10-04T19:15,79
TOS02000351,2026-10-04T19:30,79
TOS02000351,2026-10-04T19:45,81
TOS02000351,2026-10-04T20:00,81
TOS02000351,2026-10-04T20:15,82
TOS02000351,2026-10-04T20:30,83
TOS02000351,2026-10-04T20:45,84
TOS02000351,2026-10-04T21:00,84
TOS02000351,2026-10-04T21:15,84
TOS02000351,2026-10-04T21:30,84
TOS02000351,2026-10-04T21:45,85
TOS02000351,2026-10-04T22:00,83
TOS02000351,2026-10-04T22:15,80
TOS02000351,2026-10-04T22:30,77
TOS02000351,2026-10-04T22:45,74
TOS02000351,2026-10-04T23:00,74
TOS02000351,2026-10-04T23:15,75
TOS02000351,2026-10-04T23:30,73
TOS02000351,2026-10-04T23:45,72
TOS02000359,2026-10-04T00:00,73
TOS02000359,2026-10-04T00:15,71
TOS02000359,2026-10-04T00:30,71
TOS02000359,2026-10-04T00:45,72
TOS02000359,2026-10-04T01:00,72
TOS02000359,2026-10-04T01:15,73
TOS02000359,2026-10-04T01:30,74
TOS02000359,2026-10-04T01:45,73
TOS02000359,2026-10-04T02:00,74
TOS02000359,2026-10-04T02:15,74
TOS02000359,2026-10-04T02:30,74
TOS02000359,2026-10-04T02:45,73
TOS02000359,2026-10-04T03:00,73
TOS02000359,2026-10-04T03:15,73
TOS02000359,2026-10-04T03:30,75
TOS02000359,2026-10-04T03:45,77
TOS02000359,2026-10-04T04:00,78
TOS02000359,2026-10-04T04:15,78
TOS02000359,2026-10-04T04:30,77
TOS02000359,2026-10-04T04:45,78
TOS02000359,2026-10-04T05:00,76
TOS02000359,2026-10-04T05:15,77
TOS02000359,2026-10-04T05:30,78
TOS02000359,2026-10-04T05:45,78
TOS02000359,2026-10-04T06:00,78
TOS02000359,2026-10-04T06:15,77
TOS02000359,2026-10-04T06:30,76
TOS02000359,2026-10-04T06:45,75
TOS02000359,2026-10-04T07:00,76
TOS02000359,2026-10-04T07:15,76
TOS02000359,2026-10-04T07:30,77
TOS02000359,2026-10-04T07:45,78
TOS02000359,2026-10-04T08:00,79
TOS02000359,2026-10-04T08:15,80
TOS02000359,2026-10-04T08:30,79
TOS02000359,2026-10-04T08:45,75
TOS02000359,2026-10-04T09:00,68
TOS02000359,2026-10-04T09:15,58
TOS02000359,2026-10-04T09:30,55
TOS02000359,2026-10-04T09:45,52
TOS02000359,2026-10-04T10:00,51
TOS02000359,2026-10-04T10:15,50
TOS02000359,2026-10-04T10:30,48
TOS02000359,2026-10-04T10:45,48
TOS02000359,2026-10-04T11:00,48
TOS02000359,2026-10-04T11:15,48
TOS02000359,2026-10-04T11:30,47
TOS02000359,2026-10-04T11:45,47
TOS02000359,2026-10-04T12:00,46
TOS02000359,2026-10-04T12:15,46
TOS02000359,2026-10-04T12:30,47
TOS02000359,2026-10-04T12:45,47
TOS02000359,2026-10-04T13:00,48
TOS02000359,2026-10-04T13:15,49
TOS02000359,2026-10-04T13:30,50
TOS02000359,2026-10-04T13:45,50
TOS02000359,2026-10-04T14:00,50
TOS02000359,2026-10-04T14:15,51
TOS02000359,2026-10-04T14:30,52
TOS02000359,2026-10-04T14:45,52
TOS02000359,2026-10-04T15:00,51
TOS02000359,2026-10-04T15:15,50
TOS02000359,2026-10-04T15:30,54
TOS02000359,2026-10-04T15:45,55
TOS02000359,2026-10-04T16:00,58
TOS02000359,2026-10-04T16:15,59
TOS02000359,2026-10-04T16:30,56
TOS02000359,2026-10-04T16:45,57
TOS02000359,2026-10-04T17:00,59
TOS02000359,2026-10-04T17:15,64
TOS02000359,2026-10-04T17:30,65
TOS02000359,2026-10-04T17:45,68
TOS02000359,2026-10-04T18:00,69
TOS02000359,2026-10-04T18:15,71
TOS02000359,2026-10-04T18:30,72
TOS02000359,2026-10-04T18:45,74
TOS02000359,2026-10-04T19:00,78
TOS02000359,2026-10-04T19:15,81
TOS02000359,2026-10-04T19:30,83
TOS02000359,2026-10-04T19:45,84
TOS02000359,2026-10-04T20:00,83
TOS02000359,2026-10-04T20:15,83
TOS02000359,2026-10-04T20:30,83
TOS02000359,2026-10-04T20:45,84
TOS02000359,2026-10-04T21:00,86
TOS02000359,2026-10-04T21:15,87
TOS02000359,2026-10-04T21:30,88
TOS02000359,2026-10-04T21:45,90
TOS02000359,2026-10-04T22:00,90
TOS02000359,2026-10-04T22:15,89
TOS02000359,2026-10-04T22:30,88
TOS02000359,2026-10-04T22:45,87
TOS02000359,2026-10-04T23:00,85
TOS02000359,2026-10-04T23:15,84
TOS02000359,2026-10-04T23:30,83
TOS02000359,2026-10-04T23:45,83
TOS02000372,2026-10-04T00:00,60
TOS02000372,2026-10-04T00:15,61
TOS02000372,2026-10-04T00:30,63
TOS02000372,2026-10-04T00:45,65
TOS02000372,2026-10-04T01:00,65
TOS02000372,2026-10-04T01:15,66
TOS02000372,2026-10-04T01:30,67
TOS02000372,2026-10-04T01:45,66
TOS02000372,2026-10-04T02:00,70
TOS02000372,2026-10-04T02:15,72
TOS02000372,2026-10-04T02:30,68
TOS02000372,2026-10-04T02:45,65
TOS02000372,2026-10-04T03:00,65
TOS02000372,2026-10-04T03:15,67
TOS02000372,2026-10-04T03:30,65
TOS02000372,2026-10-04T03:45,66
TOS02000372,2026-10-04T04:00,71
TOS02000372,2026-10-04T04:15,73
TOS02000372,2026-10-04T04:30,76
TOS02000372,2026-10-04T04:45,79
TOS02000372,2026-10-04T05:00,77
TOS02000372,2026-10-04T05:15,75
TOS02000372,2026-10-04T05:30,73
TOS02000372,2026-10-04T05:45,71
TOS02000372,2026-10-04T06:00,68
TOS02000372,2026-10-04T06:15,68
TOS02000372,2026-10-04T06:30,71
TOS02000372,2026-10-04T06:45,71
TOS02000372,2026-10-04T07:00,71
TOS02000372,2026-10-04T07:15,72
TOS02000372,2026-10-04T07:30,72
TOS02000372,2026-10-04T07:45,73
TOS02000372,2026-10-04T08:00,72
TOS02000372,2026-10-04T08:15,74
TOS02000372,2026-10-04T08:30,72
TOS02000372,2026-10-04T08:45,71
TOS02000372,2026-10-04T09:00,69
TOS02000372,2026-10-04T09:15,69
TOS02000372,2026-10-04T09:30,69
TOS02000372,2026-10-04T09:45,67
TOS02000372,2026-10-04T10:00,66
TOS02000372,2026-10-04T10:15,64
TOS02000372,2026-10-04T10:30,63
TOS02000372,2026-10-04T10:45,64
TOS02000372,2026-10-04T11:00,65
TOS02000372,2026-10-04T11:15,64
TOS02000372,2026-10-04T11:30,64
TOS02000372,2026-10-04T11:45,64
TOS02000372,2026-10-04T12:00,64
TOS02000372,2026-10-04T12:15,64
TOS02000372,2026-10-04T12:30,63
TOS02000372,2026-10-04T12:45,63
TOS02000372,2026-10-04T13:00,64
TOS02000372,2026-10-04T13:15,64
TOS02000372,2026-10-04T13:30,67
TOS02000372,2026-10-04T13:45,71
TOS02000372,2026-10-04T14:00,71
TOS02000372,2026-10-04T14:15,71
TOS02000372,2026-10-04T14:30,72
TOS02000372,2026-10-04T14:45,72
TOS02000372,2026-10-04T15:00,71
TOS02000372,2026-10-04T15:15,70
TOS02000372,2026-10-04T15:30,70
TOS02000372,2026-10-04T15:45,70
TOS02000372,2026-10-04T16:00,71
TOS02000372,2026-10-04T16:15,71
TOS02000372,2026-10-04T16:30,69
TOS02000372,2026-10-04T16:45,70
TOS02000372,2026-10-04T17:00,67
TOS02000372,2026-10-04T17:15,69
TOS02000372,2026-10-04T17:30,81
TOS02000372,2026-10-04T17:45,85
TOS02000372,2026-10-04T18:00,87
TOS02000372,2026-10-04T18:15,90
TOS02000372,2026-10-04T18:30,92
TOS02000372,2026-10-04T18:45,94
TOS02000372,2026-10-04T19:00,95
TOS02000372,2026-10-04T19:15,96
TOS02000372,2026-10-04T19:30,96
TOS02000372,2026-10-04T19:45,93
TOS02000372,2026-10-04T20:00,87
TOS02000372,2026-10-04T20:15,91
TOS02000372,2026-10-04T20:30,93
TOS02000372,2026-10-04T20:45,93
TOS02000372,2026-10-04T21:00,94
TOS02000372,2026-10-04T21:15,93
TOS02000372,2026-10-04T21:30,92
TOS02000372,2026-10-04T21:45,91
TOS02000372,2026-10-04T22:00,90
TOS02000372,2026-10-04T22:15,84
TOS02000372,2026-10-04T22:30,80
TOS02000372,2026-10-04T22:45,78
TOS02000372,2026-10-04T23:00,78
TOS02000372,2026-10-04T23:15,79
TOS02000372,2026-10-04T23:30,81
TOS02000372,2026-10-04T23:45,83
TOS02000431,2026-10-04T00:00,64
TOS02000431,2026-10-04T00:15,65
TOS02000431,2026-10-04T00:30,65
TOS02000431,2026-10-04T00:45,66
TOS02000431,2026-10-04T01:00,67
TOS02000431,2026-10-04T01:15,67
TOS02000431,2026-10-04T01:30,68
TOS02000431,2026-10-04T01:45,68
TOS02000431,2026-10-04T02:00,68
TOS02000431,2026-10-04T02:15,69
TOS02000431,2026-10-04T02:30,69
TOS02000431,2026-10-04T02:45,70
TOS02000431,2026-10-04T03:00,70
TOS02000431,2026-10-04T03:15,70
TOS02000431,2026-10-04T03:30,70
TOS02000431,2026-10-04T03:45,70
TOS02000431,2026-10-04T04:00,71
TOS02000431,2026-10-04T04:15,69
TOS02000431,2026-10-04T04:30,70
TOS02000431,2026-10-04T04:45,70
TOS02000431,2026-10-04T05:00,70
TOS02000431,2026-10-04T05:15,70
TOS02000431,2026-10-04T05:30,70
TOS02000431,2026-10-04T05:45,70
TOS02000431,2026-10-04T06:00,70
TOS02000431,2026-10-04T06:15,70
TOS02000431,2026-10-04T06:30,71
TOS02000431,2026-10-04T06:45,72
TOS02000431,2026-10-04T07:00,71
TOS02000431,2026-10-04T07:15,69
TOS02000431,2026-10-04T07:30,65
TOS02000431,2026-10-04T07:45,62
TOS02000431,2026-10-04T08:00,62
TOS02000431,2026-10-04T08:15,62
TOS02000431,2026-10-04T08:30,60
TOS02000431,2026-10-04T08:45,57
TOS02000431,2026-10-04T09:00,56
TOS02000431,2026-10-04T09:15,54
TOS02000431,2026-10-04T09:30,49
TOS02000431,2026-10-04T09:45,47
TOS02000431,2026-10-04T10:00,45
TOS02000431,2026-10-04T10:15,41
TOS02000431,2026-10-04T10:30,38
TOS02000431,2026-10-04T10:45,37
TOS02000431,2026-10-04T11:00,40
TOS02000431,2026-10-04T11:15,40
TOS02000431,2026-10-04T11:30,39
TOS02000431,2026-10-04T11:45,38
TOS02000431,2026-10-04T12:00,37
TOS02000431,2026-10-04T12:15,38
TOS02000431,2026-10-04T12:30,38
TOS02000431,2026-10-04T12:45,38
TOS02000431,2026-10-04T13:00,39
TOS02000431,2026-10-04T13:15,40
TOS02000431,2026-10-04T13:30,40
TOS02000431,2026-10-04T13:45,41
TOS02000431,2026-10-04T14:00,40
TOS02000431,2026-10-04T14:15,41
TOS02000431,2026-10-04T14:30,41
TOS02000431,2026-10-04T14:45,41
TOS02000431,2026-10-04T15:00,42
TOS02000431,2026-10-04T15:15,44
TOS02000431,2026-10-04T15:30,45
TOS02000431,2026-10-04T15:45,47
TOS02000431,2026-10-04T16:00,48
TOS02000431,2026-10-04T16:15,48
TOS02000431,2026-10-04T16:30,50
TOS02000431,2026-10-04T16:45,51
TOS02000431,2026-10-04T17:00,52
TOS02000431,2026-10-04T17:15,56
TOS02000431,2026-10-04T17:30,58
TOS02000431,2026-10-04T17:45,59
TOS02000431,2026-10-04T18:00,61
TOS02000431,2026-10-04T18:15,64
TOS02000431,2026-10-04T18:30,64
TOS02000431,2026-10-04T18:45,64
TOS02000431,2026-10-04T19:00,63
TOS02000431,2026-10-04T19:15,63
TOS02000431,2026-10-04T19:30,63
TOS02000431,2026-10-04T19:45,64
TOS02000431,2026-10-04T20:00,66
TOS02000431,2026-10-04T20:15,68
TOS02000431,2026-10-04T20:30,70
TOS02000431,2026-10-04T20:45,72
TOS02000431,2026-10-04T21:00,74
TOS02000431,2026-10-04T21:15,76
TOS02000431,2026-10-04T21:30,77
TOS02000431,2026-10-04T21:45,78
TOS02000431,2026-10-04T22:00,79
TOS02000431,2026-10-04T22:15,80
TOS02000431,2026-10-04T22:30,81
TOS02000431,2026-10-04T22:45,82
TOS02000431,2026-10-04T23:00,82
TOS02000431,2026-10-04T23:15,83
TOS02000431,2026-10-04T23:30,83
TOS02000431,2026-10-04T23:45,83
TOS02004045,2026-10-04T00:00,71
TOS02004045,2026-10-04T00:15,73
TOS02004045,2026-10-04T00:30,74
TOS02004045,2026-10-04T00:45,75
TOS02004045,2026-10-04T01:00,75
TOS02004045,2026-10-04T01:15,77
TOS02004045,2026-10-04T01:30,79
TOS02004045,2026-10-04T01:45,77
TOS02004045,2026-10-04T02:00,76
TOS02004045,2026-10-04T02:15,74
TOS02004045,2026-10-04T02:30,71
TOS02004045,2026-10-04T02:45,70
TOS02004045,2026-10-04T03:00,71
TOS02004045,2026-10-04T03:15,74
TOS02004045,2026-10-04T03:30,76
TOS02004045,2026-10-04T03:45,80
TOS02004045,2026-10-04T04:00,81
TOS02004045,2026-10-04T04:15,80
TOS02004045,2026-10-04T04:30,78
TOS02004045,2026-10-04T04:45,78
TOS02004045,2026-10-04T05:00,78
TOS02004045,2026-10-04T05:15,75
TOS02004045,2026-10-04T05:30,78
TOS02004045,2026-10-04T05:45,81
TOS02004045,2026-10-04T06:00,82
TOS02004045,2026-10-04T06:15,82
TOS02004045,2026-10-04T06:30,83
TOS02004045,2026-10-04T06:45,83
TOS02004045,2026-10-04T07:00,82
TOS02004045,2026-10-04T07:15,83
TOS02004045,2026-10-04T07:30,81
TOS02004045,2026-10-04T07:45,76
TOS02004045,2026-10-04T08:00,71
TOS02004045,2026-10-04T08:15,71
TOS02004045,2026-10-04T08:30,69
TOS02004045,2026-10-04T08:45,65
TOS02004045,2026-10-04T09:00,62
TOS02004045,2026-10-04T09:15,58
TOS02004045,2026-10-04T09:30,54
TOS02004045,2026-10-04T09:45,53
TOS02004045,2026-10-04T10:00,52
TOS02004045,2026-10-04T10:15,49
TOS02004045,2026-10-04T10:30,52
TOS02004045,2026-10-04T10:45,54
TOS02004045,2026-10-04T11:00,52
TOS02004045,2026-10-04T11:15,50
TOS02004045,2026-10-04T11:30,49
TOS02004045,2026-10-04T11:45,46
TOS02004045,2026-10-04T12:00,46
TOS02004045,2026-10-04T12:15,47
TOS02004045,2026-10-04T12:30,47
TOS02004045,2026-10-04T12:45,49
TOS02004045,2026-10-04T13:00,51
TOS02004045,2026-10-04T13:15,51
TOS02004045,2026-10-04T13:30,56
TOS02004045,2026-10-04T13:45,60
TOS02004045,2026-10-04T14:00,63
TOS02004045,2026-10-04T14:15,65
TOS02004045,2026-10-04T14:30,65
TOS02004045,2026-10-04T14:45,66
TOS02004045,2026-10-04T15:00,64
TOS02004045,2026-10-04T15:15,62
TOS02004045,2026-10-04T15:30,62
TOS02004045,2026-10-04T15:45,60
TOS02004045,2026-10-04T16:00,61
TOS02004045,2026-10-04T16:15,62
TOS02004045,2026-10-04T16:30,66
TOS02004045,2026-10-04T16:45,68
TOS02004045,2026-10-04T17:00,68
TOS02004045,2026-10-04T17:15,70
TOS02004045,2026-10-04T17:30,71
TOS02004045,2026-10-04T17:45,73
TOS02004045,2026-10-04T18:00,75
TOS02004045,2026-10-04T18:15,77
TOS02004045,2026-10-04T18:30,79
TOS02004045,2026-10-04T18:45,80
TOS02004045,2026-10-04T19:00,80
TOS02004045,2026-10-04T19:15,80
TOS02004045,2026-10-04T19:30,81
TOS02004045,2026-10-04T19:45,81
TOS02004045,2026-10-04T20:00,79
TOS02004045,2026-10-04T20:15,76
TOS02004045,2026-10-04T20:30,76
TOS02004045,2026-10-04T20:45,77
TOS02004045,2026-10-04T21:00,77
TOS02004045,2026-10-04T21:15,72
TOS02004045,2026-10-04T21:30,70
TOS02004045,2026-10-04T21:45,68
TOS02004045,2026-10-04T22:00,67
TOS02004045,2026-10-04T22:15,69
TOS02004045,2026-10-04T22:30,73
TOS02004045,2026-10-04T22:45,76
TOS02004045,2026-10-04T23:00,77
TOS02004045,2026-10-04T23:15,78
TOS02004045,2026-10-04T23:30,79
TOS02004045,2026-10-04T23:45,80
TOS02004059,2026-10-04T00:00,80
TOS02004059,2026-10-04T00:15,81
TOS02004059,2026-10-04T00:30,80
TOS02004059,2026-10-04T00:45,80
TOS02004059,2026-10-04T01:00,81
TOS02004059,2026-10-04T01:15,82
TOS02004059,2026-10-04T01:30,82
TOS02004059,2026-10-04T01:45,83
TOS02004059,2026-10-04T02:00,82
TOS02004059,2026-10-04T02:15,81
TOS02004059,2026-10-04T02:30,80
TOS02004059,2026-10-04T02:45,79
TOS02004059,2026-10-04T03:00,80
TOS02004059,2026-10-04T03:15,81
TOS02004059,2026-10-04T03:30,79
TOS02004059,2026-10-04T03:45,78
TOS02004059,2026-10-04T04:00,79
TOS02004059,2026-10-04T04:15,80
TOS02004059,2026-10-04T04:30,81
TOS02004059,2026-10-04T04:45,81
TOS02004059,2026-10-04T05:00,81
TOS02004059,2026-10-04T05:15,81
TOS02004059,2026-10-04T05:30,81
TOS02004059,2026-10-04T05:45,82
TOS02004059,2026-10-04T06:00,83
TOS02004059,2026-10-04T06:15,84
TOS02004059,2026-10-04T06:30,84
TOS02004059,2026-10-04T06:45,83
TOS02004059,2026-10-04T07:00,84
TOS02004059,2026-10-04T07:15,85
TOS02004059,2026-10-04T07:30,85
TOS02004059,2026-10-04T07:45,83
TOS02004059,2026-10-04T08:00,82
TOS02004059,2026-10-04T08:15,81
TOS02004059,2026-10-04T08:30,81
TOS02004059,2026-10-04T08:45,78
TOS02004059,2026-10-04T09:00,74
TOS02004059,2026-10-04T09:15,74
TOS02004059,2026-10-04T09:30,73
TOS02004059,2026-10-04T09:45,69
TOS02004059,2026-10-04T10:00,65
TOS02004059,2026-10-04T10:15,61
TOS02004059,2026-10-04T10:30,58
TOS02004059,2026-10-04T10:45,55
TOS02004059,2026-10-04T11:00,52
TOS02004059,2026-10-04T11:15,51
TOS02004059,2026-10-04T11:30,49
TOS02004059,2026-10-04T11:45,48
TOS02004059,2026-10-04T12:00,48
TOS02004059,2026-10-04T12:15,49
TOS02004059,2026-10-04T12:30,50
TOS02004059,2026-10-04T12:45,51
TOS02004059,2026-10-04T13:00,52
TOS02004059,2026-10-04T13:15,53
TOS02004059,2026-10-04T13:30,53
TOS02004059,2026-10-04T13:45,54
TOS02004059,2026-10-04T14:00,55
TOS02004059,2026-10-04T14:15,57
TOS02004059,2026-10-04T14:30,58
TOS02004059,2026-10-04T14:45,60
TOS02004059,2026-10-04T15:00,60
TOS02004059,2026-10-04T15:15,59
TOS02004059,2026-10-04T15:30,58
TOS02004059,2026-10-04T15:45,58
TOS02004059,2026-10-04T16:00,61
TOS02004059,2026-10-04T16:15,63
TOS02004059,2026-10-04T16:30,63
TOS02004059,2026-10-04T16:45,65
TOS02004059,2026-10-04T17:00,64
TOS02004059,2026-10-04T17:15,67
TOS02004059,2026-10-04T17:30,70
TOS02004059,2026-10-04T17:45,72
TOS02004059,2026-10-04T18:00,74
TOS02004059,2026-10-04T18:15,77
TOS02004059,2026-10-04T18:30,79
TOS02004059,2026-10-04T18:45,81
TOS02004059,2026-10-04T19:00,83
TOS02004059,2026-10-04T19:15,84
TOS02004059,2026-10-04T19:30,85
TOS02004059,2026-10-04T19:45,86
TOS02004059,2026-10-04T20:00,85
TOS02004059,2026-10-04T20:15,85
TOS02004059,2026-10-04T20:30,85
TOS02004059,2026-10-04T20:45,86
TOS02004059,2026-10-04T21:00,86
TOS02004059,2026-10-04T21:15,86
TOS02004059,2026-10-04T21:30,86
TOS02004059,2026-10-04T21:45,86
TOS02004059,2026-10-04T22:00,86
TOS02004059,2026-10-04T22:15,86
TOS02004059,2026-10-04T22:30,86
TOS02004059,2026-10-04T22:45,86
TOS02004059,2026-10-04T23:00,87
TOS02004059,2026-10-04T23:15,86
TOS02004059,2026-10-04T23:30,86
TOS02004059,2026-10-04T23:45,86
TOS02004081,2026-10-04T00:00,61
TOS02004081,2026-10-04T00:15,62
TOS02004081,2026-10-04T00:30,62
TOS02004081,2026-10-04T00:45,63
TOS02004081,2026-10-04T01:00,64
TOS02004081,2026-10-04T01:15,66
TOS02004081,2026-10-04T01:30,65
TOS02004081,2026-10-04T01:45,65
TOS02004081,2026-10-04T02:00,65
TOS02004081,2026-10-04T02:15,62
TOS02004081,2026-10-04T02:30,62
TOS02004081,2026-10-04T02:45,64
TOS02004081,2026-10-04T03:00,66
TOS02004081,2026-10-04T03:15,67
TOS02004081,2026-10-04T03:30,67
TOS02004081,2026-10-04T03:45,67
TOS02004081,2026-10-04T04:00,67
TOS02004081,2026-10-04T04:15,63
TOS02004081,2026-10-04T04:30,61
TOS02004081,2026-10-04T04:45,61
TOS02004081,2026-10-04T05:00,59
TOS02004081,2026-10-04T05:15,60
TOS02004081,2026-10-04T05:30,58
TOS02004081,2026-10-04T05:45,60
TOS02004081,2026-10-04T06:00,62
TOS02004081,2026-10-04T06:15,61
TOS02004081,2026-10-04T06:30,62
TOS02004081,2026-10-04T06:45,63
TOS02004081,2026-10-04T07:00,64
TOS02004081,2026-10-04T07:15,63
TOS02004081,2026-10-04T07:30,62
TOS02004081,2026-10-04T07:45,62
TOS02004081,2026-10-04T08:00,62
TOS02004081,2026-10-04T08:15,61
TOS02004081,2026-10-04T08:30,57
TOS02004081,2026-10-04T08:45,52
TOS02004081,2026-10-04T09:00,52
TOS02004081,2026-10-04T09:15,51
TOS02004081,2026-10-04T09:30,51
TOS02004081,2026-10-04T09:45,52
TOS02004081,2026-10-04T10:00,51
TOS02004081,2026-10-04T10:15,53
TOS02004081,2026-10-04T10:30,51
TOS02004081,2026-10-04T10:45,51
TOS02004081,2026-10-04T11:00,49
TOS02004081,2026-10-04T11:15,47
TOS02004081,2026-10-04T11:30,45
TOS02004081,2026-10-04T11:45,47
TOS02004081,2026-10-04T12:00,48
TOS02004081,2026-10-04T12:15,47
TOS02004081,2026-10-04T12:30,49
TOS02004081,2026-10-04T12:45,49
TOS02004081,2026-10-04T13:00,50
TOS02004081,2026-10-04T13:15,52
TOS02004081,2026-10-04T13:30,52
TOS02004081,2026-10-04T13:45,53
TOS02004081,2026-10-04T14:00,56
TOS02004081,2026-10-04T14:15,59
TOS02004081,2026-10-04T14:30,60
TOS02004081,2026-10-04T14:45,62
TOS02004081,2026-10-04T15:00,62
TOS02004081,2026-10-04T15:15,64
TOS02004081,2026-10-04T15:30,65
TOS02004081,2026-10-04T15:45,66
TOS02004081,2026-10-04T16:00,67
TOS02004081,2026-10-04T16:15,69
TOS02004081,2026-10-04T16:30,70
TOS02004081,2026-10-04T16:45,72
TOS02004081,2026-10-04T17:00,73
TOS02004081,2026-10-04T17:15,74
TOS02004081,2026-10-04T17:30,75
TOS02004081,2026-10-04T17:45,76
TOS02004081,2026-10-04T18:00,78
TOS02004081,2026-10-04T18:15,79
TOS02004081,2026-10-04T18:30,81
TOS02004081,2026-10-04T18:45,82
TOS02004081,2026-10-04T19:00,83
TOS02004081,2026-10-04T19:15,83
TOS02004081,2026-10-04T19:30,84
TOS02004081,2026-10-04T19:45,85
TOS02004081,2026-10-04T20:00,85
TOS02004081,2026-10-04T20:15,86
TOS02004081,2026-10-04T20:30,87
TOS02004081,2026-10-04T20:45,87
TOS02004081,2026-10-04T21:00,88
TOS02004081,2026-10-04T21:15,88
TOS02004081,2026-10-04T21:30,89
TOS02004081,2026-10-04T21:45,90
TOS02004081,2026-10-04T22:00,89
TOS02004081,2026-10-04T22:15,89
TOS02004081,2026-10-04T22:30,89
TOS02004081,2026-10-04T22:45,89
TOS02004081,2026-10-04T23:00,90
TOS02004081,2026-10-04T23:15,89
TOS02004081,2026-10-04T23:30,87
TOS02004081,2026-10-04T23:45,87
TOS02004115,2026-10-04T00:00,94
TOS02004115,2026-10-04T00:15,95
TOS02004115,2026-10-04T00:30,96
TOS02004115,2026-10-04T00:45,96
TOS02004115,2026-10-04T01:00,95
TOS02004115,2026-10-04T01:15,94
TOS02004115,2026-10-04T01:30,94
TOS02004115,2026-10-04T01:45,95
TOS02004115,2026-10-04T02:00,95
TOS02004115,2026-10-04T02:15,96
TOS02004115,2026-10-04T02:30,95
TOS02004115,2026-10-04T02:45,94
TOS02004115,2026-10-04T03:00,95
TOS02004115,2026-10-04T03:15,97
TOS02004115,2026-10-04T03:30,97
TOS02004115,2026-10-04T03:45,96
TOS02004115,2026-10-04T04:00,95
TOS02004115,2026-10-04T04:15,94
TOS02004115,2026-10-04T04:30,96
TOS02004115,2026-10-04T04:45,97
TOS02004115,2026-10-04T05:00,97
TOS02004115,2026-10-04T05:15,97
TOS02004115,2026-10-04T05:30,98
TOS02004115,2026-10-04T05:45,98
TOS02004115,2026-10-04T06:00,97
TOS02004115,2026-10-04T06:15,96
TOS02004115,2026-10-04T06:30,97
TOS02004115,2026-10-04T06:45,98
TOS02004115,2026-10-04T07:00,98
TOS02004115,2026-10-04T07:15,98
TOS02004115,2026-10-04T07:30,99
TOS02004115,2026-10-04T07:45,99
TOS02004115,2026-10-04T08:00,98
TOS02004115,2026-10-04T08:15,97
TOS02004115,2026-10-04T08:30,94
TOS02004115,2026-10-04T08:45,93
TOS02004115,2026-10-04T09:00,91
TOS02004115,2026-10-04T09:15,86
TOS02004115,2026-10-04T09:30,81
TOS02004115,2026-10-04T09:45,78
TOS02004115,2026-10-04T10:00,75
TOS02004115,2026-10-04T10:15,70
TOS02004115,2026-10-04T10:30,67
TOS02004115,2026-10-04T10:45,62
TOS02004115,2026-10-04T11:00,59
TOS02004115,2026-10-04T11:15,56
TOS02004115,2026-10-04T11:30,54
TOS02004115,2026-10-04T11:45,53
TOS02004115,2026-10-04T12:00,51
TOS02004115,2026-10-04T12:15,51
TOS02004115,2026-10-04T12:30,52
TOS02004115,2026-10-04T12:45,51
TOS02004115,2026-10-04T13:00,51
TOS02004115,2026-10-04T13:15,49
TOS02004115,2026-10-04T13:30,47
TOS02004115,2026-10-04T13:45,49
TOS02004115,2026-10-04T14:00,48
TOS02004115,2026-10-04T14:15,48
TOS02004115,2026-10-04T14:30,56
TOS02004115,2026-10-04T14:45,53
TOS02004115,2026-10-04T15:00,55
TOS02004115,2026-10-04T15:15,56
TOS02004115,2026-10-04T15:30,53
TOS02004115,2026-10-04T15:45,55
TOS02004115,2026-10-04T16:00,58
TOS02004115,2026-10-04T16:15,63
TOS02004115,2026-10-04T16:30,69
TOS02004115,2026-10-04T16:45,73
TOS02004115,2026-10-04T17:00,79
TOS02004115,2026-10-04T17:15,83
TOS02004115,2026-10-04T17:30,86
TOS02004115,2026-10-04T17:45,88
TOS02004115,2026-10-04T18:00,89
TOS02004115,2026-10-04T18:15,91
TOS02004115,2026-10-04T18:30,93
TOS02004115,2026-10-04T18:45,94
TOS02004115,2026-10-04T19:00,95
TOS02004115,2026-10-04T19:15,95
TOS02004115,2026-10-04T19:30,96
TOS02004115,2026-10-04T19:45,97
TOS02004115,2026-10-04T20:00,97
TOS02004115,2026-10-04T20:15,98
TOS02004115,2026-10-04T20:30,98
TOS02004115,2026-10-04T20:45,98
TOS02004115,2026-10-04T21:00,99
TOS02004115,2026-10-04T21:15,98
TOS02004115,2026-10-04T21:30,99
TOS02004115,2026-10-04T21:45,99
TOS02004115,2026-10-04T22:00,99
TOS02004115,2026-10-04T22:15,99
TOS02004115,2026-10-04T22:30,99
TOS02004115,2026-10-04T22:45,99
TOS02004115,2026-10-04T23:00,99
TOS02004115,2026-10-04T23:15,98
TOS02004115,2026-10-04T23:30,97
TOS02004115,2026-10-04T23:45,98
TOS02004215,2026-10-04T00:00,87
TOS02004215,2026-10-04T00:15,88
TOS02004215,2026-10-04T00:30,88
TOS02004215,2026-10-04T00:45,88
TOS02004215,2026-10-04T01:00,89
TOS02004215,2026-10-04T01:15,89
TOS02004215,2026-10-04T01:30,89
TOS02004215,2026-10-04T01:45,89
TOS02004215,2026-10-04T02:00,89
TOS02004215,2026-10-04T02:15,89
TOS02004215,2026-10-04T02:30,89
TOS02004215,2026-10-04T02:45,89
TOS02004215,2026-10-04T03:00,90
TOS02004215,2026-10-04T03:15,90
TOS02004215,2026-10-04T03:30,90
TOS02004215,2026-10-04T03:45,90
TOS02004215,2026-10-04T04:00,90
TOS02004215,2026-10-04T04:15,90
TOS02004215,2026-10-04T04:30,90
TOS02004215,2026-10-04T04:45,90
TOS02004215,2026-10-04T05:00,90
TOS02004215,2026-10-04T05:15,90
TOS02004215,2026-10-04T05:30,90
TOS02004215,2026-10-04T05:45,91
TOS02004215,2026-10-04T06:00,91
TOS02004215,2026-10-04T06:15,91
TOS02004215,2026-10-04T06:30,91
TOS02004215,2026-10-04T06:45,91
TOS02004215,2026-10-04T07:00,91
TOS02004215,2026-10-04T07:15,91
TOS02004215,2026-10-04T07:30,91
TOS02004215,2026-10-04T07:45,92
TOS02004215,2026-10-04T08:00,92
TOS02004215,2026-10-04T08:15,87
TOS02004215,2026-10-04T08:30,84
TOS02004215,2026-10-04T08:45,78
TOS02004215,2026-10-04T09:00,73
TOS02004215,2026-10-04T09:15,70
TOS02004215,2026-10-04T09:30,66
TOS02004215,2026-10-04T09:45,61
TOS02004215,2026-10-04T10:00,57
TOS02004215,2026-10-04T10:15,50
TOS02004215,2026-10-04T10:30,46
TOS02004215,2026-10-04T10:45,44
TOS02004215,2026-10-04T11:00,44
TOS02004215,2026-10-04T11:15,45
TOS02004215,2026-10-04T11:30,47
TOS02004215,2026-10-04T11:45,46
TOS02004215,2026-10-04T12:00,45
TOS02004215,2026-10-04T12:15,45
TOS02004215,2026-10-04T12:30,46
TOS02004215,2026-10-04T12:45,46
TOS02004215,2026-10-04T13:00,47
TOS02004215,2026-10-04T13:15,47
TOS02004215,2026-10-04T13:30,47
TOS02004215,2026-10-04T13:45,47
TOS02004215,2026-10-04T14:00,47
TOS02004215,2026-10-04T14:15,48
TOS02004215,2026-10-04T14:30,49
TOS02004215,2026-10-04T14:45,50
TOS02004215,2026-10-04T15:00,52
TOS02004215,2026-10-04T15:15,55
TOS02004215,2026-10-04T15:30,53
TOS02004215,2026-10-04T15:45,55
TOS02004215,2026-10-04T16:00,57
TOS02004215,2026-10-04T16:15,63
TOS02004215,2026-10-04T16:30,68
TOS02004215,2026-10-04T16:45,70
TOS02004215,2026-10-04T17:00,73
TOS02004215,2026-10-04T17:15,76
TOS02004215,2026-10-04T17:30,77
TOS02004215,2026-10-04T17:45,79
TOS02004215,2026-10-04T18:00,80
TOS02004215,2026-10-04T18:15,82
TOS02004215,2026-10-04T18:30,83
TOS02004215,2026-10-04T18:45,84
TOS02004215,2026-10-04T19:00,85
TOS02004215,2026-10-04T19:15,86
TOS02004215,2026-10-04T19:30,87
TOS02004215,2026-10-04T19:45,87
TOS02004215,2026-10-04T20:00,87
TOS02004215,2026-10-04T20:15,87
TOS02004215,2026-10-04T20:30,88
TOS02004215,2026-10-04T20:45,88
TOS02004215,2026-10-04T21:00,88
TOS02004215,2026-10-04T21:15,89
TOS02004215,2026-10-04T21:30,89
TOS02004215,2026-10-04T21:45,89
TOS02004215,2026-10-04T22:00,90
TOS02004215,2026-10-04T22:15,90
TOS02004215,2026-10-04T22:30,91
TOS02004215,2026-10-04T22:45,91
TOS02004215,2026-10-04T23:00,91
TOS02004215,2026-10-04T23:15,91
TOS02004215,2026-10-04T23:30,92
TOS02004215,2026-10-04T23:45,92
TOS02004231,2026-10-04T00:00,85
TOS02004231,2026-10-04T00:15,86
TOS02004231,2026-10-04T00:30,86
TOS02004231,2026-10-04T00:45,87
TOS02004231,2026-10-04T01:00,87
TOS02004231,2026-10-04T01:15,87
TOS02004231,2026-10-04T01:30,87
TOS02004231,2026-10-04T01:45,87
TOS02004231,2026-10-04T02:00,88
TOS02004231,2026-10-04T02:15,88
TOS02004231,2026-10-04T02:30,88
TOS02004231,2026-10-04T02:45,88
TOS02004231,2026-10-04T03:00,88
TOS02004231,2026-10-04T03:15,88
TOS02004231,2026-10-04T03:30,89
TOS02004231,2026-10-04T03:45,89
TOS02004231,2026-10-04T04:00,89
TOS02004231,2026-10-04T04:15,89
TOS02004231,2026-10-04T04:30,88
TOS02004231,2026-10-04T04:45,88
TOS02004231,2026-10-04T05:00,88
TOS02004231,2026-10-04T05:15,87
TOS02004231,2026-10-04T05:30,87
TOS02004231,2026-10-04T05:45,87
TOS02004231,2026-10-04T06:00,87
TOS02004231,2026-10-04T06:15,87
TOS02004231,2026-10-04T06:30,88
TOS02004231,2026-10-04T06:45,89
TOS02004231,2026-10-04T07:00,89
TOS02004231,2026-10-04T07:15,89
TOS02004231,2026-10-04T07:30,89
TOS02004231,2026-10-04T07:45,88
TOS02004231,2026-10-04T08:00,84
TOS02004231,2026-10-04T08:15,82
TOS02004231,2026-10-04T08:30,80
TOS02004231,2026-10-04T08:45,79
TOS02004231,2026-10-04T09:00,74
TOS02004231,2026-10-04T09:15,70
TOS02004231,2026-10-04T09:30,67
TOS02004231,2026-10-04T09:45,65
TOS02004231,2026-10-04T10:00,62
TOS02004231,2026-10-04T10:15,58
TOS02004231,2026-10-04T10:30,54
TOS02004231,2026-10-04T10:45,50
TOS02004231,2026-10-04T11:00,48
TOS02004231,2026-10-04T11:15,45
TOS02004231,2026-10-04T11:30,44
TOS02004231,2026-10-04T11:45,43
TOS02004231,2026-10-04T12:00,42
TOS02004231,2026-10-04T12:15,42
TOS02004231,2026-10-04T12:30,43
TOS02004231,2026-10-04T12:45,44
TOS02004231,2026-10-04T13:00,44
TOS02004231,2026-10-04T13:15,44
TOS02004231,2026-10-04T13:30,43
TOS02004231,2026-10-04T13:45,43
TOS02004231,2026-10-04T14:00,47
TOS02004231,2026-10-04T14:15,55
TOS02004231,2026-10-04T14:30,55
TOS02004231,2026-10-04T14:45,54
TOS02004231,2026-10-04T15:00,54
TOS02004231,2026-10-04T15:15,55
TOS02004231,2026-10-04T15:30,57
TOS02004231,2026-10-04T15:45,60
TOS02004231,2026-10-04T16:00,63
TOS02004231,2026-10-04T16:15,68
TOS02004231,2026-10-04T16:30,71
TOS02004231,2026-10-04T16:45,74
TOS02004231,2026-10-04T17:00,75
TOS02004231,2026-10-04T17:15,77
TOS02004231,2026-10-04T17:30,78
TOS02004231,2026-10-04T17:45,80
TOS02004231,2026-10-04T18:00,81
TOS02004231,2026-10-04T18:15,81
TOS02004231,2026-10-04T18:30,82
TOS02004231,2026-10-04T18:45,83
TOS02004231,2026-10-04T19:00,85
TOS02004231,2026-10-04T19:15,86
TOS02004231,2026-10-04T19:30,86
TOS02004231,2026-10-04T19:45,87
TOS02004231,2026-10-04T20:00,88
TOS02004231,2026-10-04T20:15,88
TOS02004231,2026-10-04T20:30,89
TOS02004231,2026-10-04T20:45,89
TOS02004231,2026-10-04T21:00,89
TOS02004231,2026-10-04T21:15,89
TOS02004231,2026-10-04T21:30,89
TOS02004231,2026-10-04T21:45,89
TOS02004231,2026-10-04T22:00,89
TOS02004231,2026-10-04T22:15,89
TOS02004231,2026-10-04T22:30,89
TOS02004231,2026-10-04T22:45,90
TOS02004231,2026-10-04T23:00,90
TOS02004231,2026-10-04T23:15,90
TOS02004231,2026-10-04T23:30,90
TOS02004231,2026-10-04T23:45,90
TOS02004255,2026-10-04T00:00,87
TOS02004255,2026-10-04T00:15,88
TOS02004255,2026-10-04T00:30,88
TOS02004255,2026-10-04T00:45,88
TOS02004255,2026-10-04T01:00,88
TOS02004255,2026-10-04T01:15,88
TOS02004255,2026-10-04T01:30,88
TOS02004255,2026-10-04T01:45,88
TOS02004255,2026-10-04T02:00,89
TOS02004255,2026-10-04T02:15,89
TOS02004255,2026-10-04T02:30,89
TOS02004255,2026-10-04T02:45,89
TOS02004255,2026-10-04T03:00,89
TOS02004255,2026-10-04T03:15,88
TOS02004255,2026-10-04T03:30,88
TOS02004255,2026-10-04T03:45,88
TOS02004255,2026-10-04T04:00,87
TOS02004255,2026-10-04T04:15,88
TOS02004255,2026-10-04T04:30,88
TOS02004255,2026-10-04T04:45,88
TOS02004255,2026-10-04T05:00,87
TOS02004255,2026-10-04T05:15,87
TOS02004255,2026-10-04T05:30,88
TOS02004255,2026-10-04T05:45,88
TOS02004255,2026-10-04T06:00,88
TOS02004255,2026-10-04T06:15,88
TOS02004255,2026-10-04T06:30,88
TOS02004255,2026-10-04T06:45,89
TOS02004255,2026-10-04T07:00,90
TOS02004255,2026-10-04T07:15,90
TOS02004255,2026-10-04T07:30,91
TOS02004255,2026-10-04T07:45,90
TOS02004255,2026-10-04T08:00,90
TOS02004255,2026-10-04T08:15,89
TOS02004255,2026-10-04T08:30,87
TOS02004255,2026-10-04T08:45,83
TOS02004255,2026-10-04T09:00,79
TOS02004255,2026-10-04T09:15,74
TOS02004255,2026-10-04T09:30,70
TOS02004255,2026-10-04T09:45,66
TOS02004255,2026-10-04T10:00,62
TOS02004255,2026-10-04T10:15,59
TOS02004255,2026-10-04T10:30,56
TOS02004255,2026-10-04T10:45,55
TOS02004255,2026-10-04T11:00,52
TOS02004255,2026-10-04T11:15,50
TOS02004255,2026-10-04T11:30,46
TOS02004255,2026-10-04T11:45,44
TOS02004255,2026-10-04T12:00,44
TOS02004255,2026-10-04T12:15,42
TOS02004255,2026-10-04T12:30,42
TOS02004255,2026-10-04T12:45,41
TOS02004255,2026-10-04T13:00,40
TOS02004255,2026-10-04T13:15,40
TOS02004255,2026-10-04T13:30,40
TOS02004255,2026-10-04T13:45,41
TOS02004255,2026-10-04T14:00,42
TOS02004255,2026-10-04T14:15,42
TOS02004255,2026-10-04T14:30,42
TOS02004255,2026-10-04T14:45,42
TOS02004255,2026-10-04T15:00,43
TOS02004255,2026-10-04T15:15,44
TOS02004255,2026-10-04T15:30,45
TOS02004255,2026-10-04T15:45,47
TOS02004255,2026-10-04T16:00,49
TOS02004255,2026-10-04T16:15,50
TOS02004255,2026-10-04T16:30,50
TOS02004255,2026-10-04T16:45,52
TOS02004255,2026-10-04T17:00,56
TOS02004255,2026-10-04T17:15,59
TOS02004255,2026-10-04T17:30,66
TOS02004255,2026-10-04T17:45,71
TOS02004255,2026-10-04T18:00,73
TOS02004255,2026-10-04T18:15,78
TOS02004255,2026-10-04T18:30,81
TOS02004255,2026-10-04T18:45,81
TOS02004255,2026-10-04T19:00,81
TOS02004255,2026-10-04T19:15,82
TOS02004255,2026-10-04T19:30,82
TOS02004255,2026-10-04T19:45,83
TOS02004255,2026-10-04T20:00,84
TOS02004255,2026-10-04T20:15,84
TOS02004255,2026-10-04T20:30,84
TOS02004255,2026-10-04T20:45,85
TOS02004255,2026-10-04T21:00,86
TOS02004255,2026-10-04T21:15,87
TOS02004255,2026-10-04T21:30,88
TOS02004255,2026-10-04T21:45,88
TOS02004255,2026-10-04T22:00,89
TOS02004255,2026-10-04T22:15,89
TOS02004255,2026-10-04T22:30,89
TOS02004255,2026-10-04T22:45,90
TOS02004255,2026-10-04T23:00,90
TOS02004255,2026-10-04T23:15,90
TOS02004255,2026-10-04T23:30,90
TOS02004255,2026-10-04T23:45,91
TOS02004311,2026-10-04T00:00,82
TOS02004311,2026-10-04T00:15,81
TOS02004311,2026-10-04T00:30,81
TOS02004311,2026-10-04T00:45,81
TOS02004311,2026-10-04T01:00,81
TOS02004311,2026-10-04T01:15,81
TOS02004311,2026-10-04T01:30,80
TOS02004311,2026-10-04T01:45,80
TOS02004311,2026-10-04T02:00,80
TOS02004311,2026-10-04T02:15,80
TOS02004311,2026-10-04T02:30,80
TOS02004311,2026-10-04T02:45,79
TOS02004311,2026-10-04T03:00,78
TOS02004311,2026-10-04T03:15,78
TOS02004311,2026-10-04T03:30,77
TOS02004311,2026-10-04T03:45,77
TOS02004311,2026-10-04T04:00,77
TOS02004311,2026-10-04T04:15,76
TOS02004311,2026-10-04T04:30,75
TOS02004311,2026-10-04T04:45,75
TOS02004311,2026-10-04T05:00,76
TOS02004311,2026-10-04T05:15,77
TOS02004311,2026-10-04T05:30,77
TOS02004311,2026-10-04T05:45,78
TOS02004311,2026-10-04T06:00,79
TOS02004311,2026-10-04T06:15,79
TOS02004311,2026-10-04T06:30,79
TOS02004311,2026-10-04T06:45,79
TOS02004311,2026-10-04T07:00,79
TOS02004311,2026-10-04T07:15,79
TOS02004311,2026-10-04T07:30,78
TOS02004311,2026-10-04T07:45,78
TOS02004311,2026-10-04T08:00,77
TOS02004311,2026-10-04T08:15,76
TOS02004311,2026-10-04T08:30,74
TOS02004311,2026-10-04T08:45,74
TOS02004311,2026-10-04T09:00,71
TOS02004311,2026-10-04T09:15,67
TOS02004311,2026-10-04T09:30,64
TOS02004311,2026-10-04T09:45,62
TOS02004311,2026-10-04T10:00,59
TOS02004311,2026-10-04T10:15,58
TOS02004311,2026-10-04T10:30,57
TOS02004311,2026-10-04T10:45,56
TOS02004311,2026-10-04T11:00,55
TOS02004311,2026-10-04T11:15,53
TOS02004311,2026-10-04T11:30,53
TOS02004311,2026-10-04T11:45,53
TOS02004311,2026-10-04T12:00,52
TOS02004311,2026-10-04T12:15,50
TOS02004311,2026-10-04T12:30,49
TOS02004311,2026-10-04T12:45,48
TOS02004311,2026-10-04T13:00,49
TOS02004311,2026-10-04T13:15,48
TOS02004311,2026-10-04T13:30,47
TOS02004311,2026-10-04T13:45,49
TOS02004311,2026-10-04T14:00,51
TOS02004311,2026-10-04T14:15,52
TOS02004311,2026-10-04T14:30,53
TOS02004311,2026-10-04T14:45,55
TOS02004311,2026-10-04T15:00,57
TOS02004311,2026-10-04T15:15,58
TOS02004311,2026-10-04T15:30,59
TOS02004311,2026-10-04T15:45,59
TOS02004311,2026-10-04T16:00,59
TOS02004311,2026-10-04T16:15,61
TOS02004311,2026-10-04T16:30,62
TOS02004311,2026-10-04T16:45,65
TOS02004311,2026-10-04T17:00,67
TOS02004311,2026-10-04T17:15,69
TOS02004311,2026-10-04T17:30,70
TOS02004311,2026-10-04T17:45,73
TOS02004311,2026-10-04T18:00,75
TOS02004311,2026-10-04T18:15,77
TOS02004311,2026-10-04T18:30,79
TOS02004311,2026-10-04T18:45,79
TOS02004311,2026-10-04T19:00,80
TOS02004311,2026-10-04T19:15,82
TOS02004311,2026-10-04T19:30,83
TOS02004311,2026-10-04T19:45,83
TOS02004311,2026-10-04T20:00,83
TOS02004311,2026-10-04T20:15,84
TOS02004311,2026-10-04T20:30,84
TOS02004311,2026-10-04T20:45,85
TOS02004311,2026-10-04T21:00,85
TOS02004311,2026-10-04T21:15,86
TOS02004311,2026-10-04T21:30,86
TOS02004311,2026-10-04T21:45,87
TOS02004311,2026-10-04T22:00,88
TOS02004311,2026-10-04T22:15,88
TOS02004311,2026-10-04T22:30,89
TOS02004311,2026-10-04T22:45,89
TOS02004311,2026-10-04T23:00,88
TOS02004311,2026-10-04T23:15,88
TOS02004311,2026-10-04T23:30,88
TOS02004311,2026-10-04T23:45,89
TOS03000091,2026-10-04T00:00,89
TOS03000091,2026-10-04T00:15,89
TOS03000091,2026-10-04T00:30,89
TOS03000091,2026-10-04T00:45,89
TOS03000091,2026-10-04T01:00,89
TOS03000091,2026-10-04T01:15,89
TOS03000091,2026-10-04T01:30,89
TOS03000091,2026-10-04T01:45,89
TOS03000091,2026-10-04T02:00,89
TOS03000091,2026-10-04T02:15,89
TOS03000091,2026-10-04T02:30,89
TOS03000091,2026-10-04T02:45,89
TOS03000091,2026-10-04T03:00,89
TOS03000091,2026-10-04T03:15,89
TOS03000091,2026-10-04T03:30,89
TOS03000091,2026-10-04T03:45,89
TOS03000091,2026-10-04T04:00,89
TOS03000091,2026-10-04T04:15,88
TOS03000091,2026-10-04T04:30,88
TOS03000091,2026-10-04T04:45,88
TOS03000091,2026-10-04T05:00,88
TOS03000091,2026-10-04T05:15,88
TOS03000091,2026-10-04T05:30,88
TOS03000091,2026-10-04T05:45,89
TOS03000091,2026-10-04T06:00,89
TOS03000091,2026-10-04T06:15,89
TOS03000091,2026-10-04T06:30,89
TOS03000091,2026-10-04T06:45,89
TOS03000091,2026-10-04T07:00,89
TOS03000091,2026-10-04T07:15,89
TOS03000091,2026-10-04T07:30,89
TOS03000091,2026-10-04T07:45,88
TOS03000091,2026-10-04T08:00,87
TOS03000091,2026-10-04T08:15,79
TOS03000091,2026-10-04T08:30,72
TOS03000091,2026-10-04T08:45,66
TOS03000091,2026-10-04T09:00,60
TOS03000091,2026-10-04T09:15,59
TOS03000091,2026-10-04T09:30,57
TOS03000091,2026-10-04T09:45,56
TOS03000091,2026-10-04T10:00,54
TOS03000091,2026-10-04T10:15,51
TOS03000091,2026-10-04T10:30,51
TOS03000091,2026-10-04T10:45,52
TOS03000091,2026-10-04T11:00,51
TOS03000091,2026-10-04T11:15,48
TOS03000091,2026-10-04T11:30,50
TOS03000091,2026-10-04T11:45,51
TOS03000091,2026-10-04T12:00,51
TOS03000091,2026-10-04T12:15,52
TOS03000091,2026-10-04T12:30,54
TOS03000091,2026-10-04T12:45,54
TOS03000091,2026-10-04T13:00,55
TOS03000091,2026-10-04T13:15,56
TOS03000091,2026-10-04T13:30,58
TOS03000091,2026-10-04T13:45,60
TOS03000091,2026-10-04T14:00,62
TOS03000091,2026-10-04T14:15,63
TOS03000091,2026-10-04T14:30,65
TOS03000091,2026-10-04T14:45,64
TOS03000091,2026-10-04T15:00,62
TOS03000091,2026-10-04T15:15,60
TOS03000091,2026-10-04T15:30,63
TOS03000091,2026-10-04T15:45,63
TOS03000091,2026-10-04T16:00,62
TOS03000091,2026-10-04T16:15,64
TOS03000091,2026-10-04T16:30,65
TOS03000091,2026-10-04T16:45,67
TOS03000091,2026-10-04T17:00,68
TOS03000091,2026-10-04T17:15,70
TOS03000091,2026-10-04T17:30,73
TOS03000091,2026-10-04T17:45,75
TOS03000091,2026-10-04T18:00,78
TOS03000091,2026-10-04T18:15,81
TOS03000091,2026-10-04T18:30,83
TOS03000091,2026-10-04T18:45,85
TOS03000091,2026-10-04T19:00,85
TOS03000091,2026-10-04T19:15,86
TOS03000091,2026-10-04T19:30,87
TOS03000091,2026-10-04T19:45,87
TOS03000091,2026-10-04T20:00,88
TOS03000091,2026-10-04T20:15,88
TOS03000091,2026-10-04T20:30,88
TOS03000091,2026-10-04T20:45,88
TOS03000091,2026-10-04T21:00,88
TOS03000091,2026-10-04T21:15,88
TOS03000091,2026-10-04T21:30,88
TOS03000091,2026-10-04T21:45,88
TOS03000091,2026-10-04T22:00,88
TOS03000091,2026-10-04T22:15,88
TOS03000091,2026-10-04T22:30,88
TOS03000091,2026-10-04T22:45,88
TOS03000091,2026-10-04T23:00,88
TOS03000091,2026-10-04T23:15,88
TOS03000091,2026-10-04T23:30,88
TOS03000091,2026-10-04T23:45,88
TOS03000278,2026-10-04T00:00,53
TOS03000278,2026-10-04T00:15,54
TOS03000278,2026-10-04T00:30,54
TOS03000278,2026-10-04T00:45,53
TOS03000278,2026-10-04T01:00,54
TOS03000278,2026-10-04T01:15,53
TOS03000278,2026-10-04T01:30,53
TOS03000278,2026-10-04T01:45,54
TOS03000278,2026-10-04T02:00,55
TOS03000278,2026-10-04T02:15,57
TOS03000278,2026-10-04T02:30,60
TOS03000278,2026-10-04T02:45,61
TOS03000278,2026-10-04T03:00,63
TOS03000278,2026-10-04T03:15,64
TOS03000278,2026-10-04T03:30,63
TOS03000278,2026-10-04T03:45,63
TOS03000278,2026-10-04T04:00,61
TOS03000278,2026-10-04T04:15,58
TOS03000278,2026-10-04T04:30,58
TOS03000278,2026-10-04T04:45,57
TOS03000278,2026-10-04T05:00,57
TOS03000278,2026-10-04T05:15,56
TOS03000278,2026-10-04T05:30,56
TOS03000278,2026-10-04T05:45,55
TOS03000278,2026-10-04T06:00,55
TOS03000278,2026-10-04T06:15,56
TOS03000278,2026-10-04T06:30,55
TOS03000278,2026-10-04T06:45,54
TOS03000278,2026-10-04T07:00,55
TOS03000278,2026-10-04T07:15,55
TOS03000278,2026-10-04T07:30,55
TOS03000278,2026-10-04T07:45,55
TOS03000278,2026-10-04T08:00,55
TOS03000278,2026-10-04T08:15,57
TOS03000278,2026-10-04T08:30,59
TOS03000278,2026-10-04T08:45,56
TOS03000278,2026-10-04T09:00,55
TOS03000278,2026-10-04T09:15,56
TOS03000278,2026-10-04T09:30,57
TOS03000278,2026-10-04T09:45,56
TOS03000278,2026-10-04T10:00,58
TOS03000278,2026-10-04T10:15,56
TOS03000278,2026-10-04T10:30,55
TOS03000278,2026-10-04T10:45,55
TOS03000278,2026-10-04T11:00,54
TOS03000278,2026-10-04T11:15,52
TOS03000278,2026-10-04T11:30,53
TOS03000278,2026-10-04T11:45,52
TOS03000278,2026-10-04T12:00,52
TOS03000278,2026-10-04T12:15,52
TOS03000278,2026-10-04T12:30,53
TOS03000278,2026-10-04T12:45,55
TOS03000278,2026-10-04T13:00,54
TOS03000278,2026-10-04T13:15,55
TOS03000278,2026-10-04T13:30,54
TOS03000278,2026-10-04T13:45,52
TOS03000278,2026-10-04T14:00,52
TOS03000278,2026-10-04T14:15,52
TOS03000278,2026-10-04T14:30,51
TOS03000278,2026-10-04T14:45,51
TOS03000278,2026-10-04T15:00,52
TOS03000278,2026-10-04T15:15,53
TOS03000278,2026-10-04T15:30,53
TOS03000278,2026-10-04T15:45,53
TOS03000278,2026-10-04T16:00,55
TOS03000278,2026-10-04T16:15,55
TOS03000278,2026-10-04T16:30,57
TOS03000278,2026-10-04T16:45,58
TOS03000278,2026-10-04T17:00,59
TOS03000278,2026-10-04T17:15,61
TOS03000278,2026-10-04T17:30,62
TOS03000278,2026-10-04T17:45,65
TOS03000278,2026-10-04T18:00,69
TOS03000278,2026-10-04T18:15,72
TOS03000278,2026-10-04T18:30,74
TOS03000278,2026-10-04T18:45,71
TOS03000278,2026-10-04T19:00,74
TOS03000278,2026-10-04T19:15,74
TOS03000278,2026-10-04T19:30,73
TOS03000278,2026-10-04T19:45,73
TOS03000278,2026-10-04T20:00,73
TOS03000278,2026-10-04T20:15,74
TOS03000278,2026-10-04T20:30,75
TOS03000278,2026-10-04T20:45,75
TOS03000278,2026-10-04T21:00,74
TOS03000278,2026-10-04T21:15,72
TOS03000278,2026-10-04T21:30,73
TOS03000278,2026-10-04T21:45,72
TOS03000278,2026-10-04T22:00,72
TOS03000278,2026-10-04T22:15,73
TOS03000278,2026-10-04T22:30,73
TOS03000278,2026-10-04T22:45,75
TOS03000278,2026-10-04T23:00,77
TOS03000278,2026-10-04T23:15,78
TOS03000278,2026-10-04T23:30,77
TOS03000278,2026-10-04T23:45,77
TOS03000335,2026-10-04T00:00,64
TOS03000335,2026-10-04T00:15,64
TOS03000335,2026-10-04T00:30,64
TOS03000335,2026-10-04T00:45,71
TOS03000335,2026-10-04T01:00,75
TOS03000335,2026-10-04T01:15,76
TOS03000335,2026-10-04T01:30,77
TOS03000335,2026-10-04T01:45,79
TOS03000335,2026-10-04T02:00,79
TOS03000335,2026-10-04T02:15,75
TOS03000335,2026-10-04T02:30,72
TOS03000335,2026-10-04T02:45,71
TOS03000335,2026-10-04T03:00,67
TOS03000335,2026-10-04T03:15,66
TOS03000335,2026-10-04T03:30,69
TOS03000335,2026-10-04T03:45,73
TOS03000335,2026-10-04T04:00,76
TOS03000335,2026-10-04T04:15,71
TOS03000335,2026-10-04T04:30,68
TOS03000335,2026-10-04T04:45,66
TOS03000335,2026-10-04T05:00,66
TOS03000335,2026-10-04T05:15,66
TOS03000335,2026-10-04T05:30,65
TOS03000335,2026-10-04T05:45,66
TOS03000335,2026-10-04T06:00,66
TOS03000335,2026-10-04T06:15,65
TOS03000335,2026-10-04T06:30,68
TOS03000335,2026-10-04T06:45,71
TOS03000335,2026-10-04T07:00,74
TOS03000335,2026-10-04T07:15,76
TOS03000335,2026-10-04T07:30,78
TOS03000335,2026-10-04T07:45,78
TOS03000335,2026-10-04T08:00,78
TOS03000335,2026-10-04T08:15,73
TOS03000335,2026-10-04T08:30,70
TOS03000335,2026-10-04T08:45,68
TOS03000335,2026-10-04T09:00,67
TOS03000335,2026-10-04T09:15,66
TOS03000335,2026-10-04T09:30,67
TOS03000335,2026-10-04T09:45,66
TOS03000335,2026-10-04T10:00,65
TOS03000335,2026-10-04T10:15,63
TOS03000335,2026-10-04T10:30,64
TOS03000335,2026-10-04T10:45,64
TOS03000335,2026-10-04T11:00,64
TOS03000335,2026-10-04T11:15,63
TOS03000335,2026-10-04T11:30,64
TOS03000335,2026-10-04T11:45,64
TOS03000335,2026-10-04T12:00,63
TOS03000335,2026-10-04T12:15,63
TOS03000335,2026-10-04T12:30,65
TOS03000335,2026-10-04T12:45,66
TOS03000335,2026-10-04T13:00,69
TOS03000335,2026-10-04T13:15,70
TOS03000335,2026-10-04T13:30,73
TOS03000335,2026-10-04T13:45,74
TOS03000335,2026-10-04T14:00,74
TOS03000335,2026-10-04T14:15,74
TOS03000335,2026-10-04T14:30,75
TOS03000335,2026-10-04T14:45,76
TOS03000335,2026-10-04T15:00,76
TOS03000335,2026-10-04T15:15,76
TOS03000335,2026-10-04T15:30,77
TOS03000335,2026-10-04T15:45,77
TOS03000335,2026-10-04T16:00,78
TOS03000335,2026-10-04T16:15,79
TOS03000335,2026-10-04T16:30,80
TOS03000335,2026-10-04T16:45,75
TOS03000335,2026-10-04T17:00,74
TOS03000335,2026-10-04T17:15,75
TOS03000335,2026-10-04T17:30,76
TOS03000335,2026-10-04T17:45,74
TOS03000335,2026-10-04T18:00,74
TOS03000335,2026-10-04T18:15,77
TOS03000335,2026-10-04T18:30,77
TOS03000335,2026-10-04T18:45,80
TOS03000335,2026-10-04T19:00,87
TOS03000335,2026-10-04T19:15,86
TOS03000335,2026-10-04T19:30,89
TOS03000335,2026-10-04T19:45,90
TOS03000335,2026-10-04T20:00,90
TOS03000335,2026-10-04T20:15,90
TOS03000335,2026-10-04T20:30,86
TOS03000335,2026-10-04T20:45,84
TOS03000335,2026-10-04T21:00,85
TOS03000335,2026-10-04T21:15,84
TOS03000335,2026-10-04T21:30,82
TOS03000335,2026-10-04T21:45,83
TOS03000335,2026-10-04T22:00,75
TOS03000335,2026-10-04T22:15,71
TOS03000335,2026-10-04T22:30,68
TOS03000335,2026-10-04T22:45,69
TOS03000335,2026-10-04T23:00,69
TOS03000335,2026-10-04T23:15,69
TOS03000335,2026-10-04T23:30,70
TOS03000335,2026-10-04T23:45,69
TOS03000481,2026-10-04T00:00,56
TOS03000481,2026-10-04T00:15,59
TOS03000481,2026-10-04T00:30,60
TOS03000481,2026-10-04T00:45,60
TOS03000481,2026-10-04T01:00,59
TOS03000481,2026-10-04T01:15,59
TOS03000481,2026-10-04T01:30,58
TOS03000481,2026-10-04T01:45,59
TOS03000481,2026-10-04T02:00,59
TOS03000481,2026-10-04T02:15,59
TOS03000481,2026-10-04T02:30,55
TOS03000481,2026-10-04T02:45,53
TOS03000481,2026-10-04T03:00,54
TOS03000481,2026-10-04T03:15,55
TOS03000481,2026-10-04T03:30,53
TOS03000481,2026-10-04T03:45,53
TOS03000481,2026-10-04T04:00,54
TOS03000481,2026-10-04T04:15,60
TOS03000481,2026-10-04T04:30,59
TOS03000481,2026-10-04T04:45,56
TOS03000481,2026-10-04T05:00,52
TOS03000481,2026-10-04T05:15,52
TOS03000481,2026-10-04T05:30,52
TOS03000481,2026-10-04T05:45,51
TOS03000481,2026-10-04T06:00,50
TOS03000481,2026-10-04T06:15,50
TOS03000481,2026-10-04T06:30,50
TOS03000481,2026-10-04T06:45,56
TOS03000481,2026-10-04T07:00,60
TOS03000481,2026-10-04T07:15,58
TOS03000481,2026-10-04T07:30,56
TOS03000481,2026-10-04T07:45,56
TOS03000481,2026-10-04T08:00,53
TOS03000481,2026-10-04T08:15,54
TOS03000481,2026-10-04T08:30,52
TOS03000481,2026-10-04T08:45,51
TOS03000481,2026-10-04T09:00,48
TOS03000481,2026-10-04T09:15,45
TOS03000481,2026-10-04T09:30,47
TOS03000481,2026-10-04T09:45,45
TOS03000481,2026-10-04T10:00,40
TOS03000481,2026-10-04T10:15,40
TOS03000481,2026-10-04T10:30,41
TOS03000481,2026-10-04T10:45,41
TOS03000481,2026-10-04T11:00,41
TOS03000481,2026-10-04T11:15,40
TOS03000481,2026-10-04T11:30,41
TOS03000481,2026-10-04T11:45,49
TOS03000481,2026-10-04T12:00,51
TOS03000481,2026-10-04T12:15,52
TOS03000481,2026-10-04T12:30,54
TOS03000481,2026-10-04T12:45,55
TOS03000481,2026-10-04T13:00,58
TOS03000481,2026-10-04T13:15,58
TOS03000481,2026-10-04T13:30,58
TOS03000481,2026-10-04T13:45,62
TOS03000481,2026-10-04T14:00,64
TOS03000481,2026-10-04T14:15,66
TOS03000481,2026-10-04T14:30,68
TOS03000481,2026-10-04T14:45,71
TOS03000481,2026-10-04T15:00,71
TOS03000481,2026-10-04T15:15,73
TOS03000481,2026-10-04T15:30,73
TOS03000481,2026-10-04T15:45,72
TOS03000481,2026-10-04T16:00,72
TOS03000481,2026-10-04T16:15,73
TOS03000481,2026-10-04T16:30,73
TOS03000481,2026-10-04T16:45,74
TOS03000481,2026-10-04T17:00,74
TOS03000481,2026-10-04T17:15,74
TOS03000481,2026-10-04T17:30,73
TOS03000481,2026-10-04T17:45,74
TOS03000481,2026-10-04T18:00,75
TOS03000481,2026-10-04T18:15,77
TOS03000481,2026-10-04T18:30,77
TOS03000481,2026-10-04T18:45,77
TOS03000481,2026-10-04T19:00,77
TOS03000481,2026-10-04T19:15,78
TOS03000481,2026-10-04T19:30,79
TOS03000481,2026-10-04T19:45,77
TOS03000481,2026-10-04T20:00,76
TOS03000481,2026-10-04T20:15,75
TOS03000481,2026-10-04T20:30,74
TOS03000481,2026-10-04T20:45,73
TOS03000481,2026-10-04T21:00,78
TOS03000481,2026-10-04T21:15,82
TOS03000481,2026-10-04T21:30,85
TOS03000481,2026-10-04T21:45,86
TOS03000481,2026-10-04T22:00,87
TOS03000481,2026-10-04T22:15,88
TOS03000481,2026-10-04T22:30,88
TOS03000481,2026-10-04T22:45,86
TOS03000481,2026-10-04T23:00,84
TOS03000481,2026-10-04T23:15,77
TOS03000481,2026-10-04T23:30,71
TOS03000481,2026-10-04T23:45,72
TOS03000513,2026-10-04T00:00,80
TOS03000513,2026-10-04T00:15,80
TOS03000513,2026-10-04T00:30,80
TOS03000513,2026-10-04T00:45,80
TOS03000513,2026-10-04T01:00,81
TOS03000513,2026-10-04T01:15,82
TOS03000513,2026-10-04T01:30,82
TOS03000513,2026-10-04T01:45,82
TOS03000513,2026-10-04T02:00,81
TOS03000513,2026-10-04T02:15,82
TOS03000513,2026-10-04T02:30,80
TOS03000513,2026-10-04T02:45,78
TOS03000513,2026-10-04T03:00,77
TOS03000513,2026-10-04T03:15,76
TOS03000513,2026-10-04T03:30,77
TOS03000513,2026-10-04T03:45,78
TOS03000513,2026-10-04T04:00,79
TOS03000513,2026-10-04T04:15,80
TOS03000513,2026-10-04T04:30,81
TOS03000513,2026-10-04T04:45,81
TOS03000513,2026-10-04T05:00,81
TOS03000513,2026-10-04T05:15,81
TOS03000513,2026-10-04T05:30,82
TOS03000513,2026-10-04T05:45,83
TOS03000513,2026-10-04T06:00,83
TOS03000513,2026-10-04T06:15,82
TOS03000513,2026-10-04T06:30,83
TOS03000513,2026-10-04T06:45,83
TOS03000513,2026-10-04T07:00,83
TOS03000513,2026-10-04T07:15,84
TOS03000513,2026-10-04T07:30,84
TOS03000513,2026-10-04T07:45,79
TOS03000513,2026-10-04T08:00,75
TOS03000513,2026-10-04T08:15,71
TOS03000513,2026-10-04T08:30,71
TOS03000513,2026-10-04T08:45,69
TOS03000513,2026-10-04T09:00,66
TOS03000513,2026-10-04T09:15,63
TOS03000513,2026-10-04T09:30,60
TOS03000513,2026-10-04T09:45,61
TOS03000513,2026-10-04T10:00,58
TOS03000513,2026-10-04T10:15,55
TOS03000513,2026-10-04T10:30,51
TOS03000513,2026-10-04T10:45,48
TOS03000513,2026-10-04T11:00,45
TOS03000513,2026-10-04T11:15,45
TOS03000513,2026-10-04T11:30,44
TOS03000513,2026-10-04T11:45,46
TOS03000513,2026-10-04T12:00,45
TOS03000513,2026-10-04T12:15,45
TOS03000513,2026-10-04T12:30,45
TOS03000513,2026-10-04T12:45,44
TOS03000513,2026-10-04T13:00,44
TOS03000513,2026-10-04T13:15,44
TOS03000513,2026-10-04T13:30,44
TOS03000513,2026-10-04T13:45,43
TOS03000513,2026-10-04T14:00,44
TOS03000513,2026-10-04T14:15,43
TOS03000513,2026-10-04T14:30,43
TOS03000513,2026-10-04T14:45,44
TOS03000513,2026-10-04T15:00,48
TOS03000513,2026-10-04T15:15,50
TOS03000513,2026-10-04T15:30,51
TOS03000513,2026-10-04T15:45,53
TOS03000513,2026-10-04T16:00,54
TOS03000513,2026-10-04T16:15,56
TOS03000513,2026-10-04T16:30,57
TOS03000513,2026-10-04T16:45,58
TOS03000513,2026-10-04T17:00,60
TOS03000513,2026-10-04T17:15,61
TOS03000513,2026-10-04T17:30,63
TOS03000513,2026-10-04T17:45,65
TOS03000513,2026-10-04T18:00,67
TOS03000513,2026-10-04T18:15,68
TOS03000513,2026-10-04T18:30,70
TOS03000513,2026-10-04T18:45,70
TOS03000513,2026-10-04T19:00,71
TOS03000513,2026-10-04T19:15,73
TOS03000513,2026-10-04T19:30,76
TOS03000513,2026-10-04T19:45,80
TOS03000513,2026-10-04T20:00,81
TOS03000513,2026-10-04T20:15,84
TOS03000513,2026-10-04T20:30,85
TOS03000513,2026-10-04T20:45,85
TOS03000513,2026-10-04T21:00,86
TOS03000513,2026-10-04T21:15,86
TOS03000513,2026-10-04T21:30,86
TOS03000513,2026-10-04T21:45,87
TOS03000513,2026-10-04T22:00,87
TOS03000513,2026-10-04T22:15,86
TOS03000513,2026-10-04T22:30,85
TOS03000513,2026-10-04T22:45,85
TOS03000513,2026-10-04T23:00,86
TOS03000513,2026-10-04T23:15,86
TOS03000513,2026-10-04T23:30,86
TOS03000513,2026-10-04T23:45,86
TOS03001241,2026-10-04T00:00,65
TOS03001241,2026-10-04T00:15,65
TOS03001241,2026-10-04T00:30,64
TOS03001241,2026-10-04T00:45,63
TOS03001241,2026-10-04T01:00,63
TOS03001241,2026-10-04T01:15,64
TOS03001241,2026-10-04T01:30,64
TOS03001241,2026-10-04T01:45,64
TOS03001241,2026-10-04T02:00,65
TOS03001241,2026-10-04T02:15,65
TOS03001241,2026-10-04T02:30,66
TOS03001241,2026-10-04T02:45,67
TOS03001241,2026-10-04T03:00,66
TOS03001241,2026-10-04T03:15,67
TOS03001241,2026-10-04T03:30,67
TOS03001241,2026-10-04T03:45,66
TOS03001241,2026-10-04T04:00,64
TOS03001241,2026-10-04T04:15,64
TOS03001241,2026-10-04T04:30,66
TOS03001241,2026-10-04T04:45,67
TOS03001241,2026-10-04T05:00,68
TOS03001241,2026-10-04T05:15,68
TOS03001241,2026-10-04T05:30,68
TOS03001241,2026-10-04T05:45,68
TOS03001241,2026-10-04T06:00,68
TOS03001241,2026-10-04T06:15,68
TOS03001241,2026-10-04T06:30,68
TOS03001241,2026-10-04T06:45,69
TOS03001241,2026-10-04T07:00,69
TOS03001241,2026-10-04T07:15,69
TOS03001241,2026-10-04T07:30,70
TOS03001241,2026-10-04T07:45,68
TOS03001241,2026-10-04T08:00,69
TOS03001241,2026-10-04T08:15,68
TOS03001241,2026-10-04T08:30,67
TOS03001241,2026-10-04T08:45,67
TOS03001241,2026-10-04T09:00,65
TOS03001241,2026-10-04T09:15,64
TOS03001241,2026-10-04T09:30,55
TOS03001241,2026-10-04T09:45,52
TOS03001241,2026-10-04T10:00,51
TOS03001241,2026-10-04T10:15,51
TOS03001241,2026-10-04T10:30,50
TOS03001241,2026-10-04T10:45,51
TOS03001241,2026-10-04T11:00,50
TOS03001241,2026-10-04T11:15,51
TOS03001241,2026-10-04T11:30,52
TOS03001241,2026-10-04T11:45,52
TOS03001241,2026-10-04T12:00,51
TOS03001241,2026-10-04T12:15,49
TOS03001241,2026-10-04T12:30,48
TOS03001241,2026-10-04T12:45,47
TOS03001241,2026-10-04T13:00,47
TOS03001241,2026-10-04T13:15,48
TOS03001241,2026-10-04T13:30,49
TOS03001241,2026-10-04T13:45,49
TOS03001241,2026-10-04T14:00,49
TOS03001241,2026-10-04T14:15,50
TOS03001241,2026-10-04T14:30,50
TOS03001241,2026-10-04T14:45,50
TOS03001241,2026-10-04T15:00,51
TOS03001241,2026-10-04T15:15,51
TOS03001241,2026-10-04T15:30,53
TOS03001241,2026-10-04T15:45,54
TOS03001241,2026-10-04T16:00,55
TOS03001241,2026-10-04T16:15,56
TOS03001241,2026-10-04T16:30,56
TOS03001241,2026-10-04T16:45,57
TOS03001241,2026-10-04T17:00,57
TOS03001241,2026-10-04T17:15,57
TOS03001241,2026-10-04T17:30,59
TOS03001241,2026-10-04T17:45,59
TOS03001241,2026-10-04T18:00,61
TOS03001241,2026-10-04T18:15,64
TOS03001241,2026-10-04T18:30,66
TOS03001241,2026-10-04T18:45,67
TOS03001241,2026-10-04T19:00,68
TOS03001241,2026-10-04T19:15,68
TOS03001241,2026-10-04T19:30,69
TOS03001241,2026-10-04T19:45,70
TOS03001241,2026-10-04T20:00,71
TOS03001241,2026-10-04T20:15,71
TOS03001241,2026-10-04T20:30,72
TOS03001241,2026-10-04T20:45,72
TOS03001241,2026-10-04T21:00,72
TOS03001241,2026-10-04T21:15,73
TOS03001241,2026-10-04T21:30,75
TOS03001241,2026-10-04T21:45,79
TOS03001241,2026-10-04T22:00,81
TOS03001241,2026-10-04T22:15,82
TOS03001241,2026-10-04T22:30,82
TOS03001241,2026-10-04T22:45,82
TOS03001241,2026-10-04T23:00,81
TOS03001241,2026-10-04T23:15,82
TOS03001241,2026-10-04T23:30,82
TOS03001241,2026-10-04T23:45,82
TOS03001841,2026-10-04T00:00,57
TOS03001841,2026-10-04T00:15,57
TOS03001841,2026-10-04T00:30,57
TOS03001841,2026-10-04T00:45,57
TOS03001841,2026-10-04T01:00,58
TOS03001841,2026-10-04T01:15,58
TOS03001841,2026-10-04T01:30,59
TOS03001841,2026-10-04T01:45,57
TOS03001841,2026-10-04T02:00,57
TOS03001841,2026-10-04T02:15,57
TOS03001841,2026-10-04T02:30,56
TOS03001841,2026-10-04T02:45,55
TOS03001841,2026-10-04T03:00,56
TOS03001841,2026-10-04T03:15,55
TOS03001841,2026-10-04T03:30,54
TOS03001841,2026-10-04T03:45,56
TOS03001841,2026-10-04T04:00,56
TOS03001841,2026-10-04T04:15,56
TOS03001841,2026-10-04T04:30,56
TOS03001841,2026-10-04T04:45,55
TOS03001841,2026-10-04T05:00,56
TOS03001841,2026-10-04T05:15,58
TOS03001841,2026-10-04T05:30,58
TOS03001841,2026-10-04T05:45,60
TOS03001841,2026-10-04T06:00,60
TOS03001841,2026-10-04T06:15,60
TOS03001841,2026-10-04T06:30,60
TOS03001841,2026-10-04T06:45,60
TOS03001841,2026-10-04T07:00,61
TOS03001841,2026-10-04T07:15,60
TOS03001841,2026-10-04T07:30,61
TOS03001841,2026-10-04T07:45,60
TOS03001841,2026-10-04T08:00,61
TOS03001841,2026-10-04T08:15,58
TOS03001841,2026-10-04T08:30,57
TOS03001841,2026-10-04T08:45,56
TOS03001841,2026-10-04T09:00,55
TOS03001841,2026-10-04T09:15,54
TOS03001841,2026-10-04T09:30,54
TOS03001841,2026-10-04T09:45,54
TOS03001841,2026-10-04T10:00,55
TOS03001841,2026-10-04T10:15,54
TOS03001841,2026-10-04T10:30,55
TOS03001841,2026-10-04T10:45,55
TOS03001841,2026-10-04T11:00,57
TOS03001841,2026-10-04T11:15,57
TOS03001841,2026-10-04T11:30,57
TOS03001841,2026-10-04T11:45,58
TOS03001841,2026-10-04T12:00,59
TOS03001841,2026-10-04T12:15,57
TOS03001841,2026-10-04T12:30,56
TOS03001841,2026-10-04T12:45,55
TOS03001841,2026-10-04T13:00,54
TOS03001841,2026-10-04T13:15,55
TOS03001841,2026-10-04T13:30,56
TOS03001841,2026-10-04T13:45,56
TOS03001841,2026-10-04T14:00,56
TOS03001841,2026-10-04T14:15,56
TOS03001841,2026-10-04T14:30,56
TOS03001841,2026-10-04T14:45,56
TOS03001841,2026-10-04T15:00,57
TOS03001841,2026-10-04T15:15,57
TOS03001841,2026-10-04T15:30,59
TOS03001841,2026-10-04T15:45,60
TOS03001841,2026-10-04T16:00,61
TOS03001841,2026-10-04T16:15,61
TOS03001841,2026-10-04T16:30,61
TOS03001841,2026-10-04T16:45,63
TOS03001841,2026-10-04T17:00,64
TOS03001841,2026-10-04T17:15,66
TOS03001841,2026-10-04T17:30,69
TOS03001841,2026-10-04T17:45,71
TOS03001841,2026-10-04T18:00,74
TOS03001841,2026-10-04T18:15,71
TOS03001841,2026-10-04T18:30,72
TOS03001841,2026-10-04T18:45,73
TOS03001841,2026-10-04T19:00,72
TOS03001841,2026-10-04T19:15,71
TOS03001841,2026-10-04T19:30,72
TOS03001841,2026-10-04T19:45,74
TOS03001841,2026-10-04T20:00,78
TOS03001841,2026-10-04T20:15,78
TOS03001841,2026-10-04T20:30,78
TOS03001841,2026-10-04T20:45,78
TOS03001841,2026-10-04T21:00,79
TOS03001841,2026-10-04T21:15,80
TOS03001841,2026-10-04T21:30,80
TOS03001841,2026-10-04T21:45,79
TOS03001841,2026-10-04T22:00,76
TOS03001841,2026-10-04T22:15,75
TOS03001841,2026-10-04T22:30,74
TOS03001841,2026-10-04T22:45,73
TOS03001841,2026-10-04T23:00,72
TOS03001841,2026-10-04T23:15,75
TOS03001841,2026-10-04T23:30,75
TOS03001841,2026-10-04T23:45,76
TOS03001963,2026-10-04T00:00,48
TOS03001963,2026-10-04T00:15,48
TOS03001963,2026-10-04T00:30,48
TOS03001963,2026-10-04T00:45,48
TOS03001963,2026-10-04T01:00,48
TOS03001963,2026-10-04T01:15,47
TOS03001963,2026-10-04T01:30,47
TOS03001963,2026-10-04T01:45,47
TOS03001963,2026-10-04T02:00,48
TOS03001963,2026-10-04T02:15,49
TOS03001963,2026-10-04T02:30,50
TOS03001963,2026-10-04T02:45,51
TOS03001963,2026-10-04T03:00,52
TOS03001963,2026-10-04T03:15,52
TOS03001963,2026-10-04T03:30,54
TOS03001963,2026-10-04T03:45,54
TOS03001963,2026-10-04T04:00,54
TOS03001963,2026-10-04T04:15,54
TOS03001963,2026-10-04T04:30,52
TOS03001963,2026-10-04T04:45,50
TOS03001963,2026-10-04T05:00,52
TOS03001963,2026-10-04T05:15,54
TOS03001963,2026-10-04T05:30,55
TOS03001963,2026-10-04T05:45,55
TOS03001963,2026-10-04T06:00,57
TOS03001963,2026-10-04T06:15,59
TOS03001963,2026-10-04T06:30,60
TOS03001963,2026-10-04T06:45,61
TOS03001963,2026-10-04T07:00,61
TOS03001963,2026-10-04T07:15,63
TOS03001963,2026-10-04T07:30,63
TOS03001963,2026-10-04T07:45,62
TOS03001963,2026-10-04T08:00,62
TOS03001963,2026-10-04T08:15,62
TOS03001963,2026-10-04T08:30,61
TOS03001963,2026-10-04T08:45,60
TOS03001963,2026-10-04T09:00,60
TOS03001963,2026-10-04T09:15,59
TOS03001963,2026-10-04T09:30,59
TOS03001963,2026-10-04T09:45,59
TOS03001963,2026-10-04T10:00,58
TOS03001963,2026-10-04T10:15,57
TOS03001963,2026-10-04T10:30,57
TOS03001963,2026-10-04T10:45,56
TOS03001963,2026-10-04T11:00,54
TOS03001963,2026-10-04T11:15,52
TOS03001963,2026-10-04T11:30,53
TOS03001963,2026-10-04T11:45,53
TOS03001963,2026-10-04T12:00,54
TOS03001963,2026-10-04T12:15,60
TOS03001963,2026-10-04T12:30,62
TOS03001963,2026-10-04T12:45,62
TOS03001963,2026-10-04T13:00,60
TOS03001963,2026-10-04T13:15,59
TOS03001963,2026-10-04T13:30,59
TOS03001963,2026-10-04T13:45,58
TOS03001963,2026-10-04T14:00,60
TOS03001963,2026-10-04T14:15,60
TOS03001963,2026-10-04T14:30,59
TOS03001963,2026-10-04T14:45,59
TOS03001963,2026-10-04T15:00,60
TOS03001963,2026-10-04T15:15,60
TOS03001963,2026-10-04T15:30,60
TOS03001963,2026-10-04T15:45,62
TOS03001963,2026-10-04T16:00,63
TOS03001963,2026-10-04T16:15,63
TOS03001963,2026-10-04T16:30,64
TOS03001963,2026-10-04T16:45,65
TOS03001963,2026-10-04T17:00,65
TOS03001963,2026-10-04T17:15,67
TOS03001963,2026-10-04T17:30,70
TOS03001963,2026-10-04T17:45,72
TOS03001963,2026-10-04T18:00,74
TOS03001963,2026-10-04T18:15,77
TOS03001963,2026-10-04T18:30,79
TOS03001963,2026-10-04T18:45,82
TOS03001963,2026-10-04T19:00,83
TOS03001963,2026-10-04T19:15,85
TOS03001963,2026-10-04T19:30,85
TOS03001963,2026-10-04T19:45,87
TOS03001963,2026-10-04T20:00,88
TOS03001963,2026-10-04T20:15,89
TOS03001963,2026-10-04T20:30,89
TOS03001963,2026-10-04T20:45,89
TOS03001963,2026-10-04T21:00,86
TOS03001963,2026-10-04T21:15,84
TOS03001963,2026-10-04T21:30,84
TOS03001963,2026-10-04T21:45,83
TOS03001963,2026-10-04T22:00,83
TOS03001963,2026-10-04T22:15,84
TOS03001963,2026-10-04T22:30,84
TOS03001963,2026-10-04T22:45,82
TOS03001963,2026-10-04T23:00,82
TOS03001963,2026-10-04T23:15,84
TOS03001963,2026-10-04T23:30,86
TOS03001963,2026-10-04T23:45,86
TOS11000001,2026-10-04T00:00,76
TOS11000001,2026-10-04T00:15,77
TOS11000001,2026-10-04T00:30,76
TOS11000001,2026-10-04T00:45,77
TOS11000001,2026-10-04T01:00,77
TOS11000001,2026-10-04T01:15,78
TOS11000001,2026-10-04T01:30,78
TOS11000001,2026-10-04T01:45,77
TOS11000001,2026-10-04T02:00,78
TOS11000001,2026-10-04T02:15,78
TOS11000001,2026-10-04T02:30,79
TOS11000001,2026-10-04T02:45,80
TOS11000001,2026-10-04T03:00,80
TOS11000001,2026-10-04T03:15,81
TOS11000001,2026-10-04T03:30,80
TOS11000001,2026-10-04T03:45,79
TOS11000001,2026-10-04T04:00,79
TOS11000001,2026-10-04T04:15,79
TOS11000001,2026-10-04T04:30,78
TOS11000001,2026-10-04T04:45,78
TOS11000001,2026-10-04T05:00,78
TOS11000001,2026-10-04T05:15,79
TOS11000001,2026-10-04T05:30,79
TOS11000001,2026-10-04T05:45,79
TOS11000001,2026-10-04T06:00,80
TOS11000001,2026-10-04T06:15,81
TOS11000001,2026-10-04T06:30,82
TOS11000001,2026-10-04T06:45,83
TOS11000001,2026-10-04T07:00,83
TOS11000001,2026-10-04T07:15,84
TOS11000001,2026-10-04T07:30,84
TOS11000001,2026-10-04T07:45,81
TOS11000001,2026-10-04T08:00,77
TOS11000001,2026-10-04T08:15,73
TOS11000001,2026-10-04T08:30,69
TOS11000001,2026-10-04T08:45,64
TOS11000001,2026-10-04T09:00,61
TOS11000001,2026-10-04T09:15,59
TOS11000001,2026-10-04T09:30,56
TOS11000001,2026-10-04T09:45,51
TOS11000001,2026-10-04T10:00,50
TOS11000001,2026-10-04T10:15,49
TOS11000001,2026-10-04T10:30,49
TOS11000001,2026-10-04T10:45,48
TOS11000001,2026-10-04T11:00,48
TOS11000001,2026-10-04T11:15,48
TOS11000001,2026-10-04T11:30,47
TOS11000001,2026-10-04T11:45,48
TOS11000001,2026-10-04T12:00,47
TOS11000001,2026-10-04T12:15,47
TOS11000001,2026-10-04T12:30,46
TOS11000001,2026-10-04T12:45,46
TOS11000001,2026-10-04T13:00,47
TOS11000001,2026-10-04T13:15,50
TOS11000001,2026-10-04T13:30,53
TOS11000001,2026-10-04T13:45,54
TOS11000001,2026-10-04T14:00,55
TOS11000001,2026-10-04T14:15,58
TOS11000001,2026-10-04T14:30,58
TOS11000001,2026-10-04T14:45,59
TOS11000001,2026-10-04T15:00,60
TOS11000001,2026-10-04T15:15,61
TOS11000001,2026-10-04T15:30,61
TOS11000001,2026-10-04T15:45,61
TOS11000001,2026-10-04T16:00,61
TOS11000001,2026-10-04T16:15,61
TOS11000001,2026-10-04T16:30,61
TOS11000001,2026-10-04T16:45,65
TOS11000001,2026-10-04T17:00,67
TOS11000001,2026-10-04T17:15,69
TOS11000001,2026-10-04T17:30,71
TOS11000001,2026-10-04T17:45,73
TOS11000001,2026-10-04T18:00,75
TOS11000001,2026-10-04T18:15,76
TOS11000001,2026-10-04T18:30,77
TOS11000001,2026-10-04T18:45,78
TOS11000001,2026-10-04T19:00,79
TOS11000001,2026-10-04T19:15,80
TOS11000001,2026-10-04T19:30,81
TOS11000001,2026-10-04T19:45,82
TOS11000001,2026-10-04T20:00,83
TOS11000001,2026-10-04T20:15,83
TOS11000001,2026-10-04T20:30,84
TOS11000001,2026-10-04T20:45,84
TOS11000001,2026-10-04T21:00,85
TOS11000001,2026-10-04T21:15,86
TOS11000001,2026-10-04T21:30,86
TOS11000001,2026-10-04T21:45,87
TOS11000001,2026-10-04T22:00,86
TOS11000001,2026-10-04T22:15,86
TOS11000001,2026-10-04T22:30,86
TOS11000001,2026-10-04T22:45,86
TOS11000001,2026-10-04T23:00,86
TOS11000001,2026-10-04T23:15,86
TOS11000001,2026-10-04T23:30,86
TOS11000001,2026-10-04T23:45,86
TOS11000011,2026-10-04T08:30,63
TOS11000011,2026-10-04T08:45,61
TOS11000011,2026-10-04T09:00,59
TOS11000011,2026-10-04T09:15,55
TOS11000011,2026-10-04T09:30,51
TOS11000011,2026-10-04T09:45,49
TOS11000011,2026-10-04T10:00,46
TOS11000011,2026-10-04T10:15,45
TOS11000011,2026-10-04T10:30,46
TOS11000011,2026-10-04T10:45,45
TOS11000011,2026-10-04T11:00,45
TOS11000011,2026-10-04T11:15,48
TOS11000011,2026-10-04T11:30,49
TOS11000011,2026-10-04T11:45,52
TOS11000011,2026-10-04T12:00,54
TOS11000011,2026-10-04T12:15,52
TOS11000011,2026-10-04T12:30,51
TOS11000011,2026-10-04T12:45,55
TOS11000011,2026-10-04T13:00,59
TOS11000011,2026-10-04T13:15,65
TOS11000011,2026-10-04T13:30,67
TOS11000011,2026-10-04T13:45,69
TOS11000011,2026-10-04T14:00,69
TOS11000011,2026-10-04T14:15,69
TOS11000011,2026-10-04T14:30,69
TOS11000011,2026-10-04T14:45,69
TOS11000011,2026-10-04T15:00,69
TOS11000011,2026-10-04T15:15,69
TOS11000011,2026-10-04T15:30,69
TOS11000011,2026-10-04T15:45,68
TOS11000011,2026-10-04T16:00,67
TOS11000011,2026-10-04T16:15,70
TOS11000011,2026-10-04T16:30,71
TOS11000011,2026-10-04T16:45,72
TOS11000011,2026-10-04T17:00,73
TOS11000011,2026-10-04T17:15,74
TOS11000011,2026-10-04T17:30,75
TOS11000011,2026-10-04T17:45,76
TOS11000011,2026-10-04T18:00,78
TOS11000011,2026-10-04T18:15,79
TOS11000011,2026-10-04T18:30,80
TOS11000011,2026-10-04T18:45,82
TOS11000011,2026-10-04T19:00,84
TOS11000011,2026-10-04T19:15,86
TOS11000011,2026-10-04T19:30,86
TOS11000011,2026-10-04T19:45,87
TOS11000011,2026-10-04T20:00,88
TOS11000011,2026-10-04T20:15,88
TOS11000011,2026-10-04T20:30,89
TOS11000011,2026-10-04T20:45,90
TOS11000011,2026-10-04T21:00,90
TOS11000011,2026-10-04T21:15,90
TOS11000020,2026-10-04T00:00,55
TOS11000020,2026-10-04T00:15,54
TOS11000020,2026-10-04T00:30,54
TOS11000020,2026-10-04T00:45,54
TOS11000020,2026-10-04T01:00,53
TOS11000020,2026-10-04T01:15,54
TOS11000020,2026-10-04T01:30,54
TOS11000020,2026-10-04T01:45,54
TOS11000020,2026-10-04T02:00,55
TOS11000020,2026-10-04T02:15,54
TOS11000020,2026-10-04T02:30,54
TOS11000020,2026-10-04T02:45,54
TOS11000020,2026-10-04T03:00,54
TOS11000020,2026-10-04T03:15,54
TOS11000020,2026-10-04T03:30,54
TOS11000020,2026-10-04T03:45,54
TOS11000020,2026-10-04T04:00,54
TOS11000020,2026-10-04T04:15,54
TOS11000020,2026-10-04T04:30,54
TOS11000020,2026-10-04T04:45,55
TOS11000020,2026-10-04T05:00,55
TOS11000020,2026-10-04T05:15,55
TOS11000020,2026-10-04T05:30,55
TOS11000020,2026-10-04T05:45,55
TOS11000020,2026-10-04T06:00,55
TOS11000020,2026-10-04T06:15,55
TOS11000020,2026-10-04T06:30,55
TOS11000020,2026-10-04T06:45,56
TOS11000020,2026-10-04T07:00,57
TOS11000020,2026-10-04T07:15,60
TOS11000020,2026-10-04T07:30,63
TOS11000020,2026-10-04T07:45,63
TOS11000020,2026-10-04T08:00,63
TOS11000020,2026-10-04T08:15,64
TOS11000020,2026-10-04T08:30,60
TOS11000020,2026-10-04T08:45,61
TOS11000020,2026-10-04T09:00,61
TOS11000020,2026-10-04T09:15,62
TOS11000020,2026-10-04T09:30,61
TOS11000020,2026-10-04T09:45,59
TOS11000020,2026-10-04T10:00,58
TOS11000020,2026-10-04T10:15,57
TOS11000020,2026-10-04T10:30,57
TOS11000020,2026-10-04T10:45,56
TOS11000020,2026-10-04T11:00,54
TOS11000020,2026-10-04T11:15,53
TOS11000020,2026-10-04T11:30,54
TOS11000020,2026-10-04T11:45,53
TOS11000020,2026-10-04T12:00,54
TOS11000020,2026-10-04T12:15,55
TOS11000020,2026-10-04T12:30,55
TOS11000020,2026-10-04T12:45,54
TOS11000020,2026-10-04T13:00,54
TOS11000020,2026-10-04T13:15,52
TOS11000020,2026-10-04T13:30,52
TOS11000020,2026-10-04T13:45,51
TOS11000020,2026-10-04T14:00,51
TOS11000020,2026-10-04T14:15,50
TOS11000020,2026-10-04T14:30,52
TOS11000020,2026-10-04T14:45,55
TOS11000020,2026-10-04T15:00,58
TOS11000020,2026-10-04T15:15,57
TOS11000020,2026-10-04T15:30,57
TOS11000020,2026-10-04T15:45,60
TOS11000020,2026-10-04T16:00,62
TOS11000020,2026-10-04T16:15,65
TOS11000020,2026-10-04T16:30,69
TOS11000020,2026-10-04T16:45,71
TOS11000020,2026-10-04T17:00,73
TOS11000020,2026-10-04T17:15,75
TOS11000020,2026-10-04T17:30,75
TOS11000020,2026-10-04T17:45,75
TOS11000020,2026-10-04T18:00,71
TOS11000020,2026-10-04T18:15,65
TOS11000020,2026-10-04T18:30,67
TOS11000020,2026-10-04T18:45,65
TOS11000020,2026-10-04T19:00,59
TOS11000020,2026-10-04T19:15,57
TOS11000020,2026-10-04T19:30,56
TOS11000020,2026-10-04T19:45,56
TOS11000020,2026-10-04T20:00,60
TOS11000020,2026-10-04T20:15,62
TOS11000020,2026-10-04T20:30,63
TOS11000020,2026-10-04T20:45,62
TOS11000020,2026-10-04T21:00,61
TOS11000020,2026-10-04T21:15,61
TOS11000020,2026-10-04T21:30,60
TOS11000020,2026-10-04T21:45,59
TOS11000020,2026-10-04T22:00,60
TOS11000020,2026-10-04T22:15,61
TOS11000020,2026-10-04T22:30,63
TOS11000020,2026-10-04T22:45,63
TOS11000020,2026-10-04T23:00,65
TOS11000020,2026-10-04T23:15,63
TOS11000020,2026-10-04T23:30,61
TOS11000020,2026-10-04T23:45,62
TOS11000027,2026-10-04T00:00,42
TOS11000027,2026-10-04T00:15,42
TOS11000027,2026-10-04T00:30,42
TOS11000027,2026-10-04T00:45,41
TOS11000027,2026-10-04T01:00,41
TOS11000027,2026-10-04T01:15,41
TOS11000027,2026-10-04T01:30,42
TOS11000027,2026-10-04T01:45,43
TOS11000027,2026-10-04T02:00,43
TOS11000027,2026-10-04T02:15,42
TOS11000027,2026-10-04T02:30,42
TOS11000027,2026-10-04T02:45,43
TOS11000027,2026-10-04T03:00,44
TOS11000027,2026-10-04T03:15,44
TOS11000027,2026-10-04T03:30,44
TOS11000027,2026-10-04T03:45,47
TOS11000027,2026-10-04T04:00,53
TOS11000027,2026-10-04T04:15,51
TOS11000027,2026-10-04T04:30,48
TOS11000027,2026-10-04T04:45,49
TOS11000027,2026-10-04T05:00,51
TOS11000027,2026-10-04T05:15,52
TOS11000027,2026-10-04T05:30,51
TOS11000027,2026-10-04T05:45,51
TOS11000027,2026-10-04T06:00,51
TOS11000027,2026-10-04T06:15,50
TOS11000027,2026-10-04T06:30,50
TOS11000027,2026-10-04T06:45,49
TOS11000027,2026-10-04T07:00,48
TOS11000027,2026-10-04T07:15,48
TOS11000027,2026-10-04T07:30,50
TOS11000027,2026-10-04T07:45,53
TOS11000027,2026-10-04T08:00,53
TOS11000027,2026-10-04T08:15,52
TOS11000027,2026-10-04T08:30,54
TOS11000027,2026-10-04T08:45,54
TOS11000027,2026-10-04T09:00,54
TOS11000027,2026-10-04T09:15,52
TOS11000027,2026-10-04T09:30,51
TOS11000027,2026-10-04T09:45,51
TOS11000027,2026-10-04T10:00,51
TOS11000027,2026-10-04T10:15,50
TOS11000027,2026-10-04T10:30,48
TOS11000027,2026-10-04T10:45,45
TOS11000027,2026-10-04T11:00,43
TOS11000027,2026-10-04T11:15,41
TOS11000027,2026-10-04T11:30,40
TOS11000027,2026-10-04T11:45,38
TOS11000027,2026-10-04T12:00,39
TOS11000027,2026-10-04T12:15,38
TOS11000027,2026-10-04T12:30,39
TOS11000027,2026-10-04T12:45,39
TOS11000027,2026-10-04T13:00,39
TOS11000027,2026-10-04T13:15,39
TOS11000027,2026-10-04T13:30,41
TOS11000027,2026-10-04T13:45,44
TOS11000027,2026-10-04T14:00,46
TOS11000027,2026-10-04T14:15,52
TOS11000027,2026-10-04T14:30,53
TOS11000027,2026-10-04T14:45,54
TOS11000027,2026-10-04T15:00,54
TOS11000027,2026-10-04T15:15,53
TOS11000027,2026-10-04T15:30,53
TOS11000027,2026-10-04T15:45,53
TOS11000027,2026-10-04T16:00,54
TOS11000027,2026-10-04T16:15,59
TOS11000027,2026-10-04T16:30,61
TOS11000027,2026-10-04T16:45,62
TOS11000027,2026-10-04T17:00,63
TOS11000027,2026-10-04T17:15,66
TOS11000027,2026-10-04T17:30,71
TOS11000027,2026-10-04T17:45,76
TOS11000027,2026-10-04T18:00,79
TOS11000027,2026-10-04T18:15,80
TOS11000027,2026-10-04T18:30,79
TOS11000027,2026-10-04T18:45,79
TOS11000027,2026-10-04T19:00,81
TOS11000027,2026-10-04T19:15,81
TOS11000027,2026-10-04T19:30,76
TOS11000027,2026-10-04T19:45,75
TOS11000027,2026-10-04T20:00,73
TOS11000027,2026-10-04T20:15,72
TOS11000027,2026-10-04T20:30,74
TOS11000027,2026-10-04T20:45,75
TOS11000027,2026-10-04T21:00,78
TOS11000027,2026-10-04T21:15,79
TOS11000027,2026-10-04T21:30,76
TOS11000027,2026-10-04T21:45,68
TOS11000027,2026-10-04T22:00,67
TOS11000027,2026-10-04T22:15,71
TOS11000027,2026-10-04T22:30,72
TOS11000027,2026-10-04T22:45,68
TOS11000027,2026-10-04T23:00,66
TOS11000027,2026-10-04T23:15,63
TOS11000027,2026-10-04T23:30,63
TOS11000027,2026-10-04T23:45,65
TOS11000029,2026-10-04T00:00,55
TOS11000029,2026-10-04T00:15,55
TOS11000029,2026-10-04T00:30,55
TOS11000029,2026-10-04T00:45,54
TOS11000029,2026-10-04T01:00,54
TOS11000029,2026-10-04T01:15,54
TOS11000029,2026-10-04T01:30,54
TOS11000029,2026-10-04T01:45,54
TOS11000029,2026-10-04T02:00,54
TOS11000029,2026-10-04T02:15,53
TOS11000029,2026-10-04T02:30,54
TOS11000029,2026-10-04T02:45,53
TOS11000029,2026-10-04T03:00,55
TOS11000029,2026-10-04T03:15,57
TOS11000029,2026-10-04T03:30,57
TOS11000029,2026-10-04T03:45,56
TOS11000029,2026-10-04T04:00,55
TOS11000029,2026-10-04T04:15,55
TOS11000029,2026-10-04T04:30,54
TOS11000029,2026-10-04T04:45,55
TOS11000029,2026-10-04T05:00,56
TOS11000029,2026-10-04T05:15,56
TOS11000029,2026-10-04T05:30,55
TOS11000029,2026-10-04T05:45,57
TOS11000029,2026-10-04T06:00,57
TOS11000029,2026-10-04T06:15,57
TOS11000029,2026-10-04T06:30,57
TOS11000029,2026-10-04T06:45,56
TOS11000029,2026-10-04T07:00,57
TOS11000029,2026-10-04T07:15,58
TOS11000029,2026-10-04T07:30,59
TOS11000029,2026-10-04T07:45,59
TOS11000029,2026-10-04T08:00,57
TOS11000029,2026-10-04T08:15,56
TOS11000029,2026-10-04T08:30,55
TOS11000029,2026-10-04T08:45,55
TOS11000029,2026-10-04T09:00,54
TOS11000029,2026-10-04T09:15,51
TOS11000029,2026-10-04T09:30,51
TOS11000029,2026-10-04T09:45,50
TOS11000029,2026-10-04T10:00,49
TOS11000029,2026-10-04T10:15,48
TOS11000029,2026-10-04T10:30,48
TOS11000029,2026-10-04T10:45,47
TOS11000029,2026-10-04T11:00,47
TOS11000029,2026-10-04T11:15,47
TOS11000029,2026-10-04T11:30,49
TOS11000029,2026-10-04T11:45,50
TOS11000029,2026-10-04T12:00,49
TOS11000029,2026-10-04T12:15,49
TOS11000029,2026-10-04T12:30,50
TOS11000029,2026-10-04T12:45,50
TOS11000029,2026-10-04T13:00,50
TOS11000029,2026-10-04T13:15,51
TOS11000029,2026-10-04T13:30,52
TOS11000029,2026-10-04T13:45,53
TOS11000029,2026-10-04T14:00,53
TOS11000029,2026-10-04T14:15,55
TOS11000029,2026-10-04T14:30,57
TOS11000029,2026-10-04T14:45,60
TOS11000029,2026-10-04T15:00,63
TOS11000029,2026-10-04T15:15,66
TOS11000029,2026-10-04T15:30,69
TOS11000029,2026-10-04T15:45,70
TOS11000029,2026-10-04T16:00,69
TOS11000029,2026-10-04T16:15,69
TOS11000029,2026-10-04T16:30,70
TOS11000029,2026-10-04T16:45,70
TOS11000029,2026-10-04T17:00,69
TOS11000029,2026-10-04T17:15,69
TOS11000029,2026-10-04T17:30,72
TOS11000029,2026-10-04T17:45,74
TOS11000029,2026-10-04T18:00,64
TOS11000029,2026-10-04T18:15,58
TOS11000029,2026-10-04T18:30,54
TOS11000029,2026-10-04T18:45,52
TOS11000029,2026-10-04T19:00,52
TOS11000029,2026-10-04T19:15,52
TOS11000029,2026-10-04T19:30,53
TOS11000029,2026-10-04T19:45,52
TOS11000029,2026-10-04T20:00,52
TOS11000029,2026-10-04T20:15,52
TOS11000029,2026-10-04T20:30,52
TOS11000029,2026-10-04T20:45,52
TOS11000029,2026-10-04T21:00,52
TOS11000029,2026-10-04T21:15,52
TOS11000029,2026-10-04T21:30,51
TOS11000029,2026-10-04T21:45,51
TOS11000029,2026-10-04T22:00,52
TOS11000029,2026-10-04T22:15,54
TOS11000029,2026-10-04T22:30,56
TOS11000029,2026-10-04T22:45,59
TOS11000029,2026-10-04T23:00,59
TOS11000029,2026-10-04T23:15,58
TOS11000029,2026-10-04T23:30,57
TOS11000029,2026-10-04T23:45,58
TOS11000031,2026-10-04T00:00,80
TOS11000031,2026-10-04T00:15,81
TOS11000031,2026-10-04T00:30,82
TOS11000031,2026-10-04T00:45,82
TOS11000031,2026-10-04T01:00,82
TOS11000031,2026-10-04T01:15,82
TOS11000031,2026-10-04T01:30,83
TOS11000031,2026-10-04T01:45,83
TOS11000031,2026-10-04T02:00,84
TOS11000031,2026-10-04T02:15,84
TOS11000031,2026-10-04T02:30,85
TOS11000031,2026-10-04T02:45,85
TOS11000031,2026-10-04T03:00,85
TOS11000031,2026-10-04T03:15,85
TOS11000031,2026-10-04T03:30,85
TOS11000031,2026-10-04T03:45,84
TOS11000031,2026-10-04T04:00,85
TOS11000031,2026-10-04T04:15,85
TOS11000031,2026-10-04T04:30,86
TOS11000031,2026-10-04T04:45,86
TOS11000031,2026-10-04T05:00,86
TOS11000031,2026-10-04T05:15,86
TOS11000031,2026-10-04T05:30,86
TOS11000031,2026-10-04T05:45,86
TOS11000031,2026-10-04T06:00,86
TOS11000031,2026-10-04T06:15,87
TOS11000031,2026-10-04T06:30,87
TOS11000031,2026-10-04T06:45,87
TOS11000031,2026-10-04T07:00,87
TOS11000031,2026-10-04T07:15,87
TOS11000031,2026-10-04T07:30,87
TOS11000031,2026-10-04T07:45,85
TOS11000031,2026-10-04T08:00,78
TOS11000031,2026-10-04T08:15,68
TOS11000031,2026-10-04T08:30,62
TOS11000031,2026-10-04T08:45,61
TOS11000031,2026-10-04T09:00,58
TOS11000031,2026-10-04T09:15,56
TOS11000031,2026-10-04T09:30,52
TOS11000031,2026-10-04T09:45,51
TOS11000031,2026-10-04T10:00,48
TOS11000031,2026-10-04T10:15,45
TOS11000031,2026-10-04T10:30,42
TOS11000031,2026-10-04T10:45,40
TOS11000031,2026-10-04T11:00,40
TOS11000031,2026-10-04T11:15,38
TOS11000031,2026-10-04T11:30,37
TOS11000031,2026-10-04T11:45,38
TOS11000031,2026-10-04T12:00,39
TOS11000031,2026-10-04T12:15,39
TOS11000031,2026-10-04T12:30,38
TOS11000031,2026-10-04T12:45,38
TOS11000031,2026-10-04T13:00,38
TOS11000031,2026-10-04T13:15,37
TOS11000031,2026-10-04T13:30,38
TOS11000031,2026-10-04T13:45,39
TOS11000031,2026-10-04T14:00,38
TOS11000031,2026-10-04T14:15,40
TOS11000031,2026-10-04T14:30,40
TOS11000031,2026-10-04T14:45,41
TOS11000031,2026-10-04T15:00,41
TOS11000031,2026-10-04T15:15,41
TOS11000031,2026-10-04T15:30,42
TOS11000031,2026-10-04T15:45,46
TOS11000031,2026-10-04T16:00,47
TOS11000031,2026-10-04T16:15,49
TOS11000031,2026-10-04T16:30,52
TOS11000031,2026-10-04T16:45,55
TOS11000031,2026-10-04T17:00,56
TOS11000031,2026-10-04T17:15,58
TOS11000031,2026-10-04T17:30,62
TOS11000031,2026-10-04T17:45,64
TOS11000031,2026-10-04T18:00,65
TOS11000031,2026-10-04T18:15,69
TOS11000031,2026-10-04T18:30,74
TOS11000031,2026-10-04T18:45,77
TOS11000031,2026-10-04T19:00,78
TOS11000031,2026-10-04T19:15,80
TOS11000031,2026-10-04T19:30,82
TOS11000031,2026-10-04T19:45,83
TOS11000031,2026-10-04T20:00,84
TOS11000031,2026-10-04T20:15,86
TOS11000031,2026-10-04T20:30,87
TOS11000031,2026-10-04T20:45,88
TOS11000031,2026-10-04T21:00,89
TOS11000031,2026-10-04T21:15,89
TOS11000031,2026-10-04T21:30,89
TOS11000031,2026-10-04T21:45,90
TOS11000031,2026-10-04T22:00,90
TOS11000031,2026-10-04T22:15,90
TOS11000031,2026-10-04T22:30,91
TOS11000031,2026-10-04T22:45,90
TOS11000031,2026-10-04T23:00,91
TOS11000031,2026-10-04T23:15,91
TOS11000031,2026-10-04T23:30,91
TOS11000031,2026-10-04T23:45,91
TOS11000032,2026-10-04T00:00,57
TOS11000032,2026-10-04T00:15,57
TOS11000032,2026-10-04T00:30,56
TOS11000032,2026-10-04T00:45,55
TOS11000032,2026-10-04T01:00,56
TOS11000032,2026-10-04T01:15,58
TOS11000032,2026-10-04T01:30,58
TOS11000032,2026-10-04T01:45,57
TOS11000032,2026-10-04T02:00,58
TOS11000032,2026-10-04T02:15,59
TOS11000032,2026-10-04T02:30,60
TOS11000032,2026-10-04T02:45,60
TOS11000032,2026-10-04T03:00,58
TOS11000032,2026-10-04T03:15,59
TOS11000032,2026-10-04T03:30,60
TOS11000032,2026-10-04T03:45,61
TOS11000032,2026-10-04T04:00,61
TOS11000032,2026-10-04T04:15,61
TOS11000032,2026-10-04T04:30,57
TOS11000032,2026-10-04T04:45,58
TOS11000032,2026-10-04T05:00,58
TOS11000032,2026-10-04T05:15,60
TOS11000032,2026-10-04T05:30,58
TOS11000032,2026-10-04T05:45,59
TOS11000032,2026-10-04T06:00,58
TOS11000032,2026-10-04T06:15,59
TOS11000032,2026-10-04T06:30,61
TOS11000032,2026-10-04T06:45,61
TOS11000032,2026-10-04T07:00,62
TOS11000032,2026-10-04T07:15,64
TOS11000032,2026-10-04T07:30,62
TOS11000032,2026-10-04T07:45,58
TOS11000032,2026-10-04T08:00,56
TOS11000032,2026-10-04T08:15,55
TOS11000032,2026-10-04T08:30,56
TOS11000032,2026-10-04T08:45,55
TOS11000032,2026-10-04T09:00,55
TOS11000032,2026-10-04T09:15,54
TOS11000032,2026-10-04T09:30,52
TOS11000032,2026-10-04T09:45,52
TOS11000032,2026-10-04T10:00,52
TOS11000032,2026-10-04T10:15,51
TOS11000032,2026-10-04T10:30,50
TOS11000032,2026-10-04T10:45,47
TOS11000032,2026-10-04T11:00,48
TOS11000032,2026-10-04T11:15,48
TOS11000032,2026-10-04T11:30,47
TOS11000032,2026-10-04T11:45,45
TOS11000032,2026-10-04T12:00,44
TOS11000032,2026-10-04T12:15,42
TOS11000032,2026-10-04T12:30,42
TOS11000032,2026-10-04T12:45,41
TOS11000032,2026-10-04T13:00,40
TOS11000032,2026-10-04T13:15,41
TOS11000032,2026-10-04T13:30,41
TOS11000032,2026-10-04T13:45,42
TOS11000032,2026-10-04T14:00,43
TOS11000032,2026-10-04T14:15,43
TOS11000032,2026-10-04T14:30,44
TOS11000032,2026-10-04T14:45,44
TOS11000032,2026-10-04T15:00,45
TOS11000032,2026-10-04T15:15,46
TOS11000032,2026-10-04T15:30,48
TOS11000032,2026-10-04T15:45,50
TOS11000032,2026-10-04T16:00,52
TOS11000032,2026-10-04T16:15,52
TOS11000032,2026-10-04T16:30,54
TOS11000032,2026-10-04T16:45,57
TOS11000032,2026-10-04T17:00,61
TOS11000032,2026-10-04T17:15,63
TOS11000032,2026-10-04T17:30,65
TOS11000032,2026-10-04T17:45,66
TOS11000032,2026-10-04T18:00,68
TOS11000032,2026-10-04T18:15,70
TOS11000032,2026-10-04T18:30,69
TOS11000032,2026-10-04T18:45,67
TOS11000032,2026-10-04T19:00,70
TOS11000032,2026-10-04T19:15,70
TOS11000032,2026-10-04T19:30,70
TOS11000032,2026-10-04T19:45,69
TOS11000032,2026-10-04T20:00,68
TOS11000032,2026-10-04T20:15,67
TOS11000032,2026-10-04T20:30,65
TOS11000032,2026-10-04T20:45,67
TOS11000032,2026-10-04T21:00,68
TOS11000032,2026-10-04T21:15,71
TOS11000032,2026-10-04T21:30,72
TOS11000032,2026-10-04T21:45,73
TOS11000032,2026-10-04T22:00,71
TOS11000032,2026-10-04T22:15,68
TOS11000032,2026-10-04T22:30,68
TOS11000032,2026-10-04T22:45,69
TOS11000032,2026-10-04T23:00,70
TOS11000032,2026-10-04T23:15,66
TOS11000032,2026-10-04T23:30,65
TOS11000032,2026-10-04T23:45,69
TOS11000033,2026-10-04T00:00,72
TOS11000033,2026-10-04T00:15,71
TOS11000033,2026-10-04T00:30,69
TOS11000033,2026-10-04T00:45,69
TOS11000033,2026-10-04T01:00,69
TOS11000033,2026-10-04T01:15,70
TOS11000033,2026-10-04T01:30,70
TOS11000033,2026-10-04T01:45,70
TOS11000033,2026-10-04T02:00,71
TOS11000033,2026-10-04T02:15,72
TOS11000033,2026-10-04T02:30,72
TOS11000033,2026-10-04T02:45,72
TOS11000033,2026-10-04T03:00,72
TOS11000033,2026-10-04T03:15,71
TOS11000033,2026-10-04T03:30,72
TOS11000033,2026-10-04T03:45,72
TOS11000033,2026-10-04T04:00,73
TOS11000033,2026-10-04T04:15,73
TOS11000033,2026-10-04T04:30,75
TOS11000033,2026-10-04T04:45,76
TOS11000033,2026-10-04T05:00,77
TOS11000033,2026-10-04T05:15,78
TOS11000033,2026-10-04T05:30,77
TOS11000033,2026-10-04T05:45,77
TOS11000033,2026-10-04T06:00,78
TOS11000033,2026-10-04T06:15,78
TOS11000033,2026-10-04T06:30,76
TOS11000033,2026-10-04T06:45,78
TOS11000033,2026-10-04T07:00,78
TOS11000033,2026-10-04T07:15,79
TOS11000033,2026-10-04T07:30,78
TOS11000033,2026-10-04T07:45,76
TOS11000033,2026-10-04T08:00,71
TOS11000033,2026-10-04T08:15,70
TOS11000033,2026-10-04T08:30,68
TOS11000033,2026-10-04T08:45,64
TOS11000033,2026-10-04T09:00,65
TOS11000033,2026-10-04T09:15,67
TOS11000033,2026-10-04T09:30,62
TOS11000033,2026-10-04T09:45,56
TOS11000033,2026-10-04T10:00,52
TOS11000033,2026-10-04T10:15,49
TOS11000033,2026-10-04T10:30,48
TOS11000033,2026-10-04T10:45,46
TOS11000033,2026-10-04T11:00,44
TOS11000033,2026-10-04T11:15,43
TOS11000033,2026-10-04T11:30,41
TOS11000033,2026-10-04T11:45,41
TOS11000033,2026-10-04T12:00,41
TOS11000033,2026-10-04T12:15,40
TOS11000033,2026-10-04T12:30,39
TOS11000033,2026-10-04T12:45,40
TOS11000033,2026-10-04T13:00,39
TOS11000033,2026-10-04T13:15,38
TOS11000033,2026-10-04T13:30,40
TOS11000033,2026-10-04T13:45,43
TOS11000033,2026-10-04T14:00,51
TOS11000033,2026-10-04T14:15,54
TOS11000033,2026-10-04T14:30,53
TOS11000033,2026-10-04T14:45,49
TOS11000033,2026-10-04T15:00,53
TOS11000033,2026-10-04T15:15,53
TOS11000033,2026-10-04T15:30,46
TOS11000033,2026-10-04T15:45,46
TOS11000033,2026-10-04T16:00,49
TOS11000033,2026-10-04T16:15,51
TOS11000033,2026-10-04T16:30,51
TOS11000033,2026-10-04T16:45,54
TOS11000033,2026-10-04T17:00,56
TOS11000033,2026-10-04T17:15,58
TOS11000033,2026-10-04T17:30,62
TOS11000033,2026-10-04T17:45,63
TOS11000033,2026-10-04T18:00,63
TOS11000033,2026-10-04T18:15,63
TOS11000033,2026-10-04T18:30,63
TOS11000033,2026-10-04T18:45,64
TOS11000033,2026-10-04T19:00,63
TOS11000033,2026-10-04T19:15,64
TOS11000033,2026-10-04T19:30,66
TOS11000033,2026-10-04T19:45,67
TOS11000033,2026-10-04T20:00,67
TOS11000033,2026-10-04T20:15,69
TOS11000033,2026-10-04T20:30,71
TOS11000033,2026-10-04T20:45,71
TOS11000033,2026-10-04T21:00,72
TOS11000033,2026-10-04T21:15,73
TOS11000033,2026-10-04T21:30,74
TOS11000033,2026-10-04T21:45,75
TOS11000033,2026-10-04T22:00,75
TOS11000033,2026-10-04T22:15,75
TOS11000033,2026-10-04T22:30,75
TOS11000033,2026-10-04T22:45,76
TOS11000033,2026-10-04T23:00,78
TOS11000033,2026-10-04T23:15,79
TOS11000033,2026-10-04T23:30,80
TOS11000033,2026-10-04T23:45,81
TOS11000034,2026-10-04T00:00,62
TOS11000034,2026-10-04T00:15,62
TOS11000034,2026-10-04T00:30,62
TOS11000034,2026-10-04T00:45,62
TOS11000034,2026-10-04T01:00,62
TOS11000034,2026-10-04T01:15,62
TOS11000034,2026-10-04T01:30,62
TOS11000034,2026-10-04T01:45,62
TOS11000034,2026-10-04T02:00,61
TOS11000034,2026-10-04T02:15,60
TOS11000034,2026-10-04T02:30,59
TOS11000034,2026-10-04T02:45,60
TOS11000034,2026-10-04T03:00,61
TOS11000034,2026-10-04T03:15,61
TOS11000034,2026-10-04T03:30,61
TOS11000034,2026-10-04T03:45,64
TOS11000034,2026-10-04T04:00,64
TOS11000034,2026-10-04T04:15,65
TOS11000034,2026-10-04T04:30,65
TOS11000034,2026-10-04T04:45,66
TOS11000034,2026-10-04T05:00,66
TOS11000034,2026-10-04T05:15,66
TOS11000034,2026-10-04T05:30,68
TOS11000034,2026-10-04T05:45,68
TOS11000034,2026-10-04T06:00,68
TOS11000034,2026-10-04T06:15,69
TOS11000034,2026-10-04T06:30,72
TOS11000034,2026-10-04T06:45,71
TOS11000034,2026-10-04T07:00,69
TOS11000034,2026-10-04T07:15,68
TOS11000034,2026-10-04T07:30,67
TOS11000034,2026-10-04T07:45,63
TOS11000034,2026-10-04T08:00,60
TOS11000034,2026-10-04T08:15,60
TOS11000034,2026-10-04T08:30,60
TOS11000034,2026-10-04T08:45,62
TOS11000034,2026-10-04T09:00,61
TOS11000034,2026-10-04T09:15,58
TOS11000034,2026-10-04T09:30,54
TOS11000034,2026-10-04T09:45,51
TOS11000034,2026-10-04T10:00,50
TOS11000034,2026-10-04T10:15,47
TOS11000034,2026-10-04T10:30,46
TOS11000034,2026-10-04T10:45,43
TOS11000034,2026-10-04T11:00,44
TOS11000034,2026-10-04T11:15,44
TOS11000034,2026-10-04T11:30,43
TOS11000034,2026-10-04T11:45,42
TOS11000034,2026-10-04T12:00,41
TOS11000034,2026-10-04T12:15,41
TOS11000034,2026-10-04T12:30,42
TOS11000034,2026-10-04T12:45,42
TOS11000034,2026-10-04T13:00,43
TOS11000034,2026-10-04T13:15,44
TOS11000034,2026-10-04T13:30,42
TOS11000034,2026-10-04T13:45,40
TOS11000034,2026-10-04T14:00,41
TOS11000034,2026-10-04T14:15,41
TOS11000034,2026-10-04T14:30,42
TOS11000034,2026-10-04T14:45,43
TOS11000034,2026-10-04T15:00,43
TOS11000034,2026-10-04T15:15,44
TOS11000034,2026-10-04T15:30,45
TOS11000034,2026-10-04T15:45,47
TOS11000034,2026-10-04T16:00,49
TOS11000034,2026-10-04T16:15,51
TOS11000034,2026-10-04T16:30,51
TOS11000034,2026-10-04T16:45,55
TOS11000034,2026-10-04T17:00,57
TOS11000034,2026-10-04T17:15,59
TOS11000034,2026-10-04T17:30,61
TOS11000034,2026-10-04T17:45,64
TOS11000034,2026-10-04T18:00,68
TOS11000034,2026-10-04T18:15,71
TOS11000034,2026-10-04T18:30,72
TOS11000034,2026-10-04T18:45,73
TOS11000034,2026-10-04T19:00,71
TOS11000034,2026-10-04T19:15,70
TOS11000034,2026-10-04T19:30,72
TOS11000034,2026-10-04T19:45,71
TOS11000034,2026-10-04T20:00,69
TOS11000034,2026-10-04T20:15,70
TOS11000034,2026-10-04T20:30,71
TOS11000034,2026-10-04T20:45,73
TOS11000034,2026-10-04T21:00,72
TOS11000034,2026-10-04T21:15,72
TOS11000034,2026-10-04T21:30,71
TOS11000034,2026-10-04T21:45,69
TOS11000034,2026-10-04T22:00,67
TOS11000034,2026-10-04T22:15,66
TOS11000034,2026-10-04T22:30,65
TOS11000034,2026-10-04T22:45,68
TOS11000034,2026-10-04T23:00,68
TOS11000034,2026-10-04T23:15,63
TOS11000034,2026-10-04T23:30,64
TOS11000034,2026-10-04T23:45,65
TOS11000036,2026-10-04T00:00,86
TOS11000036,2026-10-04T00:15,85
TOS11000036,2026-10-04T00:30,86
TOS11000036,2026-10-04T00:45,87
TOS11000036,2026-10-04T01:00,86
TOS11000036,2026-10-04T01:15,87
TOS11000036,2026-10-04T01:30,87
TOS11000036,2026-10-04T01:45,87
TOS11000036,2026-10-04T02:00,88
TOS11000036,2026-10-04T02:15,88
TOS11000036,2026-10-04T02:30,89
TOS11000036,2026-10-04T02:45,89
TOS11000036,2026-10-04T03:00,89
TOS11000036,2026-10-04T03:15,88
TOS11000036,2026-10-04T03:30,87
TOS11000036,2026-10-04T03:45,86
TOS11000036,2026-10-04T04:00,83
TOS11000036,2026-10-04T04:15,83
TOS11000036,2026-10-04T04:30,83
TOS11000036,2026-10-04T04:45,83
TOS11000036,2026-10-04T05:00,80
TOS11000036,2026-10-04T05:15,78
TOS11000036,2026-10-04T05:30,79
TOS11000036,2026-10-04T05:45,79
TOS11000036,2026-10-04T06:00,79
TOS11000036,2026-10-04T06:15,79
TOS11000036,2026-10-04T06:30,80
TOS11000036,2026-10-04T06:45,81
TOS11000036,2026-10-04T07:00,80
TOS11000036,2026-10-04T07:15,79
TOS11000036,2026-10-04T07:30,78
TOS11000036,2026-10-04T07:45,77
TOS11000036,2026-10-04T08:00,75
TOS11000036,2026-10-04T08:15,73
TOS11000036,2026-10-04T08:30,71
TOS11000036,2026-10-04T08:45,70
TOS11000036,2026-10-04T09:00,67
TOS11000036,2026-10-04T09:15,64
TOS11000036,2026-10-04T09:30,64
TOS11000036,2026-10-04T09:45,61
TOS11000036,2026-10-04T10:00,60
TOS11000036,2026-10-04T10:15,61
TOS11000036,2026-10-04T10:30,59
TOS11000036,2026-10-04T10:45,58
TOS11000036,2026-10-04T11:00,57
TOS11000036,2026-10-04T11:15,56
TOS11000036,2026-10-04T11:30,54
TOS11000036,2026-10-04T11:45,54
TOS11000036,2026-10-04T12:00,52
TOS11000036,2026-10-04T12:15,52
TOS11000036,2026-10-04T12:30,52
TOS11000036,2026-10-04T12:45,52
TOS11000036,2026-10-04T13:00,51
TOS11000036,2026-10-04T13:15,54
TOS11000036,2026-10-04T13:30,57
TOS11000036,2026-10-04T13:45,57
TOS11000036,2026-10-04T14:00,57
TOS11000036,2026-10-04T14:15,58
TOS11000036,2026-10-04T14:30,57
TOS11000036,2026-10-04T14:45,56
TOS11000036,2026-10-04T15:00,56
TOS11000036,2026-10-04T15:15,58
TOS11000036,2026-10-04T15:30,60
TOS11000036,2026-10-04T15:45,60
TOS11000036,2026-10-04T16:00,57
TOS11000036,2026-10-04T16:15,60
TOS11000036,2026-10-04T16:30,61
TOS11000036,2026-10-04T16:45,63
TOS11000036,2026-10-04T17:00,64
TOS11000036,2026-10-04T17:15,68
TOS11000036,2026-10-04T17:30,70
TOS11000036,2026-10-04T17:45,72
TOS11000036,2026-10-04T18:00,76
TOS11000036,2026-10-04T18:15,79
TOS11000036,2026-10-04T18:30,81
TOS11000036,2026-10-04T18:45,81
TOS11000036,2026-10-04T19:00,82
TOS11000036,2026-10-04T19:15,86
TOS11000036,2026-10-04T19:30,86
TOS11000036,2026-10-04T19:45,86
TOS11000036,2026-10-04T20:00,88
TOS11000036,2026-10-04T20:15,87
TOS11000036,2026-10-04T20:30,88
TOS11000036,2026-10-04T20:45,87
TOS11000036,2026-10-04T21:00,86
TOS11000036,2026-10-04T21:15,88
TOS11000036,2026-10-04T21:30,89
TOS11000036,2026-10-04T21:45,89
TOS11000036,2026-10-04T22:00,89
TOS11000036,2026-10-04T22:15,89
TOS11000036,2026-10-04T22:30,88
TOS11000036,2026-10-04T22:45,89
TOS11000036,2026-10-04T23:00,90
TOS11000036,2026-10-04T23:15,90
TOS11000036,2026-10-04T23:30,91
TOS11000036,2026-10-04T23:45,91
TOS11000045,2026-10-04T00:00,55
TOS11000045,2026-10-04T00:15,57
TOS11000045,2026-10-04T00:30,58
TOS11000045,2026-10-04T00:45,59
TOS11000045,2026-10-04T01:00,60
TOS11000045,2026-10-04T01:15,64
TOS11000045,2026-10-04T01:30,67
TOS11000045,2026-10-04T01:45,69
TOS11000045,2026-10-04T02:00,71
TOS11000045,2026-10-04T02:15,71
TOS11000045,2026-10-04T02:30,71
TOS11000045,2026-10-04T02:45,72
TOS11000045,2026-10-04T03:00,74
TOS11000045,2026-10-04T03:15,76
TOS11000045,2026-10-04T03:30,76
TOS11000045,2026-10-04T03:45,76
TOS11000045,2026-10-04T04:00,77
TOS11000045,2026-10-04T04:15,77
TOS11000045,2026-10-04T04:30,78
TOS11000045,2026-10-04T04:45,78
TOS11000045,2026-10-04T05:00,78
TOS11000045,2026-10-04T05:15,79
TOS11000045,2026-10-04T05:30,79
TOS11000045,2026-10-04T05:45,78
TOS11000045,2026-10-04T06:00,77
TOS11000045,2026-10-04T06:15,80
TOS11000045,2026-10-04T06:30,80
TOS11000045,2026-10-04T06:45,81
TOS11000045,2026-10-04T07:00,81
TOS11000045,2026-10-04T07:15,80
TOS11000045,2026-10-04T07:30,80
TOS11000045,2026-10-04T07:45,78
TOS11000045,2026-10-04T08:00,76
TOS11000045,2026-10-04T08:15,76
TOS11000045,2026-10-04T08:30,75
TOS11000045,2026-10-04T08:45,70
TOS11000045,2026-10-04T09:00,67
TOS11000045,2026-10-04T09:15,64
TOS11000045,2026-10-04T09:30,64
TOS11000045,2026-10-04T09:45,62
TOS11000045,2026-10-04T10:00,62
TOS11000045,2026-10-04T10:15,57
TOS11000045,2026-10-04T10:30,56
TOS11000045,2026-10-04T10:45,55
TOS11000045,2026-10-04T11:00,54
TOS11000045,2026-10-04T11:15,53
TOS11000045,2026-10-04T11:30,52
TOS11000045,2026-10-04T11:45,51
TOS11000045,2026-10-04T12:00,51
TOS11000045,2026-10-04T12:15,51
TOS11000045,2026-10-04T12:30,51
TOS11000045,2026-10-04T12:45,50
TOS11000045,2026-10-04T13:00,49
TOS11000045,2026-10-04T13:15,49
TOS11000045,2026-10-04T13:30,49
TOS11000045,2026-10-04T13:45,49
TOS11000045,2026-10-04T14:00,49
TOS11000045,2026-10-04T14:15,48
TOS11000045,2026-10-04T14:30,47
TOS11000045,2026-10-04T14:45,46
TOS11000045,2026-10-04T15:00,44
TOS11000045,2026-10-04T15:15,40
TOS11000045,2026-10-04T15:30,40
TOS11000045,2026-10-04T15:45,41
TOS11000045,2026-10-04T16:00,43
TOS11000045,2026-10-04T16:15,45
TOS11000045,2026-10-04T16:30,49
TOS11000045,2026-10-04T16:45,53
TOS11000045,2026-10-04T17:00,58
TOS11000045,2026-10-04T17:15,61
TOS11000045,2026-10-04T17:30,62
TOS11000045,2026-10-04T17:45,64
TOS11000045,2026-10-04T18:00,65
TOS11000045,2026-10-04T18:15,67
TOS11000045,2026-10-04T18:30,68
TOS11000045,2026-10-04T18:45,68
TOS11000045,2026-10-04T19:00,69
TOS11000045,2026-10-04T19:15,71
TOS11000045,2026-10-04T19:30,70
TOS11000045,2026-10-04T19:45,71
TOS11000045,2026-10-04T20:00,72
TOS11000045,2026-10-04T20:15,72
TOS11000045,2026-10-04T20:30,70
TOS11000045,2026-10-04T20:45,71
TOS11000045,2026-10-04T21:00,73
TOS11000045,2026-10-04T21:15,74
TOS11000045,2026-10-04T21:30,75
TOS11000045,2026-10-04T21:45,74
TOS11000045,2026-10-04T22:00,76
TOS11000045,2026-10-04T22:15,75
TOS11000045,2026-10-04T22:30,76
TOS11000045,2026-10-04T22:45,76
TOS11000045,2026-10-04T23:00,77
TOS11000045,2026-10-04T23:15,79
TOS11000045,2026-10-04T23:30,82
TOS11000045,2026-10-04T23:45,84
TOS11000046,2026-10-04T00:00,90
TOS11000046,2026-10-04T00:15,91
TOS11000046,2026-10-04T00:30,91
TOS11000046,2026-10-04T00:45,91
TOS11000046,2026-10-04T01:00,91
TOS11000046,2026-10-04T01:15,91
TOS11000046,2026-10-04T01:30,92
TOS11000046,2026-10-04T01:45,92
TOS11000046,2026-10-04T02:00,92
TOS11000046,2026-10-04T02:15,92
TOS11000046,2026-10-04T02:30,92
TOS11000046,2026-10-04T02:45,92
TOS11000046,2026-10-04T03:00,92
TOS11000046,2026-10-04T03:15,93
TOS11000046,2026-10-04T03:30,93
TOS11000046,2026-10-04T03:45,93
TOS11000046,2026-10-04T04:00,93
TOS11000046,2026-10-04T04:15,93
TOS11000046,2026-10-04T04:30,93
TOS11000046,2026-10-04T04:45,93
TOS11000046,2026-10-04T05:00,93
TOS11000046,2026-10-04T05:15,93
TOS11000046,2026-10-04T05:30,94
TOS11000046,2026-10-04T05:45,94
TOS11000046,2026-10-04T06:00,94
TOS11000046,2026-10-04T06:15,94
TOS11000046,2026-10-04T06:30,94
TOS11000046,2026-10-04T06:45,94
TOS11000046,2026-10-04T07:00,94
TOS11000046,2026-10-04T07:15,94
TOS11000046,2026-10-04T07:30,95
TOS11000046,2026-10-04T07:45,95
TOS11000046,2026-10-04T08:00,95
TOS11000046,2026-10-04T08:15,95
TOS11000046,2026-10-04T08:30,95
TOS11000046,2026-10-04T08:45,95
TOS11000046,2026-10-04T09:00,92
TOS11000046,2026-10-04T09:15,84
TOS11000046,2026-10-04T09:30,75
TOS11000046,2026-10-04T09:45,69
TOS11000046,2026-10-04T10:00,66
TOS11000046,2026-10-04T10:15,62
TOS11000046,2026-10-04T10:30,58
TOS11000046,2026-10-04T10:45,56
TOS11000046,2026-10-04T11:00,55
TOS11000046,2026-10-04T11:15,54
TOS11000046,2026-10-04T11:30,53
TOS11000046,2026-10-04T11:45,51
TOS11000046,2026-10-04T12:00,49
TOS11000046,2026-10-04T12:15,49
TOS11000046,2026-10-04T12:30,48
TOS11000046,2026-10-04T12:45,48
TOS11000046,2026-10-04T13:00,48
TOS11000046,2026-10-04T13:15,47
TOS11000046,2026-10-04T13:30,47
TOS11000046,2026-10-04T13:45,45
TOS11000046,2026-10-04T14:00,43
TOS11000046,2026-10-04T14:15,41
TOS11000046,2026-10-04T14:30,42
TOS11000046,2026-10-04T14:45,43
TOS11000046,2026-10-04T15:00,41
TOS11000046,2026-10-04T15:15,43
TOS11000046,2026-10-04T15:30,47
TOS11000046,2026-10-04T15:45,52
TOS11000046,2026-10-04T16:00,53
TOS11000046,2026-10-04T16:15,54
TOS11000046,2026-10-04T16:30,57
TOS11000046,2026-10-04T16:45,61
TOS11000046,2026-10-04T17:00,61
TOS11000046,2026-10-04T17:15,61
TOS11000046,2026-10-04T17:30,63
TOS11000046,2026-10-04T17:45,65
TOS11000046,2026-10-04T18:00,67
TOS11000046,2026-10-04T18:15,69
TOS11000046,2026-10-04T18:30,74
TOS11000046,2026-10-04T18:45,78
TOS11000046,2026-10-04T19:00,82
TOS11000046,2026-10-04T19:15,84
TOS11000046,2026-10-04T19:30,86
TOS11000046,2026-10-04T19:45,87
TOS11000046,2026-10-04T20:00,88
TOS11000046,2026-10-04T20:15,89
TOS11000046,2026-10-04T20:30,90
TOS11000046,2026-10-04T20:45,90
TOS11000046,2026-10-04T21:00,91
TOS11000046,2026-10-04T21:15,91
TOS11000046,2026-10-04T21:30,91
TOS11000046,2026-10-04T21:45,92
TOS11000046,2026-10-04T22:00,92
TOS11000046,2026-10-04T22:15,92
TOS11000046,2026-10-04T22:30,92
TOS11000046,2026-10-04T22:45,93
TOS11000046,2026-10-04T23:00,93
TOS11000046,2026-10-04T23:15,92
TOS11000046,2026-10-04T23:30,93
TOS11000046,2026-10-04T23:45,93
TOS11000048,2026-10-04T00:00,92
TOS11000048,2026-10-04T00:15,92
TOS11000048,2026-10-04T00:30,92
TOS11000048,2026-10-04T00:45,93
TOS11000048,2026-10-04T01:00,94
TOS11000048,2026-10-04T01:15,95
TOS11000048,2026-10-04T01:30,94
TOS11000048,2026-10-04T01:45,95
TOS11000048,2026-10-04T02:00,95
TOS11000048,2026-10-04T02:15,95
TOS11000048,2026-10-04T02:30,95
TOS11000048,2026-10-04T02:45,96
TOS11000048,2026-10-04T03:00,96
TOS11000048,2026-10-04T03:15,95
TOS11000048,2026-10-04T03:30,94
TOS11000048,2026-10-04T03:45,94
TOS11000048,2026-10-04T04:00,94
TOS11000048,2026-10-04T04:15,94
TOS11000048,2026-10-04T04:30,92
TOS11000048,2026-10-04T04:45,92
TOS11000048,2026-10-04T05:00,92
TOS11000048,2026-10-04T05:15,93
TOS11000048,2026-10-04T05:30,94
TOS11000048,2026-10-04T05:45,94
TOS11000048,2026-10-04T06:00,94
TOS11000048,2026-10-04T06:15,94
TOS11000048,2026-10-04T06:30,93
TOS11000048,2026-10-04T06:45,93
TOS11000048,2026-10-04T07:00,93
TOS11000048,2026-10-04T07:15,93
TOS11000048,2026-10-04T07:30,91
TOS11000048,2026-10-04T07:45,88
TOS11000048,2026-10-04T08:00,86
TOS11000048,2026-10-04T08:15,83
TOS11000048,2026-10-04T08:30,81
TOS11000048,2026-10-04T08:45,78
TOS11000048,2026-10-04T09:00,75
TOS11000048,2026-10-04T09:15,73
TOS11000048,2026-10-04T09:30,69
TOS11000048,2026-10-04T09:45,66
TOS11000048,2026-10-04T10:00,66
TOS11000048,2026-10-04T10:15,64
TOS11000048,2026-10-04T10:30,63
TOS11000048,2026-10-04T10:45,63
TOS11000048,2026-10-04T11:00,61
TOS11000048,2026-10-04T11:15,59
TOS11000048,2026-10-04T11:30,56
TOS11000048,2026-10-04T11:45,53
TOS11000048,2026-10-04T12:00,52
TOS11000048,2026-10-04T12:15,52
TOS11000048,2026-10-04T12:30,51
TOS11000048,2026-10-04T12:45,50
TOS11000048,2026-10-04T13:00,49
TOS11000048,2026-10-04T13:15,47
TOS11000048,2026-10-04T13:30,46
TOS11000048,2026-10-04T13:45,46
TOS11000048,2026-10-04T14:00,46
TOS11000048,2026-10-04T14:15,45
TOS11000048,2026-10-04T14:30,45
TOS11000048,2026-10-04T14:45,45
TOS11000048,2026-10-04T15:00,47
TOS11000048,2026-10-04T15:15,46
TOS11000048,2026-10-04T15:30,48
TOS11000048,2026-10-04T15:45,49
TOS11000048,2026-10-04T16:00,51
TOS11000048,2026-10-04T16:15,53
TOS11000048,2026-10-04T16:30,54
TOS11000048,2026-10-04T16:45,57
TOS11000048,2026-10-04T17:00,63
TOS11000048,2026-10-04T17:15,65
TOS11000048,2026-10-04T17:30,69
TOS11000048,2026-10-04T17:45,70
TOS11000048,2026-10-04T18:00,73
TOS11000048,2026-10-04T18:15,76
TOS11000048,2026-10-04T18:30,79
TOS11000048,2026-10-04T18:45,81
TOS11000048,2026-10-04T19:00,84
TOS11000048,2026-10-04T19:15,85
TOS11000048,2026-10-04T19:30,86
TOS11000048,2026-10-04T19:45,87
TOS11000048,2026-10-04T20:00,88
TOS11000048,2026-10-04T20:15,88
TOS11000048,2026-10-04T20:30,89
TOS11000048,2026-10-04T20:45,90
TOS11000048,2026-10-04T21:00,91
TOS11000048,2026-10-04T21:15,91
TOS11000048,2026-10-04T21:30,93
TOS11000048,2026-10-04T21:45,93
TOS11000048,2026-10-04T22:00,93
TOS11000048,2026-10-04T22:15,94
TOS11000048,2026-10-04T22:30,94
TOS11000048,2026-10-04T22:45,95
TOS11000048,2026-10-04T23:00,95
TOS11000048,2026-10-04T23:15,96
TOS11000048,2026-10-04T23:30,96
TOS11000048,2026-10-04T23:45,96
TOS11000049,2026-10-04T00:00,66
TOS11000049,2026-10-04T00:15,67
TOS11000049,2026-10-04T00:30,68
TOS11000049,2026-10-04T00:45,68
TOS11000049,2026-10-04T01:00,68
TOS11000049,2026-10-04T01:15,68
TOS11000049,2026-10-04T01:30,67
TOS11000049,2026-10-04T01:45,67
TOS11000049,2026-10-04T02:00,68
TOS11000049,2026-10-04T02:15,69
TOS11000049,2026-10-04T02:30,69
TOS11000049,2026-10-04T02:45,69
TOS11000049,2026-10-04T03:00,68
TOS11000049,2026-10-04T03:15,68
TOS11000049,2026-10-04T03:30,69
TOS11000049,2026-10-04T03:45,70
TOS11000049,2026-10-04T04:00,70
TOS11000049,2026-10-04T04:15,70
TOS11000049,2026-10-04T04:30,69
TOS11000049,2026-10-04T04:45,69
TOS11000049,2026-10-04T05:00,69
TOS11000049,2026-10-04T05:15,69
TOS11000049,2026-10-04T05:30,69
TOS11000049,2026-10-04T05:45,69
TOS11000049,2026-10-04T06:00,69
TOS11000049,2026-10-04T06:15,70
TOS11000049,2026-10-04T06:30,70
TOS11000049,2026-10-04T06:45,70
TOS11000049,2026-10-04T07:00,71
TOS11000049,2026-10-04T07:15,71
TOS11000049,2026-10-04T07:30,70
TOS11000049,2026-10-04T07:45,68
TOS11000049,2026-10-04T08:00,66
TOS11000049,2026-10-04T08:15,64
TOS11000049,2026-10-04T08:30,62
TOS11000049,2026-10-04T08:45,61
TOS11000049,2026-10-04T09:00,59
TOS11000049,2026-10-04T09:15,56
TOS11000049,2026-10-04T09:30,54
TOS11000049,2026-10-04T09:45,51
TOS11000049,2026-10-04T10:00,49
TOS11000049,2026-10-04T10:15,47
TOS11000049,2026-10-04T10:30,45
TOS11000049,2026-10-04T10:45,42
TOS11000049,2026-10-04T11:00,41
TOS11000049,2026-10-04T11:15,39
TOS11000049,2026-10-04T11:30,41
TOS11000049,2026-10-04T11:45,42
TOS11000049,2026-10-04T12:00,43
TOS11000049,2026-10-04T12:15,40
TOS11000049,2026-10-04T12:30,39
TOS11000049,2026-10-04T12:45,39
TOS11000049,2026-10-04T13:00,40
TOS11000049,2026-10-04T13:15,40
TOS11000049,2026-10-04T13:30,41
TOS11000049,2026-10-04T13:45,41
TOS11000049,2026-10-04T14:00,42
TOS11000049,2026-10-04T14:15,43
TOS11000049,2026-10-04T14:30,42
TOS11000049,2026-10-04T14:45,44
TOS11000049,2026-10-04T15:00,47
TOS11000049,2026-10-04T15:15,47
TOS11000049,2026-10-04T15:30,47
TOS11000049,2026-10-04T15:45,48
TOS11000049,2026-10-04T16:00,49
TOS11000049,2026-10-04T16:15,51
TOS11000049,2026-10-04T16:30,52
TOS11000049,2026-10-04T16:45,54
TOS11000049,2026-10-04T17:00,57
TOS11000049,2026-10-04T17:15,59
TOS11000049,2026-10-04T17:30,59
TOS11000049,2026-10-04T17:45,60
TOS11000049,2026-10-04T18:00,60
TOS11000049,2026-10-04T18:15,61
TOS11000049,2026-10-04T18:30,63
TOS11000049,2026-10-04T18:45,67
TOS11000049,2026-10-04T19:00,70
TOS11000049,2026-10-04T19:15,70
TOS11000049,2026-10-04T19:30,71
TOS11000049,2026-10-04T19:45,73
TOS11000049,2026-10-04T20:00,75
TOS11000049,2026-10-04T20:15,75
TOS11000049,2026-10-04T20:30,76
TOS11000049,2026-10-04T20:45,76
TOS11000049,2026-10-04T21:00,75
TOS11000049,2026-10-04T21:15,75
TOS11000049,2026-10-04T21:30,75
TOS11000049,2026-10-04T21:45,75
TOS11000049,2026-10-04T22:00,75
TOS11000049,2026-10-04T22:15,75
TOS11000049,2026-10-04T22:30,75
TOS11000049,2026-10-04T22:45,75
TOS11000049,2026-10-04T23:00,75
TOS11000049,2026-10-04T23:15,76
TOS11000049,2026-10-04T23:30,77
TOS11000049,2026-10-04T23:45,77
TOS11000063,2026-10-04T00:00,61
TOS11000063,2026-10-04T00:15,61
TOS11000063,2026-10-04T00:30,63
TOS11000063,2026-10-04T00:45,66
TOS11000063,2026-10-04T01:00,68
TOS11000063,2026-10-04T01:15,67
TOS11000063,2026-10-04T01:30,65
TOS11000063,2026-10-04T01:45,65
TOS11000063,2026-10-04T02:00,67
TOS11000063,2026-10-04T02:15,71
TOS11000063,2026-10-04T02:30,72
TOS11000063,2026-10-04T02:45,74
TOS11000063,2026-10-04T03:00,72
TOS11000063,2026-10-04T03:15,73
TOS11000063,2026-10-04T03:30,71
TOS11000063,2026-10-04T03:45,72
TOS11000063,2026-10-04T04:00,74
TOS11000063,2026-10-04T04:15,75
TOS11000063,2026-10-04T04:30,74
TOS11000063,2026-10-04T04:45,74
TOS11000063,2026-10-04T05:00,75
TOS11000063,2026-10-04T05:15,76
TOS11000063,2026-10-04T05:30,75
TOS11000063,2026-10-04T05:45,76
TOS11000063,2026-10-04T06:00,76
TOS11000063,2026-10-04T06:15,76
TOS11000063,2026-10-04T06:30,77
TOS11000063,2026-10-04T06:45,78
TOS11000063,2026-10-04T07:00,78
TOS11000063,2026-10-04T07:15,77
TOS11000063,2026-10-04T07:30,76
TOS11000063,2026-10-04T07:45,75
TOS11000063,2026-10-04T08:00,73
TOS11000063,2026-10-04T08:15,72
TOS11000063,2026-10-04T08:30,71
TOS11000063,2026-10-04T08:45,69
TOS11000063,2026-10-04T09:00,67
TOS11000063,2026-10-04T09:15,65
TOS11000063,2026-10-04T09:30,65
TOS11000063,2026-10-04T09:45,64
TOS11000063,2026-10-04T10:00,63
TOS11000063,2026-10-04T10:15,62
TOS11000063,2026-10-04T10:30,61
TOS11000063,2026-10-04T10:45,60
TOS11000063,2026-10-04T11:00,58
TOS11000063,2026-10-04T11:15,56
TOS11000063,2026-10-04T11:30,54
TOS11000063,2026-10-04T11:45,52
TOS11000063,2026-10-04T12:00,50
TOS11000063,2026-10-04T12:15,48
TOS11000063,2026-10-04T12:30,48
TOS11000063,2026-10-04T12:45,47
TOS11000063,2026-10-04T13:00,46
TOS11000063,2026-10-04T13:15,46
TOS11000063,2026-10-04T13:30,47
TOS11000063,2026-10-04T13:45,48
TOS11000063,2026-10-04T14:00,50
TOS11000063,2026-10-04T14:15,52
TOS11000063,2026-10-04T14:30,56
TOS11000063,2026-10-04T14:45,58
TOS11000063,2026-10-04T15:00,59
TOS11000063,2026-10-04T15:15,59
TOS11000063,2026-10-04T15:30,56
TOS11000063,2026-10-04T15:45,56
TOS11000063,2026-10-04T16:00,58
TOS11000063,2026-10-04T16:15,59
TOS11000063,2026-10-04T16:30,58
TOS11000063,2026-10-04T16:45,58
TOS11000063,2026-10-04T17:00,60
TOS11000063,2026-10-04T17:15,62
TOS11000063,2026-10-04T17:30,64
TOS11000063,2026-10-04T17:45,65
TOS11000063,2026-10-04T18:00,68
TOS11000063,2026-10-04T18:15,71
TOS11000063,2026-10-04T18:30,75
TOS11000063,2026-10-04T18:45,78
TOS11000063,2026-10-04T19:00,80
TOS11000063,2026-10-04T19:15,81
TOS11000063,2026-10-04T19:30,82
TOS11000063,2026-10-04T19:45,83
TOS11000063,2026-10-04T20:00,84
TOS11000063,2026-10-04T20:15,86
TOS11000063,2026-10-04T20:30,88
TOS11000063,2026-10-04T20:45,88
TOS11000063,2026-10-04T21:00,88
TOS11000063,2026-10-04T21:15,88
TOS11000063,2026-10-04T21:30,88
TOS11000063,2026-10-04T21:45,88
TOS11000063,2026-10-04T22:00,89
TOS11000063,2026-10-04T22:15,90
TOS11000063,2026-10-04T22:30,91
TOS11000063,2026-10-04T22:45,92
TOS11000063,2026-10-04T23:00,92
TOS11000063,2026-10-04T23:15,92
TOS11000063,2026-10-04T23:30,92
TOS11000063,2026-10-04T23:45,92
TOS11000071,2026-10-04T00:00,59
TOS11000071,2026-10-04T00:15,60
TOS11000071,2026-10-04T00:30,61
TOS11000071,2026-10-04T00:45,64
TOS11000071,2026-10-04T01:00,64
TOS11000071,2026-10-04T01:15,63
TOS11000071,2026-10-04T01:30,66
TOS11000071,2026-10-04T01:45,68
TOS11000071,2026-10-04T02:00,68
TOS11000071,2026-10-04T02:15,68
TOS11000071,2026-10-04T02:30,69
TOS11000071,2026-10-04T02:45,69
TOS11000071,2026-10-04T03:00,69
TOS11000071,2026-10-04T03:15,70
TOS11000071,2026-10-04T03:30,69
TOS11000071,2026-10-04T03:45,69
TOS11000071,2026-10-04T04:00,69
TOS11000071,2026-10-04T04:15,69
TOS11000071,2026-10-04T04:30,69
TOS11000071,2026-10-04T04:45,70
TOS11000071,2026-10-04T05:00,71
TOS11000071,2026-10-04T05:15,70
TOS11000071,2026-10-04T05:30,70
TOS11000071,2026-10-04T05:45,70
TOS11000071,2026-10-04T06:00,71
TOS11000071,2026-10-04T06:15,72
TOS11000071,2026-10-04T06:30,72
TOS11000071,2026-10-04T06:45,72
TOS11000071,2026-10-04T07:00,72
TOS11000071,2026-10-04T07:15,71
TOS11000071,2026-10-04T07:30,70
TOS11000071,2026-10-04T07:45,70
TOS11000071,2026-10-04T08:00,68
TOS11000071,2026-10-04T08:15,67
TOS11000071,2026-10-04T08:30,65
TOS11000071,2026-10-04T08:45,64
TOS11000071,2026-10-04T09:00,63
TOS11000071,2026-10-04T09:15,61
TOS11000071,2026-10-04T09:30,60
TOS11000071,2026-10-04T09:45,58
TOS11000071,2026-10-04T10:00,54
TOS11000071,2026-10-04T10:15,50
TOS11000071,2026-10-04T10:30,46
TOS11000071,2026-10-04T10:45,44
TOS11000071,2026-10-04T11:00,43
TOS11000071,2026-10-04T11:15,43
TOS11000071,2026-10-04T11:30,43
TOS11000071,2026-10-04T11:45,43
TOS11000071,2026-10-04T12:00,43
TOS11000071,2026-10-04T12:15,43
TOS11000071,2026-10-04T12:30,43
TOS11000071,2026-10-04T12:45,43
TOS11000071,2026-10-04T13:00,44
TOS11000071,2026-10-04T13:15,44
TOS11000071,2026-10-04T13:30,44
TOS11000071,2026-10-04T13:45,44
TOS11000071,2026-10-04T14:00,45
TOS11000071,2026-10-04T14:15,45
TOS11000071,2026-10-04T14:30,44
TOS11000071,2026-10-04T14:45,43
TOS11000071,2026-10-04T15:00,40
TOS11000071,2026-10-04T15:15,39
TOS11000071,2026-10-04T15:30,39
TOS11000071,2026-10-04T15:45,39
TOS11000071,2026-10-04T16:00,39
TOS11000071,2026-10-04T16:15,41
TOS11000071,2026-10-04T16:30,44
TOS11000071,2026-10-04T16:45,49
TOS11000071,2026-10-04T17:00,52
TOS11000071,2026-10-04T17:15,54
TOS11000071,2026-10-04T17:30,55
TOS11000071,2026-10-04T17:45,57
TOS11000071,2026-10-04T18:00,60
TOS11000071,2026-10-04T18:15,62
TOS11000071,2026-10-04T18:30,63
TOS11000071,2026-10-04T18:45,64
TOS11000071,2026-10-04T19:00,65
TOS11000071,2026-10-04T19:15,65
TOS11000071,2026-10-04T19:30,65
TOS11000071,2026-10-04T19:45,65
TOS11000071,2026-10-04T20:00,67
TOS11000071,2026-10-04T20:15,67
TOS11000071,2026-10-04T20:30,67
TOS11000071,2026-10-04T20:45,68
TOS11000071,2026-10-04T21:00,69
TOS11000071,2026-10-04T21:15,70
TOS11000071,2026-10-04T21:30,71
TOS11000071,2026-10-04T21:45,72
TOS11000071,2026-10-04T22:00,73
TOS11000071,2026-10-04T22:15,74
TOS11000071,2026-10-04T22:30,75
TOS11000071,2026-10-04T22:45,76
TOS11000071,2026-10-04T23:00,75
TOS11000071,2026-10-04T23:15,74
TOS11000071,2026-10-04T23:30,75
TOS11000071,2026-10-04T23:45,77
TOS11000076,2026-10-04T00:00,46
TOS11000076,2026-10-04T00:15,49
TOS11000076,2026-10-04T00:30,56
TOS11000076,2026-10-04T00:45,57
TOS11000076,2026-10-04T01:00,58
TOS11000076,2026-10-04T01:15,60
TOS11000076,2026-10-04T01:30,59
TOS11000076,2026-10-04T01:45,58
TOS11000076,2026-10-04T02:00,59
TOS11000076,2026-10-04T02:15,61
TOS11000076,2026-10-04T02:30,61
TOS11000076,2026-10-04T02:45,62
TOS11000076,2026-10-04T03:00,64
TOS11000076,2026-10-04T03:15,64
TOS11000076,2026-10-04T03:30,64
TOS11000076,2026-10-04T03:45,64
TOS11000076,2026-10-04T04:00,64
TOS11000076,2026-10-04T04:15,64
TOS11000076,2026-10-04T04:30,67
TOS11000076,2026-10-04T04:45,70
TOS11000076,2026-10-04T05:00,72
TOS11000076,2026-10-04T05:15,74
TOS11000076,2026-10-04T05:30,74
TOS11000076,2026-10-04T05:45,77
TOS11000076,2026-10-04T06:00,76
TOS11000076,2026-10-04T06:15,75
TOS11000076,2026-10-04T06:30,75
TOS11000076,2026-10-04T06:45,76
TOS11000076,2026-10-04T07:00,78
TOS11000076,2026-10-04T07:15,78
TOS11000076,2026-10-04T07:30,78
TOS11000076,2026-10-04T07:45,77
TOS11000076,2026-10-04T08:00,76
TOS11000076,2026-10-04T08:15,75
TOS11000076,2026-10-04T08:30,72
TOS11000076,2026-10-04T08:45,67
TOS11000076,2026-10-04T09:00,64
TOS11000076,2026-10-04T09:15,61
TOS11000076,2026-10-04T09:30,57
TOS11000076,2026-10-04T09:45,55
TOS11000076,2026-10-04T10:00,54
TOS11000076,2026-10-04T10:15,53
TOS11000076,2026-10-04T10:30,51
TOS11000076,2026-10-04T10:45,48
TOS11000076,2026-10-04T11:00,48
TOS11000076,2026-10-04T11:15,48
TOS11000076,2026-10-04T11:30,46
TOS11000076,2026-10-04T11:45,46
TOS11000076,2026-10-04T12:00,45
TOS11000076,2026-10-04T12:15,44
TOS11000076,2026-10-04T12:30,42
TOS11000076,2026-10-04T12:45,41
TOS11000076,2026-10-04T13:00,40
TOS11000076,2026-10-04T13:15,41
TOS11000076,2026-10-04T13:30,43
TOS11000076,2026-10-04T13:45,43
TOS11000076,2026-10-04T14:00,42
TOS11000076,2026-10-04T14:15,42
TOS11000076,2026-10-04T14:30,42
TOS11000076,2026-10-04T14:45,41
TOS11000076,2026-10-04T15:00,39
TOS11000076,2026-10-04T15:15,40
TOS11000076,2026-10-04T15:30,40
TOS11000076,2026-10-04T15:45,41
TOS11000076,2026-10-04T16:00,42
TOS11000076,2026-10-04T16:15,42
TOS11000076,2026-10-04T16:30,41
TOS11000076,2026-10-04T16:45,41
TOS11000076,2026-10-04T17:00,42
TOS11000076,2026-10-04T17:15,46
TOS11000076,2026-10-04T17:30,52
TOS11000076,2026-10-04T17:45,55
TOS11000076,2026-10-04T18:00,59
TOS11000076,2026-10-04T18:15,61
TOS11000076,2026-10-04T18:30,63
TOS11000076,2026-10-04T18:45,64
TOS11000076,2026-10-04T19:00,65
TOS11000076,2026-10-04T19:15,67
TOS11000076,2026-10-04T19:30,67
TOS11000076,2026-10-04T19:45,67
TOS11000076,2026-10-04T20:00,67
TOS11000076,2026-10-04T20:15,67
TOS11000076,2026-10-04T20:30,67
TOS11000076,2026-10-04T20:45,69
TOS11000076,2026-10-04T21:00,71
TOS11000076,2026-10-04T21:15,71
TOS11000076,2026-10-04T21:30,72
TOS11000076,2026-10-04T21:45,73
TOS11000076,2026-10-04T22:00,76
TOS11000076,2026-10-04T22:15,77
TOS11000076,2026-10-04T22:30,78
TOS11000076,2026-10-04T22:45,79
TOS11000076,2026-10-04T23:00,80
TOS11000076,2026-10-04T23:15,81
TOS11000076,2026-10-04T23:30,81
TOS11000076,2026-10-04T23:45,81
TOS11000077,2026-10-04T00:00,51
TOS11000077,2026-10-04T00:15,51
TOS11000077,2026-10-04T00:30,50
TOS11000077,2026-10-04T00:45,51
TOS11000077,2026-10-04T01:00,51
TOS11000077,2026-10-04T01:15,52
TOS11000077,2026-10-04T01:30,52
TOS11000077,2026-10-04T01:45,53
TOS11000077,2026-10-04T02:00,54
TOS11000077,2026-10-04T02:15,55
TOS11000077,2026-10-04T02:30,55
TOS11000077,2026-10-04T02:45,54
TOS11000077,2026-10-04T03:00,55
TOS11000077,2026-10-04T03:15,56
TOS11000077,2026-10-04T03:30,56
TOS11000077,2026-10-04T03:45,55
TOS11000077,2026-10-04T04:00,54
TOS11000077,2026-10-04T04:15,54
TOS11000077,2026-10-04T04:30,54
TOS11000077,2026-10-04T04:45,54
TOS11000077,2026-10-04T05:00,54
TOS11000077,2026-10-04T05:15,55
TOS11000077,2026-10-04T05:30,55
TOS11000077,2026-10-04T05:45,55
TOS11000077,2026-10-04T06:00,55
TOS11000077,2026-10-04T06:15,56
TOS11000077,2026-10-04T06:30,55
TOS11000077,2026-10-04T06:45,55
TOS11000077,2026-10-04T07:00,55
TOS11000077,2026-10-04T07:15,55
TOS11000077,2026-10-04T07:30,54
TOS11000077,2026-10-04T07:45,53
TOS11000077,2026-10-04T08:00,53
TOS11000077,2026-10-04T08:15,52
TOS11000077,2026-10-04T08:30,51
TOS11000077,2026-10-04T08:45,50
TOS11000077,2026-10-04T09:00,49
TOS11000077,2026-10-04T09:15,49
TOS11000077,2026-10-04T09:30,48
TOS11000077,2026-10-04T09:45,47
TOS11000077,2026-10-04T10:00,47
TOS11000077,2026-10-04T10:15,46
TOS11000077,2026-10-04T10:30,43
TOS11000077,2026-10-04T10:45,42
TOS11000077,2026-10-04T11:00,44
TOS11000077,2026-10-04T11:15,47
TOS11000077,2026-10-04T11:30,46
TOS11000077,2026-10-04T11:45,45
TOS11000077,2026-10-04T12:00,43
TOS11000077,2026-10-04T12:15,44
TOS11000077,2026-10-04T12:30,43
TOS11000077,2026-10-04T12:45,41
TOS11000077,2026-10-04T13:00,41
TOS11000077,2026-10-04T13:15,41
TOS11000077,2026-10-04T13:30,40
TOS11000077,2026-10-04T13:45,41
TOS11000077,2026-10-04T14:00,43
TOS11000077,2026-10-04T14:15,45
TOS11000077,2026-10-04T14:30,46
TOS11000077,2026-10-04T14:45,48
TOS11000077,2026-10-04T15:00,49
TOS11000077,2026-10-04T15:15,49
TOS11000077,2026-10-04T15:30,50
TOS11000077,2026-10-04T15:45,49
TOS11000077,2026-10-04T16:00,50
TOS11000077,2026-10-04T16:15,51
TOS11000077,2026-10-04T16:30,51
TOS11000077,2026-10-04T16:45,55
TOS11000077,2026-10-04T17:00,58
TOS11000077,2026-10-04T17:15,60
TOS11000077,2026-10-04T17:30,63
TOS11000077,2026-10-04T17:45,67
TOS11000077,2026-10-04T18:00,71
TOS11000077,2026-10-04T18:15,72
TOS11000077,2026-10-04T18:30,74
TOS11000077,2026-10-04T18:45,73
TOS11000077,2026-10-04T19:00,73
TOS11000077,2026-10-04T19:15,75
TOS11000077,2026-10-04T19:30,73
TOS11000077,2026-10-04T19:45,73
TOS11000077,2026-10-04T20:00,72
TOS11000077,2026-10-04T20:15,69
TOS11000077,2026-10-04T20:30,67
TOS11000077,2026-10-04T20:45,63
TOS11000077,2026-10-04T21:00,61
TOS11000077,2026-10-04T21:15,62
TOS11000077,2026-10-04T21:30,64
TOS11000077,2026-10-04T21:45,72
TOS11000077,2026-10-04T22:00,77
TOS11000077,2026-10-04T22:15,78
TOS11000077,2026-10-04T22:30,75
TOS11000077,2026-10-04T22:45,71
TOS11000077,2026-10-04T23:00,71
TOS11000077,2026-10-04T23:15,70
TOS11000077,2026-10-04T23:30,69
TOS11000077,2026-10-04T23:45,69
TOS11000091,2026-10-04T00:00,48
TOS11000091,2026-10-04T00:15,48
TOS11000091,2026-10-04T00:30,49
TOS11000091,2026-10-04T00:45,49
TOS11000091,2026-10-04T01:00,49
TOS11000091,2026-10-04T01:15,48
TOS11000091,2026-10-04T01:30,48
TOS11000091,2026-10-04T01:45,48
TOS11000091,2026-10-04T02:00,47
TOS11000091,2026-10-04T02:15,47
TOS11000091,2026-10-04T02:30,47
TOS11000091,2026-10-04T02:45,48
TOS11000091,2026-10-04T03:00,47
TOS11000091,2026-10-04T03:15,47
TOS11000091,2026-10-04T03:30,48
TOS11000091,2026-10-04T03:45,48
TOS11000091,2026-10-04T04:00,48
TOS11000091,2026-10-04T04:15,47
TOS11000091,2026-10-04T04:30,47
TOS11000091,2026-10-04T04:45,47
TOS11000091,2026-10-04T05:00,47
TOS11000091,2026-10-04T05:15,47
TOS11000091,2026-10-04T05:30,47
TOS11000091,2026-10-04T05:45,47
TOS11000091,2026-10-04T06:00,46
TOS11000091,2026-10-04T06:15,46
TOS11000091,2026-10-04T06:30,47
TOS11000091,2026-10-04T06:45,47
TOS11000091,2026-10-04T07:00,47
TOS11000091,2026-10-04T07:15,48
TOS11000091,2026-10-04T07:30,49
TOS11000091,2026-10-04T07:45,49
TOS11000091,2026-10-04T08:00,49
TOS11000091,2026-10-04T08:15,49
TOS11000091,2026-10-04T08:30,47
TOS11000091,2026-10-04T08:45,47
TOS11000091,2026-10-04T09:00,46
TOS11000091,2026-10-04T09:15,47
TOS11000091,2026-10-04T09:30,46
TOS11000091,2026-10-04T09:45,46
TOS11000091,2026-10-04T10:00,46
TOS11000091,2026-10-04T10:15,45
TOS11000091,2026-10-04T10:30,46
TOS11000091,2026-10-04T10:45,46
TOS11000091,2026-10-04T11:00,46
TOS11000091,2026-10-04T11:15,45
TOS11000091,2026-10-04T11:30,45
TOS11000091,2026-10-04T11:45,44
TOS11000091,2026-10-04T12:00,43
TOS11000091,2026-10-04T12:15,43
TOS11000091,2026-10-04T12:30,43
TOS11000091,2026-10-04T12:45,43
TOS11000091,2026-10-04T13:00,42
TOS11000091,2026-10-04T13:15,40
TOS11000091,2026-10-04T13:30,40
TOS11000091,2026-10-04T13:45,40
TOS11000091,2026-10-04T14:00,43
TOS11000091,2026-10-04T14:15,44
TOS11000091,2026-10-04T14:30,45
TOS11000091,2026-10-04T14:45,45
TOS11000091,2026-10-04T15:00,44
TOS11000091,2026-10-04T15:15,45
TOS11000091,2026-10-04T15:30,46
TOS11000091,2026-10-04T15:45,45
TOS11000091,2026-10-04T16:00,46
TOS11000091,2026-10-04T16:15,47
TOS11000091,2026-10-04T16:30,51
TOS11000091,2026-10-04T16:45,54
TOS11000091,2026-10-04T17:00,55
TOS11000091,2026-10-04T17:15,56
TOS11000091,2026-10-04T17:30,58
TOS11000091,2026-10-04T17:45,60
TOS11000091,2026-10-04T18:00,63
TOS11000091,2026-10-04T18:15,65
TOS11000091,2026-10-04T18:30,67
TOS11000091,2026-10-04T18:45,68
TOS11000091,2026-10-04T19:00,68
TOS11000091,2026-10-04T19:15,69
TOS11000091,2026-10-04T19:30,67
TOS11000091,2026-10-04T19:45,65
TOS11000091,2026-10-04T20:00,64
TOS11000091,2026-10-04T20:15,62
TOS11000091,2026-10-04T20:30,61
TOS11000091,2026-10-04T20:45,62
TOS11000091,2026-10-04T21:00,63
TOS11000091,2026-10-04T21:15,64
TOS11000091,2026-10-04T21:30,64
TOS11000091,2026-10-04T21:45,65
TOS11000091,2026-10-04T22:00,66
TOS11000091,2026-10-04T22:15,67
TOS11000091,2026-10-04T22:30,66
TOS11000091,2026-10-04T22:45,67
TOS11000091,2026-10-04T23:00,67
TOS11000091,2026-10-04T23:15,65
TOS11000091,2026-10-04T23:30,66
TOS11000091,2026-10-04T23:45,67
TOS11000092,2026-10-04T00:00,64
TOS11000092,2026-10-04T00:15,64
TOS11000092,2026-10-04T00:30,64
TOS11000092,2026-10-04T00:45,64
TOS11000092,2026-10-04T01:00,64
TOS11000092,2026-10-04T01:15,65
TOS11000092,2026-10-04T01:30,65
TOS11000092,2026-10-04T01:45,66
TOS11000092,2026-10-04T02:00,66
TOS11000092,2026-10-04T02:15,66
TOS11000092,2026-10-04T02:30,67
TOS11000092,2026-10-04T02:45,67
TOS11000092,2026-10-04T03:00,68
TOS11000092,2026-10-04T03:15,68
TOS11000092,2026-10-04T03:30,67
TOS11000092,2026-10-04T03:45,67
TOS11000092,2026-10-04T04:00,66
TOS11000092,2026-10-04T04:15,67
TOS11000092,2026-10-04T04:30,67
TOS11000092,2026-10-04T04:45,68
TOS11000092,2026-10-04T05:00,68
TOS11000092,2026-10-04T05:15,67
TOS11000092,2026-10-04T05:30,67
TOS11000092,2026-10-04T05:45,68
TOS11000092,2026-10-04T06:00,68
TOS11000092,2026-10-04T06:15,67
TOS11000092,2026-10-04T06:30,68
TOS11000092,2026-10-04T06:45,67
TOS11000092,2026-10-04T07:00,68
TOS11000092,2026-10-04T07:15,69
TOS11000092,2026-10-04T07:30,69
TOS11000092,2026-10-04T07:45,67
TOS11000092,2026-10-04T08:00,65
TOS11000092,2026-10-04T08:15,67
TOS11000092,2026-10-04T08:30,66
TOS11000092,2026-10-04T08:45,64
TOS11000092,2026-10-04T09:00,66
TOS11000092,2026-10-04T09:15,64
TOS11000092,2026-10-04T09:30,62
TOS11000092,2026-10-04T09:45,59
TOS11000092,2026-10-04T10:00,57
TOS11000092,2026-10-04T10:15,54
TOS11000092,2026-10-04T10:30,53
TOS11000092,2026-10-04T10:45,51
TOS11000092,2026-10-04T11:00,46
TOS11000092,2026-10-04T11:15,42
TOS11000092,2026-10-04T11:30,43
TOS11000092,2026-10-04T11:45,43
TOS11000092,2026-10-04T12:00,43
TOS11000092,2026-10-04T12:15,43
TOS11000092,2026-10-04T12:30,44
TOS11000092,2026-10-04T12:45,42
TOS11000092,2026-10-04T13:00,42
TOS11000092,2026-10-04T13:15,42
TOS11000092,2026-10-04T13:30,44
TOS11000092,2026-10-04T13:45,46
TOS11000092,2026-10-04T14:00,47
TOS11000092,2026-10-04T14:15,48
TOS11000092,2026-10-04T14:30,49
TOS11000092,2026-10-04T14:45,49
TOS11000092,2026-10-04T15:00,49
TOS11000092,2026-10-04T15:15,49
TOS11000092,2026-10-04T15:30,49
TOS11000092,2026-10-04T15:45,52
TOS11000092,2026-10-04T16:00,53
TOS11000092,2026-10-04T16:15,56
TOS11000092,2026-10-04T16:30,58
TOS11000092,2026-10-04T16:45,60
TOS11000092,2026-10-04T17:00,60
TOS11000092,2026-10-04T17:15,62
TOS11000092,2026-10-04T17:30,63
TOS11000092,2026-10-04T17:45,65
TOS11000092,2026-10-04T18:00,67
TOS11000092,2026-10-04T18:15,69
TOS11000092,2026-10-04T18:30,71
TOS11000092,2026-10-04T18:45,72
TOS11000092,2026-10-04T19:00,72
TOS11000092,2026-10-04T19:15,72
TOS11000092,2026-10-04T19:30,74
TOS11000092,2026-10-04T19:45,75
TOS11000092,2026-10-04T20:00,75
TOS11000092,2026-10-04T20:15,76
TOS11000092,2026-10-04T20:30,76
TOS11000092,2026-10-04T20:45,77
TOS11000092,2026-10-04T21:00,77
TOS11000092,2026-10-04T21:15,78
TOS11000092,2026-10-04T21:30,79
TOS11000092,2026-10-04T21:45,81
TOS11000092,2026-10-04T22:00,82
TOS11000092,2026-10-04T22:15,82
TOS11000092,2026-10-04T22:30,83
TOS11000092,2026-10-04T22:45,84
TOS11000092,2026-10-04T23:00,84
TOS11000092,2026-10-04T23:15,85
TOS11000092,2026-10-04T23:30,86
TOS11000092,2026-10-04T23:45,86
TOS11000093,2026-10-04T00:00,63
TOS11000093,2026-10-04T00:15,65
TOS11000093,2026-10-04T00:30,65
TOS11000093,2026-10-04T00:45,65
TOS11000093,2026-10-04T01:00,65
TOS11000093,2026-10-04T01:15,66
TOS11000093,2026-10-04T01:30,67
TOS11000093,2026-10-04T01:45,67
TOS11000093,2026-10-04T02:00,66
TOS11000093,2026-10-04T02:15,66
TOS11000093,2026-10-04T02:30,66
TOS11000093,2026-10-04T02:45,66
TOS11000093,2026-10-04T03:00,66
TOS11000093,2026-10-04T03:15,69
TOS11000093,2026-10-04T03:30,69
TOS11000093,2026-10-04T03:45,70
TOS11000093,2026-10-04T04:00,70
TOS11000093,2026-10-04T04:15,70
TOS11000093,2026-10-04T04:30,70
TOS11000093,2026-10-04T04:45,71
TOS11000093,2026-10-04T05:00,71
TOS11000093,2026-10-04T05:15,72
TOS11000093,2026-10-04T05:30,73
TOS11000093,2026-10-04T05:45,73
TOS11000093,2026-10-04T06:00,74
TOS11000093,2026-10-04T06:15,74
TOS11000093,2026-10-04T06:30,75
TOS11000093,2026-10-04T06:45,76
TOS11000093,2026-10-04T07:00,75
TOS11000093,2026-10-04T07:15,74
TOS11000093,2026-10-04T07:30,74
TOS11000093,2026-10-04T07:45,71
TOS11000093,2026-10-04T08:00,70
TOS11000093,2026-10-04T08:15,68
TOS11000093,2026-10-04T08:30,66
TOS11000093,2026-10-04T08:45,64
TOS11000093,2026-10-04T09:00,63
TOS11000093,2026-10-04T09:15,64
TOS11000093,2026-10-04T09:30,64
TOS11000093,2026-10-04T09:45,64
TOS11000093,2026-10-04T10:00,60
TOS11000093,2026-10-04T10:15,54
TOS11000093,2026-10-04T10:30,50
TOS11000093,2026-10-04T10:45,44
TOS11000093,2026-10-04T11:00,45
TOS11000093,2026-10-04T11:15,43
TOS11000093,2026-10-04T11:30,40
TOS11000093,2026-10-04T11:45,38
TOS11000093,2026-10-04T12:00,36
TOS11000093,2026-10-04T12:15,38
TOS11000093,2026-10-04T12:30,39
TOS11000093,2026-10-04T12:45,38
TOS11000093,2026-10-04T13:00,36
TOS11000093,2026-10-04T13:15,35
TOS11000093,2026-10-04T13:30,34
TOS11000093,2026-10-04T13:45,35
TOS11000093,2026-10-04T14:00,36
TOS11000093,2026-10-04T14:15,36
TOS11000093,2026-10-04T14:30,36
TOS11000093,2026-10-04T14:45,36
TOS11000093,2026-10-04T15:00,36
TOS11000093,2026-10-04T15:15,36
TOS11000093,2026-10-04T15:30,37
TOS11000093,2026-10-04T15:45,39
TOS11000093,2026-10-04T16:00,40
TOS11000093,2026-10-04T16:15,40
TOS11000093,2026-10-04T16:30,41
TOS11000093,2026-10-04T16:45,41
TOS11000093,2026-10-04T17:00,41
TOS11000093,2026-10-04T17:15,44
TOS11000093,2026-10-04T17:30,50
TOS11000093,2026-10-04T17:45,55
TOS11000093,2026-10-04T18:00,59
TOS11000093,2026-10-04T18:15,62
TOS11000093,2026-10-04T18:30,65
TOS11000093,2026-10-04T18:45,66
TOS11000093,2026-10-04T19:00,66
TOS11000093,2026-10-04T19:15,67
TOS11000093,2026-10-04T19:30,70
TOS11000093,2026-10-04T19:45,72
TOS11000093,2026-10-04T20:00,71
TOS11000093,2026-10-04T20:15,72
TOS11000093,2026-10-04T20:30,73
TOS11000093,2026-10-04T20:45,71
TOS11000093,2026-10-04T21:00,71
TOS11000093,2026-10-04T21:15,71
TOS11000093,2026-10-04T21:30,73
TOS11000093,2026-10-04T21:45,73
TOS11000093,2026-10-04T22:00,72
TOS11000093,2026-10-04T22:15,73
TOS11000093,2026-10-04T22:30,74
TOS11000093,2026-10-04T22:45,74
TOS11000093,2026-10-04T23:00,75
TOS11000093,2026-10-04T23:15,77
TOS11000093,2026-10-04T23:30,77
TOS11000093,2026-10-04T23:45,77
TOS11000094,2026-10-04T00:00,67
TOS11000094,2026-10-04T00:15,67
TOS11000094,2026-10-04T00:30,67
TOS11000094,2026-10-04T00:45,67
TOS11000094,2026-10-04T01:00,66
TOS11000094,2026-10-04T01:15,66
TOS11000094,2026-10-04T01:30,66
TOS11000094,2026-10-04T01:45,65
TOS11000094,2026-10-04T02:00,66
TOS11000094,2026-10-04T02:15,66
TOS11000094,2026-10-04T02:30,67
TOS11000094,2026-10-04T02:45,66
TOS11000094,2026-10-04T03:00,67
TOS11000094,2026-10-04T03:15,67
TOS11000094,2026-10-04T03:30,67
TOS11000094,2026-10-04T03:45,67
TOS11000094,2026-10-04T04:00,67
TOS11000094,2026-10-04T04:15,69
TOS11000094,2026-10-04T04:30,69
TOS11000094,2026-10-04T04:45,70
TOS11000094,2026-10-04T05:00,71
TOS11000094,2026-10-04T05:15,71
TOS11000094,2026-10-04T05:30,70
TOS11000094,2026-10-04T05:45,70
TOS11000094,2026-10-04T06:00,69
TOS11000094,2026-10-04T06:15,68
TOS11000094,2026-10-04T06:30,69
TOS11000094,2026-10-04T06:45,69
TOS11000094,2026-10-04T07:00,69
TOS11000094,2026-10-04T07:15,70
TOS11000094,2026-10-04T07:30,67
TOS11000094,2026-10-04T07:45,66
TOS11000094,2026-10-04T08:00,64
TOS11000094,2026-10-04T08:15,63
TOS11000094,2026-10-04T08:30,62
TOS11000094,2026-10-04T08:45,61
TOS11000094,2026-10-04T09:00,60
TOS11000094,2026-10-04T09:15,59
TOS11000094,2026-10-04T09:30,56
TOS11000094,2026-10-04T09:45,57
TOS11000094,2026-10-04T10:00,55
TOS11000094,2026-10-04T10:15,54
TOS11000094,2026-10-04T10:30,50
TOS11000094,2026-10-04T10:45,50
TOS11000094,2026-10-04T11:00,49
TOS11000094,2026-10-04T11:15,49
TOS11000094,2026-10-04T11:30,47
TOS11000094,2026-10-04T11:45,48
TOS11000094,2026-10-04T12:00,49
TOS11000094,2026-10-04T12:15,51
TOS11000094,2026-10-04T12:30,51
TOS11000094,2026-10-04T12:45,50
TOS11000094,2026-10-04T13:00,51
TOS11000094,2026-10-04T13:15,51
TOS11000094,2026-10-04T13:30,51
TOS11000094,2026-10-04T13:45,51
TOS11000094,2026-10-04T14:00,51
TOS11000094,2026-10-04T14:15,53
TOS11000094,2026-10-04T14:30,52
TOS11000094,2026-10-04T14:45,53
TOS11000094,2026-10-04T15:00,54
TOS11000094,2026-10-04T15:15,54
TOS11000094,2026-10-04T15:30,54
TOS11000094,2026-10-04T15:45,55
TOS11000094,2026-10-04T16:00,57
TOS11000094,2026-10-04T16:15,58
TOS11000094,2026-10-04T16:30,59
TOS11000094,2026-10-04T16:45,64
TOS11000094,2026-10-04T17:00,66
TOS11000094,2026-10-04T17:15,63
TOS11000094,2026-10-04T17:30,63
TOS11000094,2026-10-04T17:45,64
TOS11000094,2026-10-04T18:00,65
TOS11000094,2026-10-04T18:15,66
TOS11000094,2026-10-04T18:30,66
TOS11000094,2026-10-04T18:45,67
TOS11000094,2026-10-04T19:00,68
TOS11000094,2026-10-04T19:15,68
TOS11000094,2026-10-04T19:30,69
TOS11000094,2026-10-04T19:45,70
TOS11000094,2026-10-04T20:00,69
TOS11000094,2026-10-04T20:15,69
TOS11000094,2026-10-04T20:30,70
TOS11000094,2026-10-04T20:45,72
TOS11000094,2026-10-04T21:00,73
TOS11000094,2026-10-04T21:15,72
TOS11000094,2026-10-04T21:30,75
TOS11000094,2026-10-04T21:45,75
TOS11000094,2026-10-04T22:00,77
TOS11000094,2026-10-04T22:15,80
TOS11000094,2026-10-04T22:30,81
TOS11000094,2026-10-04T22:45,78
TOS11000094,2026-10-04T23:00,78
TOS11000094,2026-10-04T23:15,78
TOS11000094,2026-10-04T23:30,80
TOS11000094,2026-10-04T23:45,80
TOS11000096,2026-10-04T00:00,55
TOS11000096,2026-10-04T00:15,55
TOS11000096,2026-10-04T00:30,55
TOS11000096,2026-10-04T00:45,55
TOS11000096,2026-10-04T01:00,55
TOS11000096,2026-10-04T01:15,55
TOS11000096,2026-10-04T01:30,55
TOS11000096,2026-10-04T01:45,55
TOS11000096,2026-10-04T02:00,55
TOS11000096,2026-10-04T02:15,56
TOS11000096,2026-10-04T02:30,56
TOS11000096,2026-10-04T02:45,55
TOS11000096,2026-10-04T03:00,55
TOS11000096,2026-10-04T03:15,54
TOS11000096,2026-10-04T03:30,55
TOS11000096,2026-10-04T03:45,55
TOS11000096,2026-10-04T04:00,54
TOS11000096,2026-10-04T04:15,54
TOS11000096,2026-10-04T04:30,54
TOS11000096,2026-10-04T04:45,54
TOS11000096,2026-10-04T05:00,54
TOS11000096,2026-10-04T05:15,55
TOS11000096,2026-10-04T05:30,55
TOS11000096,2026-10-04T05:45,55
TOS11000096,2026-10-04T06:00,55
TOS11000096,2026-10-04T06:15,55
TOS11000096,2026-10-04T06:30,56
TOS11000096,2026-10-04T06:45,56
TOS11000096,2026-10-04T07:00,56
TOS11000096,2026-10-04T07:15,54
TOS11000096,2026-10-04T07:30,55
TOS11000096,2026-10-04T07:45,56
TOS11000096,2026-10-04T08:00,56
TOS11000096,2026-10-04T08:15,56
TOS11000096,2026-10-04T08:30,54
TOS11000096,2026-10-04T08:45,53
TOS11000096,2026-10-04T09:00,55
TOS11000096,2026-10-04T09:15,55
TOS11000096,2026-10-04T09:30,54
TOS11000096,2026-10-04T09:45,54
TOS11000096,2026-10-04T10:00,54
TOS11000096,2026-10-04T10:15,53
TOS11000096,2026-10-04T10:30,53
TOS11000096,2026-10-04T10:45,52
TOS11000096,2026-10-04T11:00,52
TOS11000096,2026-10-04T11:15,54
TOS11000096,2026-10-04T11:30,55
TOS11000096,2026-10-04T11:45,55
TOS11000096,2026-10-04T12:00,56
TOS11000096,2026-10-04T12:15,59
TOS11000096,2026-10-04T12:30,59
TOS11000096,2026-10-04T12:45,60
TOS11000096,2026-10-04T13:00,60
TOS11000096,2026-10-04T13:15,60
TOS11000096,2026-10-04T13:30,61
TOS11000096,2026-10-04T13:45,62
TOS11000096,2026-10-04T14:00,64
TOS11000096,2026-10-04T14:15,67
TOS11000096,2026-10-04T14:30,67
TOS11000096,2026-10-04T14:45,68
TOS11000096,2026-10-04T15:00,67
TOS11000096,2026-10-04T15:15,68
TOS11000096,2026-10-04T15:30,68
TOS11000096,2026-10-04T15:45,69
TOS11000096,2026-10-04T16:00,69
TOS11000096,2026-10-04T16:15,68
TOS11000096,2026-10-04T16:30,71
TOS11000096,2026-10-04T16:45,73
TOS11000096,2026-10-04T17:00,73
TOS11000096,2026-10-04T17:15,73
TOS11000096,2026-10-04T17:30,74
TOS11000096,2026-10-04T17:45,76
TOS11000096,2026-10-04T18:00,78
TOS11000096,2026-10-04T18:15,79
TOS11000096,2026-10-04T18:30,79
TOS11000096,2026-10-04T18:45,80
TOS11000096,2026-10-04T19:00,81
TOS11000096,2026-10-04T19:15,82
TOS11000096,2026-10-04T19:30,81
TOS11000096,2026-10-04T19:45,78
TOS11000096,2026-10-04T20:00,78
TOS11000096,2026-10-04T20:15,76
TOS11000096,2026-10-04T20:30,76
TOS11000096,2026-10-04T20:45,76
TOS11000096,2026-10-04T21:00,77
TOS11000096,2026-10-04T21:15,77
TOS11000096,2026-10-04T21:30,78
TOS11000096,2026-10-04T21:45,77
TOS11000096,2026-10-04T22:00,76
TOS11000096,2026-10-04T22:15,76
TOS11000096,2026-10-04T22:30,74
TOS11000096,2026-10-04T22:45,61
TOS11000096,2026-10-04T23:00,65
TOS11000096,2026-10-04T23:15,70
TOS11000096,2026-10-04T23:30,71
TOS11000096,2026-10-04T23:45,64
TOS11000097,2026-10-04T00:00,60
TOS11000097,2026-10-04T00:15,60
TOS11000097,2026-10-04T00:30,61
TOS11000097,2026-10-04T00:45,63
TOS11000097,2026-10-04T01:00,64
TOS11000097,2026-10-04T01:15,63
TOS11000097,2026-10-04T01:30,64
TOS11000097,2026-10-04T01:45,64
TOS11000097,2026-10-04T02:00,64
TOS11000097,2026-10-04T02:15,62
TOS11000097,2026-10-04T02:30,64
TOS11000097,2026-10-04T02:45,64
TOS11000097,2026-10-04T03:00,65
TOS11000097,2026-10-04T03:15,65
TOS11000097,2026-10-04T03:30,65
TOS11000097,2026-10-04T03:45,63
TOS11000097,2026-10-04T04:00,62
TOS11000097,2026-10-04T04:15,64
TOS11000097,2026-10-04T04:30,64
TOS11000097,2026-10-04T04:45,64
TOS11000097,2026-10-04T05:00,64
TOS11000097,2026-10-04T05:15,64
TOS11000097,2026-10-04T05:30,64
TOS11000097,2026-10-04T05:45,65
TOS11000097,2026-10-04T06:00,65
TOS11000097,2026-10-04T06:15,66
TOS11000097,2026-10-04T06:30,67
TOS11000097,2026-10-04T06:45,68
TOS11000097,2026-10-04T07:00,68
TOS11000097,2026-10-04T07:15,69
TOS11000097,2026-10-04T07:30,66
TOS11000097,2026-10-04T07:45,61
TOS11000097,2026-10-04T08:00,59
TOS11000097,2026-10-04T08:15,56
TOS11000097,2026-10-04T08:30,57
TOS11000097,2026-10-04T08:45,58
TOS11000097,2026-10-04T09:00,58
TOS11000097,2026-10-04T09:15,59
TOS11000097,2026-10-04T09:30,59
TOS11000097,2026-10-04T09:45,56
TOS11000097,2026-10-04T10:00,54
TOS11000097,2026-10-04T10:15,53
TOS11000097,2026-10-04T10:30,52
TOS11000097,2026-10-04T10:45,52
TOS11000097,2026-10-04T11:00,50
TOS11000097,2026-10-04T11:15,52
TOS11000097,2026-10-04T11:30,51
TOS11000097,2026-10-04T11:45,51
TOS11000097,2026-10-04T12:00,52
TOS11000097,2026-10-04T12:15,52
TOS11000097,2026-10-04T12:30,53
TOS11000097,2026-10-04T12:45,54
TOS11000097,2026-10-04T13:00,54
TOS11000097,2026-10-04T13:15,54
TOS11000097,2026-10-04T13:30,54
TOS11000097,2026-10-04T13:45,53
TOS11000097,2026-10-04T14:00,53
TOS11000097,2026-10-04T14:15,54
TOS11000097,2026-10-04T14:30,54
TOS11000097,2026-10-04T14:45,56
TOS11000097,2026-10-04T15:00,55
TOS11000097,2026-10-04T15:15,55
TOS11000097,2026-10-04T15:30,57
TOS11000097,2026-10-04T15:45,59
TOS11000097,2026-10-04T16:00,59
TOS11000097,2026-10-04T16:15,61
TOS11000097,2026-10-04T16:30,62
TOS11000097,2026-10-04T16:45,64
TOS11000097,2026-10-04T17:00,68
TOS11000097,2026-10-04T17:15,73
TOS11000097,2026-10-04T17:30,76
TOS11000097,2026-10-04T17:45,78
TOS11000097,2026-10-04T18:00,79
TOS11000097,2026-10-04T18:15,80
TOS11000097,2026-10-04T18:30,81
TOS11000097,2026-10-04T18:45,78
TOS11000097,2026-10-04T19:00,79
TOS11000097,2026-10-04T19:15,79
TOS11000097,2026-10-04T19:30,79
TOS11000097,2026-10-04T19:45,79
TOS11000097,2026-10-04T20:00,78
TOS11000097,2026-10-04T20:15,77
TOS11000097,2026-10-04T20:30,77
TOS11000097,2026-10-04T20:45,73
TOS11000097,2026-10-04T21:00,69
TOS11000097,2026-10-04T21:15,67
TOS11000097,2026-10-04T21:30,67
TOS11000097,2026-10-04T21:45,68
TOS11000097,2026-10-04T22:00,70
TOS11000097,2026-10-04T22:15,69
TOS11000097,2026-10-04T22:30,68
TOS11000097,2026-10-04T22:45,65
TOS11000097,2026-10-04T23:00,64
TOS11000097,2026-10-04T23:15,65
TOS11000097,2026-10-04T23:30,64
TOS11000097,2026-10-04T23:45,62
TOS11000100,2026-10-04T00:00,90
TOS11000100,2026-10-04T00:15,91
TOS11000100,2026-10-04T00:30,92
TOS11000100,2026-10-04T00:45,91
TOS11000100,2026-10-04T01:00,92
TOS11000100,2026-10-04T01:15,92
TOS11000100,2026-10-04T01:30,92
TOS11000100,2026-10-04T01:45,93
TOS11000100,2026-10-04T02:00,94
TOS11000100,2026-10-04T02:15,94
TOS11000100,2026-10-04T02:30,94
TOS11000100,2026-10-04T02:45,94
TOS11000100,2026-10-04T03:00,95
TOS11000100,2026-10-04T03:15,95
TOS11000100,2026-10-04T03:30,95
TOS11000100,2026-10-04T03:45,95
TOS11000100,2026-10-04T04:00,95
TOS11000100,2026-10-04T04:15,95
TOS11000100,2026-10-04T04:30,95
TOS11000100,2026-10-04T04:45,96
TOS11000100,2026-10-04T05:00,95
TOS11000100,2026-10-04T05:15,95
TOS11000100,2026-10-04T05:30,96
TOS11000100,2026-10-04T05:45,96
TOS11000100,2026-10-04T06:00,96
TOS11000100,2026-10-04T06:15,96
TOS11000100,2026-10-04T06:30,96
TOS11000100,2026-10-04T06:45,96
TOS11000100,2026-10-04T07:00,96
TOS11000100,2026-10-04T07:15,96
TOS11000100,2026-10-04T07:30,96
TOS11000100,2026-10-04T07:45,97
TOS11000100,2026-10-04T08:00,96
TOS11000100,2026-10-04T08:15,94
TOS11000100,2026-10-04T08:30,92
TOS11000100,2026-10-04T08:45,89
TOS11000100,2026-10-04T09:00,88
TOS11000100,2026-10-04T09:15,82
TOS11000100,2026-10-04T09:30,79
TOS11000100,2026-10-04T09:45,75
TOS11000100,2026-10-04T10:00,72
TOS11000100,2026-10-04T10:15,68
TOS11000100,2026-10-04T10:30,65
TOS11000100,2026-10-04T10:45,63
TOS11000100,2026-10-04T11:00,63
TOS11000100,2026-10-04T11:15,59
TOS11000100,2026-10-04T11:30,57
TOS11000100,2026-10-04T11:45,60
TOS11000100,2026-10-04T12:00,58
TOS11000100,2026-10-04T12:15,53
TOS11000100,2026-10-04T12:30,53
TOS11000100,2026-10-04T12:45,51
TOS11000100,2026-10-04T13:00,48
TOS11000100,2026-10-04T13:15,46
TOS11000100,2026-10-04T13:30,46
TOS11000100,2026-10-04T13:45,47
TOS11000100,2026-10-04T14:00,47
TOS11000100,2026-10-04T14:15,46
TOS11000100,2026-10-04T14:30,48
TOS11000100,2026-10-04T14:45,49
TOS11000100,2026-10-04T15:00,51
TOS11000100,2026-10-04T15:15,52
TOS11000100,2026-10-04T15:30,53
TOS11000100,2026-10-04T15:45,56
TOS11000100,2026-10-04T16:00,57
TOS11000100,2026-10-04T16:15,58
TOS11000100,2026-10-04T16:30,57
TOS11000100,2026-10-04T16:45,57
TOS11000100,2026-10-04T17:00,58
TOS11000100,2026-10-04T17:15,59
TOS11000100,2026-10-04T17:30,62
TOS11000100,2026-10-04T17:45,69
TOS11000100,2026-10-04T18:00,73
TOS11000100,2026-10-04T18:15,75
TOS11000100,2026-10-04T18:30,78
TOS11000100,2026-10-04T18:45,82
TOS11000100,2026-10-04T19:00,83
TOS11000100,2026-10-04T19:15,84
TOS11000100,2026-10-04T19:30,87
TOS11000100,2026-10-04T19:45,89
TOS11000100,2026-10-04T20:00,91
TOS11000100,2026-10-04T20:15,91
TOS11000100,2026-10-04T20:30,90
TOS11000100,2026-10-04T20:45,90
TOS11000100,2026-10-04T21:00,91
TOS11000100,2026-10-04T21:15,92
TOS11000100,2026-10-04T21:30,93
TOS11000100,2026-10-04T21:45,93
TOS11000100,2026-10-04T22:00,94
TOS11000100,2026-10-04T22:15,94
TOS11000100,2026-10-04T22:30,94
TOS11000100,2026-10-04T22:45,94
TOS11000100,2026-10-04T23:00,94
TOS11000100,2026-10-04T23:15,95
TOS11000100,2026-10-04T23:30,95
TOS11000100,2026-10-04T23:45,95
TOS11000102,2026-10-04T00:00,43
TOS11000102,2026-10-04T00:15,44
TOS11000102,2026-10-04T00:30,44
TOS11000102,2026-10-04T00:45,44
TOS11000102,2026-10-04T01:00,45
TOS11000102,2026-10-04T01:15,47
TOS11000102,2026-10-04T01:30,48
TOS11000102,2026-10-04T01:45,48
TOS11000102,2026-10-04T02:00,48
TOS11000102,2026-10-04T02:15,48
TOS11000102,2026-10-04T02:30,48
TOS11000102,2026-10-04T02:45,48
TOS11000102,2026-10-04T03:00,47
TOS11000102,2026-10-04T03:15,48
TOS11000102,2026-10-04T03:30,48
TOS11000102,2026-10-04T03:45,49
TOS11000102,2026-10-04T04:00,49
TOS11000102,2026-10-04T04:15,50
TOS11000102,2026-10-04T04:30,52
TOS11000102,2026-10-04T04:45,53
TOS11000102,2026-10-04T05:00,51
TOS11000102,2026-10-04T05:15,49
TOS11000102,2026-10-04T05:30,49
TOS11000102,2026-10-04T05:45,50
TOS11000102,2026-10-04T06:00,51
TOS11000102,2026-10-04T06:15,52
TOS11000102,2026-10-04T06:30,51
TOS11000102,2026-10-04T06:45,52
TOS11000102,2026-10-04T07:00,53
TOS11000102,2026-10-04T07:15,55
TOS11000102,2026-10-04T07:30,58
TOS11000102,2026-10-04T07:45,57
TOS11000102,2026-10-04T08:00,58
TOS11000102,2026-10-04T08:15,56
TOS11000102,2026-10-04T08:30,58
TOS11000102,2026-10-04T08:45,53
TOS11000102,2026-10-04T09:00,52
TOS11000102,2026-10-04T09:15,50
TOS11000102,2026-10-04T09:30,50
TOS11000102,2026-10-04T09:45,51
TOS11000102,2026-10-04T10:00,48
TOS11000102,2026-10-04T10:15,46
TOS11000102,2026-10-04T10:30,45
TOS11000102,2026-10-04T10:45,43
TOS11000102,2026-10-04T11:00,45
TOS11000102,2026-10-04T11:15,45
TOS11000102,2026-10-04T11:30,48
TOS11000102,2026-10-04T11:45,49
TOS11000102,2026-10-04T12:00,46
TOS11000102,2026-10-04T12:15,43
TOS11000102,2026-10-04T12:30,43
TOS11000102,2026-10-04T12:45,43
TOS11000102,2026-10-04T13:00,43
TOS11000102,2026-10-04T13:15,44
TOS11000102,2026-10-04T13:30,45
TOS11000102,2026-10-04T13:45,45
TOS11000102,2026-10-04T14:00,46
TOS11000102,2026-10-04T14:15,51
TOS11000102,2026-10-04T14:30,55
TOS11000102,2026-10-04T14:45,56
TOS11000102,2026-10-04T15:00,56
TOS11000102,2026-10-04T15:15,54
TOS11000102,2026-10-04T15:30,54
TOS11000102,2026-10-04T15:45,56
TOS11000102,2026-10-04T16:00,58
TOS11000102,2026-10-04T16:15,61
TOS11000102,2026-10-04T16:30,62
TOS11000102,2026-10-04T16:45,64
TOS11000102,2026-10-04T17:00,66
TOS11000102,2026-10-04T17:15,68
TOS11000102,2026-10-04T17:30,70
TOS11000102,2026-10-04T17:45,72
TOS11000102,2026-10-04T18:00,75
TOS11000102,2026-10-04T18:15,77
TOS11000102,2026-10-04T18:30,78
TOS11000102,2026-10-04T18:45,76
TOS11000102,2026-10-04T19:00,76
TOS11000102,2026-10-04T19:15,77
TOS11000102,2026-10-04T19:30,76
TOS11000102,2026-10-04T19:45,72
TOS11000102,2026-10-04T20:00,71
TOS11000102,2026-10-04T20:15,67
TOS11000102,2026-10-04T20:30,66
TOS11000102,2026-10-04T20:45,61
TOS11000102,2026-10-04T21:00,61
TOS11000102,2026-10-04T21:15,64
TOS11000102,2026-10-04T21:30,61
TOS11000102,2026-10-04T21:45,56
TOS11000102,2026-10-04T22:00,56
TOS11000102,2026-10-04T22:15,55
TOS11000102,2026-10-04T22:30,56
TOS11000102,2026-10-04T22:45,54
TOS11000102,2026-10-04T23:00,55
TOS11000102,2026-10-04T23:15,53
TOS11000102,2026-10-04T23:30,52
TOS11000102,2026-10-04T23:45,52
TOS11000106,2026-10-04T00:00,63
TOS11000106,2026-10-04T00:15,64
TOS11000106,2026-10-04T00:30,67
TOS11000106,2026-10-04T00:45,68
TOS11000106,2026-10-04T01:00,68
TOS11000106,2026-10-04T01:15,67
TOS11000106,2026-10-04T01:30,68
TOS11000106,2026-10-04T01:45,70
TOS11000106,2026-10-04T02:00,74
TOS11000106,2026-10-04T02:15,79
TOS11000106,2026-10-04T02:30,77
TOS11000106,2026-10-04T02:45,73
TOS11000106,2026-10-04T03:00,74
TOS11000106,2026-10-04T03:15,68
TOS11000106,2026-10-04T03:30,67
TOS11000106,2026-10-04T03:45,68
TOS11000106,2026-10-04T04:00,69
TOS11000106,2026-10-04T04:15,70
TOS11000106,2026-10-04T04:30,71
TOS11000106,2026-10-04T04:45,73
TOS11000106,2026-10-04T05:00,73
TOS11000106,2026-10-04T05:15,74
TOS11000106,2026-10-04T05:30,75
TOS11000106,2026-10-04T05:45,75
TOS11000106,2026-10-04T06:00,76
TOS11000106,2026-10-04T06:15,76
TOS11000106,2026-10-04T06:30,76
TOS11000106,2026-10-04T06:45,76
TOS11000106,2026-10-04T07:00,74
TOS11000106,2026-10-04T07:15,73
TOS11000106,2026-10-04T07:30,72
TOS11000106,2026-10-04T07:45,73
TOS11000106,2026-10-04T08:00,72
TOS11000106,2026-10-04T08:15,70
TOS11000106,2026-10-04T08:30,71
TOS11000106,2026-10-04T08:45,71
TOS11000106,2026-10-04T09:00,71
TOS11000106,2026-10-04T09:15,70
TOS11000106,2026-10-04T09:30,70
TOS11000106,2026-10-04T09:45,72
TOS11000106,2026-10-04T10:00,72
TOS11000106,2026-10-04T10:15,71
TOS11000106,2026-10-04T10:30,70
TOS11000106,2026-10-04T10:45,70
TOS11000106,2026-10-04T11:00,69
TOS11000106,2026-10-04T11:15,68
TOS11000106,2026-10-04T11:30,67
TOS11000106,2026-10-04T11:45,67
TOS11000106,2026-10-04T12:00,66
TOS11000106,2026-10-04T12:15,66
TOS11000106,2026-10-04T12:30,65
TOS11000106,2026-10-04T12:45,66
TOS11000106,2026-10-04T13:00,69
TOS11000106,2026-10-04T13:15,73
TOS11000106,2026-10-04T13:30,75
TOS11000106,2026-10-04T13:45,76
TOS11000106,2026-10-04T14:00,76
TOS11000106,2026-10-04T14:15,76
TOS11000106,2026-10-04T14:30,76
TOS11000106,2026-10-04T14:45,76
TOS11000106,2026-10-04T15:00,76
TOS11000106,2026-10-04T15:15,76
TOS11000106,2026-10-04T15:30,76
TOS11000106,2026-10-04T15:45,73
TOS11000106,2026-10-04T16:00,74
TOS11000106,2026-10-04T16:15,76
TOS11000106,2026-10-04T16:30,75
TOS11000106,2026-10-04T16:45,75
TOS11000106,2026-10-04T17:00,73
TOS11000106,2026-10-04T17:15,70
TOS11000106,2026-10-04T17:30,73
TOS11000106,2026-10-04T17:45,75
TOS11000106,2026-10-04T18:00,79
TOS11000106,2026-10-04T18:15,85
TOS11000106,2026-10-04T18:30,88
TOS11000106,2026-10-04T18:45,89
TOS11000106,2026-10-04T19:00,91
TOS11000106,2026-10-04T19:15,91
TOS11000106,2026-10-04T19:30,90
TOS11000106,2026-10-04T19:45,89
TOS11000106,2026-10-04T20:00,89
TOS11000106,2026-10-04T20:15,88
TOS11000106,2026-10-04T20:30,87
TOS11000106,2026-10-04T20:45,89
TOS11000106,2026-10-04T21:00,90
TOS11000106,2026-10-04T21:15,90
TOS11000106,2026-10-04T21:30,88
TOS11000106,2026-10-04T21:45,87
TOS11000106,2026-10-04T22:00,86
TOS11000106,2026-10-04T22:15,86
TOS11000106,2026-10-04T22:30,83
TOS11000106,2026-10-04T22:45,76
TOS11000106,2026-10-04T23:00,73
TOS11000106,2026-10-04T23:15,76
TOS11000106,2026-10-04T23:30,80
TOS11000106,2026-10-04T23:45,81
TOS11000504,2026-10-04T00:00,57
TOS11000504,2026-10-04T00:15,56
TOS11000504,2026-10-04T00:30,55
TOS11000504,2026-10-04T00:45,55
TOS11000504,2026-10-04T01:00,57
TOS11000504,2026-10-04T01:15,60
TOS11000504,2026-10-04T01:30,63
TOS11000504,2026-10-04T01:45,65
TOS11000504,2026-10-04T02:00,70
TOS11000504,2026-10-04T02:15,74
TOS11000504,2026-10-04T02:30,77
TOS11000504,2026-10-04T02:45,78
TOS11000504,2026-10-04T03:00,78
TOS11000504,2026-10-04T03:15,78
TOS11000504,2026-10-04T03:30,77
TOS11000504,2026-10-04T03:45,80
TOS11000504,2026-10-04T04:00,80
TOS11000504,2026-10-04T04:15,80
TOS11000504,2026-10-04T04:30,80
TOS11000504,2026-10-04T04:45,81
TOS11000504,2026-10-04T05:00,81
TOS11000504,2026-10-04T05:15,81
TOS11000504,2026-10-04T05:30,82
TOS11000504,2026-10-04T05:45,82
TOS11000504,2026-10-04T06:00,83
TOS11000504,2026-10-04T06:15,83
TOS11000504,2026-10-04T06:30,83
TOS11000504,2026-10-04T06:45,84
TOS11000504,2026-10-04T07:00,83
TOS11000504,2026-10-04T07:15,82
TOS11000504,2026-10-04T07:30,83
TOS11000504,2026-10-04T07:45,82
TOS11000504,2026-10-04T08:00,80
TOS11000504,2026-10-04T08:15,81
TOS11000504,2026-10-04T08:30,80
TOS11000504,2026-10-04T08:45,75
TOS11000504,2026-10-04T09:00,68
TOS11000504,2026-10-04T09:15,65
TOS11000504,2026-10-04T09:30,63
TOS11000504,2026-10-04T09:45,61
TOS11000504,2026-10-04T10:00,58
TOS11000504,2026-10-04T10:15,55
TOS11000504,2026-10-04T10:30,54
TOS11000504,2026-10-04T10:45,54
TOS11000504,2026-10-04T11:00,53
TOS11000504,2026-10-04T11:15,52
TOS11000504,2026-10-04T11:30,51
TOS11000504,2026-10-04T11:45,51
TOS11000504,2026-10-04T12:00,50
TOS11000504,2026-10-04T12:15,50
TOS11000504,2026-10-04T12:30,49
TOS11000504,2026-10-04T12:45,49
TOS11000504,2026-10-04T13:00,48
TOS11000504,2026-10-04T13:15,48
TOS11000504,2026-10-04T13:30,48
TOS11000504,2026-10-04T13:45,49
TOS11000504,2026-10-04T14:00,48
TOS11000504,2026-10-04T14:15,48
TOS11000504,2026-10-04T14:30,47
TOS11000504,2026-10-04T14:45,45
TOS11000504,2026-10-04T15:00,44
TOS11000504,2026-10-04T15:15,43
TOS11000504,2026-10-04T15:30,39
TOS11000504,2026-10-04T15:45,40
TOS11000504,2026-10-04T16:00,43
TOS11000504,2026-10-04T16:15,46
TOS11000504,2026-10-04T16:30,48
TOS11000504,2026-10-04T16:45,52
TOS11000504,2026-10-04T17:00,56
TOS11000504,2026-10-04T17:15,60
TOS11000504,2026-10-04T17:30,62
TOS11000504,2026-10-04T17:45,63
TOS11000504,2026-10-04T18:00,65
TOS11000504,2026-10-04T18:15,67
TOS11000504,2026-10-04T18:30,68
TOS11000504,2026-10-04T18:45,70
TOS11000504,2026-10-04T19:00,71
TOS11000504,2026-10-04T19:15,72
TOS11000504,2026-10-04T19:30,74
TOS11000504,2026-10-04T19:45,76
TOS11000504,2026-10-04T20:00,76
TOS11000504,2026-10-04T20:15,76
TOS11000504,2026-10-04T20:30,76
TOS11000504,2026-10-04T20:45,77
TOS11000504,2026-10-04T21:00,78
TOS11000504,2026-10-04T21:15,79
TOS11000504,2026-10-04T21:30,79
TOS11000504,2026-10-04T21:45,79
TOS11000504,2026-10-04T22:00,79
TOS11000504,2026-10-04T22:15,79
TOS11000504,2026-10-04T22:30,80
TOS11000504,2026-10-04T22:45,80
TOS11000504,2026-10-04T23:00,81
TOS11000504,2026-10-04T23:15,82
TOS11000504,2026-10-04T23:30,82
TOS11000504,2026-10-04T23:45,84
TOS11000505,2026-10-04T00:00,62
TOS11000505,2026-10-04T00:15,63
TOS11000505,2026-10-04T00:30,64
TOS11000505,2026-10-04T00:45,64
TOS11000505,2026-10-04T01:00,64
TOS11000505,2026-10-04T01:15,63
TOS11000505,2026-10-04T01:30,65
TOS11000505,2026-10-04T01:45,66
TOS11000505,2026-10-04T02:00,66
TOS11000505,2026-10-04T02:15,65
TOS11000505,2026-10-04T02:30,67
TOS11000505,2026-10-04T02:45,68
TOS11000505,2026-10-04T03:00,68
TOS11000505,2026-10-04T03:15,69
TOS11000505,2026-10-04T03:30,69
TOS11000505,2026-10-04T03:45,69
TOS11000505,2026-10-04T04:00,69
TOS11000505,2026-10-04T04:15,69
TOS11000505,2026-10-04T04:30,70
TOS11000505,2026-10-04T04:45,71
TOS11000505,2026-10-04T05:00,72
TOS11000505,2026-10-04T05:15,70
TOS11000505,2026-10-04T05:30,70
TOS11000505,2026-10-04T05:45,68
TOS11000505,2026-10-04T06:00,66
TOS11000505,2026-10-04T06:15,68
TOS11000505,2026-10-04T06:30,68
TOS11000505,2026-10-04T06:45,70
TOS11000505,2026-10-04T07:00,71
TOS11000505,2026-10-04T07:15,71
TOS11000505,2026-10-04T07:30,71
TOS11000505,2026-10-04T07:45,70
TOS11000505,2026-10-04T08:00,72
TOS11000505,2026-10-04T08:15,71
TOS11000505,2026-10-04T08:30,70
TOS11000505,2026-10-04T08:45,67
TOS11000505,2026-10-04T09:00,61
TOS11000505,2026-10-04T09:15,57
TOS11000505,2026-10-04T09:30,54
TOS11000505,2026-10-04T09:45,53
TOS11000505,2026-10-04T10:00,51
TOS11000505,2026-10-04T10:15,50
TOS11000505,2026-10-04T10:30,50
TOS11000505,2026-10-04T10:45,50
TOS11000505,2026-10-04T11:00,48
TOS11000505,2026-10-04T11:15,48
TOS11000505,2026-10-04T11:30,47
TOS11000505,2026-10-04T11:45,46
TOS11000505,2026-10-04T12:00,46
TOS11000505,2026-10-04T12:15,47
TOS11000505,2026-10-04T12:30,47
TOS11000505,2026-10-04T12:45,46
TOS11000505,2026-10-04T13:00,46
TOS11000505,2026-10-04T13:15,45
TOS11000505,2026-10-04T13:30,45
TOS11000505,2026-10-04T13:45,46
TOS11000505,2026-10-04T14:00,45
TOS11000505,2026-10-04T14:15,45
TOS11000505,2026-10-04T14:30,43
TOS11000505,2026-10-04T14:45,39
TOS11000505,2026-10-04T15:00,40
TOS11000505,2026-10-04T15:15,40
TOS11000505,2026-10-04T15:30,42
TOS11000505,2026-10-04T15:45,42
TOS11000505,2026-10-04T16:00,40
TOS11000505,2026-10-04T16:15,39
TOS11000505,2026-10-04T16:30,36
TOS11000505,2026-10-04T16:45,38
TOS11000505,2026-10-04T17:00,43
TOS11000505,2026-10-04T17:15,53
TOS11000505,2026-10-04T17:30,59
TOS11000505,2026-10-04T17:45,62
TOS11000505,2026-10-04T18:00,64
TOS11000505,2026-10-04T18:15,65
TOS11000505,2026-10-04T18:30,67
TOS11000505,2026-10-04T18:45,68
TOS11000505,2026-10-04T19:00,68
TOS11000505,2026-10-04T19:15,68
TOS11000505,2026-10-04T19:30,68
TOS11000505,2026-10-04T19:45,68
TOS11000505,2026-10-04T20:00,70
TOS11000505,2026-10-04T20:15,71
TOS11000505,2026-10-04T20:30,72
TOS11000505,2026-10-04T20:45,72
TOS11000505,2026-10-04T21:00,73
TOS11000505,2026-10-04T21:15,74
TOS11000505,2026-10-04T21:30,73
TOS11000505,2026-10-04T21:45,74
TOS11000505,2026-10-04T22:00,74
TOS11000505,2026-10-04T22:15,73
TOS11000505,2026-10-04T22:30,73
TOS11000505,2026-10-04T22:45,73
TOS11000505,2026-10-04T23:00,74
TOS11000505,2026-10-04T23:15,76
TOS11000505,2026-10-04T23:30,77
TOS11000505,2026-10-04T23:45,79
TOS11000507,2026-10-04T00:00,56
TOS11000507,2026-10-04T00:15,54
TOS11000507,2026-10-04T00:30,55
TOS11000507,2026-10-04T00:45,56
TOS11000507,2026-10-04T01:00,59
TOS11000507,2026-10-04T01:15,60
TOS11000507,2026-10-04T01:30,60
TOS11000507,2026-10-04T01:45,62
TOS11000507,2026-10-04T02:00,62
TOS11000507,2026-10-04T02:15,61
TOS11000507,2026-10-04T02:30,62
TOS11000507,2026-10-04T02:45,60
TOS11000507,2026-10-04T03:00,60
TOS11000507,2026-10-04T03:15,60
TOS11000507,2026-10-04T03:30,62
TOS11000507,2026-10-04T03:45,65
TOS11000507,2026-10-04T04:00,66
TOS11000507,2026-10-04T04:15,67
TOS11000507,2026-10-04T04:30,67
TOS11000507,2026-10-04T04:45,68
TOS11000507,2026-10-04T05:00,70
TOS11000507,2026-10-04T05:15,70
TOS11000507,2026-10-04T05:30,71
TOS11000507,2026-10-04T05:45,72
TOS11000507,2026-10-04T06:00,72
TOS11000507,2026-10-04T06:15,72
TOS11000507,2026-10-04T06:30,72
TOS11000507,2026-10-04T06:45,74
TOS11000507,2026-10-04T07:00,76
TOS11000507,2026-10-04T07:15,75
TOS11000507,2026-10-04T07:30,73
TOS11000507,2026-10-04T07:45,72
TOS11000507,2026-10-04T08:00,70
TOS11000507,2026-10-04T08:15,69
TOS11000507,2026-10-04T08:30,68
TOS11000507,2026-10-04T08:45,66
TOS11000507,2026-10-04T09:00,64
TOS11000507,2026-10-04T09:15,62
TOS11000507,2026-10-04T09:30,61
TOS11000507,2026-10-04T09:45,60
TOS11000507,2026-10-04T10:00,58
TOS11000507,2026-10-04T10:15,57
TOS11000507,2026-10-04T10:30,56
TOS11000507,2026-10-04T10:45,55
TOS11000507,2026-10-04T11:00,53
TOS11000507,2026-10-04T11:15,52
TOS11000507,2026-10-04T11:30,51
TOS11000507,2026-10-04T11:45,51
TOS11000507,2026-10-04T12:00,50
TOS11000507,2026-10-04T12:15,49
TOS11000507,2026-10-04T12:30,48
TOS11000507,2026-10-04T12:45,47
TOS11000507,2026-10-04T13:00,45
TOS11000507,2026-10-04T13:15,44
TOS11000507,2026-10-04T13:30,46
TOS11000507,2026-10-04T13:45,46
TOS11000507,2026-10-04T14:00,47
TOS11000507,2026-10-04T14:15,49
TOS11000507,2026-10-04T14:30,49
TOS11000507,2026-10-04T14:45,44
TOS11000507,2026-10-04T15:00,43
TOS11000507,2026-10-04T15:15,45
TOS11000507,2026-10-04T15:30,50
TOS11000507,2026-10-04T15:45,53
TOS11000507,2026-10-04T16:00,56
TOS11000507,2026-10-04T16:15,57
TOS11000507,2026-10-04T16:30,61
TOS11000507,2026-10-04T16:45,61
TOS11000507,2026-10-04T17:00,60
TOS11000507,2026-10-04T17:15,60
TOS11000507,2026-10-04T17:30,61
TOS11000507,2026-10-04T17:45,64
TOS11000507,2026-10-04T18:00,66
TOS11000507,2026-10-04T18:15,68
TOS11000507,2026-10-04T18:30,70
TOS11000507,2026-10-04T18:45,72
TOS11000507,2026-10-04T19:00,72
TOS11000507,2026-10-04T19:15,72
TOS11000507,2026-10-04T19:30,73
TOS11000507,2026-10-04T19:45,74
TOS11000507,2026-10-04T20:00,74
TOS11000507,2026-10-04T20:15,74
TOS11000507,2026-10-04T20:30,74
TOS11000507,2026-10-04T20:45,74
TOS11000507,2026-10-04T21:00,75
TOS11000507,2026-10-04T21:15,76
TOS11000507,2026-10-04T21:30,78
TOS11000507,2026-10-04T21:45,77
TOS11000507,2026-10-04T22:00,77
TOS11000507,2026-10-04T22:15,78
TOS11000507,2026-10-04T22:30,80
TOS11000507,2026-10-04T22:45,80
TOS11000507,2026-10-04T23:00,79
TOS11000507,2026-10-04T23:15,80
TOS11000507,2026-10-04T23:30,79
TOS11000507,2026-10-04T23:45,80
TOS11000512,2026-10-04T00:00,54
TOS11000512,2026-10-04T00:15,55
TOS11000512,2026-10-04T00:30,56
TOS11000512,2026-10-04T00:45,56
TOS11000512,2026-10-04T01:00,56
TOS11000512,2026-10-04T01:15,56
TOS11000512,2026-10-04T01:30,56
TOS11000512,2026-10-04T01:45,56
TOS11000512,2026-10-04T02:00,56
TOS11000512,2026-10-04T02:15,56
TOS11000512,2026-10-04T02:30,56
TOS11000512,2026-10-04T02:45,57
TOS11000512,2026-10-04T03:00,57
TOS11000512,2026-10-04T03:15,58
TOS11000512,2026-10-04T03:30,58
TOS11000512,2026-10-04T03:45,60
TOS11000512,2026-10-04T04:00,61
TOS11000512,2026-10-04T04:15,61
TOS11000512,2026-10-04T04:30,61
TOS11000512,2026-10-04T04:45,62
TOS11000512,2026-10-04T05:00,63
TOS11000512,2026-10-04T05:15,63
TOS11000512,2026-10-04T05:30,63
TOS11000512,2026-10-04T05:45,62
TOS11000512,2026-10-04T06:00,63
TOS11000512,2026-10-04T06:15,62
TOS11000512,2026-10-04T06:30,62
TOS11000512,2026-10-04T06:45,62
TOS11000512,2026-10-04T07:00,63
TOS11000512,2026-10-04T07:15,62
TOS11000512,2026-10-04T07:30,63
TOS11000512,2026-10-04T07:45,64
TOS11000512,2026-10-04T08:00,64
TOS11000512,2026-10-04T08:15,64
TOS11000512,2026-10-04T08:30,63
TOS11000512,2026-10-04T08:45,62
TOS11000512,2026-10-04T09:00,61
TOS11000512,2026-10-04T09:15,60
TOS11000512,2026-10-04T09:30,59
TOS11000512,2026-10-04T09:45,58
TOS11000512,2026-10-04T10:00,56
TOS11000512,2026-10-04T10:15,54
TOS11000512,2026-10-04T10:30,52
TOS11000512,2026-10-04T10:45,48
TOS11000512,2026-10-04T11:00,46
TOS11000512,2026-10-04T11:15,44
TOS11000512,2026-10-04T11:30,41
TOS11000512,2026-10-04T11:45,40
TOS11000512,2026-10-04T12:00,38
TOS11000512,2026-10-04T12:15,37
TOS11000512,2026-10-04T12:30,38
TOS11000512,2026-10-04T12:45,37
TOS11000512,2026-10-04T13:00,37
TOS11000512,2026-10-04T13:15,40
TOS11000512,2026-10-04T13:30,41
TOS11000512,2026-10-04T13:45,39
TOS11000512,2026-10-04T14:00,38
TOS11000512,2026-10-04T14:15,39
TOS11000512,2026-10-04T14:30,38
TOS11000512,2026-10-04T14:45,39
TOS11000512,2026-10-04T15:00,43
TOS11000512,2026-10-04T15:15,43
TOS11000512,2026-10-04T15:30,45
TOS11000512,2026-10-04T15:45,46
TOS11000512,2026-10-04T16:00,48
TOS11000512,2026-10-04T16:15,49
TOS11000512,2026-10-04T16:30,51
TOS11000512,2026-10-04T16:45,54
TOS11000512,2026-10-04T17:00,55
TOS11000512,2026-10-04T17:15,58
TOS11000512,2026-10-04T17:30,61
TOS11000512,2026-10-04T17:45,63
TOS11000512,2026-10-04T18:00,64
TOS11000512,2026-10-04T18:15,63
TOS11000512,2026-10-04T18:30,60
TOS11000512,2026-10-04T18:45,55
TOS11000512,2026-10-04T19:00,49
TOS11000512,2026-10-04T19:15,46
TOS11000512,2026-10-04T19:30,44
TOS11000512,2026-10-04T19:45,44
TOS11000512,2026-10-04T20:00,44
TOS11000512,2026-10-04T20:15,43
TOS11000512,2026-10-04T20:30,43
TOS11000512,2026-10-04T20:45,44
TOS11000512,2026-10-04T21:00,45
TOS11000512,2026-10-04T21:15,46
TOS11000512,2026-10-04T21:30,46
TOS11000512,2026-10-04T21:45,46
TOS11000512,2026-10-04T22:00,47
TOS11000512,2026-10-04T22:15,49
TOS11000512,2026-10-04T22:30,51
TOS11000512,2026-10-04T22:45,53
TOS11000512,2026-10-04T23:00,52
TOS11000512,2026-10-04T23:15,56
TOS11000512,2026-10-04T23:30,58
TOS11000512,2026-10-04T23:45,55
