stazione,ora,mm
TOS01000056,2026-10-08T00:15,0.2
TOS01000056,2026-10-08T00:30,4.1
TOS01000056,2026-10-08T00:45,5.3
TOS01000056,2026-10-08T01:00,5.3
TOS01000056,2026-10-08T01:15,5.5
TOS01000056,2026-10-08T01:30,6.7
TOS01000056,2026-10-08T01:45,6.7
TOS01000056,2026-10-08T02:00,6.7
TOS01000056,2026-10-08T02:15,7.1
TOS01000056,2026-10-08T02:30,7.3
TOS01000056,2026-10-08T02:45,7.7
TOS01000056,2026-10-08T03:00,7.7
TOS01000056,2026-10-08T03:15,7.7
TOS01000056,2026-10-08T03:30,7.7
TOS01000056,2026-10-08T03:45,8.5
TOS01000056,2026-10-08T04:00,8.9
TOS01000056,2026-10-08T04:15,9.3
TOS01000056,2026-10-08T04:30,19.6
TOS01000056,2026-10-08T04:45,21.6
TOS01000056,2026-10-08T05:00,22.8
TOS01000056,2026-10-08T05:15,22.8
TOS01000056,2026-10-08T05:30,22.8
TOS01000056,2026-10-08T05:45,22.8
TOS01000056,2026-10-08T06:00,22.8
TOS01000056,2026-10-08T06:15,23.0
TOS01000056,2026-10-08T06:30,23.4
TOS01000056,2026-10-08T06:45,23.4
TOS01000056,2026-10-08T07:00,23.4
TOS01000056,2026-10-08T07:15,23.4
TOS01000056,2026-10-08T07:30,23.4
TOS01000056,2026-10-08T07:45,23.4
TOS01000056,2026-10-08T08:00,23.4
TOS01000056,2026-10-08T08:15,23.4
TOS01000056,2026-10-08T08:30,23.4
TOS01000056,2026-10-08T08:45,23.4
TOS01000056,2026-10-08T09:00,23.4
TOS01000056,2026-10-08T09:15,23.8
TOS01000056,2026-10-08T09:30,24.6
TOS01000056,2026-10-08T09:45,25.0
TOS01000056,2026-10-08T10:00,25.0
TOS01000056,2026-10-08T10:15,25.2
TOS01000056,2026-10-08T10:30,25.2
TOS01000056,2026-10-08T10:45,25.2
TOS01000056,2026-10-08T11:00,25.2
TOS01000056,2026-10-08T11:15,25.2
TOS01000056,2026-10-08T11:30,25.2
TOS01000056,2026-10-08T11:45,25.2
TOS01000056,2026-10-08T12:00,25.2
TOS01000056,2026-10-08T12:15,25.2
TOS01000056,2026-10-08T12:30,25.2
TOS01000056,2026-10-08T12:45,25.2
TOS01000056,2026-10-08T13:00,27.6
TOS01000056,2026-10-08T13:15,27.8
TOS01000056,2026-10-08T13:30,28.2
TOS01000056,2026-10-08T13:45,28.4
TOS01000056,2026-10-08T14:00,28.4
TOS01000056,2026-10-08T14:15,28.4
TOS01000056,2026-10-08T14:30,28.4
TOS01000056,2026-10-08T14:45,28.4
TOS01000056,2026-10-08T15:00,28.4
TOS01000056,2026-10-08T15:15,28.4
TOS01000056,2026-10-08T15:30,28.4
TOS01000056,2026-10-08T15:45,28.4
TOS01000056,2026-10-08T16:00,29.6
TOS01000056,2026-10-08T16:15,29.6
TOS01000056,2026-10-08T16:30,29.6
TOS01000056,2026-10-08T16:45,38.5
TOS01000056,2026-10-08T17:00,42.8
TOS01000056,2026-10-08T17:15,42.8
TOS01000056,2026-10-08T17:30,42.8
TOS01000056,2026-10-08T17:45,42.8
TOS01000056,2026-10-08T18:00,42.8
TOS01000056,2026-10-08T18:15,42.8
TOS01000056,2026-10-08T18:30,42.8
TOS01000056,2026-10-08T18:45,42.8
TOS01000056,2026-10-08T19:00,42.8
TOS01000056,2026-10-08T19:15,42.8
TOS01000056,2026-10-08T19:30,42.8
TOS01000056,2026-10-08T19:45,42.8
TOS01000056,2026-10-08T20:00,42.8
TOS01000056,2026-10-08T20:15,42.8
TOS01000056,2026-10-08T20:30,42.8
TOS01000056,2026-10-08T20:45,42.8
TOS01000056,2026-10-08T21:00,42.8
TOS01000056,2026-10-08T21:15,42.8
TOS01000056,2026-10-08T21:30,42.8
TOS01000056,2026-10-08T21:45,42.8
TOS01000056,2026-10-08T22:00,42.8
TOS01000056,2026-10-08T22:15,42.8
TOS01000056,2026-10-08T22:30,43.2
TOS01000056,2026-10-08T22:45,43.2
TOS01000056,2026-10-08T23:00,43.6
TOS01000056,2026-10-08T23:15,43.6
TOS01000056,2026-10-08T23:30,43.6
TOS01000056,2026-10-08T23:45,44.0
TOS01001161,2026-10-08T00:30,0.2
TOS01001161,2026-10-08T00:45,0.2
TOS01001161,2026-10-08T01:00,0.4
TOS01001161,2026-10-08T01:15,0.6
TOS01001161,2026-10-08T01:30,2.2
TOS01001161,2026-10-08T01:45,2.8
TOS01001161,2026-10-08T02:00,3.0
TOS01001161,2026-10-08T02:15,3.6
TOS01001161,2026-10-08T02:30,4.6
TOS01001161,2026-10-08T02:45,5.0
TOS01001161,2026-10-08T03:00,5.0
TOS01001161,2026-10-08T03:15,5.2
TOS01001161,2026-10-08T03:30,5.2
TOS01001161,2026-10-08T03:45,5.6
TOS01001161,2026-10-08T04:00,5.8
TOS01001161,2026-10-08T04:15,5.8
TOS01001161,2026-10-08T04:30,6.0
TOS01001161,2026-10-08T04:45,7.2
TOS01001161,2026-10-08T05:00,7.6
TOS01001161,2026-10-08T05:15,8.2
TOS01001161,2026-10-08T05:30,10.8
TOS01001161,2026-10-08T05:45,12.6
TOS01001161,2026-10-08T06:00,13.2
TOS01001161,2026-10-08T06:15,13.4
TOS01001161,2026-10-08T06:30,13.4
TOS01001161,2026-10-08T06:45,13.4
TOS01001161,2026-10-08T07:00,13.4
TOS01001161,2026-10-08T07:15,13.4
TOS01001161,2026-10-08T07:30,13.4
TOS01001161,2026-10-08T07:45,13.4
TOS01001161,2026-10-08T08:00,13.4
TOS01001161,2026-10-08T08:15,13.4
TOS01001161,2026-10-08T08:30,13.4
TOS01001161,2026-10-08T08:45,13.4
TOS01001161,2026-10-08T09:00,13.6
TOS01001161,2026-10-08T09:15,14.6
TOS01001161,2026-10-08T09:30,14.6
TOS01001161,2026-10-08T09:45,14.6
TOS01001161,2026-10-08T10:00,14.6
TOS01001161,2026-10-08T10:15,14.6
TOS01001161,2026-10-08T10:30,14.6
TOS01001161,2026-10-08T10:45,14.6
TOS01001161,2026-10-08T11:00,14.6
TOS01001161,2026-10-08T11:15,14.8
TOS01001161,2026-10-08T11:30,15.2
TOS01001161,2026-10-08T11:45,15.2
TOS01001161,2026-10-08T12:00,15.6
TOS01001161,2026-10-08T12:15,15.6
TOS01001161,2026-10-08T12:30,15.6
TOS01001161,2026-10-08T12:45,15.6
TOS01001161,2026-10-08T13:00,15.6
TOS01001161,2026-10-08T13:15,15.6
TOS01001161,2026-10-08T13:30,16.0
TOS01001161,2026-10-08T13:45,16.2
TOS01001161,2026-10-08T14:00,16.2
TOS01001161,2026-10-08T14:15,16.2
TOS01001161,2026-10-08T14:30,16.2
TOS01001161,2026-10-08T14:45,16.2
TOS01001161,2026-10-08T15:00,16.2
TOS01001161,2026-10-08T15:15,16.2
TOS01001161,2026-10-08T15:30,16.2
TOS01001161,2026-10-08T15:45,16.2
TOS01001161,2026-10-08T16:00,16.2
TOS01001161,2026-10-08T16:15,16.2
TOS01001161,2026-10-08T16:30,16.2
TOS01001161,2026-10-08T16:45,16.2
TOS01001161,2026-10-08T17:00,16.2
TOS01001161,2026-10-08T17:15,16.2
TOS01001161,2026-10-08T17:30,16.6
TOS01001161,2026-10-08T17:45,16.6
TOS01001161,2026-10-08T18:00,16.6
TOS01001161,2026-10-08T18:15,17.2
TOS01001161,2026-10-08T18:30,17.2
TOS01001161,2026-10-08T18:45,17.2
TOS01001161,2026-10-08T19:00,17.2
TOS01001161,2026-10-08T19:15,17.2
TOS01001161,2026-10-08T19:30,17.2
TOS01001161,2026-10-08T19:45,17.2
TOS01001161,2026-10-08T20:00,17.2
TOS01001161,2026-10-08T20:15,17.2
TOS01001161,2026-10-08T20:30,17.2
TOS01001161,2026-10-08T20:45,17.2
TOS01001161,2026-10-08T21:00,17.2
TOS01001161,2026-10-08T21:15,17.2
TOS01001161,2026-10-08T21:30,17.2
TOS01001161,2026-10-08T21:45,17.2
TOS01001161,2026-10-08T22:00,17.2
TOS01001161,2026-10-08T22:15,17.2
TOS01001161,2026-10-08T22:30,17.2
TOS01001161,2026-10-08T22:45,17.2
TOS01001161,2026-10-08T23:00,24.0
TOS01001161,2026-10-08T23:15,26.2
TOS01001161,2026-10-08T23:30,26.4
TOS01001161,2026-10-08T23:45,26.6
TOS01001205,2026-10-08T00:45,0.2
TOS01001205,2026-10-08T00:50,0.2
TOS01001205,2026-10-08T00:55,0.2
TOS01001205,2026-10-08T01:00,0.2
TOS01001205,2026-10-08T01:05,0.2
TOS01001205,2026-10-08T01:10,0.2
TOS01001205,2026-10-08T01:15,0.2
TOS01001205,2026-10-08T01:20,0.2
TOS01001205,2026-10-08T01:25,0.2
TOS01001205,2026-10-08T01:30,0.2
TOS01001205,2026-10-08T01:35,0.2
TOS01001205,2026-10-08T01:40,0.2
TOS01001205,2026-10-08T01:45,0.2
TOS01001205,2026-10-08T01:50,0.2
TOS01001205,2026-10-08T01:55,0.2
TOS01001205,2026-10-08T02:00,0.2
TOS01001205,2026-10-08T02:05,0.2
TOS01001205,2026-10-08T02:10,0.2
TOS01001205,2026-10-08T02:15,0.2
TOS01001205,2026-10-08T02:20,0.2
TOS01001205,2026-10-08T02:25,0.2
TOS01001205,2026-10-08T02:30,0.2
TOS01001205,2026-10-08T02:35,0.2
TOS01001205,2026-10-08T02:40,0.2
TOS01001205,2026-10-08T02:45,0.2
TOS01001205,2026-10-08T02:50,0.2
TOS01001205,2026-10-08T02:55,0.2
TOS01001205,2026-10-08T03:00,0.2
TOS01001205,2026-10-08T03:05,0.2
TOS01001205,2026-10-08T03:10,0.2
TOS01001205,2026-10-08T03:15,0.2
TOS01001205,2026-10-08T03:20,0.2
TOS01001205,2026-10-08T03:25,0.2
TOS01001205,2026-10-08T03:30,0.2
TOS01001205,2026-10-08T03:35,0.2
TOS01001205,2026-10-08T03:40,0.2
TOS01001205,2026-10-08T03:45,0.2
TOS01001205,2026-10-08T03:50,0.2
TOS01001205,2026-10-08T03:55,0.2
TOS01001205,2026-10-08T04:00,0.2
TOS01001205,2026-10-08T04:05,0.2
TOS01001205,2026-10-08T04:10,0.2
TOS01001205,2026-10-08T04:15,0.2
TOS01001205,2026-10-08T04:20,0.2
TOS01001205,2026-10-08T04:25,0.2
TOS01001205,2026-10-08T04:30,0.2
TOS01001205,2026-10-08T04:35,0.2
TOS01001205,2026-10-08T04:40,0.2
TOS01001205,2026-10-08T04:45,0.2
TOS01001205,2026-10-08T04:50,0.2
TOS01001205,2026-10-08T04:55,0.2
TOS01001205,2026-10-08T05:00,0.2
TOS01001205,2026-10-08T05:05,0.2
TOS01001205,2026-10-08T05:10,0.2
TOS01001205,2026-10-08T05:15,0.2
TOS01001205,2026-10-08T05:20,0.2
TOS01001205,2026-10-08T05:25,0.2
TOS01001205,2026-10-08T05:30,0.2
TOS01001205,2026-10-08T05:35,0.2
TOS01001205,2026-10-08T05:40,0.2
TOS01001205,2026-10-08T05:45,0.4
TOS01001205,2026-10-08T05:50,0.4
TOS01001205,2026-10-08T05:55,0.4
TOS01001205,2026-10-08T06:00,0.6
TOS01001205,2026-10-08T06:05,0.8
TOS01001205,2026-10-08T06:10,0.8
TOS01001205,2026-10-08T06:15,0.8
TOS01001205,2026-10-08T06:20,0.8
TOS01001205,2026-10-08T06:25,0.8
TOS01001205,2026-10-08T06:30,0.8
TOS01001205,2026-10-08T06:35,0.8
TOS01001205,2026-10-08T06:40,0.8
TOS01001205,2026-10-08T06:45,0.8
TOS01001205,2026-10-08T06:50,0.8
TOS01001205,2026-10-08T06:55,0.8
TOS01001205,2026-10-08T07:00,0.8
TOS01001205,2026-10-08T07:05,0.8
TOS01001205,2026-10-08T07:10,0.8
TOS01001205,2026-10-08T07:15,0.8
TOS01001205,2026-10-08T07:20,0.8
TOS01001205,2026-10-08T07:25,0.8
TOS01001205,2026-10-08T07:30,0.8
TOS01001205,2026-10-08T07:35,0.8
TOS01001205,2026-10-08T07:40,0.8
TOS01001205,2026-10-08T07:45,0.8
TOS01001205,2026-10-08T07:50,0.8
TOS01001205,2026-10-08T07:55,0.8
TOS01001205,2026-10-08T08:00,0.8
TOS01001205,2026-10-08T08:05,0.8
TOS01001205,2026-10-08T08:10,0.8
TOS01001205,2026-10-08T08:15,0.8
TOS01001205,2026-10-08T08:20,0.8
TOS01001205,2026-10-08T08:25,0.8
TOS01001205,2026-10-08T08:30,0.8
TOS01001205,2026-10-08T08:35,0.8
TOS01001205,2026-10-08T08:40,0.8
TOS01001205,2026-10-08T08:45,0.8
TOS01001205,2026-10-08T08:50,0.8
TOS01001205,2026-10-08T08:55,0.8
TOS01001205,2026-10-08T09:00,0.8
TOS01001205,2026-10-08T09:05,0.8
TOS01001205,2026-10-08T09:10,0.8
TOS01001205,2026-10-08T09:15,0.8
TOS01001205,2026-10-08T09:20,0.8
TOS01001205,2026-10-08T09:25,0.8
TOS01001205,2026-10-08T09:30,0.8
TOS01001205,2026-10-08T09:35,0.8
TOS01001205,2026-10-08T09:40,0.8
TOS01001205,2026-10-08T09:45,0.8
TOS01001205,2026-10-08T09:50,0.8
TOS01001205,2026-10-08T09:55,0.8
TOS01001205,2026-10-08T10:00,0.8
TOS01001205,2026-10-08T10:05,0.8
TOS01001205,2026-10-08T10:10,0.8
TOS01001205,2026-10-08T10:15,0.8
TOS01001205,2026-10-08T10:20,0.8
TOS01001205,2026-10-08T10:25,0.8
TOS01001205,2026-10-08T10:30,0.8
TOS01001205,2026-10-08T10:35,0.8
TOS01001205,2026-10-08T10:40,0.8
TOS01001205,2026-10-08T10:45,0.8
TOS01001205,2026-10-08T10:50,0.8
TOS01001205,2026-10-08T10:55,0.8
TOS01001205,2026-10-08T11:00,0.8
TOS01001205,2026-10-08T11:05,0.8
TOS01001205,2026-10-08T11:10,0.8
TOS01001205,2026-10-08T11:15,0.8
TOS01001205,2026-10-08T11:20,0.8
TOS01001205,2026-10-08T11:25,0.8
TOS01001205,2026-10-08T11:30,0.8
TOS01001205,2026-10-08T11:35,1.0
TOS01001205,2026-10-08T11:40,1.0
TOS01001205,2026-10-08T11:45,2.6
TOS01001205,2026-10-08T11:50,2.6
TOS01001205,2026-10-08T11:55,2.6
TOS01001205,2026-10-08T12:00,2.6
TOS01001205,2026-10-08T12:05,2.6
TOS01001205,2026-10-08T12:10,2.6
TOS01001205,2026-10-08T12:15,2.6
TOS01001205,2026-10-08T12:20,2.6
TOS01001205,2026-10-08T12:25,2.6
TOS01001205,2026-10-08T12:30,2.6
TOS01001205,2026-10-08T12:35,2.6
TOS01001205,2026-10-08T12:40,2.6
TOS01001205,2026-10-08T12:45,2.6
TOS01001205,2026-10-08T12:50,2.6
TOS01001205,2026-10-08T12:55,2.6
TOS01001205,2026-10-08T13:00,2.6
TOS01001205,2026-10-08T13:05,2.6
TOS01001205,2026-10-08T13:10,2.6
TOS01001205,2026-10-08T13:15,2.6
TOS01001205,2026-10-08T13:20,2.6
TOS01001205,2026-10-08T13:25,2.6
TOS01001205,2026-10-08T13:30,2.6
TOS01001205,2026-10-08T13:35,2.6
TOS01001205,2026-10-08T13:40,2.6
TOS01001205,2026-10-08T13:45,2.6
TOS01001205,2026-10-08T13:50,2.6
TOS01001205,2026-10-08T13:55,2.6
TOS01001205,2026-10-08T14:00,2.6
TOS01001205,2026-10-08T14:05,2.6
TOS01001205,2026-10-08T14:10,2.6
TOS01001205,2026-10-08T14:15,2.6
TOS01001205,2026-10-08T14:20,2.6
TOS01001205,2026-10-08T14:25,2.6
TOS01001205,2026-10-08T14:30,2.6
TOS01001205,2026-10-08T14:35,3.4
TOS01001205,2026-10-08T14:40,6.9
TOS01001205,2026-10-08T14:45,7.5
TOS01001205,2026-10-08T14:50,7.5
TOS01001205,2026-10-08T14:55,7.5
TOS01001205,2026-10-08T15:00,7.5
TOS01001205,2026-10-08T15:05,7.5
TOS01001205,2026-10-08T15:10,7.5
TOS01001205,2026-10-08T15:15,7.7
TOS01001205,2026-10-08T15:20,7.7
TOS01001205,2026-10-08T15:25,7.7
TOS01001205,2026-10-08T15:30,7.7
TOS01001205,2026-10-08T15:35,7.7
TOS01001205,2026-10-08T15:40,7.7
TOS01001205,2026-10-08T15:45,7.7
TOS01001205,2026-10-08T15:50,7.7
TOS01001205,2026-10-08T15:55,7.7
TOS01001205,2026-10-08T16:00,7.7
TOS01001205,2026-10-08T16:05,7.7
TOS01001205,2026-10-08T16:10,7.7
TOS01001205,2026-10-08T16:15,7.7
TOS01001205,2026-10-08T16:20,7.7
TOS01001205,2026-10-08T16:25,7.7
TOS01001205,2026-10-08T16:30,7.7
TOS01001205,2026-10-08T16:35,7.7
TOS01001205,2026-10-08T16:40,7.7
TOS01001205,2026-10-08T16:45,7.7
TOS01001205,2026-10-08T16:50,7.7
TOS01001205,2026-10-08T16:55,7.7
TOS01001205,2026-10-08T17:00,7.7
TOS01001205,2026-10-08T17:05,7.7
TOS01001205,2026-10-08T17:10,7.7
TOS01001205,2026-10-08T17:15,7.7
TOS01001205,2026-10-08T17:20,7.7
TOS01001205,2026-10-08T17:25,7.7
TOS01001205,2026-10-08T17:30,7.7
TOS01001205,2026-10-08T17:35,7.7
TOS01001205,2026-10-08T17:40,7.7
TOS01001205,2026-10-08T17:45,7.7
TOS01001205,2026-10-08T17:50,7.7
TOS01001205,2026-10-08T17:55,7.7
TOS01001205,2026-10-08T18:00,7.7
TOS01001205,2026-10-08T18:05,7.7
TOS01001205,2026-10-08T18:10,7.9
TOS01001205,2026-10-08T18:15,7.9
TOS01001205,2026-10-08T18:20,7.9
TOS01001205,2026-10-08T18:25,7.9
TOS01001205,2026-10-08T18:30,7.9
TOS01001205,2026-10-08T18:35,7.9
TOS01001205,2026-10-08T18:40,7.9
TOS01001205,2026-10-08T18:45,7.9
TOS01001205,2026-10-08T18:50,7.9
TOS01001205,2026-10-08T18:55,7.9
TOS01001205,2026-10-08T19:00,7.9
TOS01001205,2026-10-08T19:05,7.9
TOS01001205,2026-10-08T19:10,7.9
TOS01001205,2026-10-08T19:15,7.9
TOS01001205,2026-10-08T19:20,7.9
TOS01001205,2026-10-08T19:25,7.9
TOS01001205,2026-10-08T19:30,7.9
TOS01001205,2026-10-08T19:35,7.9
TOS01001205,2026-10-08T19:40,7.9
TOS01001205,2026-10-08T19:45,7.9
TOS01001205,2026-10-08T19:50,7.9
TOS01001205,2026-10-08T19:55,7.9
TOS01001205,2026-10-08T20:00,7.9
TOS01001205,2026-10-08T20:05,7.9
TOS01001205,2026-10-08T20:10,7.9
TOS01001205,2026-10-08T20:15,7.9
TOS01001205,2026-10-08T20:20,7.9
TOS01001205,2026-10-08T20:25,7.9
TOS01001205,2026-10-08T20:30,7.9
TOS01001205,2026-10-08T20:35,7.9
TOS01001205,2026-10-08T20:40,7.9
TOS01001205,2026-10-08T20:45,7.9
TOS01001205,2026-10-08T20:50,7.9
TOS01001205,2026-10-08T20:55,7.9
TOS01001205,2026-10-08T21:00,7.9
TOS01001205,2026-10-08T21:05,7.9
TOS01001205,2026-10-08T21:10,7.9
TOS01001205,2026-10-08T21:15,7.9
TOS01001205,2026-10-08T21:20,7.9
TOS01001205,2026-10-08T21:25,7.9
TOS01001205,2026-10-08T21:30,7.9
TOS01001205,2026-10-08T21:35,7.9
TOS01001205,2026-10-08T21:40,7.9
TOS01001205,2026-10-08T21:45,7.9
TOS01001205,2026-10-08T21:50,7.9
TOS01001205,2026-10-08T21:55,7.9
TOS01001205,2026-10-08T22:00,7.9
TOS01001205,2026-10-08T22:05,7.9
TOS01001205,2026-10-08T22:10,7.9
TOS01001205,2026-10-08T22:15,7.9
TOS01001205,2026-10-08T22:20,7.9
TOS01001205,2026-10-08T22:25,7.9
TOS01001205,2026-10-08T22:30,7.9
TOS01001205,2026-10-08T22:35,7.9
TOS01001205,2026-10-08T22:40,7.9
TOS01001205,2026-10-08T22:45,7.9
TOS01001205,2026-10-08T22:50,7.9
TOS01001205,2026-10-08T22:55,7.9
TOS01001205,2026-10-08T23:00,8.1
TOS01001205,2026-10-08T23:05,8.3
TOS01001205,2026-10-08T23:10,8.3
TOS01001205,2026-10-08T23:15,8.5
TOS01001205,2026-10-08T23:20,8.5
TOS01001205,2026-10-08T23:25,8.5
TOS01001205,2026-10-08T23:30,8.7
TOS01001205,2026-10-08T23:35,8.7
TOS01001205,2026-10-08T23:40,8.9
TOS01001205,2026-10-08T23:45,8.9
TOS01001205,2026-10-08T23:50,8.9
TOS01001205,2026-10-08T23:55,9.1
TOS01001253,2026-10-08T00:30,1.0
TOS01001253,2026-10-08T00:45,1.2
TOS01001253,2026-10-08T01:00,2.0
TOS01001253,2026-10-08T01:15,2.8
TOS01001253,2026-10-08T01:30,3.0
TOS01001253,2026-10-08T01:45,3.2
TOS01001253,2026-10-08T02:00,3.4
TOS01001253,2026-10-08T02:15,3.8
TOS01001253,2026-10-08T02:30,3.8
TOS01001253,2026-10-08T02:45,4.0
TOS01001253,2026-10-08T03:00,4.0
TOS01001253,2026-10-08T03:15,4.0
TOS01001253,2026-10-08T03:30,4.0
TOS01001253,2026-10-08T03:45,4.0
TOS01001253,2026-10-08T04:00,4.0
TOS01001253,2026-10-08T04:15,4.0
TOS01001253,2026-10-08T04:30,4.2
TOS01001253,2026-10-08T04:45,5.0
TOS01001253,2026-10-08T05:00,7.0
TOS01001253,2026-10-08T05:15,8.6
TOS01001253,2026-10-08T05:30,9.6
TOS01001253,2026-10-08T05:45,10.2
TOS01001253,2026-10-08T06:00,10.2
TOS01001253,2026-10-08T06:15,10.2
TOS01001253,2026-10-08T06:30,10.2
TOS01001253,2026-10-08T06:45,10.2
TOS01001253,2026-10-08T07:00,10.2
TOS01001253,2026-10-08T07:15,10.2
TOS01001253,2026-10-08T07:30,10.2
TOS01001253,2026-10-08T07:45,10.2
TOS01001253,2026-10-08T08:00,10.2
TOS01001253,2026-10-08T08:15,10.2
TOS01001253,2026-10-08T08:30,10.2
TOS01001253,2026-10-08T08:45,10.2
TOS01001253,2026-10-08T09:00,10.2
TOS01001253,2026-10-08T09:15,10.2
TOS01001253,2026-10-08T09:30,10.2
TOS01001253,2026-10-08T09:45,10.2
TOS01001253,2026-10-08T10:00,10.2
TOS01001253,2026-10-08T10:15,10.2
TOS01001253,2026-10-08T10:30,10.4
TOS01001253,2026-10-08T10:45,10.4
TOS01001253,2026-10-08T11:00,12.6
TOS01001253,2026-10-08T11:15,14.0
TOS01001253,2026-10-08T11:30,14.4
TOS01001253,2026-10-08T11:45,14.4
TOS01001253,2026-10-08T12:00,14.6
TOS01001253,2026-10-08T12:15,14.6
TOS01001253,2026-10-08T12:30,14.6
TOS01001253,2026-10-08T12:45,14.6
TOS01001253,2026-10-08T13:00,14.6
TOS01001253,2026-10-08T13:15,14.6
TOS01001253,2026-10-08T13:30,14.6
TOS01001253,2026-10-08T13:45,14.6
TOS01001253,2026-10-08T14:00,14.6
TOS01001253,2026-10-08T14:15,14.6
TOS01001253,2026-10-08T14:30,14.6
TOS01001253,2026-10-08T14:45,14.6
TOS01001253,2026-10-08T15:00,14.6
TOS01001253,2026-10-08T15:15,14.6
TOS01001253,2026-10-08T15:30,14.6
TOS01001253,2026-10-08T15:45,14.6
TOS01001253,2026-10-08T16:00,14.6
TOS01001253,2026-10-08T16:15,14.6
TOS01001253,2026-10-08T16:30,14.6
TOS01001253,2026-10-08T16:45,14.6
TOS01001253,2026-10-08T17:00,14.6
TOS01001253,2026-10-08T17:15,14.6
TOS01001253,2026-10-08T17:30,14.6
TOS01001253,2026-10-08T17:45,15.4
TOS01001253,2026-10-08T18:00,15.6
TOS01001253,2026-10-08T18:15,15.6
TOS01001253,2026-10-08T18:30,15.6
TOS01001253,2026-10-08T18:45,15.6
TOS01001253,2026-10-08T19:00,15.6
TOS01001253,2026-10-08T19:15,15.6
TOS01001253,2026-10-08T19:30,15.6
TOS01001253,2026-10-08T19:45,15.6
TOS01001253,2026-10-08T20:00,15.6
TOS01001253,2026-10-08T20:15,15.6
TOS01001253,2026-10-08T20:30,15.6
TOS01001253,2026-10-08T20:45,15.6
TOS01001253,2026-10-08T21:00,15.6
TOS01001253,2026-10-08T21:15,15.6
TOS01001253,2026-10-08T21:30,15.6
TOS01001253,2026-10-08T21:45,15.6
TOS01001253,2026-10-08T22:00,15.8
TOS01001253,2026-10-08T22:15,19.7
TOS01001253,2026-10-08T22:30,20.3
TOS01001253,2026-10-08T22:45,20.3
TOS01001253,2026-10-08T23:00,20.3
TOS01001253,2026-10-08T23:15,20.5
TOS01001253,2026-10-08T23:30,20.7
TOS01001253,2026-10-08T23:45,20.7
TOS01001263,2026-10-08T00:40,0.4
TOS01001263,2026-10-08T00:45,0.8
TOS01001263,2026-10-08T00:50,0.8
TOS01001263,2026-10-08T00:55,1.0
TOS01001263,2026-10-08T01:00,1.2
TOS01001263,2026-10-08T01:05,1.4
TOS01001263,2026-10-08T01:10,3.2
TOS01001263,2026-10-08T01:15,4.2
TOS01001263,2026-10-08T01:20,4.6
TOS01001263,2026-10-08T01:25,4.6
TOS01001263,2026-10-08T01:30,4.8
TOS01001263,2026-10-08T01:35,4.8
TOS01001263,2026-10-08T01:40,4.8
TOS01001263,2026-10-08T01:45,4.8
TOS01001263,2026-10-08T01:50,5.0
TOS01001263,2026-10-08T01:55,5.0
TOS01001263,2026-10-08T02:00,5.2
TOS01001263,2026-10-08T02:05,5.4
TOS01001263,2026-10-08T02:10,5.4
TOS01001263,2026-10-08T02:15,5.8
TOS01001263,2026-10-08T02:20,5.8
TOS01001263,2026-10-08T02:25,6.0
TOS01001263,2026-10-08T02:30,6.0
TOS01001263,2026-10-08T02:35,6.0
TOS01001263,2026-10-08T02:40,6.0
TOS01001263,2026-10-08T02:45,6.0
TOS01001263,2026-10-08T02:50,6.0
TOS01001263,2026-10-08T02:55,6.0
TOS01001263,2026-10-08T03:00,6.0
TOS01001263,2026-10-08T03:05,6.0
TOS01001263,2026-10-08T03:10,6.0
TOS01001263,2026-10-08T03:15,6.0
TOS01001263,2026-10-08T03:20,6.0
TOS01001263,2026-10-08T03:25,6.0
TOS01001263,2026-10-08T03:30,6.0
TOS01001263,2026-10-08T03:35,6.0
TOS01001263,2026-10-08T03:40,6.0
TOS01001263,2026-10-08T03:45,6.0
TOS01001263,2026-10-08T03:50,6.0
TOS01001263,2026-10-08T03:55,6.0
TOS01001263,2026-10-08T04:00,6.0
TOS01001263,2026-10-08T04:05,6.0
TOS01001263,2026-10-08T04:10,6.0
TOS01001263,2026-10-08T04:15,6.0
TOS01001263,2026-10-08T04:20,6.0
TOS01001263,2026-10-08T04:25,6.0
TOS01001263,2026-10-08T04:30,6.2
TOS01001263,2026-10-08T04:35,6.6
TOS01001263,2026-10-08T04:40,6.8
TOS01001263,2026-10-08T04:45,6.8
TOS01001263,2026-10-08T04:50,7.0
TOS01001263,2026-10-08T04:55,7.0
TOS01001263,2026-10-08T05:00,7.2
TOS01001263,2026-10-08T05:05,7.4
TOS01001263,2026-10-08T05:10,7.4
TOS01001263,2026-10-08T05:15,7.6
TOS01001263,2026-10-08T05:20,8.4
TOS01001263,2026-10-08T05:25,8.8
TOS01001263,2026-10-08T05:30,10.3
TOS01001263,2026-10-08T05:35,11.3
TOS01001263,2026-10-08T05:40,11.5
TOS01001263,2026-10-08T05:45,12.1
TOS01001263,2026-10-08T05:50,12.5
TOS01001263,2026-10-08T05:55,12.7
TOS01001263,2026-10-08T06:00,12.7
TOS01001263,2026-10-08T06:05,12.7
TOS01001263,2026-10-08T06:10,12.7
TOS01001263,2026-10-08T06:15,12.7
TOS01001263,2026-10-08T06:20,12.7
TOS01001263,2026-10-08T06:25,12.7
TOS01001263,2026-10-08T06:30,12.7
TOS01001263,2026-10-08T06:35,12.7
TOS01001263,2026-10-08T06:40,12.7
TOS01001263,2026-10-08T06:45,12.7
TOS01001263,2026-10-08T06:50,12.7
TOS01001263,2026-10-08T06:55,12.7
TOS01001263,2026-10-08T07:00,12.7
TOS01001263,2026-10-08T07:05,12.7
TOS01001263,2026-10-08T07:10,12.7
TOS01001263,2026-10-08T07:15,12.7
TOS01001263,2026-10-08T07:20,12.7
TOS01001263,2026-10-08T07:25,12.7
TOS01001263,2026-10-08T07:30,12.7
TOS01001263,2026-10-08T07:35,12.7
TOS01001263,2026-10-08T07:40,12.7
TOS01001263,2026-10-08T07:45,12.7
TOS01001263,2026-10-08T07:50,12.7
TOS01001263,2026-10-08T07:55,12.7
TOS01001263,2026-10-08T08:00,12.7
TOS01001263,2026-10-08T08:05,12.7
TOS01001263,2026-10-08T08:10,12.7
TOS01001263,2026-10-08T08:15,12.7
TOS01001263,2026-10-08T08:20,12.7
TOS01001263,2026-10-08T08:25,12.7
TOS01001263,2026-10-08T08:30,12.7
TOS01001263,2026-10-08T08:35,12.7
TOS01001263,2026-10-08T08:40,12.7
TOS01001263,2026-10-08T08:45,12.7
TOS01001263,2026-10-08T08:50,12.9
TOS01001263,2026-10-08T08:55,12.9
TOS01001263,2026-10-08T09:00,12.9
TOS01001263,2026-10-08T09:05,12.9
TOS01001263,2026-10-08T09:10,12.9
TOS01001263,2026-10-08T09:15,12.9
TOS01001263,2026-10-08T09:20,12.9
TOS01001263,2026-10-08T09:25,12.9
TOS01001263,2026-10-08T09:30,12.9
TOS01001263,2026-10-08T09:35,12.9
TOS01001263,2026-10-08T09:40,12.9
TOS01001263,2026-10-08T09:45,12.9
TOS01001263,2026-10-08T09:50,12.9
TOS01001263,2026-10-08T09:55,12.9
TOS01001263,2026-10-08T10:00,12.9
TOS01001263,2026-10-08T10:05,12.9
TOS01001263,2026-10-08T10:10,12.9
TOS01001263,2026-10-08T10:15,12.9
TOS01001263,2026-10-08T10:20,12.9
TOS01001263,2026-10-08T10:25,12.9
TOS01001263,2026-10-08T10:30,12.9
TOS01001263,2026-10-08T10:35,12.9
TOS01001263,2026-10-08T10:40,12.9
TOS01001263,2026-10-08T10:45,12.9
TOS01001263,2026-10-08T10:50,12.9
TOS01001263,2026-10-08T10:55,12.9
TOS01001263,2026-10-08T11:00,12.9
TOS01001263,2026-10-08T11:05,13.1
TOS01001263,2026-10-08T11:10,13.5
TOS01001263,2026-10-08T11:15,13.9
TOS01001263,2026-10-08T11:20,14.3
TOS01001263,2026-10-08T11:25,15.1
TOS01001263,2026-10-08T11:30,15.3
TOS01001263,2026-10-08T11:35,15.3
TOS01001263,2026-10-08T11:40,15.7
TOS01001263,2026-10-08T11:45,16.1
TOS01001263,2026-10-08T11:50,16.3
TOS01001263,2026-10-08T11:55,16.3
TOS01001263,2026-10-08T12:00,16.3
TOS01001263,2026-10-08T12:05,16.3
TOS01001263,2026-10-08T12:10,16.3
TOS01001263,2026-10-08T12:15,16.3
TOS01001263,2026-10-08T12:20,16.3
TOS01001263,2026-10-08T12:25,16.3
TOS01001263,2026-10-08T12:30,16.3
TOS01001263,2026-10-08T12:35,16.3
TOS01001263,2026-10-08T12:40,16.3
TOS01001263,2026-10-08T12:45,16.3
TOS01001263,2026-10-08T12:50,16.3
TOS01001263,2026-10-08T12:55,16.3
TOS01001263,2026-10-08T13:00,16.3
TOS01001263,2026-10-08T13:05,16.3
TOS01001263,2026-10-08T13:10,16.3
TOS01001263,2026-10-08T13:15,16.3
TOS01001263,2026-10-08T13:20,16.3
TOS01001263,2026-10-08T13:25,16.3
TOS01001263,2026-10-08T13:30,16.3
TOS01001263,2026-10-08T13:35,16.3
TOS01001263,2026-10-08T13:40,16.3
TOS01001263,2026-10-08T13:45,16.3
TOS01001263,2026-10-08T13:50,16.3
TOS01001263,2026-10-08T13:55,16.3
TOS01001263,2026-10-08T14:00,16.3
TOS01001263,2026-10-08T14:05,16.3
TOS01001263,2026-10-08T14:10,16.3
TOS01001263,2026-10-08T14:15,16.3
TOS01001263,2026-10-08T14:20,16.3
TOS01001263,2026-10-08T14:25,16.3
TOS01001263,2026-10-08T14:30,16.3
TOS01001263,2026-10-08T14:35,16.3
TOS01001263,2026-10-08T14:40,16.3
TOS01001263,2026-10-08T14:45,16.3
TOS01001263,2026-10-08T14:50,16.3
TOS01001263,2026-10-08T14:55,16.3
TOS01001263,2026-10-08T15:00,16.3
TOS01001263,2026-10-08T15:05,16.3
TOS01001263,2026-10-08T15:10,16.3
TOS01001263,2026-10-08T15:15,16.3
TOS01001263,2026-10-08T15:20,16.3
TOS01001263,2026-10-08T15:25,16.3
TOS01001263,2026-10-08T15:30,16.3
TOS01001263,2026-10-08T15:35,16.3
TOS01001263,2026-10-08T15:40,16.3
TOS01001263,2026-10-08T15:45,16.3
TOS01001263,2026-10-08T15:50,16.3
TOS01001263,2026-10-08T15:55,16.3
TOS01001263,2026-10-08T16:00,16.3
TOS01001263,2026-10-08T16:05,16.3
TOS01001263,2026-10-08T16:10,16.3
TOS01001263,2026-10-08T16:15,16.3
TOS01001263,2026-10-08T16:20,16.3
TOS01001263,2026-10-08T16:25,16.3
TOS01001263,2026-10-08T16:30,16.3
TOS01001263,2026-10-08T16:35,16.3
TOS01001263,2026-10-08T16:40,16.3
TOS01001263,2026-10-08T16:45,16.3
TOS01001263,2026-10-08T16:50,16.3
TOS01001263,2026-10-08T16:55,16.3
TOS01001263,2026-10-08T17:00,16.3
TOS01001263,2026-10-08T17:05,16.3
TOS01001263,2026-10-08T17:10,16.3
TOS01001263,2026-10-08T17:15,16.3
TOS01001263,2026-10-08T17:20,16.3
TOS01001263,2026-10-08T17:25,16.3
TOS01001263,2026-10-08T17:30,16.3
TOS01001263,2026-10-08T17:35,16.3
TOS01001263,2026-10-08T17:40,16.3
TOS01001263,2026-10-08T17:45,16.3
TOS01001263,2026-10-08T17:50,16.3
TOS01001263,2026-10-08T17:55,16.3
TOS01001263,2026-10-08T18:00,16.3
TOS01001263,2026-10-08T18:05,16.3
TOS01001263,2026-10-08T18:10,16.3
TOS01001263,2026-10-08T18:15,16.3
TOS01001263,2026-10-08T18:20,16.3
TOS01001263,2026-10-08T18:25,16.3
TOS01001263,2026-10-08T18:30,16.3
TOS01001263,2026-10-08T18:35,16.3
TOS01001263,2026-10-08T18:40,16.3
TOS01001263,2026-10-08T18:45,16.3
TOS01001263,2026-10-08T18:50,16.3
TOS01001263,2026-10-08T18:55,16.3
TOS01001263,2026-10-08T19:00,16.3
TOS01001263,2026-10-08T19:05,16.3
TOS01001263,2026-10-08T19:10,16.3
TOS01001263,2026-10-08T19:15,16.3
TOS01001263,2026-10-08T19:20,16.3
TOS01001263,2026-10-08T19:25,16.3
TOS01001263,2026-10-08T19:30,16.3
TOS01001263,2026-10-08T19:35,16.3
TOS01001263,2026-10-08T19:40,16.3
TOS01001263,2026-10-08T19:45,16.3
TOS01001263,2026-10-08T19:50,16.3
TOS01001263,2026-10-08T19:55,16.3
TOS01001263,2026-10-08T20:00,16.3
TOS01001263,2026-10-08T20:05,16.3
TOS01001263,2026-10-08T20:10,16.3
TOS01001263,2026-10-08T20:15,16.3
TOS01001263,2026-10-08T20:20,16.3
TOS01001263,2026-10-08T20:25,16.3
TOS01001263,2026-10-08T20:30,16.3
TOS01001263,2026-10-08T20:35,16.3
TOS01001263,2026-10-08T20:40,16.3
TOS01001263,2026-10-08T20:45,16.3
TOS01001263,2026-10-08T20:50,16.3
TOS01001263,2026-10-08T20:55,16.3
TOS01001263,2026-10-08T21:00,16.3
TOS01001263,2026-10-08T21:05,16.3
TOS01001263,2026-10-08T21:10,16.3
TOS01001263,2026-10-08T21:15,16.3
TOS01001263,2026-10-08T21:20,16.3
TOS01001263,2026-10-08T21:25,16.3
TOS01001263,2026-10-08T21:30,16.3
TOS01001263,2026-10-08T21:35,16.3
TOS01001263,2026-10-08T21:40,16.3
TOS01001263,2026-10-08T21:45,16.3
TOS01001263,2026-10-08T21:50,16.3
TOS01001263,2026-10-08T21:55,16.3
TOS01001263,2026-10-08T22:00,16.3
TOS01001263,2026-10-08T22:05,16.3
TOS01001263,2026-10-08T22:10,16.5
TOS01001263,2026-10-08T22:15,16.5
TOS01001263,2026-10-08T22:20,16.5
TOS01001263,2026-10-08T22:25,16.5
TOS01001263,2026-10-08T22:30,16.5
TOS01001263,2026-10-08T22:35,17.7
TOS01001263,2026-10-08T22:40,20.0
TOS01001263,2026-10-08T22:45,20.6
TOS01001263,2026-10-08T22:50,20.6
TOS01001263,2026-10-08T22:55,20.6
TOS01001263,2026-10-08T23:00,20.6
TOS01001263,2026-10-08T23:05,20.6
TOS01001263,2026-10-08T23:10,20.8
TOS01001263,2026-10-08T23:15,21.2
TOS01001263,2026-10-08T23:20,21.2
TOS01001263,2026-10-08T23:25,21.2
TOS01001263,2026-10-08T23:30,21.4
TOS01001263,2026-10-08T23:35,21.6
TOS01001263,2026-10-08T23:40,22.0
TOS01001263,2026-10-08T23:45,22.4
TOS01001263,2026-10-08T23:50,22.6
TOS01001263,2026-10-08T23:55,22.8
TOS01001269,2026-10-08T00:15,0.4
TOS01001269,2026-10-08T00:30,0.6
TOS01001269,2026-10-08T00:45,1.4
TOS01001269,2026-10-08T01:00,1.6
TOS01001269,2026-10-08T01:15,1.6
TOS01001269,2026-10-08T01:30,1.6
TOS01001269,2026-10-08T01:45,1.6
TOS01001269,2026-10-08T02:00,1.6
TOS01001269,2026-10-08T02:15,1.6
TOS01001269,2026-10-08T02:30,1.6
TOS01001269,2026-10-08T02:45,1.6
TOS01001269,2026-10-08T03:00,1.6
TOS01001269,2026-10-08T03:15,1.6
TOS01001269,2026-10-08T03:30,1.6
TOS01001269,2026-10-08T03:45,1.6
TOS01001269,2026-10-08T04:00,1.6
TOS01001269,2026-10-08T04:15,1.6
TOS01001269,2026-10-08T04:30,1.8
TOS01001269,2026-10-08T04:45,1.8
TOS01001269,2026-10-08T05:00,1.8
TOS01001269,2026-10-08T05:15,2.6
TOS01001269,2026-10-08T05:30,2.8
TOS01001269,2026-10-08T05:45,3.8
TOS01001269,2026-10-08T06:00,4.4
TOS01001269,2026-10-08T06:15,4.4
TOS01001269,2026-10-08T06:30,4.4
TOS01001269,2026-10-08T06:45,4.4
TOS01001269,2026-10-08T07:00,4.4
TOS01001269,2026-10-08T07:15,4.4
TOS01001269,2026-10-08T07:30,4.4
TOS01001269,2026-10-08T07:45,4.4
TOS01001269,2026-10-08T08:00,4.4
TOS01001269,2026-10-08T08:15,4.4
TOS01001269,2026-10-08T08:30,4.4
TOS01001269,2026-10-08T08:45,4.4
TOS01001269,2026-10-08T09:00,4.4
TOS01001269,2026-10-08T09:15,4.4
TOS01001269,2026-10-08T09:30,4.4
TOS01001269,2026-10-08T09:45,4.4
TOS01001269,2026-10-08T10:00,4.4
TOS01001269,2026-10-08T10:15,4.4
TOS01001269,2026-10-08T10:30,4.4
TOS01001269,2026-10-08T10:45,4.4
TOS01001269,2026-10-08T11:00,4.4
TOS01001269,2026-10-08T11:15,4.4
TOS01001269,2026-10-08T11:30,7.0
TOS01001269,2026-10-08T11:45,8.2
TOS01001269,2026-10-08T12:00,8.2
TOS01001269,2026-10-08T12:15,8.2
TOS01001269,2026-10-08T12:30,8.2
TOS01001269,2026-10-08T12:45,9.8
TOS01001269,2026-10-08T13:00,10.2
TOS01001269,2026-10-08T13:15,10.2
TOS01001269,2026-10-08T13:30,10.2
TOS01001269,2026-10-08T13:45,10.2
TOS01001269,2026-10-08T14:00,10.2
TOS01001269,2026-10-08T14:15,10.2
TOS01001269,2026-10-08T14:30,10.4
TOS01001269,2026-10-08T14:45,10.4
TOS01001269,2026-10-08T15:00,10.4
TOS01001269,2026-10-08T15:15,10.4
TOS01001269,2026-10-08T15:30,10.4
TOS01001269,2026-10-08T15:45,10.4
TOS01001269,2026-10-08T16:00,10.4
TOS01001269,2026-10-08T16:15,10.4
TOS01001269,2026-10-08T16:30,10.4
TOS01001269,2026-10-08T16:45,10.4
TOS01001269,2026-10-08T17:00,10.4
TOS01001269,2026-10-08T17:15,10.4
TOS01001269,2026-10-08T17:30,10.4
TOS01001269,2026-10-08T17:45,10.4
TOS01001269,2026-10-08T18:00,10.4
TOS01001269,2026-10-08T18:15,10.4
TOS01001269,2026-10-08T18:30,10.4
TOS01001269,2026-10-08T18:45,10.4
TOS01001269,2026-10-08T19:00,10.4
TOS01001269,2026-10-08T19:15,10.4
TOS01001269,2026-10-08T19:30,10.4
TOS01001269,2026-10-08T19:45,10.4
TOS01001269,2026-10-08T20:00,10.4
TOS01001269,2026-10-08T20:15,10.4
TOS01001269,2026-10-08T20:30,10.4
TOS01001269,2026-10-08T20:45,10.4
TOS01001269,2026-10-08T21:00,10.4
TOS01001269,2026-10-08T21:15,11.0
TOS01001269,2026-10-08T21:30,11.2
TOS01001269,2026-10-08T21:45,11.2
TOS01001269,2026-10-08T22:00,11.2
TOS01001269,2026-10-08T22:15,11.2
TOS01001269,2026-10-08T22:30,12.0
TOS01001269,2026-10-08T22:45,12.8
TOS01001269,2026-10-08T23:00,13.0
TOS01001269,2026-10-08T23:15,13.2
TOS01001269,2026-10-08T23:30,13.4
TOS01001269,2026-10-08T23:45,13.8
TOS01001273,2026-10-08T00:45,0.2
TOS01001273,2026-10-08T01:00,0.4
TOS01001273,2026-10-08T01:15,1.2
TOS01001273,2026-10-08T01:30,1.4
TOS01001273,2026-10-08T01:45,1.4
TOS01001273,2026-10-08T02:00,1.4
TOS01001273,2026-10-08T02:15,1.6
TOS01001273,2026-10-08T02:30,1.6
TOS01001273,2026-10-08T02:45,1.6
TOS01001273,2026-10-08T03:00,1.6
TOS01001273,2026-10-08T03:15,1.6
TOS01001273,2026-10-08T03:30,1.6
TOS01001273,2026-10-08T03:45,1.6
TOS01001273,2026-10-08T04:00,1.6
TOS01001273,2026-10-08T04:15,1.6
TOS01001273,2026-10-08T04:30,1.8
TOS01001273,2026-10-08T04:45,2.2
TOS01001273,2026-10-08T05:00,2.2
TOS01001273,2026-10-08T05:15,2.6
TOS01001273,2026-10-08T05:30,4.9
TOS01001273,2026-10-08T05:45,6.3
TOS01001273,2026-10-08T06:00,7.3
TOS01001273,2026-10-08T06:15,7.3
TOS01001273,2026-10-08T06:30,7.3
TOS01001273,2026-10-08T06:45,7.3
TOS01001273,2026-10-08T07:00,7.3
TOS01001273,2026-10-08T07:15,7.3
TOS01001273,2026-10-08T07:30,7.3
TOS01001273,2026-10-08T07:45,7.3
TOS01001273,2026-10-08T08:00,7.3
TOS01001273,2026-10-08T08:15,7.3
TOS01001273,2026-10-08T08:30,7.3
TOS01001273,2026-10-08T08:45,7.3
TOS01001273,2026-10-08T09:00,7.3
TOS01001273,2026-10-08T09:15,7.3
TOS01001273,2026-10-08T09:30,7.3
TOS01001273,2026-10-08T09:45,7.3
TOS01001273,2026-10-08T10:00,7.3
TOS01001273,2026-10-08T10:15,7.3
TOS01001273,2026-10-08T10:30,7.3
TOS01001273,2026-10-08T10:45,7.3
TOS01001273,2026-10-08T11:00,7.5
TOS01001273,2026-10-08T11:15,7.5
TOS01001273,2026-10-08T11:30,10.1
TOS01001273,2026-10-08T11:45,12.7
TOS01001273,2026-10-08T12:00,12.7
TOS01001273,2026-10-08T12:15,12.7
TOS01001273,2026-10-08T12:30,12.7
TOS01001273,2026-10-08T12:45,12.9
TOS01001273,2026-10-08T13:00,13.1
TOS01001273,2026-10-08T13:15,13.1
TOS01001273,2026-10-08T13:30,13.1
TOS01001273,2026-10-08T13:45,13.1
TOS01001273,2026-10-08T14:00,13.1
TOS01001273,2026-10-08T14:15,13.1
TOS01001273,2026-10-08T14:30,13.1
TOS01001273,2026-10-08T14:45,13.1
TOS01001273,2026-10-08T15:00,13.1
TOS01001273,2026-10-08T15:15,13.1
TOS01001273,2026-10-08T15:30,13.1
TOS01001273,2026-10-08T15:45,13.1
TOS01001273,2026-10-08T16:00,13.1
TOS01001273,2026-10-08T16:15,13.1
TOS01001273,2026-10-08T16:30,13.1
TOS01001273,2026-10-08T16:45,13.1
TOS01001273,2026-10-08T17:00,13.1
TOS01001273,2026-10-08T17:15,13.1
TOS01001273,2026-10-08T17:30,13.1
TOS01001273,2026-10-08T17:45,13.1
TOS01001273,2026-10-08T18:00,13.1
TOS01001273,2026-10-08T18:15,13.1
TOS01001273,2026-10-08T18:30,13.1
TOS01001273,2026-10-08T18:45,13.1
TOS01001273,2026-10-08T19:00,13.3
TOS01001273,2026-10-08T19:15,13.3
TOS01001273,2026-10-08T19:30,13.3
TOS01001273,2026-10-08T19:45,13.3
TOS01001273,2026-10-08T20:00,13.3
TOS01001273,2026-10-08T20:15,13.3
TOS01001273,2026-10-08T20:30,13.5
TOS01001273,2026-10-08T20:45,13.5
TOS01001273,2026-10-08T21:00,13.7
TOS01001273,2026-10-08T21:15,13.7
TOS01001273,2026-10-08T21:30,13.7
TOS01001273,2026-10-08T21:45,13.7
TOS01001273,2026-10-08T22:00,13.7
TOS01001273,2026-10-08T22:15,13.7
TOS01001273,2026-10-08T22:30,13.7
TOS01001273,2026-10-08T22:45,15.8
TOS01001273,2026-10-08T23:00,17.0
TOS01001273,2026-10-08T23:15,17.2
TOS01001273,2026-10-08T23:30,17.6
TOS01001273,2026-10-08T23:45,17.8
TOS01001371,2026-10-08T05:15,0.2
TOS01001371,2026-10-08T05:30,0.4
TOS01001371,2026-10-08T05:45,0.4
TOS01001371,2026-10-08T06:00,0.6
TOS01001371,2026-10-08T06:15,0.6
TOS01001371,2026-10-08T06:30,0.6
TOS01001371,2026-10-08T06:45,0.6
TOS01001371,2026-10-08T07:00,0.6
TOS01001371,2026-10-08T07:15,0.6
TOS01001371,2026-10-08T07:30,0.6
TOS01001371,2026-10-08T07:45,0.6
TOS01001371,2026-10-08T08:00,0.6
TOS01001371,2026-10-08T08:15,0.6
TOS01001371,2026-10-08T08:30,0.6
TOS01001371,2026-10-08T08:45,0.6
TOS01001371,2026-10-08T09:00,0.6
TOS01001371,2026-10-08T09:15,0.6
TOS01001371,2026-10-08T09:30,0.6
TOS01001371,2026-10-08T09:45,0.6
TOS01001371,2026-10-08T10:00,0.6
TOS01001371,2026-10-08T10:15,0.6
TOS01001371,2026-10-08T10:30,0.6
TOS01001371,2026-10-08T10:45,0.6
TOS01001371,2026-10-08T11:00,0.6
TOS01001371,2026-10-08T11:15,1.4
TOS01001371,2026-10-08T11:30,1.8
TOS01001371,2026-10-08T11:45,2.0
TOS01001371,2026-10-08T12:00,2.6
TOS01001371,2026-10-08T12:15,2.6
TOS01001371,2026-10-08T12:30,2.6
TOS01001371,2026-10-08T12:45,2.8
TOS01001371,2026-10-08T13:00,2.8
TOS01001371,2026-10-08T13:15,2.8
TOS01001371,2026-10-08T13:30,2.8
TOS01001371,2026-10-08T13:45,2.8
TOS01001371,2026-10-08T14:00,2.8
TOS01001371,2026-10-08T14:15,2.8
TOS01001371,2026-10-08T14:30,2.8
TOS01001371,2026-10-08T14:45,2.8
TOS01001371,2026-10-08T15:00,3.0
TOS01001371,2026-10-08T15:15,3.0
TOS01001371,2026-10-08T15:30,3.0
TOS01001371,2026-10-08T15:45,3.0
TOS01001371,2026-10-08T16:00,3.0
TOS01001371,2026-10-08T16:15,3.0
TOS01001371,2026-10-08T16:30,3.0
TOS01001371,2026-10-08T16:45,3.0
TOS01001371,2026-10-08T17:00,3.0
TOS01001371,2026-10-08T17:15,3.0
TOS01001371,2026-10-08T17:30,3.0
TOS01001371,2026-10-08T17:45,3.0
TOS01001371,2026-10-08T18:00,6.4
TOS01001371,2026-10-08T18:15,6.6
TOS01001371,2026-10-08T18:30,6.6
TOS01001371,2026-10-08T18:45,6.6
TOS01001371,2026-10-08T19:00,6.6
TOS01001371,2026-10-08T19:15,6.6
TOS01001371,2026-10-08T19:30,6.6
TOS01001371,2026-10-08T19:45,6.6
TOS01001371,2026-10-08T20:00,6.6
TOS01001371,2026-10-08T20:15,6.6
TOS01001371,2026-10-08T20:30,7.2
TOS01001371,2026-10-08T20:45,7.2
TOS01001371,2026-10-08T21:00,7.2
TOS01001371,2026-10-08T21:15,7.2
TOS01001371,2026-10-08T21:30,7.2
TOS01001371,2026-10-08T21:45,7.2
TOS01001371,2026-10-08T22:00,7.2
TOS01001371,2026-10-08T22:15,7.2
TOS01001371,2026-10-08T22:30,7.2
TOS01001371,2026-10-08T22:45,8.0
TOS01001371,2026-10-08T23:00,8.4
TOS01001371,2026-10-08T23:15,8.8
TOS01001371,2026-10-08T23:30,9.4
TOS01001371,2026-10-08T23:45,9.8
TOS01001561,2026-10-08T00:25,0.6
TOS01001561,2026-10-08T00:30,1.0
TOS01001561,2026-10-08T00:35,1.0
TOS01001561,2026-10-08T00:40,1.0
TOS01001561,2026-10-08T00:45,1.2
TOS01001561,2026-10-08T00:50,1.2
TOS01001561,2026-10-08T00:55,1.4
TOS01001561,2026-10-08T01:00,2.2
TOS01001561,2026-10-08T01:05,2.4
TOS01001561,2026-10-08T01:10,2.4
TOS01001561,2026-10-08T01:15,2.4
TOS01001561,2026-10-08T01:20,2.4
TOS01001561,2026-10-08T01:25,2.4
TOS01001561,2026-10-08T01:30,2.4
TOS01001561,2026-10-08T01:35,2.6
TOS01001561,2026-10-08T01:40,2.6
TOS01001561,2026-10-08T01:45,2.8
TOS01001561,2026-10-08T01:50,2.8
TOS01001561,2026-10-08T01:55,3.0
TOS01001561,2026-10-08T02:00,3.0
TOS01001561,2026-10-08T02:05,3.0
TOS01001561,2026-10-08T02:10,3.2
TOS01001561,2026-10-08T02:15,3.4
TOS01001561,2026-10-08T02:20,3.4
TOS01001561,2026-10-08T02:25,3.4
TOS01001561,2026-10-08T02:30,3.6
TOS01001561,2026-10-08T02:35,3.6
TOS01001561,2026-10-08T02:40,3.6
TOS01001561,2026-10-08T02:45,3.6
TOS01001561,2026-10-08T02:50,3.6
TOS01001561,2026-10-08T02:55,3.6
TOS01001561,2026-10-08T03:00,3.6
TOS01001561,2026-10-08T03:05,3.6
TOS01001561,2026-10-08T03:10,3.6
TOS01001561,2026-10-08T03:15,3.6
TOS01001561,2026-10-08T03:20,3.6
TOS01001561,2026-10-08T03:25,3.6
TOS01001561,2026-10-08T03:30,3.6
TOS01001561,2026-10-08T03:35,3.6
TOS01001561,2026-10-08T03:40,3.8
TOS01001561,2026-10-08T03:45,3.8
TOS01001561,2026-10-08T03:50,3.8
TOS01001561,2026-10-08T03:55,3.8
TOS01001561,2026-10-08T04:00,3.8
TOS01001561,2026-10-08T04:05,3.8
TOS01001561,2026-10-08T04:10,3.8
TOS01001561,2026-10-08T04:15,3.8
TOS01001561,2026-10-08T04:20,3.8
TOS01001561,2026-10-08T04:25,3.8
TOS01001561,2026-10-08T04:30,4.0
TOS01001561,2026-10-08T04:35,4.0
TOS01001561,2026-10-08T04:40,4.2
TOS01001561,2026-10-08T04:45,4.8
TOS01001561,2026-10-08T04:50,7.0
TOS01001561,2026-10-08T04:55,7.8
TOS01001561,2026-10-08T05:00,8.0
TOS01001561,2026-10-08T05:05,8.4
TOS01001561,2026-10-08T05:10,9.0
TOS01001561,2026-10-08T05:15,9.4
TOS01001561,2026-10-08T05:20,9.6
TOS01001561,2026-10-08T05:25,10.0
TOS01001561,2026-10-08T05:30,10.2
TOS01001561,2026-10-08T05:35,10.4
TOS01001561,2026-10-08T05:40,10.6
TOS01001561,2026-10-08T05:45,10.6
TOS01001561,2026-10-08T05:50,10.6
TOS01001561,2026-10-08T05:55,10.6
TOS01001561,2026-10-08T06:00,10.6
TOS01001561,2026-10-08T06:05,10.6
TOS01001561,2026-10-08T06:10,10.6
TOS01001561,2026-10-08T06:15,10.6
TOS01001561,2026-10-08T06:20,10.6
TOS01001561,2026-10-08T06:25,10.6
TOS01001561,2026-10-08T06:30,10.6
TOS01001561,2026-10-08T06:35,10.6
TOS01001561,2026-10-08T06:40,10.6
TOS01001561,2026-10-08T06:45,10.6
TOS01001561,2026-10-08T06:50,10.6
TOS01001561,2026-10-08T06:55,10.6
TOS01001561,2026-10-08T07:00,10.6
TOS01001561,2026-10-08T07:05,10.6
TOS01001561,2026-10-08T07:10,10.6
TOS01001561,2026-10-08T07:15,10.8
TOS01001561,2026-10-08T07:20,10.8
TOS01001561,2026-10-08T07:25,10.8
TOS01001561,2026-10-08T07:30,10.8
TOS01001561,2026-10-08T07:35,10.8
TOS01001561,2026-10-08T07:40,10.8
TOS01001561,2026-10-08T07:45,10.8
TOS01001561,2026-10-08T07:50,10.8
TOS01001561,2026-10-08T07:55,10.8
TOS01001561,2026-10-08T08:00,10.8
TOS01001561,2026-10-08T08:05,10.8
TOS01001561,2026-10-08T08:10,10.8
TOS01001561,2026-10-08T08:15,10.8
TOS01001561,2026-10-08T08:20,10.8
TOS01001561,2026-10-08T08:25,10.8
TOS01001561,2026-10-08T08:30,10.8
TOS01001561,2026-10-08T08:35,10.8
TOS01001561,2026-10-08T08:40,10.8
TOS01001561,2026-10-08T08:45,10.8
TOS01001561,2026-10-08T08:50,10.8
TOS01001561,2026-10-08T08:55,10.8
TOS01001561,2026-10-08T09:00,10.8
TOS01001561,2026-10-08T09:05,10.8
TOS01001561,2026-10-08T09:10,10.8
TOS01001561,2026-10-08T09:15,10.8
TOS01001561,2026-10-08T09:20,10.8
TOS01001561,2026-10-08T09:25,10.8
TOS01001561,2026-10-08T09:30,10.8
TOS01001561,2026-10-08T09:35,10.8
TOS01001561,2026-10-08T09:40,10.8
TOS01001561,2026-10-08T09:45,10.8
TOS01001561,2026-10-08T09:50,10.8
TOS01001561,2026-10-08T09:55,10.8
TOS01001561,2026-10-08T10:00,10.8
TOS01001561,2026-10-08T10:05,10.8
TOS01001561,2026-10-08T10:10,10.8
TOS01001561,2026-10-08T10:15,10.8
TOS01001561,2026-10-08T10:20,10.8
TOS01001561,2026-10-08T10:25,10.8
TOS01001561,2026-10-08T10:30,11.0
TOS01001561,2026-10-08T10:35,11.0
TOS01001561,2026-10-08T10:40,11.0
TOS01001561,2026-10-08T10:45,11.8
TOS01001561,2026-10-08T10:50,12.0
TOS01001561,2026-10-08T10:55,12.2
TOS01001561,2026-10-08T11:00,12.2
TOS01001561,2026-10-08T11:05,12.2
TOS01001561,2026-10-08T11:10,12.4
TOS01001561,2026-10-08T11:15,12.6
TOS01001561,2026-10-08T11:20,12.6
TOS01001561,2026-10-08T11:25,12.6
TOS01001561,2026-10-08T11:30,12.8
TOS01001561,2026-10-08T11:35,12.8
TOS01001561,2026-10-08T11:40,12.8
TOS01001561,2026-10-08T11:45,12.8
TOS01001561,2026-10-08T11:50,13.0
TOS01001561,2026-10-08T11:55,13.0
TOS01001561,2026-10-08T12:00,13.0
TOS01001561,2026-10-08T12:05,13.0
TOS01001561,2026-10-08T12:10,13.0
TOS01001561,2026-10-08T12:15,13.0
TOS01001561,2026-10-08T12:20,13.0
TOS01001561,2026-10-08T12:25,13.0
TOS01001561,2026-10-08T12:30,13.0
TOS01001561,2026-10-08T12:35,13.0
TOS01001561,2026-10-08T12:40,13.0
TOS01001561,2026-10-08T12:45,13.0
TOS01001561,2026-10-08T12:50,13.0
TOS01001561,2026-10-08T12:55,13.0
TOS01001561,2026-10-08T13:00,13.0
TOS01001561,2026-10-08T13:05,13.0
TOS01001561,2026-10-08T13:10,13.0
TOS01001561,2026-10-08T13:15,13.0
TOS01001561,2026-10-08T13:20,13.0
TOS01001561,2026-10-08T13:25,13.0
TOS01001561,2026-10-08T13:30,13.2
TOS01001561,2026-10-08T13:35,13.4
TOS01001561,2026-10-08T13:40,13.6
TOS01001561,2026-10-08T13:45,13.8
TOS01001561,2026-10-08T13:50,14.0
TOS01001561,2026-10-08T13:55,14.2
TOS01001561,2026-10-08T14:00,14.6
TOS01001561,2026-10-08T14:05,14.6
TOS01001561,2026-10-08T14:10,14.6
TOS01001561,2026-10-08T14:15,14.6
TOS01001561,2026-10-08T14:20,14.6
TOS01001561,2026-10-08T14:25,14.6
TOS01001561,2026-10-08T14:30,14.6
TOS01001561,2026-10-08T14:35,14.6
TOS01001561,2026-10-08T14:40,14.6
TOS01001561,2026-10-08T14:45,14.6
TOS01001561,2026-10-08T14:50,14.6
TOS01001561,2026-10-08T14:55,14.6
TOS01001561,2026-10-08T15:00,14.6
TOS01001561,2026-10-08T15:05,14.6
TOS01001561,2026-10-08T15:10,14.6
TOS01001561,2026-10-08T15:15,14.6
TOS01001561,2026-10-08T15:20,14.6
TOS01001561,2026-10-08T15:25,14.6
TOS01001561,2026-10-08T15:30,14.6
TOS01001561,2026-10-08T15:35,14.6
TOS01001561,2026-10-08T15:40,14.6
TOS01001561,2026-10-08T15:45,14.6
TOS01001561,2026-10-08T15:50,14.6
TOS01001561,2026-10-08T15:55,14.6
TOS01001561,2026-10-08T16:00,14.6
TOS01001561,2026-10-08T16:05,14.6
TOS01001561,2026-10-08T16:10,14.6
TOS01001561,2026-10-08T16:15,14.6
TOS01001561,2026-10-08T16:20,14.6
TOS01001561,2026-10-08T16:25,14.6
TOS01001561,2026-10-08T16:30,14.6
TOS01001561,2026-10-08T16:35,14.6
TOS01001561,2026-10-08T16:40,16.0
TOS01001561,2026-10-08T16:45,16.2
TOS01001561,2026-10-08T16:50,16.4
TOS01001561,2026-10-08T16:55,16.4
TOS01001561,2026-10-08T17:00,16.4
TOS01001561,2026-10-08T17:05,16.4
TOS01001561,2026-10-08T17:10,16.4
TOS01001561,2026-10-08T17:15,16.4
TOS01001561,2026-10-08T17:20,16.4
TOS01001561,2026-10-08T17:25,16.4
TOS01001561,2026-10-08T17:30,16.4
TOS01001561,2026-10-08T17:35,16.4
TOS01001561,2026-10-08T17:40,16.6
TOS01001561,2026-10-08T17:45,16.6
TOS01001561,2026-10-08T17:50,16.6
TOS01001561,2026-10-08T17:55,16.6
TOS01001561,2026-10-08T18:00,16.6
TOS01001561,2026-10-08T18:05,16.6
TOS01001561,2026-10-08T18:10,16.6
TOS01001561,2026-10-08T18:15,16.6
TOS01001561,2026-10-08T18:20,16.6
TOS01001561,2026-10-08T18:25,16.6
TOS01001561,2026-10-08T18:30,16.6
TOS01001561,2026-10-08T18:35,16.6
TOS01001561,2026-10-08T18:40,16.6
TOS01001561,2026-10-08T18:45,16.6
TOS01001561,2026-10-08T18:50,16.6
TOS01001561,2026-10-08T18:55,16.6
TOS01001561,2026-10-08T19:00,16.6
TOS01001561,2026-10-08T19:05,16.6
TOS01001561,2026-10-08T19:10,16.6
TOS01001561,2026-10-08T19:15,16.6
TOS01001561,2026-10-08T19:20,16.6
TOS01001561,2026-10-08T19:25,16.8
TOS01001561,2026-10-08T19:30,16.8
TOS01001561,2026-10-08T19:35,16.8
TOS01001561,2026-10-08T19:40,16.8
TOS01001561,2026-10-08T19:45,16.8
TOS01001561,2026-10-08T19:50,16.8
TOS01001561,2026-10-08T19:55,16.8
TOS01001561,2026-10-08T20:00,16.8
TOS01001561,2026-10-08T20:05,16.8
TOS01001561,2026-10-08T20:10,16.8
TOS01001561,2026-10-08T20:15,16.8
TOS01001561,2026-10-08T20:20,16.8
TOS01001561,2026-10-08T20:25,16.8
TOS01001561,2026-10-08T20:30,16.8
TOS01001561,2026-10-08T20:35,16.8
TOS01001561,2026-10-08T20:40,16.8
TOS01001561,2026-10-08T20:45,16.8
TOS01001561,2026-10-08T20:50,16.8
TOS01001561,2026-10-08T20:55,16.8
TOS01001561,2026-10-08T21:00,16.8
TOS01001561,2026-10-08T21:05,16.8
TOS01001561,2026-10-08T21:10,16.8
TOS01001561,2026-10-08T21:15,16.8
TOS01001561,2026-10-08T21:20,16.8
TOS01001561,2026-10-08T21:25,16.8
TOS01001561,2026-10-08T21:30,16.8
TOS01001561,2026-10-08T21:35,16.8
TOS01001561,2026-10-08T21:40,16.8
TOS01001561,2026-10-08T21:45,17.0
TOS01001561,2026-10-08T21:50,17.2
TOS01001561,2026-10-08T21:55,17.2
TOS01001561,2026-10-08T22:00,17.2
TOS01001561,2026-10-08T22:05,17.4
TOS01001561,2026-10-08T22:10,17.4
TOS01001561,2026-10-08T22:15,18.2
TOS01001561,2026-10-08T22:20,19.8
TOS01001561,2026-10-08T22:25,19.8
TOS01001561,2026-10-08T22:30,19.8
TOS01001561,2026-10-08T22:35,19.8
TOS01001561,2026-10-08T22:40,19.8
TOS01001561,2026-10-08T22:45,19.8
TOS01001561,2026-10-08T22:50,19.8
TOS01001561,2026-10-08T22:55,19.8
TOS01001561,2026-10-08T23:00,19.8
TOS01001561,2026-10-08T23:05,19.8
TOS01001561,2026-10-08T23:10,19.8
TOS01001561,2026-10-08T23:15,19.8
TOS01001561,2026-10-08T23:20,19.8
TOS01001561,2026-10-08T23:25,19.8
TOS01001561,2026-10-08T23:30,19.8
TOS01001561,2026-10-08T23:35,19.8
TOS01001561,2026-10-08T23:40,19.8
TOS01001561,2026-10-08T23:45,19.8
TOS01001561,2026-10-08T23:50,19.8
TOS01001561,2026-10-08T23:55,20.2
TOS01001601,2026-10-08T00:50,0.2
TOS01001601,2026-10-08T00:55,0.2
TOS01001601,2026-10-08T01:00,0.2
TOS01001601,2026-10-08T01:05,0.2
TOS01001601,2026-10-08T01:10,0.2
TOS01001601,2026-10-08T01:15,0.2
TOS01001601,2026-10-08T01:20,0.2
TOS01001601,2026-10-08T01:25,0.2
TOS01001601,2026-10-08T01:30,0.2
TOS01001601,2026-10-08T01:35,0.2
TOS01001601,2026-10-08T01:40,0.2
TOS01001601,2026-10-08T01:45,0.2
TOS01001601,2026-10-08T01:50,0.2
TOS01001601,2026-10-08T01:55,0.2
TOS01001601,2026-10-08T02:00,0.2
TOS01001601,2026-10-08T02:05,0.2
TOS01001601,2026-10-08T02:10,0.2
TOS01001601,2026-10-08T02:15,0.2
TOS01001601,2026-10-08T02:20,0.2
TOS01001601,2026-10-08T02:25,0.2
TOS01001601,2026-10-08T02:30,0.2
TOS01001601,2026-10-08T02:35,0.2
TOS01001601,2026-10-08T02:40,0.2
TOS01001601,2026-10-08T02:45,0.2
TOS01001601,2026-10-08T02:50,0.2
TOS01001601,2026-10-08T02:55,0.2
TOS01001601,2026-10-08T03:00,0.2
TOS01001601,2026-10-08T03:05,0.2
TOS01001601,2026-10-08T03:10,0.2
TOS01001601,2026-10-08T03:15,0.2
TOS01001601,2026-10-08T03:20,0.2
TOS01001601,2026-10-08T03:25,0.2
TOS01001601,2026-10-08T03:30,0.2
TOS01001601,2026-10-08T03:35,0.2
TOS01001601,2026-10-08T03:40,0.2
TOS01001601,2026-10-08T03:45,0.2
TOS01001601,2026-10-08T03:50,0.2
TOS01001601,2026-10-08T03:55,0.2
TOS01001601,2026-10-08T04:00,0.2
TOS01001601,2026-10-08T04:05,0.2
TOS01001601,2026-10-08T04:10,0.2
TOS01001601,2026-10-08T04:15,0.2
TOS01001601,2026-10-08T04:20,0.2
TOS01001601,2026-10-08T04:25,0.4
TOS01001601,2026-10-08T04:30,0.6
TOS01001601,2026-10-08T04:35,0.8
TOS01001601,2026-10-08T04:40,1.0
TOS01001601,2026-10-08T04:45,1.4
TOS01001601,2026-10-08T04:50,1.6
TOS01001601,2026-10-08T04:55,1.8
TOS01001601,2026-10-08T05:00,4.3
TOS01001601,2026-10-08T05:05,4.7
TOS01001601,2026-10-08T05:10,4.7
TOS01001601,2026-10-08T05:15,4.9
TOS01001601,2026-10-08T05:20,5.5
TOS01001601,2026-10-08T05:25,5.9
TOS01001601,2026-10-08T05:30,5.9
TOS01001601,2026-10-08T05:35,6.1
TOS01001601,2026-10-08T05:40,6.3
TOS01001601,2026-10-08T05:45,6.3
TOS01001601,2026-10-08T05:50,6.3
TOS01001601,2026-10-08T05:55,6.3
TOS01001601,2026-10-08T06:00,6.3
TOS01001601,2026-10-08T06:05,6.3
TOS01001601,2026-10-08T06:10,6.3
TOS01001601,2026-10-08T06:15,6.3
TOS01001601,2026-10-08T06:20,6.3
TOS01001601,2026-10-08T06:25,6.3
TOS01001601,2026-10-08T06:30,6.3
TOS01001601,2026-10-08T06:35,6.3
TOS01001601,2026-10-08T06:40,6.3
TOS01001601,2026-10-08T06:45,6.3
TOS01001601,2026-10-08T06:50,6.3
TOS01001601,2026-10-08T06:55,6.3
TOS01001601,2026-10-08T07:00,6.3
TOS01001601,2026-10-08T07:05,6.3
TOS01001601,2026-10-08T07:10,6.3
TOS01001601,2026-10-08T07:15,6.3
TOS01001601,2026-10-08T07:20,6.3
TOS01001601,2026-10-08T07:25,6.3
TOS01001601,2026-10-08T07:30,6.3
TOS01001601,2026-10-08T07:35,6.3
TOS01001601,2026-10-08T07:40,6.3
TOS01001601,2026-10-08T07:45,6.3
TOS01001601,2026-10-08T07:50,6.3
TOS01001601,2026-10-08T07:55,6.3
TOS01001601,2026-10-08T08:00,6.3
TOS01001601,2026-10-08T08:05,6.3
TOS01001601,2026-10-08T08:10,6.3
TOS01001601,2026-10-08T08:15,6.3
TOS01001601,2026-10-08T08:20,6.3
TOS01001601,2026-10-08T08:25,6.3
TOS01001601,2026-10-08T08:30,6.3
TOS01001601,2026-10-08T08:35,6.3
TOS01001601,2026-10-08T08:40,6.3
TOS01001601,2026-10-08T08:45,6.3
TOS01001601,2026-10-08T08:50,6.3
TOS01001601,2026-10-08T08:55,6.3
TOS01001601,2026-10-08T09:00,6.3
TOS01001601,2026-10-08T09:05,6.3
TOS01001601,2026-10-08T09:10,6.3
TOS01001601,2026-10-08T09:15,6.3
TOS01001601,2026-10-08T09:20,6.3
TOS01001601,2026-10-08T09:25,6.3
TOS01001601,2026-10-08T09:30,6.3
TOS01001601,2026-10-08T09:35,6.3
TOS01001601,2026-10-08T09:40,6.3
TOS01001601,2026-10-08T09:45,6.3
TOS01001601,2026-10-08T09:50,6.3
TOS01001601,2026-10-08T09:55,6.3
TOS01001601,2026-10-08T10:00,6.3
TOS01001601,2026-10-08T10:05,6.3
TOS01001601,2026-10-08T10:10,6.3
TOS01001601,2026-10-08T10:15,6.3
TOS01001601,2026-10-08T10:20,6.3
TOS01001601,2026-10-08T10:25,6.3
TOS01001601,2026-10-08T10:30,6.3
TOS01001601,2026-10-08T10:35,6.3
TOS01001601,2026-10-08T10:40,6.5
TOS01001601,2026-10-08T10:45,6.5
TOS01001601,2026-10-08T10:50,6.9
TOS01001601,2026-10-08T10:55,7.3
TOS01001601,2026-10-08T11:00,12.8
TOS01001601,2026-10-08T11:05,14.0
TOS01001601,2026-10-08T11:10,14.2
TOS01001601,2026-10-08T11:15,14.2
TOS01001601,2026-10-08T11:20,14.2
TOS01001601,2026-10-08T11:25,15.9
TOS01001601,2026-10-08T11:30,16.1
TOS01001601,2026-10-08T11:35,16.1
TOS01001601,2026-10-08T11:40,16.1
TOS01001601,2026-10-08T11:45,16.1
TOS01001601,2026-10-08T11:50,16.1
TOS01001601,2026-10-08T11:55,16.1
TOS01001601,2026-10-08T12:00,16.1
TOS01001601,2026-10-08T12:05,16.1
TOS01001601,2026-10-08T12:10,16.1
TOS01001601,2026-10-08T12:15,16.3
TOS01001601,2026-10-08T12:20,16.3
TOS01001601,2026-10-08T12:25,16.3
TOS01001601,2026-10-08T12:30,16.3
TOS01001601,2026-10-08T12:35,16.3
TOS01001601,2026-10-08T12:40,16.3
TOS01001601,2026-10-08T12:45,16.3
TOS01001601,2026-10-08T12:50,16.3
TOS01001601,2026-10-08T12:55,16.3
TOS01001601,2026-10-08T13:00,16.3
TOS01001601,2026-10-08T13:05,16.3
TOS01001601,2026-10-08T13:10,16.3
TOS01001601,2026-10-08T13:15,16.3
TOS01001601,2026-10-08T13:20,16.3
TOS01001601,2026-10-08T13:25,16.3
TOS01001601,2026-10-08T13:30,16.3
TOS01001601,2026-10-08T13:35,16.3
TOS01001601,2026-10-08T13:40,16.3
TOS01001601,2026-10-08T13:45,16.3
TOS01001601,2026-10-08T13:50,16.3
TOS01001601,2026-10-08T13:55,16.3
TOS01001601,2026-10-08T14:00,16.3
TOS01001601,2026-10-08T14:05,17.3
TOS01001601,2026-10-08T14:10,17.5
TOS01001601,2026-10-08T14:15,17.5
TOS01001601,2026-10-08T14:20,17.5
TOS01001601,2026-10-08T14:25,17.5
TOS01001601,2026-10-08T14:30,17.5
TOS01001601,2026-10-08T14:35,17.5
TOS01001601,2026-10-08T14:40,17.5
TOS01001601,2026-10-08T14:45,17.5
TOS01001601,2026-10-08T14:50,17.5
TOS01001601,2026-10-08T14:55,17.5
TOS01001601,2026-10-08T15:00,17.5
TOS01001601,2026-10-08T15:05,17.5
TOS01001601,2026-10-08T15:10,17.5
TOS01001601,2026-10-08T15:15,17.5
TOS01001601,2026-10-08T15:20,17.5
TOS01001601,2026-10-08T15:25,17.5
TOS01001601,2026-10-08T15:30,17.5
TOS01001601,2026-10-08T15:35,17.5
TOS01001601,2026-10-08T15:40,17.5
TOS01001601,2026-10-08T15:45,17.5
TOS01001601,2026-10-08T15:50,17.5
TOS01001601,2026-10-08T15:55,17.5
TOS01001601,2026-10-08T16:00,17.5
TOS01001601,2026-10-08T16:05,17.5
TOS01001601,2026-10-08T16:10,17.5
TOS01001601,2026-10-08T16:15,17.5
TOS01001601,2026-10-08T16:20,17.5
TOS01001601,2026-10-08T16:25,17.5
TOS01001601,2026-10-08T16:30,17.5
TOS01001601,2026-10-08T16:35,17.5
TOS01001601,2026-10-08T16:40,17.5
TOS01001601,2026-10-08T16:45,17.5
TOS01001601,2026-10-08T16:50,17.5
TOS01001601,2026-10-08T16:55,17.5
TOS01001601,2026-10-08T17:00,17.5
TOS01001601,2026-10-08T17:05,17.5
TOS01001601,2026-10-08T17:10,17.5
TOS01001601,2026-10-08T17:15,17.9
TOS01001601,2026-10-08T17:20,17.9
TOS01001601,2026-10-08T17:25,17.9
TOS01001601,2026-10-08T17:30,17.9
TOS01001601,2026-10-08T17:35,17.9
TOS01001601,2026-10-08T17:40,17.9
TOS01001601,2026-10-08T17:45,17.9
TOS01001601,2026-10-08T17:50,17.9
TOS01001601,2026-10-08T17:55,17.9
TOS01001601,2026-10-08T18:00,17.9
TOS01001601,2026-10-08T18:05,17.9
TOS01001601,2026-10-08T18:10,17.9
TOS01001601,2026-10-08T18:15,17.9
TOS01001601,2026-10-08T18:20,17.9
TOS01001601,2026-10-08T18:25,17.9
TOS01001601,2026-10-08T18:30,17.9
TOS01001601,2026-10-08T18:35,17.9
TOS01001601,2026-10-08T18:40,17.9
TOS01001601,2026-10-08T18:45,17.9
TOS01001601,2026-10-08T18:50,17.9
TOS01001601,2026-10-08T18:55,17.9
TOS01001601,2026-10-08T19:00,17.9
TOS01001601,2026-10-08T19:05,17.9
TOS01001601,2026-10-08T19:10,17.9
TOS01001601,2026-10-08T19:15,17.9
TOS01001601,2026-10-08T19:20,17.9
TOS01001601,2026-10-08T19:25,17.9
TOS01001601,2026-10-08T19:30,17.9
TOS01001601,2026-10-08T19:35,17.9
TOS01001601,2026-10-08T19:40,17.9
TOS01001601,2026-10-08T19:45,17.9
TOS01001601,2026-10-08T19:50,17.9
TOS01001601,2026-10-08T19:55,17.9
TOS01001601,2026-10-08T20:00,17.9
TOS01001601,2026-10-08T20:05,17.9
TOS01001601,2026-10-08T20:10,17.9
TOS01001601,2026-10-08T20:15,17.9
TOS01001601,2026-10-08T20:20,17.9
TOS01001601,2026-10-08T20:25,17.9
TOS01001601,2026-10-08T20:30,17.9
TOS01001601,2026-10-08T20:35,17.9
TOS01001601,2026-10-08T20:40,17.9
TOS01001601,2026-10-08T20:45,17.9
TOS01001601,2026-10-08T20:50,17.9
TOS01001601,2026-10-08T20:55,17.9
TOS01001601,2026-10-08T21:00,17.9
TOS01001601,2026-10-08T21:05,17.9
TOS01001601,2026-10-08T21:10,17.9
TOS01001601,2026-10-08T21:15,17.9
TOS01001601,2026-10-08T21:20,17.9
TOS01001601,2026-10-08T21:25,17.9
TOS01001601,2026-10-08T21:30,17.9
TOS01001601,2026-10-08T21:35,17.9
TOS01001601,2026-10-08T21:40,17.9
TOS01001601,2026-10-08T21:45,17.9
TOS01001601,2026-10-08T21:50,17.9
TOS01001601,2026-10-08T21:55,17.9
TOS01001601,2026-10-08T22:00,18.1
TOS01001601,2026-10-08T22:05,18.9
TOS01001601,2026-10-08T22:10,19.1
TOS01001601,2026-10-08T22:15,19.3
TOS01001601,2026-10-08T22:20,19.3
TOS01001601,2026-10-08T22:25,19.3
TOS01001601,2026-10-08T22:30,19.3
TOS01001601,2026-10-08T22:35,19.3
TOS01001601,2026-10-08T22:40,19.3
TOS01001601,2026-10-08T22:45,19.3
TOS01001601,2026-10-08T22:50,19.3
TOS01001601,2026-10-08T22:55,19.3
TOS01001601,2026-10-08T23:00,19.3
TOS01001601,2026-10-08T23:05,19.5
TOS01001601,2026-10-08T23:10,19.5
TOS01001601,2026-10-08T23:15,19.7
TOS01001601,2026-10-08T23:20,19.7
TOS01001601,2026-10-08T23:25,19.9
TOS01001601,2026-10-08T23:30,19.9
TOS01001601,2026-10-08T23:35,19.9
TOS01001601,2026-10-08T23:40,19.9
TOS01001601,2026-10-08T23:45,19.9
TOS01001601,2026-10-08T23:50,20.1
TOS01001601,2026-10-08T23:55,20.3
TOS01001629,2026-10-08T04:15,0.2
TOS01001629,2026-10-08T04:20,0.2
TOS01001629,2026-10-08T04:25,0.2
TOS01001629,2026-10-08T04:30,0.2
TOS01001629,2026-10-08T04:35,0.2
TOS01001629,2026-10-08T04:40,0.2
TOS01001629,2026-10-08T04:45,0.2
TOS01001629,2026-10-08T04:50,1.0
TOS01001629,2026-10-08T04:55,1.0
TOS01001629,2026-10-08T05:00,1.0
TOS01001629,2026-10-08T05:05,1.2
TOS01001629,2026-10-08T05:10,1.2
TOS01001629,2026-10-08T05:15,1.4
TOS01001629,2026-10-08T05:20,1.4
TOS01001629,2026-10-08T05:25,2.0
TOS01001629,2026-10-08T05:30,2.6
TOS01001629,2026-10-08T05:35,2.6
TOS01001629,2026-10-08T05:40,2.8
TOS01001629,2026-10-08T05:45,2.8
TOS01001629,2026-10-08T05:50,2.8
TOS01001629,2026-10-08T05:55,2.8
TOS01001629,2026-10-08T06:00,2.8
TOS01001629,2026-10-08T06:05,3.0
TOS01001629,2026-10-08T06:10,3.0
TOS01001629,2026-10-08T06:15,3.0
TOS01001629,2026-10-08T06:20,3.0
TOS01001629,2026-10-08T06:25,3.0
TOS01001629,2026-10-08T06:30,3.0
TOS01001629,2026-10-08T06:35,3.0
TOS01001629,2026-10-08T06:40,3.0
TOS01001629,2026-10-08T06:45,3.0
TOS01001629,2026-10-08T06:50,3.0
TOS01001629,2026-10-08T06:55,3.0
TOS01001629,2026-10-08T07:00,3.0
TOS01001629,2026-10-08T07:05,3.0
TOS01001629,2026-10-08T07:10,3.0
TOS01001629,2026-10-08T07:15,3.0
TOS01001629,2026-10-08T07:20,3.0
TOS01001629,2026-10-08T07:25,3.0
TOS01001629,2026-10-08T07:30,3.0
TOS01001629,2026-10-08T07:35,3.0
TOS01001629,2026-10-08T07:40,3.0
TOS01001629,2026-10-08T07:45,3.0
TOS01001629,2026-10-08T07:50,3.0
TOS01001629,2026-10-08T07:55,3.0
TOS01001629,2026-10-08T08:00,3.0
TOS01001629,2026-10-08T08:05,3.0
TOS01001629,2026-10-08T08:10,3.0
TOS01001629,2026-10-08T08:15,3.0
TOS01001629,2026-10-08T08:20,3.0
TOS01001629,2026-10-08T08:25,3.0
TOS01001629,2026-10-08T08:30,3.0
TOS01001629,2026-10-08T08:35,3.0
TOS01001629,2026-10-08T08:40,3.0
TOS01001629,2026-10-08T08:45,3.0
TOS01001629,2026-10-08T08:50,3.0
TOS01001629,2026-10-08T08:55,3.0
TOS01001629,2026-10-08T09:00,3.0
TOS01001629,2026-10-08T09:05,3.0
TOS01001629,2026-10-08T09:10,3.0
TOS01001629,2026-10-08T09:15,3.0
TOS01001629,2026-10-08T09:20,3.0
TOS01001629,2026-10-08T09:25,3.0
TOS01001629,2026-10-08T09:30,3.0
TOS01001629,2026-10-08T09:35,3.0
TOS01001629,2026-10-08T09:40,3.0
TOS01001629,2026-10-08T09:45,3.0
TOS01001629,2026-10-08T09:50,3.0
TOS01001629,2026-10-08T09:55,3.0
TOS01001629,2026-10-08T10:00,3.0
TOS01001629,2026-10-08T10:05,3.0
TOS01001629,2026-10-08T10:10,3.0
TOS01001629,2026-10-08T10:15,3.0
TOS01001629,2026-10-08T10:20,3.0
TOS01001629,2026-10-08T10:25,3.0
TOS01001629,2026-10-08T10:30,3.0
TOS01001629,2026-10-08T10:35,3.0
TOS01001629,2026-10-08T10:40,3.0
TOS01001629,2026-10-08T10:45,3.2
TOS01001629,2026-10-08T10:50,3.2
TOS01001629,2026-10-08T10:55,3.2
TOS01001629,2026-10-08T11:00,3.4
TOS01001629,2026-10-08T11:05,3.4
TOS01001629,2026-10-08T11:10,3.4
TOS01001629,2026-10-08T11:15,3.4
TOS01001629,2026-10-08T11:20,3.4
TOS01001629,2026-10-08T11:25,3.4
TOS01001629,2026-10-08T11:30,3.4
TOS01001629,2026-10-08T11:35,3.6
TOS01001629,2026-10-08T11:40,3.6
TOS01001629,2026-10-08T11:45,3.6
TOS01001629,2026-10-08T11:50,3.6
TOS01001629,2026-10-08T11:55,3.6
TOS01001629,2026-10-08T12:00,3.6
TOS01001629,2026-10-08T12:05,3.6
TOS01001629,2026-10-08T12:10,3.6
TOS01001629,2026-10-08T12:15,3.6
TOS01001629,2026-10-08T12:20,3.6
TOS01001629,2026-10-08T12:25,3.6
TOS01001629,2026-10-08T12:30,3.8
TOS01001629,2026-10-08T12:35,4.2
TOS01001629,2026-10-08T12:40,4.2
TOS01001629,2026-10-08T12:45,4.2
TOS01001629,2026-10-08T12:50,4.2
TOS01001629,2026-10-08T12:55,4.2
TOS01001629,2026-10-08T13:00,4.2
TOS01001629,2026-10-08T13:05,4.2
TOS01001629,2026-10-08T13:10,4.2
TOS01001629,2026-10-08T13:15,4.2
TOS01001629,2026-10-08T13:20,4.2
TOS01001629,2026-10-08T13:25,4.2
TOS01001629,2026-10-08T13:30,4.2
TOS01001629,2026-10-08T13:35,4.2
TOS01001629,2026-10-08T13:40,4.2
TOS01001629,2026-10-08T13:45,4.2
TOS01001629,2026-10-08T13:50,4.2
TOS01001629,2026-10-08T13:55,4.2
TOS01001629,2026-10-08T14:00,4.4
TOS01001629,2026-10-08T14:05,4.4
TOS01001629,2026-10-08T14:10,4.4
TOS01001629,2026-10-08T14:15,4.4
TOS01001629,2026-10-08T14:20,4.4
TOS01001629,2026-10-08T14:25,4.4
TOS01001629,2026-10-08T14:30,4.4
TOS01001629,2026-10-08T14:35,4.4
TOS01001629,2026-10-08T14:40,4.4
TOS01001629,2026-10-08T14:45,4.4
TOS01001629,2026-10-08T14:50,4.4
TOS01001629,2026-10-08T14:55,4.4
TOS01001629,2026-10-08T15:00,4.4
TOS01001629,2026-10-08T15:05,4.4
TOS01001629,2026-10-08T15:10,4.4
TOS01001629,2026-10-08T15:15,4.4
TOS01001629,2026-10-08T15:20,4.4
TOS01001629,2026-10-08T15:25,4.4
TOS01001629,2026-10-08T15:30,4.4
TOS01001629,2026-10-08T15:35,4.4
TOS01001629,2026-10-08T15:40,4.4
TOS01001629,2026-10-08T15:45,4.4
TOS01001629,2026-10-08T15:50,4.4
TOS01001629,2026-10-08T15:55,4.4
TOS01001629,2026-10-08T16:00,4.4
TOS01001629,2026-10-08T16:05,4.4
TOS01001629,2026-10-08T16:10,4.4
TOS01001629,2026-10-08T16:15,4.4
TOS01001629,2026-10-08T16:20,4.4
TOS01001629,2026-10-08T16:25,4.4
TOS01001629,2026-10-08T16:30,4.4
TOS01001629,2026-10-08T16:35,4.4
TOS01001629,2026-10-08T16:40,4.4
TOS01001629,2026-10-08T16:45,4.4
TOS01001629,2026-10-08T16:50,4.4
TOS01001629,2026-10-08T16:55,4.4
TOS01001629,2026-10-08T17:00,4.4
TOS01001629,2026-10-08T17:05,4.4
TOS01001629,2026-10-08T17:10,4.4
TOS01001629,2026-10-08T17:15,4.4
TOS01001629,2026-10-08T17:20,4.4
TOS01001629,2026-10-08T17:25,4.4
TOS01001629,2026-10-08T17:30,4.4
TOS01001629,2026-10-08T17:35,4.4
TOS01001629,2026-10-08T17:40,4.4
TOS01001629,2026-10-08T17:45,4.4
TOS01001629,2026-10-08T17:50,4.4
TOS01001629,2026-10-08T17:55,4.4
TOS01001629,2026-10-08T18:00,4.4
TOS01001629,2026-10-08T18:05,4.4
TOS01001629,2026-10-08T18:10,4.4
TOS01001629,2026-10-08T18:15,4.4
TOS01001629,2026-10-08T18:20,4.4
TOS01001629,2026-10-08T18:25,4.4
TOS01001629,2026-10-08T18:30,4.4
TOS01001629,2026-10-08T18:35,4.4
TOS01001629,2026-10-08T18:40,4.4
TOS01001629,2026-10-08T18:45,4.4
TOS01001629,2026-10-08T18:50,4.4
TOS01001629,2026-10-08T18:55,4.4
TOS01001629,2026-10-08T19:00,4.4
TOS01001629,2026-10-08T19:05,4.4
TOS01001629,2026-10-08T19:10,4.4
TOS01001629,2026-10-08T19:15,4.4
TOS01001629,2026-10-08T19:20,4.4
TOS01001629,2026-10-08T19:25,4.4
TOS01001629,2026-10-08T19:30,4.4
TOS01001629,2026-10-08T19:35,4.4
TOS01001629,2026-10-08T19:40,4.4
TOS01001629,2026-10-08T19:45,4.4
TOS01001629,2026-10-08T19:50,4.4
TOS01001629,2026-10-08T19:55,4.4
TOS01001629,2026-10-08T20:00,4.4
TOS01001629,2026-10-08T20:05,4.4
TOS01001629,2026-10-08T20:10,4.4
TOS01001629,2026-10-08T20:15,4.4
TOS01001629,2026-10-08T20:20,4.4
TOS01001629,2026-10-08T20:25,4.4
TOS01001629,2026-10-08T20:30,4.4
TOS01001629,2026-10-08T20:35,4.4
TOS01001629,2026-10-08T20:40,4.4
TOS01001629,2026-10-08T20:45,4.4
TOS01001629,2026-10-08T20:50,4.4
TOS01001629,2026-10-08T20:55,4.4
TOS01001629,2026-10-08T21:00,4.4
TOS01001629,2026-10-08T21:05,4.4
TOS01001629,2026-10-08T21:10,4.4
TOS01001629,2026-10-08T21:15,4.4
TOS01001629,2026-10-08T21:20,4.4
TOS01001629,2026-10-08T21:25,4.4
TOS01001629,2026-10-08T21:30,4.4
TOS01001629,2026-10-08T21:35,4.4
TOS01001629,2026-10-08T21:40,4.6
TOS01001629,2026-10-08T21:45,4.6
TOS01001629,2026-10-08T21:50,4.8
TOS01001629,2026-10-08T21:55,4.8
TOS01001629,2026-10-08T22:00,4.8
TOS01001629,2026-10-08T22:05,4.8
TOS01001629,2026-10-08T22:10,5.2
TOS01001629,2026-10-08T22:15,5.4
TOS01001629,2026-10-08T22:20,5.6
TOS01001629,2026-10-08T22:25,5.6
TOS01001629,2026-10-08T22:30,5.6
TOS01001629,2026-10-08T22:35,5.6
TOS01001629,2026-10-08T22:40,5.6
TOS01001629,2026-10-08T22:45,5.6
TOS01001629,2026-10-08T22:50,5.6
TOS01001629,2026-10-08T22:55,6.0
TOS01001629,2026-10-08T23:00,6.4
TOS01001629,2026-10-08T23:05,6.8
TOS01001629,2026-10-08T23:10,7.0
TOS01001629,2026-10-08T23:15,7.2
TOS01001629,2026-10-08T23:20,7.2
TOS01001629,2026-10-08T23:25,7.8
TOS01001629,2026-10-08T23:30,8.6
TOS01001629,2026-10-08T23:35,8.8
TOS01001629,2026-10-08T23:40,9.0
TOS01001629,2026-10-08T23:45,9.0
TOS01001629,2026-10-08T23:50,9.4
TOS01001629,2026-10-08T23:55,9.8
TOS01001634,2026-10-08T00:05,0.2
TOS01001634,2026-10-08T00:10,0.4
TOS01001634,2026-10-08T00:15,0.4
TOS01001634,2026-10-08T00:20,0.4
TOS01001634,2026-10-08T00:25,1.0
TOS01001634,2026-10-08T00:30,1.2
TOS01001634,2026-10-08T00:35,1.2
TOS01001634,2026-10-08T00:40,1.2
TOS01001634,2026-10-08T00:45,1.2
TOS01001634,2026-10-08T00:50,1.2
TOS01001634,2026-10-08T00:55,1.2
TOS01001634,2026-10-08T01:00,1.2
TOS01001634,2026-10-08T01:05,1.2
TOS01001634,2026-10-08T01:10,1.2
TOS01001634,2026-10-08T01:15,1.2
TOS01001634,2026-10-08T01:20,1.2
TOS01001634,2026-10-08T01:25,1.2
TOS01001634,2026-10-08T01:30,1.2
TOS01001634,2026-10-08T01:35,1.2
TOS01001634,2026-10-08T01:40,1.2
TOS01001634,2026-10-08T01:45,1.2
TOS01001634,2026-10-08T01:50,1.2
TOS01001634,2026-10-08T01:55,1.2
TOS01001634,2026-10-08T02:00,1.2
TOS01001634,2026-10-08T02:05,1.2
TOS01001634,2026-10-08T02:10,1.2
TOS01001634,2026-10-08T02:15,1.2
TOS01001634,2026-10-08T02:20,1.2
TOS01001634,2026-10-08T02:25,1.2
TOS01001634,2026-10-08T02:30,1.2
TOS01001634,2026-10-08T02:35,1.2
TOS01001634,2026-10-08T02:40,1.2
TOS01001634,2026-10-08T02:45,1.2
TOS01001634,2026-10-08T02:50,1.2
TOS01001634,2026-10-08T02:55,1.2
TOS01001634,2026-10-08T03:00,1.2
TOS01001634,2026-10-08T03:05,1.2
TOS01001634,2026-10-08T03:10,1.2
TOS01001634,2026-10-08T03:15,1.2
TOS01001634,2026-10-08T03:20,1.2
TOS01001634,2026-10-08T03:25,1.2
TOS01001634,2026-10-08T03:30,1.2
TOS01001634,2026-10-08T03:35,1.2
TOS01001634,2026-10-08T03:40,1.2
TOS01001634,2026-10-08T03:45,1.2
TOS01001634,2026-10-08T03:50,1.2
TOS01001634,2026-10-08T03:55,1.2
TOS01001634,2026-10-08T04:00,1.2
TOS01001634,2026-10-08T04:05,1.2
TOS01001634,2026-10-08T04:10,1.2
TOS01001634,2026-10-08T04:15,1.4
TOS01001634,2026-10-08T04:20,1.4
TOS01001634,2026-10-08T04:25,1.4
TOS01001634,2026-10-08T04:30,1.4
TOS01001634,2026-10-08T04:35,1.4
TOS01001634,2026-10-08T04:40,1.4
TOS01001634,2026-10-08T04:45,1.4
TOS01001634,2026-10-08T04:50,1.4
TOS01001634,2026-10-08T04:55,1.4
TOS01001634,2026-10-08T05:00,1.4
TOS01001634,2026-10-08T05:05,1.6
TOS01001634,2026-10-08T05:10,1.6
TOS01001634,2026-10-08T05:15,1.6
TOS01001634,2026-10-08T05:20,2.4
TOS01001634,2026-10-08T05:25,3.0
TOS01001634,2026-10-08T05:30,3.2
TOS01001634,2026-10-08T05:35,3.8
TOS01001634,2026-10-08T05:40,3.8
TOS01001634,2026-10-08T05:45,4.0
TOS01001634,2026-10-08T05:50,4.2
TOS01001634,2026-10-08T05:55,4.2
TOS01001634,2026-10-08T06:00,4.2
TOS01001634,2026-10-08T06:05,4.2
TOS01001634,2026-10-08T06:10,4.2
TOS01001634,2026-10-08T06:15,4.2
TOS01001634,2026-10-08T06:20,4.2
TOS01001634,2026-10-08T06:25,4.2
TOS01001634,2026-10-08T06:30,4.2
TOS01001634,2026-10-08T06:35,4.2
TOS01001634,2026-10-08T06:40,4.2
TOS01001634,2026-10-08T06:45,4.2
TOS01001634,2026-10-08T06:50,4.2
TOS01001634,2026-10-08T06:55,4.2
TOS01001634,2026-10-08T07:00,4.2
TOS01001634,2026-10-08T07:05,4.2
TOS01001634,2026-10-08T07:10,4.2
TOS01001634,2026-10-08T07:15,4.2
TOS01001634,2026-10-08T07:20,4.2
TOS01001634,2026-10-08T07:25,4.2
TOS01001634,2026-10-08T07:30,4.2
TOS01001634,2026-10-08T07:35,4.2
TOS01001634,2026-10-08T07:40,4.2
TOS01001634,2026-10-08T07:45,4.2
TOS01001634,2026-10-08T07:50,4.2
TOS01001634,2026-10-08T07:55,4.2
TOS01001634,2026-10-08T08:00,4.2
TOS01001634,2026-10-08T08:05,4.2
TOS01001634,2026-10-08T08:10,4.2
TOS01001634,2026-10-08T08:15,4.2
TOS01001634,2026-10-08T08:20,4.2
TOS01001634,2026-10-08T08:25,4.2
TOS01001634,2026-10-08T08:30,4.2
TOS01001634,2026-10-08T08:35,4.2
TOS01001634,2026-10-08T08:40,4.2
TOS01001634,2026-10-08T08:45,4.2
TOS01001634,2026-10-08T08:50,4.2
TOS01001634,2026-10-08T08:55,4.2
TOS01001634,2026-10-08T09:00,4.2
TOS01001634,2026-10-08T09:05,4.2
TOS01001634,2026-10-08T09:10,4.2
TOS01001634,2026-10-08T09:15,4.2
TOS01001634,2026-10-08T09:20,4.2
TOS01001634,2026-10-08T09:25,4.2
TOS01001634,2026-10-08T09:30,4.2
TOS01001634,2026-10-08T09:35,4.2
TOS01001634,2026-10-08T09:40,4.2
TOS01001634,2026-10-08T09:45,4.2
TOS01001634,2026-10-08T09:50,4.2
TOS01001634,2026-10-08T09:55,4.2
TOS01001634,2026-10-08T10:00,4.2
TOS01001634,2026-10-08T10:05,4.2
TOS01001634,2026-10-08T10:10,4.2
TOS01001634,2026-10-08T10:15,4.2
TOS01001634,2026-10-08T10:20,4.2
TOS01001634,2026-10-08T10:25,4.2
TOS01001634,2026-10-08T10:30,4.2
TOS01001634,2026-10-08T10:35,4.2
TOS01001634,2026-10-08T10:40,4.2
TOS01001634,2026-10-08T10:45,4.2
TOS01001634,2026-10-08T10:50,4.4
TOS01001634,2026-10-08T10:55,4.4
TOS01001634,2026-10-08T11:00,4.4
TOS01001634,2026-10-08T11:05,4.4
TOS01001634,2026-10-08T11:10,4.6
TOS01001634,2026-10-08T11:15,4.6
TOS01001634,2026-10-08T11:20,4.6
TOS01001634,2026-10-08T11:25,4.6
TOS01001634,2026-10-08T11:30,4.6
TOS01001634,2026-10-08T11:35,4.6
TOS01001634,2026-10-08T11:40,4.6
TOS01001634,2026-10-08T11:45,4.6
TOS01001634,2026-10-08T11:50,4.6
TOS01001634,2026-10-08T11:55,4.6
TOS01001634,2026-10-08T12:00,4.6
TOS01001634,2026-10-08T12:05,4.6
TOS01001634,2026-10-08T12:10,4.6
TOS01001634,2026-10-08T12:15,4.6
TOS01001634,2026-10-08T12:20,4.6
TOS01001634,2026-10-08T12:25,4.6
TOS01001634,2026-10-08T12:30,4.8
TOS01001634,2026-10-08T12:35,5.4
TOS01001634,2026-10-08T12:40,8.1
TOS01001634,2026-10-08T12:45,8.3
TOS01001634,2026-10-08T12:50,8.5
TOS01001634,2026-10-08T12:55,8.5
TOS01001634,2026-10-08T13:00,8.5
TOS01001634,2026-10-08T13:05,8.5
TOS01001634,2026-10-08T13:10,8.5
TOS01001634,2026-10-08T13:15,8.5
TOS01001634,2026-10-08T13:20,8.5
TOS01001634,2026-10-08T13:25,8.5
TOS01001634,2026-10-08T13:30,8.5
TOS01001634,2026-10-08T13:35,8.5
TOS01001634,2026-10-08T13:40,8.5
TOS01001634,2026-10-08T13:45,8.5
TOS01001634,2026-10-08T13:50,8.5
TOS01001634,2026-10-08T13:55,8.5
TOS01001634,2026-10-08T14:00,8.5
TOS01001634,2026-10-08T14:05,8.5
TOS01001634,2026-10-08T14:10,8.5
TOS01001634,2026-10-08T14:15,8.5
TOS01001634,2026-10-08T14:20,8.5
TOS01001634,2026-10-08T14:25,8.5
TOS01001634,2026-10-08T14:30,8.5
TOS01001634,2026-10-08T14:35,8.5
TOS01001634,2026-10-08T14:40,8.5
TOS01001634,2026-10-08T14:45,8.5
TOS01001634,2026-10-08T14:50,8.5
TOS01001634,2026-10-08T14:55,8.5
TOS01001634,2026-10-08T15:00,8.5
TOS01001634,2026-10-08T15:05,8.5
TOS01001634,2026-10-08T15:10,8.5
TOS01001634,2026-10-08T15:15,8.5
TOS01001634,2026-10-08T15:20,8.5
TOS01001634,2026-10-08T15:25,8.5
TOS01001634,2026-10-08T15:30,8.5
TOS01001634,2026-10-08T15:35,8.5
TOS01001634,2026-10-08T15:40,8.5
TOS01001634,2026-10-08T15:45,8.5
TOS01001634,2026-10-08T15:50,8.5
TOS01001634,2026-10-08T15:55,8.5
TOS01001634,2026-10-08T16:00,8.5
TOS01001634,2026-10-08T16:05,8.5
TOS01001634,2026-10-08T16:10,8.5
TOS01001634,2026-10-08T16:15,8.5
TOS01001634,2026-10-08T16:20,8.5
TOS01001634,2026-10-08T16:25,8.5
TOS01001634,2026-10-08T16:30,8.5
TOS01001634,2026-10-08T16:35,8.5
TOS01001634,2026-10-08T16:40,8.5
TOS01001634,2026-10-08T16:45,8.5
TOS01001634,2026-10-08T16:50,8.5
TOS01001634,2026-10-08T16:55,8.5
TOS01001634,2026-10-08T17:00,8.5
TOS01001634,2026-10-08T17:05,8.5
TOS01001634,2026-10-08T17:10,8.5
TOS01001634,2026-10-08T17:15,8.5
TOS01001634,2026-10-08T17:20,8.5
TOS01001634,2026-10-08T17:25,8.5
TOS01001634,2026-10-08T17:30,8.5
TOS01001634,2026-10-08T17:35,8.5
TOS01001634,2026-10-08T17:40,8.5
TOS01001634,2026-10-08T17:45,8.5
TOS01001634,2026-10-08T17:50,8.5
TOS01001634,2026-10-08T17:55,8.5
TOS01001634,2026-10-08T18:00,8.5
TOS01001634,2026-10-08T18:05,8.5
TOS01001634,2026-10-08T18:10,8.5
TOS01001634,2026-10-08T18:15,8.5
TOS01001634,2026-10-08T18:20,8.5
TOS01001634,2026-10-08T18:25,8.5
TOS01001634,2026-10-08T18:30,8.5
TOS01001634,2026-10-08T18:35,8.5
TOS01001634,2026-10-08T18:40,8.5
TOS01001634,2026-10-08T18:45,8.5
TOS01001634,2026-10-08T18:50,8.5
TOS01001634,2026-10-08T18:55,8.5
TOS01001634,2026-10-08T19:00,8.5
TOS01001634,2026-10-08T19:05,8.5
TOS01001634,2026-10-08T19:10,8.5
TOS01001634,2026-10-08T19:15,8.5
TOS01001634,2026-10-08T19:20,8.5
TOS01001634,2026-10-08T19:25,8.5
TOS01001634,2026-10-08T19:30,8.5
TOS01001634,2026-10-08T19:35,8.5
TOS01001634,2026-10-08T19:40,8.5
TOS01001634,2026-10-08T19:45,8.5
TOS01001634,2026-10-08T19:50,8.5
TOS01001634,2026-10-08T19:55,8.5
TOS01001634,2026-10-08T20:00,8.5
TOS01001634,2026-10-08T20:05,8.5
TOS01001634,2026-10-08T20:10,8.5
TOS01001634,2026-10-08T20:15,8.5
TOS01001634,2026-10-08T20:20,8.5
TOS01001634,2026-10-08T20:25,8.5
TOS01001634,2026-10-08T20:30,8.5
TOS01001634,2026-10-08T20:35,8.5
TOS01001634,2026-10-08T20:40,8.5
TOS01001634,2026-10-08T20:45,8.5
TOS01001634,2026-10-08T20:50,8.5
TOS01001634,2026-10-08T20:55,8.5
TOS01001634,2026-10-08T21:00,8.5
TOS01001634,2026-10-08T21:05,8.5
TOS01001634,2026-10-08T21:10,8.5
TOS01001634,2026-10-08T21:15,8.7
TOS01001634,2026-10-08T21:20,8.7
TOS01001634,2026-10-08T21:25,8.7
TOS01001634,2026-10-08T21:30,8.7
TOS01001634,2026-10-08T21:35,8.7
TOS01001634,2026-10-08T21:40,8.7
TOS01001634,2026-10-08T21:45,8.7
TOS01001634,2026-10-08T21:50,8.7
TOS01001634,2026-10-08T21:55,8.7
TOS01001634,2026-10-08T22:00,8.7
TOS01001634,2026-10-08T22:05,8.7
TOS01001634,2026-10-08T22:10,9.1
TOS01001634,2026-10-08T22:15,9.1
TOS01001634,2026-10-08T22:20,9.1
TOS01001634,2026-10-08T22:25,9.3
TOS01001634,2026-10-08T22:30,9.5
TOS01001634,2026-10-08T22:35,9.7
TOS01001634,2026-10-08T22:40,9.7
TOS01001634,2026-10-08T22:45,9.9
TOS01001634,2026-10-08T22:50,10.1
TOS01001634,2026-10-08T22:55,10.3
TOS01001634,2026-10-08T23:00,10.5
TOS01001634,2026-10-08T23:05,10.7
TOS01001634,2026-10-08T23:10,11.3
TOS01001634,2026-10-08T23:15,11.7
TOS01001634,2026-10-08T23:20,11.9
TOS01001634,2026-10-08T23:25,12.1
TOS01001634,2026-10-08T23:30,12.3
TOS01001634,2026-10-08T23:35,12.3
TOS01001634,2026-10-08T23:40,12.5
TOS01001634,2026-10-08T23:45,12.7
TOS01001634,2026-10-08T23:50,12.9
TOS01001634,2026-10-08T23:55,13.1
TOS01001831,2026-10-08T03:45,0.4
TOS01001831,2026-10-08T04:00,1.0
TOS01001831,2026-10-08T04:15,3.6
TOS01001831,2026-10-08T04:30,5.0
TOS01001831,2026-10-08T04:45,6.2
TOS01001831,2026-10-08T05:00,7.0
TOS01001831,2026-10-08T05:15,9.2
TOS01001831,2026-10-08T05:30,9.2
TOS01001831,2026-10-08T05:45,9.2
TOS01001831,2026-10-08T06:00,9.2
TOS01001831,2026-10-08T06:15,9.2
TOS01001831,2026-10-08T06:30,9.2
TOS01001831,2026-10-08T06:45,9.2
TOS01001831,2026-10-08T07:00,9.2
TOS01001831,2026-10-08T07:15,9.2
TOS01001831,2026-10-08T07:30,9.2
TOS01001831,2026-10-08T07:45,9.4
TOS01001831,2026-10-08T08:00,9.4
TOS01001831,2026-10-08T08:15,9.4
TOS01001831,2026-10-08T08:30,9.4
TOS01001831,2026-10-08T08:45,9.4
TOS01001831,2026-10-08T09:00,9.4
TOS01001831,2026-10-08T09:15,9.4
TOS01001831,2026-10-08T09:30,9.4
TOS01001831,2026-10-08T09:45,9.4
TOS01001831,2026-10-08T10:00,9.8
TOS01001831,2026-10-08T10:15,14.6
TOS01001831,2026-10-08T10:30,21.8
TOS01001831,2026-10-08T10:45,22.8
TOS01001831,2026-10-08T11:00,22.8
TOS01001831,2026-10-08T11:15,22.8
TOS01001831,2026-10-08T11:30,22.8
TOS01001831,2026-10-08T11:45,23.4
TOS01001831,2026-10-08T12:00,23.4
TOS01001831,2026-10-08T12:15,23.4
TOS01001831,2026-10-08T12:30,23.4
TOS01001831,2026-10-08T12:45,23.4
TOS01001831,2026-10-08T13:00,23.4
TOS01001831,2026-10-08T13:15,23.4
TOS01001831,2026-10-08T13:30,23.4
TOS01001831,2026-10-08T13:45,23.4
TOS01001831,2026-10-08T14:00,23.4
TOS01001831,2026-10-08T14:15,23.4
TOS01001831,2026-10-08T14:30,23.4
TOS01001831,2026-10-08T14:45,23.4
TOS01001831,2026-10-08T15:00,23.4
TOS01001831,2026-10-08T15:15,23.4
TOS01001831,2026-10-08T15:30,23.4
TOS01001831,2026-10-08T15:45,23.6
TOS01001831,2026-10-08T16:00,23.6
TOS01001831,2026-10-08T16:15,23.6
TOS01001831,2026-10-08T16:30,23.6
TOS01001831,2026-10-08T16:45,23.6
TOS01001831,2026-10-08T17:00,23.6
TOS01001831,2026-10-08T17:15,23.6
TOS01001831,2026-10-08T17:30,23.6
TOS01001831,2026-10-08T17:45,23.6
TOS01001831,2026-10-08T18:00,23.6
TOS01001831,2026-10-08T18:15,23.6
TOS01001831,2026-10-08T18:30,23.6
TOS01001831,2026-10-08T18:45,23.6
TOS01001831,2026-10-08T19:00,23.6
TOS01001831,2026-10-08T19:15,23.6
TOS01001831,2026-10-08T19:30,23.6
TOS01001831,2026-10-08T19:45,23.6
TOS01001831,2026-10-08T20:00,23.6
TOS01001831,2026-10-08T20:15,23.6
TOS01001831,2026-10-08T20:30,23.6
TOS01001831,2026-10-08T20:45,23.6
TOS01001831,2026-10-08T21:00,23.6
TOS01001831,2026-10-08T21:15,23.6
TOS01001831,2026-10-08T21:30,23.6
TOS01001831,2026-10-08T21:45,23.6
TOS01001831,2026-10-08T22:00,23.6
TOS01001831,2026-10-08T22:15,23.6
TOS01001831,2026-10-08T22:30,23.6
TOS01001831,2026-10-08T22:45,23.6
TOS01001831,2026-10-08T23:00,23.6
TOS01001831,2026-10-08T23:15,23.6
TOS01001831,2026-10-08T23:30,23.6
TOS01001831,2026-10-08T23:45,23.8
TOS01001889,2026-10-08T04:00,0.2
TOS01001889,2026-10-08T04:05,0.2
TOS01001889,2026-10-08T04:10,0.4
TOS01001889,2026-10-08T04:15,0.4
TOS01001889,2026-10-08T04:20,0.6
TOS01001889,2026-10-08T04:25,0.6
TOS01001889,2026-10-08T04:30,0.8
TOS01001889,2026-10-08T04:35,1.0
TOS01001889,2026-10-08T04:40,1.2
TOS01001889,2026-10-08T04:45,1.8
TOS01001889,2026-10-08T04:50,2.2
TOS01001889,2026-10-08T04:55,3.0
TOS01001889,2026-10-08T05:00,4.4
TOS01001889,2026-10-08T05:05,5.0
TOS01001889,2026-10-08T05:10,5.4
TOS01001889,2026-10-08T05:15,5.4
TOS01001889,2026-10-08T05:20,5.6
TOS01001889,2026-10-08T05:25,5.6
TOS01001889,2026-10-08T05:30,5.6
TOS01001889,2026-10-08T05:35,5.6
TOS01001889,2026-10-08T05:40,5.6
TOS01001889,2026-10-08T05:45,5.6
TOS01001889,2026-10-08T05:50,5.6
TOS01001889,2026-10-08T05:55,5.6
TOS01001889,2026-10-08T06:00,5.6
TOS01001889,2026-10-08T06:05,5.6
TOS01001889,2026-10-08T06:10,5.6
TOS01001889,2026-10-08T06:15,5.6
TOS01001889,2026-10-08T06:20,5.6
TOS01001889,2026-10-08T06:25,5.6
TOS01001889,2026-10-08T06:30,5.6
TOS01001889,2026-10-08T06:35,5.6
TOS01001889,2026-10-08T06:40,5.6
TOS01001889,2026-10-08T06:45,5.6
TOS01001889,2026-10-08T06:50,5.6
TOS01001889,2026-10-08T06:55,5.6
TOS01001889,2026-10-08T07:00,5.6
TOS01001889,2026-10-08T07:05,5.6
TOS01001889,2026-10-08T07:10,5.6
TOS01001889,2026-10-08T07:15,5.6
TOS01001889,2026-10-08T07:20,5.6
TOS01001889,2026-10-08T07:25,5.6
TOS01001889,2026-10-08T07:30,5.6
TOS01001889,2026-10-08T07:35,5.6
TOS01001889,2026-10-08T07:40,5.6
TOS01001889,2026-10-08T07:45,5.6
TOS01001889,2026-10-08T07:50,5.6
TOS01001889,2026-10-08T07:55,5.6
TOS01001889,2026-10-08T08:00,5.6
TOS01001889,2026-10-08T08:05,5.6
TOS01001889,2026-10-08T08:10,5.6
TOS01001889,2026-10-08T08:15,5.6
TOS01001889,2026-10-08T08:20,5.6
TOS01001889,2026-10-08T08:25,5.6
TOS01001889,2026-10-08T08:30,5.6
TOS01001889,2026-10-08T08:35,5.6
TOS01001889,2026-10-08T08:40,5.6
TOS01001889,2026-10-08T08:45,5.6
TOS01001889,2026-10-08T08:50,5.6
TOS01001889,2026-10-08T08:55,5.6
TOS01001889,2026-10-08T09:00,5.6
TOS01001889,2026-10-08T09:05,5.6
TOS01001889,2026-10-08T09:10,5.6
TOS01001889,2026-10-08T09:15,5.6
TOS01001889,2026-10-08T09:20,5.6
TOS01001889,2026-10-08T09:25,5.6
TOS01001889,2026-10-08T09:30,5.6
TOS01001889,2026-10-08T09:35,5.6
TOS01001889,2026-10-08T09:40,5.6
TOS01001889,2026-10-08T09:45,5.6
TOS01001889,2026-10-08T09:50,5.6
TOS01001889,2026-10-08T09:55,5.6
TOS01001889,2026-10-08T10:00,5.6
TOS01001889,2026-10-08T10:05,5.6
TOS01001889,2026-10-08T10:10,5.6
TOS01001889,2026-10-08T10:15,5.6
TOS01001889,2026-10-08T10:20,5.6
TOS01001889,2026-10-08T10:25,6.2
TOS01001889,2026-10-08T10:30,6.4
TOS01001889,2026-10-08T10:35,6.6
TOS01001889,2026-10-08T10:40,6.6
TOS01001889,2026-10-08T10:45,6.8
TOS01001889,2026-10-08T10:50,7.0
TOS01001889,2026-10-08T10:55,7.0
TOS01001889,2026-10-08T11:00,7.0
TOS01001889,2026-10-08T11:05,7.0
TOS01001889,2026-10-08T11:10,7.2
TOS01001889,2026-10-08T11:15,7.2
TOS01001889,2026-10-08T11:20,7.2
TOS01001889,2026-10-08T11:25,7.2
TOS01001889,2026-10-08T11:30,7.2
TOS01001889,2026-10-08T11:35,7.2
TOS01001889,2026-10-08T11:40,7.2
TOS01001889,2026-10-08T11:45,7.2
TOS01001889,2026-10-08T11:50,7.2
TOS01001889,2026-10-08T11:55,7.2
TOS01001889,2026-10-08T12:00,7.2
TOS01001889,2026-10-08T12:05,7.4
TOS01001889,2026-10-08T12:10,7.6
TOS01001889,2026-10-08T12:15,7.8
TOS01001889,2026-10-08T12:20,8.2
TOS01001889,2026-10-08T12:25,8.2
TOS01001889,2026-10-08T12:30,8.2
TOS01001889,2026-10-08T12:35,8.2
TOS01001889,2026-10-08T12:40,8.2
TOS01001889,2026-10-08T12:45,8.2
TOS01001889,2026-10-08T12:50,8.2
TOS01001889,2026-10-08T12:55,8.2
TOS01001889,2026-10-08T13:00,8.2
TOS01001889,2026-10-08T13:05,8.2
TOS01001889,2026-10-08T13:10,8.2
TOS01001889,2026-10-08T13:15,8.2
TOS01001889,2026-10-08T13:20,8.2
TOS01001889,2026-10-08T13:25,8.2
TOS01001889,2026-10-08T13:30,8.2
TOS01001889,2026-10-08T13:35,9.6
TOS01001889,2026-10-08T13:40,12.9
TOS01001889,2026-10-08T13:45,13.3
TOS01001889,2026-10-08T13:50,13.3
TOS01001889,2026-10-08T13:55,13.3
TOS01001889,2026-10-08T14:00,13.3
TOS01001889,2026-10-08T14:05,13.3
TOS01001889,2026-10-08T14:10,13.3
TOS01001889,2026-10-08T14:15,13.3
TOS01001889,2026-10-08T14:20,13.3
TOS01001889,2026-10-08T14:25,13.3
TOS01001889,2026-10-08T14:30,13.3
TOS01001889,2026-10-08T14:35,13.3
TOS01001889,2026-10-08T14:40,13.3
TOS01001889,2026-10-08T14:45,13.3
TOS01001889,2026-10-08T14:50,13.3
TOS01001889,2026-10-08T14:55,13.3
TOS01001889,2026-10-08T15:00,13.3
TOS01001889,2026-10-08T15:05,13.3
TOS01001889,2026-10-08T15:10,13.3
TOS01001889,2026-10-08T15:15,13.3
TOS01001889,2026-10-08T15:20,13.3
TOS01001889,2026-10-08T15:25,13.3
TOS01001889,2026-10-08T15:30,13.3
TOS01001889,2026-10-08T15:35,13.3
TOS01001889,2026-10-08T15:40,13.3
TOS01001889,2026-10-08T15:45,13.3
TOS01001889,2026-10-08T15:50,13.3
TOS01001889,2026-10-08T15:55,13.3
TOS01001889,2026-10-08T16:00,13.3
TOS01001889,2026-10-08T16:05,13.3
TOS01001889,2026-10-08T16:10,13.3
TOS01001889,2026-10-08T16:15,13.3
TOS01001889,2026-10-08T16:20,13.3
TOS01001889,2026-10-08T16:25,13.3
TOS01001889,2026-10-08T16:30,13.3
TOS01001889,2026-10-08T16:35,13.3
TOS01001889,2026-10-08T16:40,13.3
TOS01001889,2026-10-08T16:45,13.3
TOS01001889,2026-10-08T16:50,13.3
TOS01001889,2026-10-08T16:55,13.3
TOS01001889,2026-10-08T17:00,13.3
TOS01001889,2026-10-08T17:05,13.3
TOS01001889,2026-10-08T17:10,13.3
TOS01001889,2026-10-08T17:15,13.3
TOS01001889,2026-10-08T17:20,13.3
TOS01001889,2026-10-08T17:25,13.3
TOS01001889,2026-10-08T17:30,13.3
TOS01001889,2026-10-08T17:35,13.3
TOS01001889,2026-10-08T17:40,13.3
TOS01001889,2026-10-08T17:45,13.3
TOS01001889,2026-10-08T17:50,13.3
TOS01001889,2026-10-08T17:55,13.3
TOS01001889,2026-10-08T18:00,13.3
TOS01001889,2026-10-08T18:05,13.3
TOS01001889,2026-10-08T18:10,13.3
TOS01001889,2026-10-08T18:15,13.3
TOS01001889,2026-10-08T18:20,13.3
TOS01001889,2026-10-08T18:25,13.3
TOS01001889,2026-10-08T18:30,13.3
TOS01001889,2026-10-08T18:35,13.3
TOS01001889,2026-10-08T18:40,13.3
TOS01001889,2026-10-08T18:45,13.3
TOS01001889,2026-10-08T18:50,13.3
TOS01001889,2026-10-08T18:55,13.3
TOS01001889,2026-10-08T19:00,13.3
TOS01001889,2026-10-08T19:05,13.3
TOS01001889,2026-10-08T19:10,13.3
TOS01001889,2026-10-08T19:15,13.3
TOS01001889,2026-10-08T19:20,13.3
TOS01001889,2026-10-08T19:25,13.3
TOS01001889,2026-10-08T19:30,13.3
TOS01001889,2026-10-08T19:35,13.3
TOS01001889,2026-10-08T19:40,13.3
TOS01001889,2026-10-08T19:45,13.3
TOS01001889,2026-10-08T19:50,13.3
TOS01001889,2026-10-08T19:55,13.3
TOS01001889,2026-10-08T20:00,13.3
TOS01001889,2026-10-08T20:05,13.3
TOS01001889,2026-10-08T20:10,13.3
TOS01001889,2026-10-08T20:15,13.3
TOS01001889,2026-10-08T20:20,13.3
TOS01001889,2026-10-08T20:25,13.3
TOS01001889,2026-10-08T20:30,13.3
TOS01001889,2026-10-08T20:35,13.3
TOS01001889,2026-10-08T20:40,13.3
TOS01001889,2026-10-08T20:45,13.3
TOS01001889,2026-10-08T20:50,13.3
TOS01001889,2026-10-08T20:55,13.3
TOS01001889,2026-10-08T21:00,13.3
TOS01001889,2026-10-08T21:05,13.3
TOS01001889,2026-10-08T21:10,13.3
TOS01001889,2026-10-08T21:15,13.3
TOS01001889,2026-10-08T21:20,13.3
TOS01001889,2026-10-08T21:25,13.3
TOS01001889,2026-10-08T21:30,13.3
TOS01001889,2026-10-08T21:35,13.5
TOS01001889,2026-10-08T21:40,13.5
TOS01001889,2026-10-08T21:45,13.5
TOS01001889,2026-10-08T21:50,13.7
TOS01001889,2026-10-08T21:55,13.9
TOS01001889,2026-10-08T22:00,14.1
TOS01001889,2026-10-08T22:05,14.1
TOS01001889,2026-10-08T22:10,14.1
TOS01001889,2026-10-08T22:15,14.1
TOS01001889,2026-10-08T22:20,14.1
TOS01001889,2026-10-08T22:25,14.1
TOS01001889,2026-10-08T22:30,14.1
TOS01001889,2026-10-08T22:35,14.1
TOS01001889,2026-10-08T22:40,14.1
TOS01001889,2026-10-08T22:45,14.1
TOS01001889,2026-10-08T22:50,14.1
TOS01001889,2026-10-08T22:55,14.1
TOS01001889,2026-10-08T23:00,14.1
TOS01001889,2026-10-08T23:05,14.1
TOS01001889,2026-10-08T23:10,14.1
TOS01001889,2026-10-08T23:15,14.1
TOS01001889,2026-10-08T23:20,14.1
TOS01001889,2026-10-08T23:25,14.1
TOS01001889,2026-10-08T23:30,14.1
TOS01001889,2026-10-08T23:35,14.7
TOS01001889,2026-10-08T23:40,14.7
TOS01001889,2026-10-08T23:45,14.7
TOS01001889,2026-10-08T23:50,14.7
TOS01001889,2026-10-08T23:55,14.7
TOS01004007,2026-10-08T00:15,0.6
TOS01004007,2026-10-08T00:20,2.9
TOS01004007,2026-10-08T00:25,3.5
TOS01004007,2026-10-08T00:30,3.9
TOS01004007,2026-10-08T00:35,4.1
TOS01004007,2026-10-08T00:40,4.1
TOS01004007,2026-10-08T00:45,4.1
TOS01004007,2026-10-08T00:50,4.1
TOS01004007,2026-10-08T00:55,4.1
TOS01004007,2026-10-08T01:00,4.1
TOS01004007,2026-10-08T01:05,4.1
TOS01004007,2026-10-08T01:10,4.5
TOS01004007,2026-10-08T01:15,4.5
TOS01004007,2026-10-08T01:20,4.5
TOS01004007,2026-10-08T01:25,4.5
TOS01004007,2026-10-08T01:30,4.5
TOS01004007,2026-10-08T01:35,4.5
TOS01004007,2026-10-08T01:40,4.5
TOS01004007,2026-10-08T01:45,4.5
TOS01004007,2026-10-08T01:50,4.5
TOS01004007,2026-10-08T01:55,4.5
TOS01004007,2026-10-08T02:00,4.5
TOS01004007,2026-10-08T02:05,4.5
TOS01004007,2026-10-08T02:10,4.5
TOS01004007,2026-10-08T02:15,4.5
TOS01004007,2026-10-08T02:20,4.5
TOS01004007,2026-10-08T02:25,4.5
TOS01004007,2026-10-08T02:30,4.5
TOS01004007,2026-10-08T02:35,4.5
TOS01004007,2026-10-08T02:40,4.5
TOS01004007,2026-10-08T02:45,4.5
TOS01004007,2026-10-08T02:50,4.5
TOS01004007,2026-10-08T02:55,4.5
TOS01004007,2026-10-08T03:00,4.5
TOS01004007,2026-10-08T03:05,4.5
TOS01004007,2026-10-08T03:10,4.5
TOS01004007,2026-10-08T03:15,4.5
TOS01004007,2026-10-08T03:20,4.5
TOS01004007,2026-10-08T03:25,4.5
TOS01004007,2026-10-08T03:30,4.5
TOS01004007,2026-10-08T03:35,4.5
TOS01004007,2026-10-08T03:40,4.5
TOS01004007,2026-10-08T03:45,4.5
TOS01004007,2026-10-08T03:50,4.5
TOS01004007,2026-10-08T03:55,4.7
TOS01004007,2026-10-08T04:00,4.7
TOS01004007,2026-10-08T04:05,4.9
TOS01004007,2026-10-08T04:10,5.1
TOS01004007,2026-10-08T04:15,5.7
TOS01004007,2026-10-08T04:20,6.1
TOS01004007,2026-10-08T04:25,6.3
TOS01004007,2026-10-08T04:30,6.5
TOS01004007,2026-10-08T04:35,6.9
TOS01004007,2026-10-08T04:40,7.1
TOS01004007,2026-10-08T04:45,7.5
TOS01004007,2026-10-08T04:50,7.5
TOS01004007,2026-10-08T04:55,7.5
TOS01004007,2026-10-08T05:00,7.5
TOS01004007,2026-10-08T05:05,7.5
TOS01004007,2026-10-08T05:10,7.5
TOS01004007,2026-10-08T05:15,7.5
TOS01004007,2026-10-08T05:20,7.5
TOS01004007,2026-10-08T05:25,7.5
TOS01004007,2026-10-08T05:30,7.5
TOS01004007,2026-10-08T05:35,7.5
TOS01004007,2026-10-08T05:40,7.5
TOS01004007,2026-10-08T05:45,7.5
TOS01004007,2026-10-08T05:50,7.5
TOS01004007,2026-10-08T05:55,7.5
TOS01004007,2026-10-08T06:00,7.5
TOS01004007,2026-10-08T06:05,7.5
TOS01004007,2026-10-08T06:10,7.5
TOS01004007,2026-10-08T06:15,7.5
TOS01004007,2026-10-08T06:20,7.5
TOS01004007,2026-10-08T06:25,7.5
TOS01004007,2026-10-08T06:30,7.5
TOS01004007,2026-10-08T06:35,7.5
TOS01004007,2026-10-08T06:40,7.5
TOS01004007,2026-10-08T06:45,7.5
TOS01004007,2026-10-08T06:50,7.5
TOS01004007,2026-10-08T06:55,7.5
TOS01004007,2026-10-08T07:00,7.5
TOS01004007,2026-10-08T07:05,7.5
TOS01004007,2026-10-08T07:10,7.5
TOS01004007,2026-10-08T07:15,7.5
TOS01004007,2026-10-08T07:20,7.5
TOS01004007,2026-10-08T07:25,7.5
TOS01004007,2026-10-08T07:30,7.5
TOS01004007,2026-10-08T07:35,7.5
TOS01004007,2026-10-08T07:40,7.5
TOS01004007,2026-10-08T07:45,7.5
TOS01004007,2026-10-08T07:50,7.5
TOS01004007,2026-10-08T07:55,7.5
TOS01004007,2026-10-08T08:00,7.5
TOS01004007,2026-10-08T08:05,7.5
TOS01004007,2026-10-08T08:10,7.7
TOS01004007,2026-10-08T08:15,7.7
TOS01004007,2026-10-08T08:20,7.7
TOS01004007,2026-10-08T08:25,7.7
TOS01004007,2026-10-08T08:30,7.7
TOS01004007,2026-10-08T08:35,7.7
TOS01004007,2026-10-08T08:40,7.7
TOS01004007,2026-10-08T08:45,7.7
TOS01004007,2026-10-08T08:50,7.7
TOS01004007,2026-10-08T08:55,7.7
TOS01004007,2026-10-08T09:00,7.7
TOS01004007,2026-10-08T09:05,7.9
TOS01004007,2026-10-08T09:10,8.5
TOS01004007,2026-10-08T09:15,8.5
TOS01004007,2026-10-08T09:20,8.5
TOS01004007,2026-10-08T09:25,8.7
TOS01004007,2026-10-08T09:30,8.7
TOS01004007,2026-10-08T09:35,8.7
TOS01004007,2026-10-08T09:40,8.7
TOS01004007,2026-10-08T09:45,8.7
TOS01004007,2026-10-08T09:50,8.7
TOS01004007,2026-10-08T09:55,8.7
TOS01004007,2026-10-08T10:00,8.7
TOS01004007,2026-10-08T10:05,8.7
TOS01004007,2026-10-08T10:10,8.7
TOS01004007,2026-10-08T10:15,8.7
TOS01004007,2026-10-08T10:20,8.7
TOS01004007,2026-10-08T10:25,8.7
TOS01004007,2026-10-08T10:30,8.7
TOS01004007,2026-10-08T10:35,8.7
TOS01004007,2026-10-08T10:40,8.7
TOS01004007,2026-10-08T10:45,8.7
TOS01004007,2026-10-08T11:05,8.7
TOS01004007,2026-10-08T11:10,8.7
TOS01004007,2026-10-08T11:15,8.7
TOS01004007,2026-10-08T11:20,8.7
TOS01004007,2026-10-08T11:25,8.7
TOS01004007,2026-10-08T11:30,8.7
TOS01004007,2026-10-08T11:35,8.7
TOS01004007,2026-10-08T12:25,8.7
TOS01004007,2026-10-08T12:30,9.3
TOS01004007,2026-10-08T12:35,13.0
TOS01004007,2026-10-08T12:40,15.9
TOS01004007,2026-10-08T12:45,15.9
TOS01004007,2026-10-08T12:50,15.9
TOS01004007,2026-10-08T12:55,15.9
TOS01004007,2026-10-08T13:00,15.9
TOS01004007,2026-10-08T13:05,15.9
TOS01004007,2026-10-08T13:10,15.9
TOS01004007,2026-10-08T13:15,15.9
TOS01004007,2026-10-08T13:20,15.9
TOS01004007,2026-10-08T13:25,15.9
TOS01004007,2026-10-08T13:30,15.9
TOS01004007,2026-10-08T13:35,15.9
TOS01004007,2026-10-08T13:40,15.9
TOS01004007,2026-10-08T13:45,15.9
TOS01004007,2026-10-08T13:50,15.9
TOS01004007,2026-10-08T13:55,15.9
TOS01004007,2026-10-08T14:00,15.9
TOS01004007,2026-10-08T14:05,15.9
TOS01004007,2026-10-08T14:10,15.9
TOS01004007,2026-10-08T14:15,15.9
TOS01004007,2026-10-08T14:20,15.9
TOS01004007,2026-10-08T14:25,15.9
TOS01004007,2026-10-08T14:30,15.9
TOS01004007,2026-10-08T14:35,15.9
TOS01004007,2026-10-08T14:40,15.9
TOS01004007,2026-10-08T14:45,15.9
TOS01004007,2026-10-08T14:50,15.9
TOS01004007,2026-10-08T14:55,15.9
TOS01004007,2026-10-08T15:00,15.9
TOS01004007,2026-10-08T15:05,15.9
TOS01004007,2026-10-08T15:10,15.9
TOS01004007,2026-10-08T15:15,15.9
TOS01004007,2026-10-08T15:20,15.9
TOS01004007,2026-10-08T15:25,15.9
TOS01004007,2026-10-08T15:30,15.9
TOS01004007,2026-10-08T15:35,17.3
TOS01004007,2026-10-08T15:40,23.8
TOS01004007,2026-10-08T15:45,23.8
TOS01004007,2026-10-08T15:50,23.8
TOS01004007,2026-10-08T15:55,23.8
TOS01004007,2026-10-08T16:00,23.8
TOS01004007,2026-10-08T16:05,23.8
TOS01004007,2026-10-08T16:10,24.0
TOS01004007,2026-10-08T16:15,24.0
TOS01004007,2026-10-08T16:20,24.0
TOS01004007,2026-10-08T16:25,24.0
TOS01004007,2026-10-08T16:30,24.0
TOS01004007,2026-10-08T16:35,24.0
TOS01004007,2026-10-08T16:40,24.0
TOS01004007,2026-10-08T16:45,24.0
TOS01004007,2026-10-08T16:50,24.0
TOS01004007,2026-10-08T16:55,24.0
TOS01004007,2026-10-08T17:00,24.0
TOS01004007,2026-10-08T17:05,24.0
TOS01004007,2026-10-08T17:10,24.0
TOS01004007,2026-10-08T17:15,24.0
TOS01004007,2026-10-08T17:20,24.0
TOS01004007,2026-10-08T17:25,24.0
TOS01004007,2026-10-08T17:30,24.0
TOS01004007,2026-10-08T17:35,24.0
TOS01004007,2026-10-08T17:40,24.0
TOS01004007,2026-10-08T17:45,24.0
TOS01004007,2026-10-08T17:50,24.0
TOS01004007,2026-10-08T17:55,24.0
TOS01004007,2026-10-08T18:00,24.0
TOS01004007,2026-10-08T18:05,24.0
TOS01004007,2026-10-08T18:10,24.0
TOS01004007,2026-10-08T18:15,24.0
TOS01004007,2026-10-08T18:20,24.0
TOS01004007,2026-10-08T18:25,24.0
TOS01004007,2026-10-08T18:30,24.0
TOS01004007,2026-10-08T18:35,24.0
TOS01004007,2026-10-08T18:40,24.0
TOS01004007,2026-10-08T18:45,24.0
TOS01004007,2026-10-08T18:50,24.0
TOS01004007,2026-10-08T18:55,24.0
TOS01004007,2026-10-08T19:00,24.0
TOS01004007,2026-10-08T19:05,24.0
TOS01004007,2026-10-08T19:10,24.0
TOS01004007,2026-10-08T19:15,24.0
TOS01004007,2026-10-08T19:20,24.0
TOS01004007,2026-10-08T19:25,24.0
TOS01004007,2026-10-08T19:30,24.0
TOS01004007,2026-10-08T19:35,24.0
TOS01004007,2026-10-08T19:40,24.0
TOS01004007,2026-10-08T19:45,24.0
TOS01004007,2026-10-08T19:50,24.0
TOS01004007,2026-10-08T19:55,24.0
TOS01004007,2026-10-08T20:00,24.0
TOS01004007,2026-10-08T20:05,24.0
TOS01004007,2026-10-08T20:10,24.0
TOS01004007,2026-10-08T20:15,24.0
TOS01004007,2026-10-08T20:20,24.0
TOS01004007,2026-10-08T20:25,24.0
TOS01004007,2026-10-08T20:30,24.0
TOS01004007,2026-10-08T20:35,24.0
TOS01004007,2026-10-08T20:40,24.0
TOS01004007,2026-10-08T20:45,24.0
TOS01004007,2026-10-08T20:50,24.0
TOS01004007,2026-10-08T20:55,24.2
TOS01004007,2026-10-08T21:00,24.2
TOS01004007,2026-10-08T21:05,24.2
TOS01004007,2026-10-08T21:10,24.2
TOS01004007,2026-10-08T21:15,24.2
TOS01004007,2026-10-08T21:20,24.2
TOS01004007,2026-10-08T21:25,24.2
TOS01004007,2026-10-08T21:30,24.2
TOS01004007,2026-10-08T21:35,24.2
TOS01004007,2026-10-08T21:40,24.2
TOS01004007,2026-10-08T21:45,24.2
TOS01004007,2026-10-08T21:50,24.2
TOS01004007,2026-10-08T21:55,24.2
TOS01004007,2026-10-08T22:00,24.2
TOS01004007,2026-10-08T22:05,24.2
TOS01004007,2026-10-08T22:10,24.2
TOS01004007,2026-10-08T22:15,24.2
TOS01004007,2026-10-08T22:20,24.2
TOS01004007,2026-10-08T22:25,24.2
TOS01004007,2026-10-08T22:30,24.2
TOS01004007,2026-10-08T22:35,24.2
TOS01004007,2026-10-08T22:40,24.2
TOS01004007,2026-10-08T22:45,24.2
TOS01004007,2026-10-08T22:50,24.2
TOS01004007,2026-10-08T22:55,24.2
TOS01004007,2026-10-08T23:00,24.2
TOS01004007,2026-10-08T23:05,24.2
TOS01004007,2026-10-08T23:10,24.2
TOS01004007,2026-10-08T23:15,24.2
TOS01004007,2026-10-08T23:20,24.2
TOS01004007,2026-10-08T23:25,24.2
TOS01004007,2026-10-08T23:30,24.2
TOS01004007,2026-10-08T23:35,24.2
TOS01004007,2026-10-08T23:40,24.2
TOS01004007,2026-10-08T23:45,24.2
TOS01004007,2026-10-08T23:50,24.2
TOS01004007,2026-10-08T23:55,24.2
TOS01004811,2026-10-08T05:00,0.2
TOS01004811,2026-10-08T05:15,0.2
TOS01004811,2026-10-08T05:30,0.4
TOS01004811,2026-10-08T05:45,0.6
TOS01004811,2026-10-08T06:00,0.8
TOS01004811,2026-10-08T06:15,0.8
TOS01004811,2026-10-08T06:30,0.8
TOS01004811,2026-10-08T06:45,0.8
TOS01004811,2026-10-08T07:00,0.8
TOS01004811,2026-10-08T07:15,0.8
TOS01004811,2026-10-08T07:30,0.8
TOS01004811,2026-10-08T07:45,0.8
TOS01004811,2026-10-08T08:00,0.8
TOS01004811,2026-10-08T08:15,0.8
TOS01004811,2026-10-08T08:30,0.8
TOS01004811,2026-10-08T08:45,0.8
TOS01004811,2026-10-08T09:00,0.8
TOS01004811,2026-10-08T09:15,0.8
TOS01004811,2026-10-08T09:30,0.8
TOS01004811,2026-10-08T09:45,0.8
TOS01004811,2026-10-08T10:00,0.8
TOS01004811,2026-10-08T10:15,0.8
TOS01004811,2026-10-08T10:30,0.8
TOS01004811,2026-10-08T10:45,0.8
TOS01004811,2026-10-08T11:00,0.8
TOS01004811,2026-10-08T11:15,0.8
TOS01004811,2026-10-08T11:30,1.4
TOS01004811,2026-10-08T11:45,2.8
TOS01004811,2026-10-08T12:00,2.8
TOS01004811,2026-10-08T12:15,5.1
TOS01004811,2026-10-08T12:30,5.1
TOS01004811,2026-10-08T12:45,5.1
TOS01004811,2026-10-08T13:00,5.7
TOS01004811,2026-10-08T13:15,5.7
TOS01004811,2026-10-08T13:30,5.7
TOS01004811,2026-10-08T13:45,5.7
TOS01004811,2026-10-08T14:00,5.7
TOS01004811,2026-10-08T14:15,5.7
TOS01004811,2026-10-08T14:30,5.7
TOS01004811,2026-10-08T14:45,5.7
TOS01004811,2026-10-08T15:00,6.7
TOS01004811,2026-10-08T15:15,7.9
TOS01004811,2026-10-08T15:30,7.9
TOS01004811,2026-10-08T15:45,7.9
TOS01004811,2026-10-08T16:00,7.9
TOS01004811,2026-10-08T16:15,7.9
TOS01004811,2026-10-08T16:30,7.9
TOS01004811,2026-10-08T16:45,7.9
TOS01004811,2026-10-08T17:00,7.9
TOS01004811,2026-10-08T17:15,7.9
TOS01004811,2026-10-08T17:30,7.9
TOS01004811,2026-10-08T17:45,7.9
TOS01004811,2026-10-08T18:00,7.9
TOS01004811,2026-10-08T18:15,7.9
TOS01004811,2026-10-08T18:30,7.9
TOS01004811,2026-10-08T18:45,7.9
TOS01004811,2026-10-08T19:00,7.9
TOS01004811,2026-10-08T19:15,7.9
TOS01004811,2026-10-08T19:30,7.9
TOS01004811,2026-10-08T19:45,7.9
TOS01004811,2026-10-08T20:00,7.9
TOS01004811,2026-10-08T20:15,7.9
TOS01004811,2026-10-08T20:30,7.9
TOS01004811,2026-10-08T20:45,7.9
TOS01004811,2026-10-08T21:00,7.9
TOS01004811,2026-10-08T21:15,7.9
TOS01004811,2026-10-08T21:30,7.9
TOS01004811,2026-10-08T21:45,7.9
TOS01004811,2026-10-08T22:00,7.9
TOS01004811,2026-10-08T22:15,7.9
TOS01004811,2026-10-08T22:30,7.9
TOS01004811,2026-10-08T22:45,8.1
TOS01004811,2026-10-08T23:00,12.6
TOS01004811,2026-10-08T23:15,12.6
TOS01004811,2026-10-08T23:30,12.8
TOS01004811,2026-10-08T23:45,12.8
TOS01004839,2026-10-08T01:00,0.2
TOS01004839,2026-10-08T01:05,0.2
TOS01004839,2026-10-08T01:10,0.2
TOS01004839,2026-10-08T01:15,0.2
TOS01004839,2026-10-08T01:20,0.2
TOS01004839,2026-10-08T01:25,0.2
TOS01004839,2026-10-08T01:30,0.2
TOS01004839,2026-10-08T01:35,0.2
TOS01004839,2026-10-08T01:40,0.2
TOS01004839,2026-10-08T01:45,0.2
TOS01004839,2026-10-08T01:50,0.2
TOS01004839,2026-10-08T01:55,0.2
TOS01004839,2026-10-08T02:00,0.2
TOS01004839,2026-10-08T02:05,0.2
TOS01004839,2026-10-08T02:10,0.2
TOS01004839,2026-10-08T02:15,0.2
TOS01004839,2026-10-08T02:20,0.2
TOS01004839,2026-10-08T02:25,0.2
TOS01004839,2026-10-08T02:30,0.2
TOS01004839,2026-10-08T02:35,0.2
TOS01004839,2026-10-08T02:40,0.2
TOS01004839,2026-10-08T02:45,0.2
TOS01004839,2026-10-08T02:50,0.2
TOS01004839,2026-10-08T02:55,0.2
TOS01004839,2026-10-08T03:00,0.2
TOS01004839,2026-10-08T03:05,0.2
TOS01004839,2026-10-08T03:10,0.2
TOS01004839,2026-10-08T03:15,0.2
TOS01004839,2026-10-08T03:20,0.2
TOS01004839,2026-10-08T03:25,0.2
TOS01004839,2026-10-08T03:30,0.2
TOS01004839,2026-10-08T03:35,0.2
TOS01004839,2026-10-08T03:40,0.4
TOS01004839,2026-10-08T03:45,0.4
TOS01004839,2026-10-08T03:50,0.4
TOS01004839,2026-10-08T03:55,0.4
TOS01004839,2026-10-08T04:00,0.4
TOS01004839,2026-10-08T04:05,0.4
TOS01004839,2026-10-08T04:10,0.4
TOS01004839,2026-10-08T04:15,0.4
TOS01004839,2026-10-08T04:20,0.4
TOS01004839,2026-10-08T04:25,0.6
TOS01004839,2026-10-08T04:30,0.6
TOS01004839,2026-10-08T04:35,0.8
TOS01004839,2026-10-08T04:40,0.8
TOS01004839,2026-10-08T04:45,0.8
TOS01004839,2026-10-08T04:50,1.0
TOS01004839,2026-10-08T04:55,1.0
TOS01004839,2026-10-08T05:00,1.0
TOS01004839,2026-10-08T05:05,1.0
TOS01004839,2026-10-08T05:10,1.6
TOS01004839,2026-10-08T05:15,3.2
TOS01004839,2026-10-08T05:20,3.4
TOS01004839,2026-10-08T05:25,3.6
TOS01004839,2026-10-08T05:30,4.0
TOS01004839,2026-10-08T05:35,4.4
TOS01004839,2026-10-08T05:40,4.8
TOS01004839,2026-10-08T05:45,4.8
TOS01004839,2026-10-08T05:50,5.0
TOS01004839,2026-10-08T05:55,5.0
TOS01004839,2026-10-08T06:00,5.0
TOS01004839,2026-10-08T06:05,5.0
TOS01004839,2026-10-08T06:10,5.0
TOS01004839,2026-10-08T06:15,5.0
TOS01004839,2026-10-08T06:20,5.0
TOS01004839,2026-10-08T06:25,5.0
TOS01004839,2026-10-08T06:30,5.0
TOS01004839,2026-10-08T06:35,5.0
TOS01004839,2026-10-08T06:40,5.0
TOS01004839,2026-10-08T06:45,5.0
TOS01004839,2026-10-08T06:50,5.0
TOS01004839,2026-10-08T06:55,5.0
TOS01004839,2026-10-08T07:00,5.0
TOS01004839,2026-10-08T07:05,5.0
TOS01004839,2026-10-08T07:10,5.0
TOS01004839,2026-10-08T07:15,5.0
TOS01004839,2026-10-08T07:20,5.0
TOS01004839,2026-10-08T07:25,5.0
TOS01004839,2026-10-08T07:30,5.0
TOS01004839,2026-10-08T07:35,5.0
TOS01004839,2026-10-08T07:40,5.0
TOS01004839,2026-10-08T07:45,5.0
TOS01004839,2026-10-08T07:50,5.0
TOS01004839,2026-10-08T07:55,5.0
TOS01004839,2026-10-08T08:00,5.0
TOS01004839,2026-10-08T08:05,5.0
TOS01004839,2026-10-08T08:10,5.0
TOS01004839,2026-10-08T08:15,5.0
TOS01004839,2026-10-08T08:20,5.0
TOS01004839,2026-10-08T08:25,5.0
TOS01004839,2026-10-08T08:30,5.0
TOS01004839,2026-10-08T08:35,5.0
TOS01004839,2026-10-08T08:40,5.0
TOS01004839,2026-10-08T08:45,5.0
TOS01004839,2026-10-08T08:50,5.0
TOS01004839,2026-10-08T08:55,5.0
TOS01004839,2026-10-08T09:00,5.0
TOS01004839,2026-10-08T09:05,5.0
TOS01004839,2026-10-08T09:10,5.0
TOS01004839,2026-10-08T09:15,5.0
TOS01004839,2026-10-08T09:20,5.0
TOS01004839,2026-10-08T09:25,5.0
TOS01004839,2026-10-08T09:30,5.0
TOS01004839,2026-10-08T09:35,5.0
TOS01004839,2026-10-08T09:40,5.0
TOS01004839,2026-10-08T09:45,5.0
TOS01004839,2026-10-08T09:50,5.0
TOS01004839,2026-10-08T09:55,5.0
TOS01004839,2026-10-08T10:00,5.0
TOS01004839,2026-10-08T10:05,5.0
TOS01004839,2026-10-08T10:10,5.0
TOS01004839,2026-10-08T10:15,5.0
TOS01004839,2026-10-08T10:20,5.0
TOS01004839,2026-10-08T10:25,5.0
TOS01004839,2026-10-08T10:30,5.0
TOS01004839,2026-10-08T10:35,5.0
TOS01004839,2026-10-08T10:40,5.0
TOS01004839,2026-10-08T10:45,5.0
TOS01004839,2026-10-08T10:50,5.0
TOS01004839,2026-10-08T10:55,5.0
TOS01004839,2026-10-08T11:00,5.0
TOS01004839,2026-10-08T11:05,5.0
TOS01004839,2026-10-08T11:10,6.2
TOS01004839,2026-10-08T11:15,10.1
TOS01004839,2026-10-08T11:20,11.1
TOS01004839,2026-10-08T11:25,11.1
TOS01004839,2026-10-08T11:30,11.1
TOS01004839,2026-10-08T11:35,11.3
TOS01004839,2026-10-08T11:40,12.2
TOS01004839,2026-10-08T11:45,13.4
TOS01004839,2026-10-08T11:50,13.4
TOS01004839,2026-10-08T11:55,13.4
TOS01004839,2026-10-08T12:00,13.4
TOS01004839,2026-10-08T12:05,13.4
TOS01004839,2026-10-08T12:10,13.4
TOS01004839,2026-10-08T12:15,13.6
TOS01004839,2026-10-08T12:20,13.8
TOS01004839,2026-10-08T12:25,14.0
TOS01004839,2026-10-08T12:30,14.2
TOS01004839,2026-10-08T12:35,14.2
TOS01004839,2026-10-08T12:40,14.2
TOS01004839,2026-10-08T12:45,14.2
TOS01004839,2026-10-08T12:50,14.2
TOS01004839,2026-10-08T12:55,14.2
TOS01004839,2026-10-08T13:00,14.2
TOS01004839,2026-10-08T13:05,14.2
TOS01004839,2026-10-08T13:10,14.2
TOS01004839,2026-10-08T13:15,14.2
TOS01004839,2026-10-08T13:20,14.2
TOS01004839,2026-10-08T13:25,14.2
TOS01004839,2026-10-08T13:30,14.2
TOS01004839,2026-10-08T13:35,14.2
TOS01004839,2026-10-08T13:40,14.2
TOS01004839,2026-10-08T13:45,14.2
TOS01004839,2026-10-08T13:50,14.2
TOS01004839,2026-10-08T13:55,14.2
TOS01004839,2026-10-08T14:00,14.2
TOS01004839,2026-10-08T14:05,14.2
TOS01004839,2026-10-08T14:10,14.2
TOS01004839,2026-10-08T14:15,14.2
TOS01004839,2026-10-08T14:20,14.4
TOS01004839,2026-10-08T14:25,14.4
TOS01004839,2026-10-08T14:30,14.4
TOS01004839,2026-10-08T14:35,14.4
TOS01004839,2026-10-08T14:40,14.4
TOS01004839,2026-10-08T14:45,14.4
TOS01004839,2026-10-08T14:50,14.4
TOS01004839,2026-10-08T14:55,14.4
TOS01004839,2026-10-08T15:00,14.4
TOS01004839,2026-10-08T15:05,14.4
TOS01004839,2026-10-08T15:10,14.4
TOS01004839,2026-10-08T15:15,14.4
TOS01004839,2026-10-08T15:20,14.4
TOS01004839,2026-10-08T15:25,14.4
TOS01004839,2026-10-08T15:30,14.4
TOS01004839,2026-10-08T15:35,14.4
TOS01004839,2026-10-08T15:40,14.4
TOS01004839,2026-10-08T15:45,14.4
TOS01004839,2026-10-08T15:50,14.4
TOS01004839,2026-10-08T15:55,14.4
TOS01004839,2026-10-08T16:00,14.4
TOS01004839,2026-10-08T16:05,14.4
TOS01004839,2026-10-08T16:10,14.4
TOS01004839,2026-10-08T16:15,14.4
TOS01004839,2026-10-08T16:20,14.4
TOS01004839,2026-10-08T16:25,14.4
TOS01004839,2026-10-08T16:30,14.4
TOS01004839,2026-10-08T16:35,14.4
TOS01004839,2026-10-08T16:40,14.4
TOS01004839,2026-10-08T16:45,14.4
TOS01004839,2026-10-08T16:50,14.4
TOS01004839,2026-10-08T16:55,14.4
TOS01004839,2026-10-08T17:00,14.4
TOS01004839,2026-10-08T17:05,14.4
TOS01004839,2026-10-08T17:10,14.4
TOS01004839,2026-10-08T17:15,14.4
TOS01004839,2026-10-08T17:20,14.4
TOS01004839,2026-10-08T17:25,14.4
TOS01004839,2026-10-08T17:30,14.4
TOS01004839,2026-10-08T17:35,14.4
TOS01004839,2026-10-08T17:40,14.4
TOS01004839,2026-10-08T17:45,14.4
TOS01004839,2026-10-08T17:50,14.4
TOS01004839,2026-10-08T17:55,14.4
TOS01004839,2026-10-08T18:00,14.4
TOS01004839,2026-10-08T18:05,14.4
TOS01004839,2026-10-08T18:10,14.4
TOS01004839,2026-10-08T18:15,14.4
TOS01004839,2026-10-08T18:20,14.4
TOS01004839,2026-10-08T18:25,14.4
TOS01004839,2026-10-08T18:30,14.4
TOS01004839,2026-10-08T18:35,14.4
TOS01004839,2026-10-08T18:40,14.4
TOS01004839,2026-10-08T18:45,14.4
TOS01004839,2026-10-08T18:50,14.4
TOS01004839,2026-10-08T18:55,14.4
TOS01004839,2026-10-08T19:00,14.4
TOS01004839,2026-10-08T19:05,14.4
TOS01004839,2026-10-08T19:10,14.4
TOS01004839,2026-10-08T19:15,14.4
TOS01004839,2026-10-08T19:20,14.4
TOS01004839,2026-10-08T19:25,14.4
TOS01004839,2026-10-08T19:30,14.4
TOS01004839,2026-10-08T19:35,14.4
TOS01004839,2026-10-08T19:40,14.4
TOS01004839,2026-10-08T19:45,14.4
TOS01004839,2026-10-08T19:50,14.4
TOS01004839,2026-10-08T19:55,14.4
TOS01004839,2026-10-08T20:00,14.4
TOS01004839,2026-10-08T20:05,14.4
TOS01004839,2026-10-08T20:10,14.4
TOS01004839,2026-10-08T20:15,14.4
TOS01004839,2026-10-08T20:20,14.4
TOS01004839,2026-10-08T20:25,14.4
TOS01004839,2026-10-08T20:30,14.4
TOS01004839,2026-10-08T20:35,14.4
TOS01004839,2026-10-08T20:40,14.4
TOS01004839,2026-10-08T20:45,14.4
TOS01004839,2026-10-08T20:50,14.4
TOS01004839,2026-10-08T20:55,14.4
TOS01004839,2026-10-08T21:00,14.4
TOS01004839,2026-10-08T21:05,14.4
TOS01004839,2026-10-08T21:10,14.4
TOS01004839,2026-10-08T21:15,14.4
TOS01004839,2026-10-08T21:20,14.4
TOS01004839,2026-10-08T21:25,14.4
TOS01004839,2026-10-08T21:30,14.4
TOS01004839,2026-10-08T21:35,14.4
TOS01004839,2026-10-08T21:40,14.4
TOS01004839,2026-10-08T21:45,14.4
TOS01004839,2026-10-08T21:50,14.8
TOS01004839,2026-10-08T21:55,15.2
TOS01004839,2026-10-08T22:00,15.4
TOS01004839,2026-10-08T22:05,15.4
TOS01004839,2026-10-08T22:10,15.4
TOS01004839,2026-10-08T22:15,15.4
TOS01004839,2026-10-08T22:20,15.4
TOS01004839,2026-10-08T22:25,15.6
TOS01004839,2026-10-08T22:30,15.6
TOS01004839,2026-10-08T22:35,15.8
TOS01004839,2026-10-08T22:40,15.8
TOS01004839,2026-10-08T22:45,15.8
TOS01004839,2026-10-08T22:50,15.8
TOS01004839,2026-10-08T22:55,15.8
TOS01004839,2026-10-08T23:00,16.0
TOS01004839,2026-10-08T23:05,16.0
TOS01004839,2026-10-08T23:10,16.0
TOS01004839,2026-10-08T23:15,16.0
TOS01004839,2026-10-08T23:20,16.2
TOS01004839,2026-10-08T23:25,16.6
TOS01004839,2026-10-08T23:30,16.8
TOS01004839,2026-10-08T23:35,16.8
TOS01004839,2026-10-08T23:40,17.0
TOS01004839,2026-10-08T23:45,17.0
TOS01004839,2026-10-08T23:50,17.4
TOS01004839,2026-10-08T23:55,17.4
TOS01004915,2026-10-08T01:00,0.2
TOS01004915,2026-10-08T01:05,0.2
TOS01004915,2026-10-08T01:10,0.2
TOS01004915,2026-10-08T01:15,0.2
TOS01004915,2026-10-08T01:20,0.2
TOS01004915,2026-10-08T01:25,0.2
TOS01004915,2026-10-08T01:30,0.2
TOS01004915,2026-10-08T01:35,0.2
TOS01004915,2026-10-08T01:40,0.2
TOS01004915,2026-10-08T01:45,0.2
TOS01004915,2026-10-08T01:50,0.2
TOS01004915,2026-10-08T01:55,0.2
TOS01004915,2026-10-08T02:00,0.2
TOS01004915,2026-10-08T02:05,0.2
TOS01004915,2026-10-08T02:10,0.2
TOS01004915,2026-10-08T02:15,0.2
TOS01004915,2026-10-08T02:20,0.2
TOS01004915,2026-10-08T02:25,0.2
TOS01004915,2026-10-08T02:30,0.2
TOS01004915,2026-10-08T02:35,0.2
TOS01004915,2026-10-08T02:40,0.2
TOS01004915,2026-10-08T02:45,0.2
TOS01004915,2026-10-08T02:50,0.2
TOS01004915,2026-10-08T02:55,0.2
TOS01004915,2026-10-08T03:00,0.2
TOS01004915,2026-10-08T03:05,0.2
TOS01004915,2026-10-08T03:10,0.2
TOS01004915,2026-10-08T03:15,0.2
TOS01004915,2026-10-08T03:20,0.2
TOS01004915,2026-10-08T03:25,0.2
TOS01004915,2026-10-08T03:30,0.2
TOS01004915,2026-10-08T03:35,0.2
TOS01004915,2026-10-08T03:40,0.2
TOS01004915,2026-10-08T03:45,0.2
TOS01004915,2026-10-08T03:50,0.2
TOS01004915,2026-10-08T03:55,0.2
TOS01004915,2026-10-08T04:00,0.2
TOS01004915,2026-10-08T04:05,0.2
TOS01004915,2026-10-08T04:10,0.2
TOS01004915,2026-10-08T04:15,0.2
TOS01004915,2026-10-08T04:20,0.2
TOS01004915,2026-10-08T04:25,0.2
TOS01004915,2026-10-08T04:30,0.2
TOS01004915,2026-10-08T04:35,0.2
TOS01004915,2026-10-08T04:40,0.2
TOS01004915,2026-10-08T04:45,0.2
TOS01004915,2026-10-08T04:50,0.2
TOS01004915,2026-10-08T04:55,0.2
TOS01004915,2026-10-08T05:00,0.4
TOS01004915,2026-10-08T05:05,0.8
TOS01004915,2026-10-08T05:10,1.0
TOS01004915,2026-10-08T05:15,1.0
TOS01004915,2026-10-08T05:20,1.0
TOS01004915,2026-10-08T05:25,1.0
TOS01004915,2026-10-08T05:30,1.2
TOS01004915,2026-10-08T05:35,1.2
TOS01004915,2026-10-08T05:40,1.2
TOS01004915,2026-10-08T05:45,1.2
TOS01004915,2026-10-08T05:50,1.2
TOS01004915,2026-10-08T05:55,1.2
TOS01004915,2026-10-08T06:00,1.2
TOS01004915,2026-10-08T06:05,1.2
TOS01004915,2026-10-08T06:10,1.2
TOS01004915,2026-10-08T06:15,1.2
TOS01004915,2026-10-08T06:20,1.2
TOS01004915,2026-10-08T06:25,1.2
TOS01004915,2026-10-08T06:30,1.2
TOS01004915,2026-10-08T06:35,1.2
TOS01004915,2026-10-08T06:40,1.2
TOS01004915,2026-10-08T06:45,1.2
TOS01004915,2026-10-08T06:50,1.2
TOS01004915,2026-10-08T06:55,1.2
TOS01004915,2026-10-08T07:00,1.2
TOS01004915,2026-10-08T07:05,1.2
TOS01004915,2026-10-08T07:10,1.2
TOS01004915,2026-10-08T07:15,1.2
TOS01004915,2026-10-08T07:20,1.2
TOS01004915,2026-10-08T07:25,1.2
TOS01004915,2026-10-08T07:30,1.2
TOS01004915,2026-10-08T07:35,1.2
TOS01004915,2026-10-08T07:40,1.2
TOS01004915,2026-10-08T07:45,1.2
TOS01004915,2026-10-08T07:50,1.2
TOS01004915,2026-10-08T07:55,1.4
TOS01004915,2026-10-08T08:00,1.4
TOS01004915,2026-10-08T08:05,1.4
TOS01004915,2026-10-08T08:10,1.4
TOS01004915,2026-10-08T08:15,1.4
TOS01004915,2026-10-08T08:20,1.4
TOS01004915,2026-10-08T08:25,1.4
TOS01004915,2026-10-08T08:30,1.4
TOS01004915,2026-10-08T08:35,1.4
TOS01004915,2026-10-08T08:40,1.4
TOS01004915,2026-10-08T08:45,1.4
TOS01004915,2026-10-08T08:50,1.4
TOS01004915,2026-10-08T08:55,1.4
TOS01004915,2026-10-08T09:00,1.4
TOS01004915,2026-10-08T09:05,1.4
TOS01004915,2026-10-08T09:10,1.4
TOS01004915,2026-10-08T09:15,1.4
TOS01004915,2026-10-08T09:20,1.4
TOS01004915,2026-10-08T09:25,1.4
TOS01004915,2026-10-08T09:30,1.4
TOS01004915,2026-10-08T09:35,1.4
TOS01004915,2026-10-08T09:40,1.4
TOS01004915,2026-10-08T09:45,1.4
TOS01004915,2026-10-08T09:50,1.4
TOS01004915,2026-10-08T09:55,1.4
TOS01004915,2026-10-08T10:00,1.4
TOS01004915,2026-10-08T10:05,1.4
TOS01004915,2026-10-08T10:10,1.4
TOS01004915,2026-10-08T10:15,1.4
TOS01004915,2026-10-08T10:20,1.4
TOS01004915,2026-10-08T10:25,1.4
TOS01004915,2026-10-08T10:30,1.4
TOS01004915,2026-10-08T10:35,1.4
TOS01004915,2026-10-08T10:40,1.4
TOS01004915,2026-10-08T10:45,1.4
TOS01004915,2026-10-08T10:50,1.4
TOS01004915,2026-10-08T10:55,1.4
TOS01004915,2026-10-08T11:00,1.4
TOS01004915,2026-10-08T11:05,1.4
TOS01004915,2026-10-08T11:10,1.4
TOS01004915,2026-10-08T11:15,1.4
TOS01004915,2026-10-08T11:20,1.4
TOS01004915,2026-10-08T11:25,1.4
TOS01004915,2026-10-08T11:30,1.8
TOS01004915,2026-10-08T11:35,2.2
TOS01004915,2026-10-08T11:40,2.8
TOS01004915,2026-10-08T11:45,3.6
TOS01004915,2026-10-08T11:50,4.2
TOS01004915,2026-10-08T11:55,4.8
TOS01004915,2026-10-08T12:00,5.2
TOS01004915,2026-10-08T12:05,5.6
TOS01004915,2026-10-08T12:10,6.0
TOS01004915,2026-10-08T12:15,6.4
TOS01004915,2026-10-08T12:20,6.8
TOS01004915,2026-10-08T12:25,7.2
TOS01004915,2026-10-08T12:30,7.6
TOS01004915,2026-10-08T12:35,8.0
TOS01004915,2026-10-08T12:40,8.2
TOS01004915,2026-10-08T12:45,8.6
TOS01004915,2026-10-08T12:50,8.8
TOS01004915,2026-10-08T13:05,8.8
TOS01004915,2026-10-08T13:10,8.8
TOS01004915,2026-10-08T13:15,8.8
TOS01004915,2026-10-08T13:20,8.8
TOS01004915,2026-10-08T13:25,8.8
TOS01004915,2026-10-08T13:30,8.8
TOS01004915,2026-10-08T13:35,8.8
TOS01004915,2026-10-08T13:40,8.8
TOS01004915,2026-10-08T13:45,8.8
TOS01004915,2026-10-08T13:50,8.8
TOS01004915,2026-10-08T13:55,8.8
TOS01004915,2026-10-08T14:00,8.8
TOS01004915,2026-10-08T14:05,8.8
TOS01004915,2026-10-08T14:10,8.8
TOS01004915,2026-10-08T14:15,8.8
TOS01004915,2026-10-08T14:20,8.8
TOS01004915,2026-10-08T14:25,8.8
TOS01004915,2026-10-08T14:30,8.8
TOS01004915,2026-10-08T14:35,8.8
TOS01004915,2026-10-08T14:40,8.8
TOS01004915,2026-10-08T14:45,8.8
TOS01004915,2026-10-08T14:50,8.8
TOS01004915,2026-10-08T14:55,8.8
TOS01004915,2026-10-08T15:00,8.8
TOS01004915,2026-10-08T15:05,8.8
TOS01004915,2026-10-08T15:10,8.8
TOS01004915,2026-10-08T15:15,8.8
TOS01004915,2026-10-08T15:20,8.8
TOS01004915,2026-10-08T15:25,8.8
TOS01004915,2026-10-08T15:30,8.8
TOS01004915,2026-10-08T15:35,8.8
TOS01004915,2026-10-08T15:40,8.8
TOS01004915,2026-10-08T15:45,8.8
TOS01004915,2026-10-08T15:50,8.8
TOS01004915,2026-10-08T15:55,8.8
TOS01004915,2026-10-08T16:00,8.8
TOS01004915,2026-10-08T16:05,8.8
TOS01004915,2026-10-08T16:10,8.8
TOS01004915,2026-10-08T16:15,8.8
TOS01004915,2026-10-08T16:20,8.8
TOS01004915,2026-10-08T16:25,8.8
TOS01004915,2026-10-08T16:30,8.8
TOS01004915,2026-10-08T16:35,8.8
TOS01004915,2026-10-08T16:40,8.8
TOS01004915,2026-10-08T16:45,8.8
TOS01004915,2026-10-08T16:50,8.8
TOS01004915,2026-10-08T16:55,8.8
TOS01004915,2026-10-08T17:00,8.8
TOS01004915,2026-10-08T17:05,8.8
TOS01004915,2026-10-08T17:10,8.8
TOS01004915,2026-10-08T17:15,8.8
TOS01004915,2026-10-08T17:20,8.8
TOS01004915,2026-10-08T17:25,8.8
TOS01004915,2026-10-08T17:30,8.8
TOS01004915,2026-10-08T17:35,8.8
TOS01004915,2026-10-08T17:40,8.8
TOS01004915,2026-10-08T17:45,8.8
TOS01004915,2026-10-08T17:50,8.8
TOS01004915,2026-10-08T17:55,8.8
TOS01004915,2026-10-08T18:00,8.8
TOS01004915,2026-10-08T18:05,8.8
TOS01004915,2026-10-08T18:10,8.8
TOS01004915,2026-10-08T18:15,8.8
TOS01004915,2026-10-08T18:20,8.8
TOS01004915,2026-10-08T18:25,8.8
TOS01004915,2026-10-08T18:30,8.8
TOS01004915,2026-10-08T18:35,8.8
TOS01004915,2026-10-08T18:40,8.8
TOS01004915,2026-10-08T18:45,8.8
TOS01004915,2026-10-08T18:50,8.8
TOS01004915,2026-10-08T18:55,8.8
TOS01004915,2026-10-08T19:00,8.8
TOS01004915,2026-10-08T19:05,8.8
TOS01004915,2026-10-08T19:10,8.8
TOS01004915,2026-10-08T19:15,8.8
TOS01004915,2026-10-08T19:20,8.8
TOS01004915,2026-10-08T19:25,8.8
TOS01004915,2026-10-08T19:30,8.8
TOS01004915,2026-10-08T19:35,8.8
TOS01004915,2026-10-08T19:40,8.8
TOS01004915,2026-10-08T19:45,8.8
TOS01004915,2026-10-08T19:50,8.8
TOS01004915,2026-10-08T19:55,8.8
TOS01004915,2026-10-08T20:00,8.8
TOS01004915,2026-10-08T20:05,8.8
TOS01004915,2026-10-08T20:10,8.8
TOS01004915,2026-10-08T20:15,8.8
TOS01004915,2026-10-08T20:20,8.8
TOS01004915,2026-10-08T20:25,8.8
TOS01004915,2026-10-08T20:30,8.8
TOS01004915,2026-10-08T20:35,8.8
TOS01004915,2026-10-08T20:40,8.8
TOS01004915,2026-10-08T20:45,8.8
TOS01004915,2026-10-08T20:50,8.8
TOS01004915,2026-10-08T20:55,8.8
TOS01004915,2026-10-08T21:00,8.8
TOS01004915,2026-10-08T21:05,8.8
TOS01004915,2026-10-08T21:10,8.8
TOS01004915,2026-10-08T21:15,8.8
TOS01004915,2026-10-08T21:20,8.8
TOS01004915,2026-10-08T21:25,8.8
TOS01004915,2026-10-08T21:30,8.8
TOS01004915,2026-10-08T21:35,8.8
TOS01004915,2026-10-08T21:40,8.8
TOS01004915,2026-10-08T21:45,8.8
TOS01004915,2026-10-08T21:50,8.8
TOS01004915,2026-10-08T21:55,8.8
TOS01004915,2026-10-08T22:00,8.8
TOS01004915,2026-10-08T22:05,8.8
TOS01004915,2026-10-08T22:10,8.8
TOS01004915,2026-10-08T22:15,8.8
TOS01004915,2026-10-08T22:20,9.2
TOS01004915,2026-10-08T22:25,10.4
TOS01004915,2026-10-08T22:30,10.6
TOS01004915,2026-10-08T22:35,10.8
TOS01004915,2026-10-08T22:40,12.2
TOS01004915,2026-10-08T22:45,14.5
TOS01004915,2026-10-08T22:50,22.1
TOS01004915,2026-10-08T22:55,27.7
TOS01004915,2026-10-08T23:00,27.9
TOS01004915,2026-10-08T23:05,27.9
TOS01004915,2026-10-08T23:10,27.9
TOS01004915,2026-10-08T23:15,27.9
TOS01004915,2026-10-08T23:20,27.9
TOS01004915,2026-10-08T23:25,27.9
TOS01004915,2026-10-08T23:30,27.9
TOS01004915,2026-10-08T23:35,27.9
TOS01004915,2026-10-08T23:40,27.9
TOS01004915,2026-10-08T23:45,27.9
TOS01004915,2026-10-08T23:50,27.9
TOS01004915,2026-10-08T23:55,27.9
TOS01004921,2026-10-08T05:30,0.2
TOS01004921,2026-10-08T05:35,0.2
TOS01004921,2026-10-08T05:40,0.4
TOS01004921,2026-10-08T05:45,0.4
TOS01004921,2026-10-08T05:50,0.6
TOS01004921,2026-10-08T05:55,0.6
TOS01004921,2026-10-08T06:00,0.6
TOS01004921,2026-10-08T06:05,0.6
TOS01004921,2026-10-08T06:10,0.6
TOS01004921,2026-10-08T06:15,0.6
TOS01004921,2026-10-08T06:20,0.6
TOS01004921,2026-10-08T06:25,0.6
TOS01004921,2026-10-08T06:30,0.6
TOS01004921,2026-10-08T06:35,0.6
TOS01004921,2026-10-08T06:40,0.6
TOS01004921,2026-10-08T06:45,0.6
TOS01004921,2026-10-08T06:50,0.6
TOS01004921,2026-10-08T06:55,0.6
TOS01004921,2026-10-08T07:00,0.6
TOS01004921,2026-10-08T07:05,0.6
TOS01004921,2026-10-08T07:10,0.8
TOS01004921,2026-10-08T07:15,0.8
TOS01004921,2026-10-08T07:20,0.8
TOS01004921,2026-10-08T07:25,0.8
TOS01004921,2026-10-08T07:30,0.8
TOS01004921,2026-10-08T07:35,0.8
TOS01004921,2026-10-08T07:40,0.8
TOS01004921,2026-10-08T07:45,0.8
TOS01004921,2026-10-08T07:50,0.8
TOS01004921,2026-10-08T07:55,0.8
TOS01004921,2026-10-08T10:55,0.8
TOS01004921,2026-10-08T11:05,0.8
TOS01004921,2026-10-08T11:10,0.8
TOS01004921,2026-10-08T11:15,0.8
TOS01004921,2026-10-08T11:20,1.4
TOS01004921,2026-10-08T11:25,2.2
TOS01004921,2026-10-08T11:30,3.4
TOS01004921,2026-10-08T11:35,5.4
TOS01004921,2026-10-08T11:40,6.2
TOS01004921,2026-10-08T11:45,6.2
TOS01004921,2026-10-08T11:50,6.2
TOS01004921,2026-10-08T11:55,6.6
TOS01004921,2026-10-08T12:00,6.8
TOS01004921,2026-10-08T12:05,6.8
TOS01004921,2026-10-08T12:10,6.8
TOS01004921,2026-10-08T12:15,6.8
TOS01004921,2026-10-08T12:20,6.8
TOS01004921,2026-10-08T12:25,6.8
TOS01004921,2026-10-08T12:30,6.8
TOS01004921,2026-10-08T12:35,6.8
TOS01004921,2026-10-08T12:40,6.8
TOS01004921,2026-10-08T12:45,6.8
TOS01004921,2026-10-08T12:50,7.0
TOS01004921,2026-10-08T12:55,7.8
TOS01004921,2026-10-08T13:00,7.8
TOS01004921,2026-10-08T13:05,8.0
TOS01004921,2026-10-08T13:10,8.0
TOS01004921,2026-10-08T13:15,8.0
TOS01004921,2026-10-08T13:20,8.0
TOS01004921,2026-10-08T13:25,8.0
TOS01004921,2026-10-08T13:30,8.0
TOS01004921,2026-10-08T13:35,8.0
TOS01004921,2026-10-08T13:40,8.0
TOS01004921,2026-10-08T13:45,8.0
TOS01004921,2026-10-08T13:50,8.0
TOS01004921,2026-10-08T13:55,9.3
TOS01004921,2026-10-08T14:00,9.3
TOS01004921,2026-10-08T14:05,9.3
TOS01004921,2026-10-08T14:10,9.3
TOS01004921,2026-10-08T14:15,9.3
TOS01004921,2026-10-08T14:20,9.3
TOS01004921,2026-10-08T14:25,9.3
TOS01004921,2026-10-08T14:30,9.3
TOS01004921,2026-10-08T14:35,9.3
TOS01004921,2026-10-08T14:40,9.3
TOS01004921,2026-10-08T14:45,9.3
TOS01004921,2026-10-08T14:50,9.3
TOS01004921,2026-10-08T14:55,9.3
TOS01004921,2026-10-08T15:00,9.3
TOS01004921,2026-10-08T15:05,9.3
TOS01004921,2026-10-08T15:10,9.3
TOS01004921,2026-10-08T15:15,9.3
TOS01004921,2026-10-08T15:20,9.3
TOS01004921,2026-10-08T15:25,9.3
TOS01004921,2026-10-08T15:30,9.3
TOS01004921,2026-10-08T15:35,9.3
TOS01004921,2026-10-08T15:40,9.3
TOS01004921,2026-10-08T15:45,9.3
TOS01004921,2026-10-08T15:50,9.3
TOS01004921,2026-10-08T15:55,9.3
TOS01004921,2026-10-08T16:00,9.3
TOS01004921,2026-10-08T16:05,9.3
TOS01004921,2026-10-08T16:10,9.3
TOS01004921,2026-10-08T16:15,9.3
TOS01004921,2026-10-08T16:20,9.3
TOS01004921,2026-10-08T16:25,9.3
TOS01004921,2026-10-08T16:30,9.3
TOS01004921,2026-10-08T16:35,9.3
TOS01004921,2026-10-08T16:40,9.3
TOS01004921,2026-10-08T16:45,9.3
TOS01004921,2026-10-08T16:50,9.3
TOS01004921,2026-10-08T16:55,9.3
TOS01004921,2026-10-08T17:00,9.3
TOS01004921,2026-10-08T17:05,9.3
TOS01004921,2026-10-08T17:10,9.3
TOS01004921,2026-10-08T17:15,9.3
TOS01004921,2026-10-08T17:20,9.3
TOS01004921,2026-10-08T17:25,9.3
TOS01004921,2026-10-08T17:30,9.3
TOS01004921,2026-10-08T17:35,9.3
TOS01004921,2026-10-08T17:40,9.3
TOS01004921,2026-10-08T17:45,9.3
TOS01004921,2026-10-08T17:50,9.3
TOS01004921,2026-10-08T17:55,9.3
TOS01004921,2026-10-08T18:00,9.3
TOS01004921,2026-10-08T18:05,9.3
TOS01004921,2026-10-08T18:10,9.3
TOS01004921,2026-10-08T18:15,9.3
TOS01004921,2026-10-08T18:20,9.3
TOS01004921,2026-10-08T18:25,9.3
TOS01004921,2026-10-08T18:30,9.3
TOS01004921,2026-10-08T18:35,9.3
TOS01004921,2026-10-08T18:40,9.3
TOS01004921,2026-10-08T18:45,9.3
TOS01004921,2026-10-08T18:50,9.3
TOS01004921,2026-10-08T18:55,9.3
TOS01004921,2026-10-08T19:00,9.3
TOS01004921,2026-10-08T19:05,9.3
TOS01004921,2026-10-08T19:10,9.3
TOS01004921,2026-10-08T19:15,9.3
TOS01004921,2026-10-08T19:20,9.3
TOS01004921,2026-10-08T19:25,9.3
TOS01004921,2026-10-08T19:30,9.3
TOS01004921,2026-10-08T19:35,9.3
TOS01004921,2026-10-08T19:40,9.3
TOS01004921,2026-10-08T19:45,9.3
TOS01004921,2026-10-08T19:50,9.3
TOS01004921,2026-10-08T19:55,9.3
TOS01004921,2026-10-08T20:00,9.3
TOS01004921,2026-10-08T20:05,9.3
TOS01004921,2026-10-08T20:10,9.3
TOS01004921,2026-10-08T20:15,9.3
TOS01004921,2026-10-08T20:20,9.3
TOS01004921,2026-10-08T20:25,9.3
TOS01004921,2026-10-08T20:30,9.3
TOS01004921,2026-10-08T20:35,9.3
TOS01004921,2026-10-08T20:40,9.3
TOS01004921,2026-10-08T20:45,9.3
TOS01004921,2026-10-08T20:50,9.3
TOS01004921,2026-10-08T20:55,9.3
TOS01004921,2026-10-08T21:00,9.3
TOS01004921,2026-10-08T21:05,9.3
TOS01004921,2026-10-08T21:10,9.3
TOS01004921,2026-10-08T21:15,9.3
TOS01004921,2026-10-08T21:20,9.3
TOS01004921,2026-10-08T21:25,9.3
TOS01004921,2026-10-08T21:30,9.3
TOS01004921,2026-10-08T21:35,9.3
TOS01004921,2026-10-08T21:40,9.3
TOS01004921,2026-10-08T21:45,9.3
TOS01004921,2026-10-08T21:50,9.3
TOS01004921,2026-10-08T21:55,9.3
TOS01004921,2026-10-08T22:00,9.3
TOS01004921,2026-10-08T22:05,9.3
TOS01004921,2026-10-08T22:10,9.3
TOS01004921,2026-10-08T22:15,9.3
TOS01004921,2026-10-08T22:20,9.3
TOS01004921,2026-10-08T22:25,9.3
TOS01004921,2026-10-08T22:30,9.5
TOS01004921,2026-10-08T22:35,9.5
TOS01004921,2026-10-08T22:40,9.7
TOS01004921,2026-10-08T22:45,9.7
TOS01004921,2026-10-08T22:50,9.7
TOS01004921,2026-10-08T22:55,9.7
TOS01004921,2026-10-08T23:00,9.7
TOS01004921,2026-10-08T23:05,9.7
TOS01004921,2026-10-08T23:10,9.7
TOS01004921,2026-10-08T23:15,9.7
TOS01004921,2026-10-08T23:20,9.9
TOS01004921,2026-10-08T23:25,9.9
TOS01004921,2026-10-08T23:30,9.9
TOS01004921,2026-10-08T23:35,9.9
TOS01004921,2026-10-08T23:40,10.1
TOS01004921,2026-10-08T23:45,10.1
TOS01004921,2026-10-08T23:50,10.1
TOS01004921,2026-10-08T23:55,10.3
TOS01004941,2026-10-08T04:40,0.2
TOS01004941,2026-10-08T04:45,0.2
TOS01004941,2026-10-08T04:50,0.2
TOS01004941,2026-10-08T04:55,0.2
TOS01004941,2026-10-08T05:00,0.2
TOS01004941,2026-10-08T05:05,0.2
TOS01004941,2026-10-08T05:10,0.2
TOS01004941,2026-10-08T05:15,0.2
TOS01004941,2026-10-08T05:20,0.2
TOS01004941,2026-10-08T05:25,0.2
TOS01004941,2026-10-08T05:30,0.4
TOS01004941,2026-10-08T05:35,0.4
TOS01004941,2026-10-08T05:40,0.6
TOS01004941,2026-10-08T05:45,0.6
TOS01004941,2026-10-08T05:50,0.6
TOS01004941,2026-10-08T05:55,0.6
TOS01004941,2026-10-08T06:00,0.6
TOS01004941,2026-10-08T06:05,0.6
TOS01004941,2026-10-08T06:10,0.6
TOS01004941,2026-10-08T06:15,0.6
TOS01004941,2026-10-08T06:20,0.6
TOS01004941,2026-10-08T06:25,0.6
TOS01004941,2026-10-08T06:30,0.6
TOS01004941,2026-10-08T06:35,0.6
TOS01004941,2026-10-08T06:40,0.6
TOS01004941,2026-10-08T06:45,0.6
TOS01004941,2026-10-08T06:50,0.6
TOS01004941,2026-10-08T06:55,0.6
TOS01004941,2026-10-08T07:00,0.6
TOS01004941,2026-10-08T07:05,0.6
TOS01004941,2026-10-08T07:10,0.6
TOS01004941,2026-10-08T07:15,0.6
TOS01004941,2026-10-08T07:20,0.6
TOS01004941,2026-10-08T07:25,0.6
TOS01004941,2026-10-08T07:30,0.6
TOS01004941,2026-10-08T07:35,0.6
TOS01004941,2026-10-08T07:40,0.6
TOS01004941,2026-10-08T07:45,0.6
TOS01004941,2026-10-08T07:50,0.6
TOS01004941,2026-10-08T07:55,0.6
TOS01004941,2026-10-08T08:00,0.6
TOS01004941,2026-10-08T08:05,0.6
TOS01004941,2026-10-08T08:10,0.6
TOS01004941,2026-10-08T08:15,0.6
TOS01004941,2026-10-08T08:20,0.6
TOS01004941,2026-10-08T08:25,0.6
TOS01004941,2026-10-08T08:30,0.6
TOS01004941,2026-10-08T08:35,0.6
TOS01004941,2026-10-08T08:40,0.6
TOS01004941,2026-10-08T08:45,0.6
TOS01004941,2026-10-08T08:50,0.6
TOS01004941,2026-10-08T08:55,0.6
TOS01004941,2026-10-08T09:00,0.6
TOS01004941,2026-10-08T09:05,0.6
TOS01004941,2026-10-08T09:10,0.6
TOS01004941,2026-10-08T09:15,0.6
TOS01004941,2026-10-08T09:20,0.6
TOS01004941,2026-10-08T09:25,0.6
TOS01004941,2026-10-08T09:30,0.6
TOS01004941,2026-10-08T09:35,0.6
TOS01004941,2026-10-08T09:40,0.6
TOS01004941,2026-10-08T09:45,0.6
TOS01004941,2026-10-08T09:50,0.6
TOS01004941,2026-10-08T09:55,0.6
TOS01004941,2026-10-08T10:00,0.6
TOS01004941,2026-10-08T10:05,0.6
TOS01004941,2026-10-08T10:10,0.6
TOS01004941,2026-10-08T10:15,0.6
TOS01004941,2026-10-08T10:20,0.6
TOS01004941,2026-10-08T10:25,0.6
TOS01004941,2026-10-08T10:30,0.6
TOS01004941,2026-10-08T10:35,0.6
TOS01004941,2026-10-08T10:40,0.6
TOS01004941,2026-10-08T10:45,0.6
TOS01004941,2026-10-08T10:50,0.6
TOS01004941,2026-10-08T10:55,0.6
TOS01004941,2026-10-08T11:00,0.6
TOS01004941,2026-10-08T11:05,0.6
TOS01004941,2026-10-08T11:10,0.8
TOS01004941,2026-10-08T11:15,1.4
TOS01004941,2026-10-08T11:20,2.0
TOS01004941,2026-10-08T11:25,3.2
TOS01004941,2026-10-08T11:30,4.7
TOS01004941,2026-10-08T11:35,4.7
TOS01004941,2026-10-08T11:40,4.7
TOS01004941,2026-10-08T11:45,4.7
TOS01004941,2026-10-08T11:50,5.3
TOS01004941,2026-10-08T11:55,5.5
TOS01004941,2026-10-08T12:00,5.5
TOS01004941,2026-10-08T12:05,5.5
TOS01004941,2026-10-08T12:10,5.5
TOS01004941,2026-10-08T12:15,5.5
TOS01004941,2026-10-08T12:20,5.5
TOS01004941,2026-10-08T12:25,5.5
TOS01004941,2026-10-08T12:30,5.5
TOS01004941,2026-10-08T12:35,5.5
TOS01004941,2026-10-08T12:40,5.9
TOS01004941,2026-10-08T12:45,6.5
TOS01004941,2026-10-08T12:50,6.7
TOS01004941,2026-10-08T12:55,6.7
TOS01004941,2026-10-08T13:00,6.7
TOS01004941,2026-10-08T13:05,6.7
TOS01004941,2026-10-08T13:10,6.7
TOS01004941,2026-10-08T13:15,6.7
TOS01004941,2026-10-08T13:20,6.7
TOS01004941,2026-10-08T13:25,6.7
TOS01004941,2026-10-08T13:30,6.7
TOS01004941,2026-10-08T13:35,6.7
TOS01004941,2026-10-08T13:40,7.3
TOS01004941,2026-10-08T13:45,7.3
TOS01004941,2026-10-08T13:50,7.3
TOS01004941,2026-10-08T13:55,7.3
TOS01004941,2026-10-08T14:00,7.7
TOS01004941,2026-10-08T14:05,7.7
TOS01004941,2026-10-08T14:10,7.7
TOS01004941,2026-10-08T14:15,7.7
TOS01004941,2026-10-08T14:20,7.7
TOS01004941,2026-10-08T14:25,7.7
TOS01004941,2026-10-08T14:30,7.7
TOS01004941,2026-10-08T14:35,7.7
TOS01004941,2026-10-08T14:40,7.7
TOS01004941,2026-10-08T14:45,7.7
TOS01004941,2026-10-08T14:50,8.3
TOS01004941,2026-10-08T14:55,8.5
TOS01004941,2026-10-08T15:00,8.7
TOS01004941,2026-10-08T15:05,8.7
TOS01004941,2026-10-08T15:10,8.7
TOS01004941,2026-10-08T15:15,8.7
TOS01004941,2026-10-08T15:20,8.7
TOS01004941,2026-10-08T15:25,8.7
TOS01004941,2026-10-08T15:30,8.7
TOS01004941,2026-10-08T15:35,8.7
TOS01004941,2026-10-08T15:40,8.7
TOS01004941,2026-10-08T15:45,8.7
TOS01004941,2026-10-08T15:50,8.7
TOS01004941,2026-10-08T15:55,8.7
TOS01004941,2026-10-08T16:00,8.7
TOS01004941,2026-10-08T16:05,8.7
TOS01004941,2026-10-08T16:10,8.7
TOS01004941,2026-10-08T16:15,8.7
TOS01004941,2026-10-08T16:20,8.7
TOS01004941,2026-10-08T16:25,8.7
TOS01004941,2026-10-08T16:30,8.7
TOS01004941,2026-10-08T16:35,8.7
TOS01004941,2026-10-08T16:40,8.7
TOS01004941,2026-10-08T16:45,8.7
TOS01004941,2026-10-08T16:50,8.7
TOS01004941,2026-10-08T16:55,8.7
TOS01004941,2026-10-08T17:00,8.7
TOS01004941,2026-10-08T17:05,8.7
TOS01004941,2026-10-08T17:10,8.7
TOS01004941,2026-10-08T17:15,8.7
TOS01004941,2026-10-08T17:20,8.7
TOS01004941,2026-10-08T17:25,8.7
TOS01004941,2026-10-08T17:30,8.7
TOS01004941,2026-10-08T17:35,8.7
TOS01004941,2026-10-08T17:40,8.7
TOS01004941,2026-10-08T17:45,8.7
TOS01004941,2026-10-08T17:50,8.7
TOS01004941,2026-10-08T17:55,8.7
TOS01004941,2026-10-08T18:00,8.7
TOS01004941,2026-10-08T18:05,8.7
TOS01004941,2026-10-08T18:10,8.7
TOS01004941,2026-10-08T18:15,8.7
TOS01004941,2026-10-08T18:20,8.7
TOS01004941,2026-10-08T18:25,9.3
TOS01004941,2026-10-08T18:30,9.5
TOS01004941,2026-10-08T18:35,9.5
TOS01004941,2026-10-08T18:40,9.5
TOS01004941,2026-10-08T18:45,9.5
TOS01004941,2026-10-08T18:50,9.5
TOS01004941,2026-10-08T18:55,9.5
TOS01004941,2026-10-08T19:00,9.5
TOS01004941,2026-10-08T19:05,9.5
TOS01004941,2026-10-08T19:10,9.5
TOS01004941,2026-10-08T19:15,9.5
TOS01004941,2026-10-08T19:20,9.5
TOS01004941,2026-10-08T19:25,9.5
TOS01004941,2026-10-08T19:30,9.5
TOS01004941,2026-10-08T19:35,9.5
TOS01004941,2026-10-08T19:40,9.5
TOS01004941,2026-10-08T19:45,9.5
TOS01004941,2026-10-08T19:50,9.5
TOS01004941,2026-10-08T19:55,9.5
TOS01004941,2026-10-08T20:00,9.5
TOS01004941,2026-10-08T20:05,9.5
TOS01004941,2026-10-08T20:10,9.5
TOS01004941,2026-10-08T20:15,9.5
TOS01004941,2026-10-08T20:20,9.5
TOS01004941,2026-10-08T20:25,9.5
TOS01004941,2026-10-08T20:30,9.5
TOS01004941,2026-10-08T20:35,9.5
TOS01004941,2026-10-08T20:40,9.5
TOS01004941,2026-10-08T20:45,9.5
TOS01004941,2026-10-08T20:50,9.5
TOS01004941,2026-10-08T20:55,9.5
TOS01004941,2026-10-08T21:00,9.5
TOS01004941,2026-10-08T21:05,9.5
TOS01004941,2026-10-08T21:10,9.5
TOS01004941,2026-10-08T21:15,9.5
TOS01004941,2026-10-08T21:20,9.5
TOS01004941,2026-10-08T21:25,9.5
TOS01004941,2026-10-08T21:30,9.5
TOS01004941,2026-10-08T21:35,9.5
TOS01004941,2026-10-08T21:40,9.5
TOS01004941,2026-10-08T21:45,9.5
TOS01004941,2026-10-08T21:50,9.5
TOS01004941,2026-10-08T21:55,9.5
TOS01004941,2026-10-08T22:00,9.5
TOS01004941,2026-10-08T22:05,9.5
TOS01004941,2026-10-08T22:10,9.5
TOS01004941,2026-10-08T22:15,9.5
TOS01004941,2026-10-08T22:20,9.5
TOS01004941,2026-10-08T22:25,10.3
TOS01004941,2026-10-08T22:30,10.5
TOS01004941,2026-10-08T22:35,10.7
TOS01004941,2026-10-08T22:40,10.7
TOS01004941,2026-10-08T22:45,10.7
TOS01004941,2026-10-08T22:50,10.7
TOS01004941,2026-10-08T22:55,10.7
TOS01004941,2026-10-08T23:00,10.9
TOS01004941,2026-10-08T23:05,11.1
TOS01004941,2026-10-08T23:10,11.3
TOS01004941,2026-10-08T23:15,11.5
TOS01004941,2026-10-08T23:20,11.5
TOS01004941,2026-10-08T23:25,11.5
TOS01004941,2026-10-08T23:30,11.5
TOS01004941,2026-10-08T23:35,12.3
TOS01004941,2026-10-08T23:40,12.9
TOS01004941,2026-10-08T23:45,12.9
TOS01004941,2026-10-08T23:50,13.1
TOS01004941,2026-10-08T23:55,13.1
TOS01004971,2026-10-08T00:50,0.2
TOS01004971,2026-10-08T00:55,0.2
TOS01004971,2026-10-08T01:00,0.2
TOS01004971,2026-10-08T01:05,0.2
TOS01004971,2026-10-08T01:10,0.2
TOS01004971,2026-10-08T01:15,0.2
TOS01004971,2026-10-08T01:20,0.2
TOS01004971,2026-10-08T01:25,0.2
TOS01004971,2026-10-08T01:30,0.2
TOS01004971,2026-10-08T01:35,0.2
TOS01004971,2026-10-08T01:40,0.2
TOS01004971,2026-10-08T01:45,0.2
TOS01004971,2026-10-08T01:50,0.2
TOS01004971,2026-10-08T01:55,0.2
TOS01004971,2026-10-08T02:00,0.2
TOS01004971,2026-10-08T02:05,0.2
TOS01004971,2026-10-08T02:10,0.2
TOS01004971,2026-10-08T02:15,0.2
TOS01004971,2026-10-08T02:20,0.2
TOS01004971,2026-10-08T02:25,0.2
TOS01004971,2026-10-08T02:30,0.2
TOS01004971,2026-10-08T02:35,0.2
TOS01004971,2026-10-08T02:40,0.2
TOS01004971,2026-10-08T02:45,0.2
TOS01004971,2026-10-08T02:50,0.2
TOS01004971,2026-10-08T02:55,0.2
TOS01004971,2026-10-08T03:00,0.2
TOS01004971,2026-10-08T03:05,0.2
TOS01004971,2026-10-08T03:10,0.2
TOS01004971,2026-10-08T03:15,0.2
TOS01004971,2026-10-08T03:20,0.2
TOS01004971,2026-10-08T03:25,0.2
TOS01004971,2026-10-08T03:30,0.2
TOS01004971,2026-10-08T03:35,0.2
TOS01004971,2026-10-08T03:40,0.2
TOS01004971,2026-10-08T03:45,0.2
TOS01004971,2026-10-08T03:50,0.2
TOS01004971,2026-10-08T03:55,0.2
TOS01004971,2026-10-08T04:00,0.2
TOS01004971,2026-10-08T04:05,0.2
TOS01004971,2026-10-08T04:10,0.2
TOS01004971,2026-10-08T04:15,0.2
TOS01004971,2026-10-08T04:20,0.2
TOS01004971,2026-10-08T04:25,0.2
TOS01004971,2026-10-08T04:30,0.4
TOS01004971,2026-10-08T04:35,0.4
TOS01004971,2026-10-08T04:40,0.4
TOS01004971,2026-10-08T04:45,0.4
TOS01004971,2026-10-08T04:50,0.4
TOS01004971,2026-10-08T04:55,0.4
TOS01004971,2026-10-08T05:00,0.6
TOS01004971,2026-10-08T05:05,0.6
TOS01004971,2026-10-08T05:10,0.6
TOS01004971,2026-10-08T05:15,0.6
TOS01004971,2026-10-08T05:20,0.6
TOS01004971,2026-10-08T05:25,0.8
TOS01004971,2026-10-08T05:30,0.8
TOS01004971,2026-10-08T05:35,1.0
TOS01004971,2026-10-08T05:40,1.0
TOS01004971,2026-10-08T05:45,1.0
TOS01004971,2026-10-08T05:50,1.0
TOS01004971,2026-10-08T05:55,1.0
TOS01004971,2026-10-08T06:00,1.0
TOS01004971,2026-10-08T06:05,1.0
TOS01004971,2026-10-08T06:10,1.0
TOS01004971,2026-10-08T06:15,1.0
TOS01004971,2026-10-08T06:20,1.0
TOS01004971,2026-10-08T06:25,1.0
TOS01004971,2026-10-08T06:30,1.0
TOS01004971,2026-10-08T06:35,1.0
TOS01004971,2026-10-08T06:40,1.0
TOS01004971,2026-10-08T06:45,1.0
TOS01004971,2026-10-08T06:50,1.0
TOS01004971,2026-10-08T06:55,1.0
TOS01004971,2026-10-08T07:00,1.0
TOS01004971,2026-10-08T07:05,1.0
TOS01004971,2026-10-08T07:10,1.0
TOS01004971,2026-10-08T07:15,1.0
TOS01004971,2026-10-08T07:20,1.0
TOS01004971,2026-10-08T07:25,1.0
TOS01004971,2026-10-08T07:30,1.0
TOS01004971,2026-10-08T07:35,1.0
TOS01004971,2026-10-08T07:40,1.0
TOS01004971,2026-10-08T07:45,1.0
TOS01004971,2026-10-08T07:50,1.0
TOS01004971,2026-10-08T07:55,1.0
TOS01004971,2026-10-08T08:00,1.0
TOS01004971,2026-10-08T08:05,1.0
TOS01004971,2026-10-08T08:10,1.0
TOS01004971,2026-10-08T08:15,1.0
TOS01004971,2026-10-08T08:20,1.0
TOS01004971,2026-10-08T08:25,1.0
TOS01004971,2026-10-08T08:30,1.0
TOS01004971,2026-10-08T08:35,1.0
TOS01004971,2026-10-08T08:40,1.0
TOS01004971,2026-10-08T08:45,1.0
TOS01004971,2026-10-08T08:50,1.0
TOS01004971,2026-10-08T08:55,1.0
TOS01004971,2026-10-08T09:00,1.0
TOS01004971,2026-10-08T09:05,1.0
TOS01004971,2026-10-08T09:10,1.0
TOS01004971,2026-10-08T09:15,1.0
TOS01004971,2026-10-08T09:20,1.0
TOS01004971,2026-10-08T09:25,1.0
TOS01004971,2026-10-08T09:30,1.0
TOS01004971,2026-10-08T09:35,1.0
TOS01004971,2026-10-08T09:40,1.0
TOS01004971,2026-10-08T09:45,1.0
TOS01004971,2026-10-08T09:50,1.0
TOS01004971,2026-10-08T09:55,1.0
TOS01004971,2026-10-08T10:00,1.0
TOS01004971,2026-10-08T10:05,1.0
TOS01004971,2026-10-08T10:10,1.0
TOS01004971,2026-10-08T10:15,1.0
TOS01004971,2026-10-08T10:20,1.0
TOS01004971,2026-10-08T10:25,1.0
TOS01004971,2026-10-08T10:30,1.0
TOS01004971,2026-10-08T10:35,1.0
TOS01004971,2026-10-08T10:40,1.0
TOS01004971,2026-10-08T10:45,1.0
TOS01004971,2026-10-08T10:50,1.0
TOS01004971,2026-10-08T10:55,1.0
TOS01004971,2026-10-08T11:00,1.0
TOS01004971,2026-10-08T11:05,1.0
TOS01004971,2026-10-08T11:10,1.2
TOS01004971,2026-10-08T11:15,3.1
TOS01004971,2026-10-08T11:20,13.4
TOS01004971,2026-10-08T11:25,21.4
TOS01004971,2026-10-08T11:30,23.0
TOS01004971,2026-10-08T11:35,23.0
TOS01004971,2026-10-08T11:40,23.0
TOS01004971,2026-10-08T11:45,23.0
TOS01004971,2026-10-08T11:50,23.0
TOS01004971,2026-10-08T11:55,23.0
TOS01004971,2026-10-08T12:00,23.0
TOS01004971,2026-10-08T12:05,23.0
TOS01004971,2026-10-08T12:10,23.0
TOS01004971,2026-10-08T12:15,23.0
TOS01004971,2026-10-08T12:20,23.0
TOS01004971,2026-10-08T12:25,23.0
TOS01004971,2026-10-08T12:30,23.0
TOS01004971,2026-10-08T12:35,23.0
TOS01004971,2026-10-08T12:40,23.0
TOS01004971,2026-10-08T12:45,23.0
TOS01004971,2026-10-08T12:50,23.0
TOS01004971,2026-10-08T12:55,23.0
TOS01004971,2026-10-08T13:00,23.0
TOS01004971,2026-10-08T13:05,23.0
TOS01004971,2026-10-08T13:10,23.0
TOS01004971,2026-10-08T13:15,23.0
TOS01004971,2026-10-08T13:20,23.0
TOS01004971,2026-10-08T13:25,23.0
TOS01004971,2026-10-08T13:30,23.0
TOS01004971,2026-10-08T13:35,23.0
TOS01004971,2026-10-08T13:40,23.0
TOS01004971,2026-10-08T13:45,23.0
TOS01004971,2026-10-08T13:50,23.0
TOS01004971,2026-10-08T13:55,23.0
TOS01004971,2026-10-08T14:00,23.0
TOS01004971,2026-10-08T14:05,23.0
TOS01004971,2026-10-08T14:10,23.0
TOS01004971,2026-10-08T14:15,23.0
TOS01004971,2026-10-08T14:20,23.0
TOS01004971,2026-10-08T14:25,23.0
TOS01004971,2026-10-08T14:30,23.0
TOS01004971,2026-10-08T14:35,23.0
TOS01004971,2026-10-08T14:40,23.0
TOS01004971,2026-10-08T14:45,23.0
TOS01004971,2026-10-08T14:50,23.0
TOS01004971,2026-10-08T14:55,23.0
TOS01004971,2026-10-08T15:00,23.0
TOS01004971,2026-10-08T15:05,23.0
TOS01004971,2026-10-08T15:10,23.0
TOS01004971,2026-10-08T15:15,23.0
TOS01004971,2026-10-08T15:20,23.0
TOS01004971,2026-10-08T15:25,23.0
TOS01004971,2026-10-08T15:30,23.0
TOS01004971,2026-10-08T15:35,23.0
TOS01004971,2026-10-08T15:40,23.0
TOS01004971,2026-10-08T15:45,23.0
TOS01004971,2026-10-08T15:50,23.0
TOS01004971,2026-10-08T15:55,23.0
TOS01004971,2026-10-08T16:00,23.0
TOS01004971,2026-10-08T16:05,23.0
TOS01004971,2026-10-08T16:10,23.0
TOS01004971,2026-10-08T16:15,23.0
TOS01004971,2026-10-08T16:20,23.0
TOS01004971,2026-10-08T16:25,23.0
TOS01004971,2026-10-08T16:30,23.0
TOS01004971,2026-10-08T16:35,23.0
TOS01004971,2026-10-08T16:40,23.0
TOS01004971,2026-10-08T16:45,23.0
TOS01004971,2026-10-08T16:50,23.0
TOS01004971,2026-10-08T16:55,23.0
TOS01004971,2026-10-08T17:00,23.0
TOS01004971,2026-10-08T17:05,23.0
TOS01004971,2026-10-08T17:10,23.0
TOS01004971,2026-10-08T17:15,23.0
TOS01004971,2026-10-08T17:20,23.0
TOS01004971,2026-10-08T17:25,23.0
TOS01004971,2026-10-08T17:30,23.0
TOS01004971,2026-10-08T17:35,23.0
TOS01004971,2026-10-08T17:40,23.0
TOS01004971,2026-10-08T17:45,23.0
TOS01004971,2026-10-08T17:50,23.0
TOS01004971,2026-10-08T17:55,23.0
TOS01004971,2026-10-08T18:00,23.0
TOS01004971,2026-10-08T18:05,23.0
TOS01004971,2026-10-08T18:10,23.0
TOS01004971,2026-10-08T18:15,23.0
TOS01004971,2026-10-08T18:20,23.0
TOS01004971,2026-10-08T18:25,23.0
TOS01004971,2026-10-08T18:30,23.0
TOS01004971,2026-10-08T18:35,23.0
TOS01004971,2026-10-08T18:40,23.0
TOS01004971,2026-10-08T18:45,23.0
TOS01004971,2026-10-08T18:50,23.0
TOS01004971,2026-10-08T18:55,23.0
TOS01004971,2026-10-08T19:00,23.0
TOS01004971,2026-10-08T19:05,23.2
TOS01004971,2026-10-08T19:10,23.2
TOS01004971,2026-10-08T19:15,23.2
TOS01004971,2026-10-08T19:20,23.2
TOS01004971,2026-10-08T19:25,23.2
TOS01004971,2026-10-08T19:30,23.2
TOS01004971,2026-10-08T19:35,23.2
TOS01004971,2026-10-08T19:40,23.2
TOS01004971,2026-10-08T19:45,23.2
TOS01004971,2026-10-08T19:50,23.2
TOS01004971,2026-10-08T19:55,23.2
TOS01004971,2026-10-08T20:00,23.2
TOS01004971,2026-10-08T20:05,23.2
TOS01004971,2026-10-08T20:10,23.2
TOS01004971,2026-10-08T20:15,23.2
TOS01004971,2026-10-08T20:20,23.2
TOS01004971,2026-10-08T20:25,23.2
TOS01004971,2026-10-08T20:30,23.2
TOS01004971,2026-10-08T20:35,23.2
TOS01004971,2026-10-08T20:40,23.2
TOS01004971,2026-10-08T20:45,23.2
TOS01004971,2026-10-08T20:50,23.2
TOS01004971,2026-10-08T20:55,23.2
TOS01004971,2026-10-08T21:00,23.2
TOS01004971,2026-10-08T21:05,23.2
TOS01004971,2026-10-08T21:10,23.2
TOS01004971,2026-10-08T21:15,23.2
TOS01004971,2026-10-08T21:20,23.2
TOS01004971,2026-10-08T21:25,23.2
TOS01004971,2026-10-08T21:30,23.2
TOS01004971,2026-10-08T21:35,23.2
TOS01004971,2026-10-08T21:40,23.2
TOS01004971,2026-10-08T21:45,23.2
TOS01004971,2026-10-08T21:50,23.2
TOS01004971,2026-10-08T21:55,23.2
TOS01004971,2026-10-08T22:00,23.2
TOS01004971,2026-10-08T22:05,23.2
TOS01004971,2026-10-08T22:10,23.4
TOS01004971,2026-10-08T22:15,23.6
TOS01004971,2026-10-08T22:20,24.0
TOS01004971,2026-10-08T22:25,24.7
TOS01004971,2026-10-08T22:30,24.7
TOS01004971,2026-10-08T22:35,24.7
TOS01004971,2026-10-08T22:40,24.7
TOS01004971,2026-10-08T22:45,24.7
TOS01004971,2026-10-08T22:50,24.7
TOS01004971,2026-10-08T22:55,24.7
TOS01004971,2026-10-08T23:00,24.7
TOS01004971,2026-10-08T23:05,24.7
TOS01004971,2026-10-08T23:10,24.7
TOS01004971,2026-10-08T23:15,24.9
TOS01004971,2026-10-08T23:20,24.9
TOS01004971,2026-10-08T23:25,24.9
TOS01004971,2026-10-08T23:30,24.9
TOS01004971,2026-10-08T23:35,24.9
TOS01004971,2026-10-08T23:40,24.9
TOS01004971,2026-10-08T23:45,24.9
TOS01004971,2026-10-08T23:50,24.9
TOS01004971,2026-10-08T23:55,24.9
TOS01005005,2026-10-08T04:10,0.2
TOS01005005,2026-10-08T04:15,0.2
TOS01005005,2026-10-08T04:20,0.2
TOS01005005,2026-10-08T04:25,0.2
TOS01005005,2026-10-08T04:30,0.2
TOS01005005,2026-10-08T04:35,0.2
TOS01005005,2026-10-08T04:40,0.4
TOS01005005,2026-10-08T04:45,0.4
TOS01005005,2026-10-08T04:50,0.4
TOS01005005,2026-10-08T04:55,0.4
TOS01005005,2026-10-08T05:00,0.4
TOS01005005,2026-10-08T05:05,0.4
TOS01005005,2026-10-08T05:10,0.4
TOS01005005,2026-10-08T05:15,0.8
TOS01005005,2026-10-08T05:20,1.0
TOS01005005,2026-10-08T05:25,1.2
TOS01005005,2026-10-08T05:30,1.2
TOS01005005,2026-10-08T05:35,1.2
TOS01005005,2026-10-08T05:40,1.2
TOS01005005,2026-10-08T05:45,1.2
TOS01005005,2026-10-08T05:50,1.2
TOS01005005,2026-10-08T05:55,1.2
TOS01005005,2026-10-08T06:00,1.2
TOS01005005,2026-10-08T06:05,1.2
TOS01005005,2026-10-08T06:10,1.2
TOS01005005,2026-10-08T06:15,1.2
TOS01005005,2026-10-08T06:20,1.2
TOS01005005,2026-10-08T06:25,1.2
TOS01005005,2026-10-08T06:30,1.2
TOS01005005,2026-10-08T06:35,1.2
TOS01005005,2026-10-08T06:40,1.2
TOS01005005,2026-10-08T06:45,1.2
TOS01005005,2026-10-08T06:50,1.2
TOS01005005,2026-10-08T06:55,1.2
TOS01005005,2026-10-08T07:00,1.2
TOS01005005,2026-10-08T07:05,1.2
TOS01005005,2026-10-08T07:10,1.2
TOS01005005,2026-10-08T07:15,1.2
TOS01005005,2026-10-08T07:20,1.2
TOS01005005,2026-10-08T07:25,1.2
TOS01005005,2026-10-08T07:30,1.2
TOS01005005,2026-10-08T07:35,1.2
TOS01005005,2026-10-08T07:40,1.2
TOS01005005,2026-10-08T07:45,1.2
TOS01005005,2026-10-08T07:50,1.2
TOS01005005,2026-10-08T07:55,1.2
TOS01005005,2026-10-08T08:00,1.2
TOS01005005,2026-10-08T08:05,1.2
TOS01005005,2026-10-08T08:10,1.2
TOS01005005,2026-10-08T08:15,1.2
TOS01005005,2026-10-08T08:20,1.2
TOS01005005,2026-10-08T08:25,1.2
TOS01005005,2026-10-08T08:30,1.2
TOS01005005,2026-10-08T08:35,1.2
TOS01005005,2026-10-08T08:40,1.2
TOS01005005,2026-10-08T08:45,1.2
TOS01005005,2026-10-08T08:50,1.2
TOS01005005,2026-10-08T08:55,1.2
TOS01005005,2026-10-08T09:00,1.2
TOS01005005,2026-10-08T09:05,1.2
TOS01005005,2026-10-08T09:10,1.2
TOS01005005,2026-10-08T09:15,1.2
TOS01005005,2026-10-08T09:20,1.2
TOS01005005,2026-10-08T09:25,1.2
TOS01005005,2026-10-08T09:30,1.2
TOS01005005,2026-10-08T09:35,1.2
TOS01005005,2026-10-08T09:40,1.2
TOS01005005,2026-10-08T09:45,1.2
TOS01005005,2026-10-08T09:50,1.2
TOS01005005,2026-10-08T09:55,1.2
TOS01005005,2026-10-08T10:00,1.2
TOS01005005,2026-10-08T10:05,1.2
TOS01005005,2026-10-08T10:10,1.2
TOS01005005,2026-10-08T10:15,1.2
TOS01005005,2026-10-08T10:20,1.2
TOS01005005,2026-10-08T10:25,1.2
TOS01005005,2026-10-08T10:30,1.2
TOS01005005,2026-10-08T10:35,1.2
TOS01005005,2026-10-08T10:40,1.2
TOS01005005,2026-10-08T10:45,1.2
TOS01005005,2026-10-08T10:50,1.2
TOS01005005,2026-10-08T10:55,1.2
TOS01005005,2026-10-08T11:00,1.2
TOS01005005,2026-10-08T11:05,5.2
TOS01005005,2026-10-08T11:10,14.7
TOS01005005,2026-10-08T11:15,18.4
TOS01005005,2026-10-08T11:20,20.1
TOS01005005,2026-10-08T11:25,20.1
TOS01005005,2026-10-08T11:30,20.3
TOS01005005,2026-10-08T11:35,22.3
TOS01005005,2026-10-08T11:40,22.9
TOS01005005,2026-10-08T11:45,22.9
TOS01005005,2026-10-08T11:50,22.9
TOS01005005,2026-10-08T11:55,22.9
TOS01005005,2026-10-08T12:00,22.9
TOS01005005,2026-10-08T12:05,22.9
TOS01005005,2026-10-08T12:10,22.9
TOS01005005,2026-10-08T12:15,22.9
TOS01005005,2026-10-08T12:20,22.9
TOS01005005,2026-10-08T12:25,22.9
TOS01005005,2026-10-08T12:30,22.9
TOS01005005,2026-10-08T12:35,22.9
TOS01005005,2026-10-08T12:40,23.1
TOS01005005,2026-10-08T12:45,23.1
TOS01005005,2026-10-08T12:50,23.1
TOS01005005,2026-10-08T12:55,23.1
TOS01005005,2026-10-08T13:00,23.1
TOS01005005,2026-10-08T13:05,23.1
TOS01005005,2026-10-08T13:10,23.1
TOS01005005,2026-10-08T13:15,23.1
TOS01005005,2026-10-08T13:20,23.1
TOS01005005,2026-10-08T13:25,23.1
TOS01005005,2026-10-08T13:30,23.1
TOS01005005,2026-10-08T13:35,23.1
TOS01005005,2026-10-08T13:40,23.1
TOS01005005,2026-10-08T13:45,23.1
TOS01005005,2026-10-08T13:50,23.1
TOS01005005,2026-10-08T13:55,23.1
TOS01005005,2026-10-08T14:00,23.1
TOS01005005,2026-10-08T14:05,23.1
TOS01005005,2026-10-08T14:10,23.1
TOS01005005,2026-10-08T14:15,23.1
TOS01005005,2026-10-08T14:20,23.1
TOS01005005,2026-10-08T14:25,23.1
TOS01005005,2026-10-08T14:30,23.1
TOS01005005,2026-10-08T14:35,23.1
TOS01005005,2026-10-08T14:40,23.1
TOS01005005,2026-10-08T14:45,23.1
TOS01005005,2026-10-08T14:50,23.1
TOS01005005,2026-10-08T14:55,23.1
TOS01005005,2026-10-08T15:00,23.1
TOS01005005,2026-10-08T15:05,23.1
TOS01005005,2026-10-08T15:10,23.1
TOS01005005,2026-10-08T15:15,23.1
TOS01005005,2026-10-08T15:20,23.1
TOS01005005,2026-10-08T15:25,23.1
TOS01005005,2026-10-08T15:30,23.1
TOS01005005,2026-10-08T15:35,23.1
TOS01005005,2026-10-08T15:40,23.1
TOS01005005,2026-10-08T15:45,23.1
TOS01005005,2026-10-08T15:50,23.1
TOS01005005,2026-10-08T15:55,23.1
TOS01005005,2026-10-08T16:00,23.1
TOS01005005,2026-10-08T16:05,23.1
TOS01005005,2026-10-08T16:10,23.1
TOS01005005,2026-10-08T16:15,23.1
TOS01005005,2026-10-08T16:20,23.1
TOS01005005,2026-10-08T16:25,23.1
TOS01005005,2026-10-08T16:30,23.1
TOS01005005,2026-10-08T16:35,23.1
TOS01005005,2026-10-08T16:40,23.1
TOS01005005,2026-10-08T16:45,23.1
TOS01005005,2026-10-08T16:50,23.1
TOS01005005,2026-10-08T16:55,23.1
TOS01005005,2026-10-08T17:00,23.1
TOS01005005,2026-10-08T17:05,23.1
TOS01005005,2026-10-08T17:10,23.1
TOS01005005,2026-10-08T17:15,23.1
TOS01005005,2026-10-08T17:20,23.1
TOS01005005,2026-10-08T17:25,23.1
TOS01005005,2026-10-08T17:30,23.1
TOS01005005,2026-10-08T17:35,23.1
TOS01005005,2026-10-08T17:40,23.1
TOS01005005,2026-10-08T17:45,23.1
TOS01005005,2026-10-08T17:50,23.1
TOS01005005,2026-10-08T17:55,23.1
TOS01005005,2026-10-08T18:00,23.1
TOS01005005,2026-10-08T18:05,23.1
TOS01005005,2026-10-08T18:10,23.1
TOS01005005,2026-10-08T18:15,23.1
TOS01005005,2026-10-08T18:20,23.1
TOS01005005,2026-10-08T18:25,23.1
TOS01005005,2026-10-08T18:30,23.1
TOS01005005,2026-10-08T18:35,23.1
TOS01005005,2026-10-08T18:40,23.1
TOS01005005,2026-10-08T18:45,23.1
TOS01005005,2026-10-08T18:50,23.1
TOS01005005,2026-10-08T18:55,23.1
TOS01005005,2026-10-08T19:00,23.1
TOS01005005,2026-10-08T19:05,23.1
TOS01005005,2026-10-08T19:10,23.1
TOS01005005,2026-10-08T19:15,23.1
TOS01005005,2026-10-08T19:20,23.1
TOS01005005,2026-10-08T19:25,23.1
TOS01005005,2026-10-08T19:30,23.1
TOS01005005,2026-10-08T19:35,23.1
TOS01005005,2026-10-08T19:40,23.1
TOS01005005,2026-10-08T19:45,23.1
TOS01005005,2026-10-08T19:50,23.1
TOS01005005,2026-10-08T19:55,23.1
TOS01005005,2026-10-08T20:00,23.1
TOS01005005,2026-10-08T20:05,23.1
TOS01005005,2026-10-08T20:10,23.1
TOS01005005,2026-10-08T20:15,23.1
TOS01005005,2026-10-08T20:20,23.1
TOS01005005,2026-10-08T20:25,23.1
TOS01005005,2026-10-08T20:30,23.1
TOS01005005,2026-10-08T20:35,23.1
TOS01005005,2026-10-08T20:40,23.1
TOS01005005,2026-10-08T20:45,23.1
TOS01005005,2026-10-08T20:50,23.1
TOS01005005,2026-10-08T20:55,23.1
TOS01005005,2026-10-08T21:00,23.1
TOS01005005,2026-10-08T21:05,23.1
TOS01005005,2026-10-08T21:10,23.1
TOS01005005,2026-10-08T21:15,23.1
TOS01005005,2026-10-08T21:20,23.1
TOS01005005,2026-10-08T21:25,23.1
TOS01005005,2026-10-08T21:30,23.1
TOS01005005,2026-10-08T21:35,23.1
TOS01005005,2026-10-08T21:40,23.1
TOS01005005,2026-10-08T21:45,23.1
TOS01005005,2026-10-08T21:50,23.1
TOS01005005,2026-10-08T21:55,23.3
TOS01005005,2026-10-08T22:00,23.9
TOS01005005,2026-10-08T22:05,24.1
TOS01005005,2026-10-08T22:10,24.9
TOS01005005,2026-10-08T22:15,25.1
TOS01005005,2026-10-08T22:20,25.5
TOS01005005,2026-10-08T22:25,25.7
TOS01005005,2026-10-08T22:30,25.9
TOS01005005,2026-10-08T22:35,25.9
TOS01005005,2026-10-08T22:40,26.1
TOS01005005,2026-10-08T22:45,26.1
TOS01005005,2026-10-08T22:50,26.3
TOS01005005,2026-10-08T22:55,26.3
TOS01005005,2026-10-08T23:00,26.5
TOS01005005,2026-10-08T23:05,26.5
TOS01005005,2026-10-08T23:10,26.5
TOS01005005,2026-10-08T23:15,26.5
TOS01005005,2026-10-08T23:20,26.9
TOS01005005,2026-10-08T23:25,26.9
TOS01005005,2026-10-08T23:30,26.9
TOS01005005,2026-10-08T23:35,27.1
TOS01005005,2026-10-08T23:40,27.3
TOS01005005,2026-10-08T23:45,27.5
TOS01005005,2026-10-08T23:50,27.7
TOS01005005,2026-10-08T23:55,27.9
TOS01005131,2026-10-08T04:25,0.2
TOS01005131,2026-10-08T04:30,0.2
TOS01005131,2026-10-08T04:35,0.2
TOS01005131,2026-10-08T04:40,0.2
TOS01005131,2026-10-08T04:45,0.2
TOS01005131,2026-10-08T04:50,0.2
TOS01005131,2026-10-08T04:55,0.2
TOS01005131,2026-10-08T05:00,0.4
TOS01005131,2026-10-08T05:05,0.4
TOS01005131,2026-10-08T05:10,0.6
TOS01005131,2026-10-08T05:15,0.8
TOS01005131,2026-10-08T05:20,0.8
TOS01005131,2026-10-08T05:25,0.8
TOS01005131,2026-10-08T05:30,0.8
TOS01005131,2026-10-08T05:35,0.8
TOS01005131,2026-10-08T05:40,0.8
TOS01005131,2026-10-08T05:45,0.8
TOS01005131,2026-10-08T05:50,0.8
TOS01005131,2026-10-08T05:55,0.8
TOS01005131,2026-10-08T06:00,0.8
TOS01005131,2026-10-08T06:05,0.8
TOS01005131,2026-10-08T06:10,0.8
TOS01005131,2026-10-08T06:15,0.8
TOS01005131,2026-10-08T06:20,0.8
TOS01005131,2026-10-08T06:25,0.8
TOS01005131,2026-10-08T06:30,0.8
TOS01005131,2026-10-08T06:35,0.8
TOS01005131,2026-10-08T06:40,0.8
TOS01005131,2026-10-08T06:45,0.8
TOS01005131,2026-10-08T06:50,0.8
TOS01005131,2026-10-08T06:55,0.8
TOS01005131,2026-10-08T07:00,0.8
TOS01005131,2026-10-08T07:05,0.8
TOS01005131,2026-10-08T07:10,0.8
TOS01005131,2026-10-08T07:15,0.8
TOS01005131,2026-10-08T07:20,0.8
TOS01005131,2026-10-08T07:25,0.8
TOS01005131,2026-10-08T07:30,0.8
TOS01005131,2026-10-08T07:35,0.8
TOS01005131,2026-10-08T07:40,0.8
TOS01005131,2026-10-08T07:45,0.8
TOS01005131,2026-10-08T07:50,0.8
TOS01005131,2026-10-08T07:55,0.8
TOS01005131,2026-10-08T08:00,0.8
TOS01005131,2026-10-08T08:05,0.8
TOS01005131,2026-10-08T08:10,0.8
TOS01005131,2026-10-08T08:15,0.8
TOS01005131,2026-10-08T08:20,0.8
TOS01005131,2026-10-08T08:25,0.8
TOS01005131,2026-10-08T08:30,0.8
TOS01005131,2026-10-08T08:35,0.8
TOS01005131,2026-10-08T08:40,0.8
TOS01005131,2026-10-08T08:45,0.8
TOS01005131,2026-10-08T08:50,0.8
TOS01005131,2026-10-08T08:55,0.8
TOS01005131,2026-10-08T09:00,0.8
TOS01005131,2026-10-08T09:05,0.8
TOS01005131,2026-10-08T09:10,0.8
TOS01005131,2026-10-08T09:15,0.8
TOS01005131,2026-10-08T09:20,0.8
TOS01005131,2026-10-08T09:25,0.8
TOS01005131,2026-10-08T09:30,0.8
TOS01005131,2026-10-08T09:35,0.8
TOS01005131,2026-10-08T09:40,0.8
TOS01005131,2026-10-08T09:45,0.8
TOS01005131,2026-10-08T09:50,0.8
TOS01005131,2026-10-08T09:55,0.8
TOS01005131,2026-10-08T10:00,0.8
TOS01005131,2026-10-08T10:05,0.8
TOS01005131,2026-10-08T10:10,0.8
TOS01005131,2026-10-08T10:15,0.8
TOS01005131,2026-10-08T10:20,0.8
TOS01005131,2026-10-08T10:25,0.8
TOS01005131,2026-10-08T10:30,0.8
TOS01005131,2026-10-08T10:35,0.8
TOS01005131,2026-10-08T10:40,0.8
TOS01005131,2026-10-08T10:45,0.8
TOS01005131,2026-10-08T10:50,4.4
TOS01005131,2026-10-08T10:55,7.3
TOS01005131,2026-10-08T11:00,10.1
TOS01005131,2026-10-08T11:05,15.5
TOS01005131,2026-10-08T11:10,15.5
TOS01005131,2026-10-08T11:15,15.5
TOS01005131,2026-10-08T11:20,16.7
TOS01005131,2026-10-08T11:25,18.1
TOS01005131,2026-10-08T11:30,18.3
TOS01005131,2026-10-08T11:35,18.3
TOS01005131,2026-10-08T11:40,18.3
TOS01005131,2026-10-08T11:45,18.3
TOS01005131,2026-10-08T11:50,18.3
TOS01005131,2026-10-08T11:55,18.3
TOS01005131,2026-10-08T12:00,18.3
TOS01005131,2026-10-08T12:05,18.3
TOS01005131,2026-10-08T12:10,18.3
TOS01005131,2026-10-08T12:15,18.3
TOS01005131,2026-10-08T12:20,18.7
TOS01005131,2026-10-08T12:25,18.7
TOS01005131,2026-10-08T12:30,18.7
TOS01005131,2026-10-08T12:35,18.7
TOS01005131,2026-10-08T12:40,18.7
TOS01005131,2026-10-08T12:45,18.7
TOS01005131,2026-10-08T12:50,18.7
TOS01005131,2026-10-08T12:55,18.7
TOS01005131,2026-10-08T13:00,18.7
TOS01005131,2026-10-08T13:05,18.7
TOS01005131,2026-10-08T13:10,18.7
TOS01005131,2026-10-08T13:15,18.7
TOS01005131,2026-10-08T13:20,18.7
TOS01005131,2026-10-08T13:25,18.7
TOS01005131,2026-10-08T13:30,18.7
TOS01005131,2026-10-08T13:35,19.1
TOS01005131,2026-10-08T13:40,19.1
TOS01005131,2026-10-08T13:45,19.1
TOS01005131,2026-10-08T13:50,19.1
TOS01005131,2026-10-08T13:55,19.1
TOS01005131,2026-10-08T14:00,19.1
TOS01005131,2026-10-08T14:05,19.1
TOS01005131,2026-10-08T14:10,19.1
TOS01005131,2026-10-08T14:15,19.3
TOS01005131,2026-10-08T14:20,19.3
TOS01005131,2026-10-08T14:25,19.3
TOS01005131,2026-10-08T14:30,19.3
TOS01005131,2026-10-08T14:35,19.3
TOS01005131,2026-10-08T14:40,19.3
TOS01005131,2026-10-08T14:45,19.3
TOS01005131,2026-10-08T14:50,19.3
TOS01005131,2026-10-08T14:55,19.3
TOS01005131,2026-10-08T15:00,19.3
TOS01005131,2026-10-08T15:05,19.3
TOS01005131,2026-10-08T15:10,19.3
TOS01005131,2026-10-08T15:15,19.3
TOS01005131,2026-10-08T15:20,19.3
TOS01005131,2026-10-08T15:25,19.3
TOS01005131,2026-10-08T15:30,19.3
TOS01005131,2026-10-08T15:35,19.3
TOS01005131,2026-10-08T15:40,19.3
TOS01005131,2026-10-08T15:45,19.3
TOS01005131,2026-10-08T15:50,19.3
TOS01005131,2026-10-08T15:55,19.3
TOS01005131,2026-10-08T16:00,19.3
TOS01005131,2026-10-08T16:05,19.3
TOS01005131,2026-10-08T16:10,19.3
TOS01005131,2026-10-08T16:15,19.3
TOS01005131,2026-10-08T16:20,19.3
TOS01005131,2026-10-08T16:25,19.3
TOS01005131,2026-10-08T16:30,19.3
TOS01005131,2026-10-08T16:35,19.3
TOS01005131,2026-10-08T16:40,19.3
TOS01005131,2026-10-08T16:45,19.3
TOS01005131,2026-10-08T16:50,19.3
TOS01005131,2026-10-08T16:55,19.3
TOS01005131,2026-10-08T17:00,19.3
TOS01005131,2026-10-08T17:05,19.3
TOS01005131,2026-10-08T17:10,19.3
TOS01005131,2026-10-08T17:15,19.3
TOS01005131,2026-10-08T17:20,19.3
TOS01005131,2026-10-08T17:25,19.3
TOS01005131,2026-10-08T17:30,19.3
TOS01005131,2026-10-08T17:35,19.3
TOS01005131,2026-10-08T17:40,19.3
TOS01005131,2026-10-08T17:45,19.3
TOS01005131,2026-10-08T17:50,19.3
TOS01005131,2026-10-08T17:55,19.3
TOS01005131,2026-10-08T18:00,19.3
TOS01005131,2026-10-08T18:05,19.3
TOS01005131,2026-10-08T18:10,19.3
TOS01005131,2026-10-08T18:15,19.3
TOS01005131,2026-10-08T18:20,19.3
TOS01005131,2026-10-08T18:25,19.3
TOS01005131,2026-10-08T18:30,19.3
TOS01005131,2026-10-08T18:35,19.3
TOS01005131,2026-10-08T18:40,19.3
TOS01005131,2026-10-08T18:45,19.3
TOS01005131,2026-10-08T18:50,19.3
TOS01005131,2026-10-08T18:55,19.3
TOS01005131,2026-10-08T19:00,19.3
TOS01005131,2026-10-08T19:05,19.3
TOS01005131,2026-10-08T19:10,19.3
TOS01005131,2026-10-08T19:15,19.3
TOS01005131,2026-10-08T19:20,19.3
TOS01005131,2026-10-08T19:25,19.3
TOS01005131,2026-10-08T19:30,19.3
TOS01005131,2026-10-08T19:35,19.3
TOS01005131,2026-10-08T19:40,19.3
TOS01005131,2026-10-08T19:45,19.3
TOS01005131,2026-10-08T19:50,19.3
TOS01005131,2026-10-08T19:55,19.3
TOS01005131,2026-10-08T20:00,19.3
TOS01005131,2026-10-08T20:05,19.3
TOS01005131,2026-10-08T20:10,19.3
TOS01005131,2026-10-08T20:15,19.3
TOS01005131,2026-10-08T20:20,19.3
TOS01005131,2026-10-08T20:25,19.3
TOS01005131,2026-10-08T20:30,19.3
TOS01005131,2026-10-08T20:35,19.3
TOS01005131,2026-10-08T20:40,19.3
TOS01005131,2026-10-08T20:45,19.3
TOS01005131,2026-10-08T20:50,19.3
TOS01005131,2026-10-08T20:55,19.3
TOS01005131,2026-10-08T21:00,19.3
TOS01005131,2026-10-08T21:05,19.3
TOS01005131,2026-10-08T21:10,19.3
TOS01005131,2026-10-08T21:15,19.3
TOS01005131,2026-10-08T21:20,19.3
TOS01005131,2026-10-08T21:25,19.3
TOS01005131,2026-10-08T21:30,19.3
TOS01005131,2026-10-08T21:35,19.3
TOS01005131,2026-10-08T21:40,19.3
TOS01005131,2026-10-08T21:45,19.3
TOS01005131,2026-10-08T21:50,19.3
TOS01005131,2026-10-08T21:55,19.3
TOS01005131,2026-10-08T22:00,19.3
TOS01005131,2026-10-08T22:05,19.3
TOS01005131,2026-10-08T22:10,19.3
TOS01005131,2026-10-08T22:15,19.3
TOS01005131,2026-10-08T22:20,20.3
TOS01005131,2026-10-08T22:25,23.8
TOS01005131,2026-10-08T22:30,25.5
TOS01005131,2026-10-08T22:35,25.9
TOS01005131,2026-10-08T22:40,26.3
TOS01005131,2026-10-08T22:45,26.9
TOS01005131,2026-10-08T22:50,33.0
TOS01005131,2026-10-08T22:55,38.4
TOS01005131,2026-10-08T23:00,40.9
TOS01005131,2026-10-08T23:05,42.9
TOS01005131,2026-10-08T23:10,42.9
TOS01005131,2026-10-08T23:15,43.5
TOS01005131,2026-10-08T23:20,43.5
TOS01005131,2026-10-08T23:25,43.5
TOS01005131,2026-10-08T23:30,43.5
TOS01005131,2026-10-08T23:35,43.5
TOS01005131,2026-10-08T23:40,43.5
TOS01005131,2026-10-08T23:45,43.5
TOS01005131,2026-10-08T23:50,43.5
TOS01005131,2026-10-08T23:55,43.5
TOS01005181,2026-10-08T04:00,0.2
TOS01005181,2026-10-08T04:05,0.2
TOS01005181,2026-10-08T04:10,0.4
TOS01005181,2026-10-08T04:15,0.4
TOS01005181,2026-10-08T04:20,0.4
TOS01005181,2026-10-08T04:25,0.4
TOS01005181,2026-10-08T04:30,0.6
TOS01005181,2026-10-08T04:35,0.6
TOS01005181,2026-10-08T04:40,0.6
TOS01005181,2026-10-08T04:45,0.8
TOS01005181,2026-10-08T04:50,0.8
TOS01005181,2026-10-08T04:55,1.0
TOS01005181,2026-10-08T05:00,1.0
TOS01005181,2026-10-08T05:05,1.0
TOS01005181,2026-10-08T05:10,1.0
TOS01005181,2026-10-08T05:15,1.0
TOS01005181,2026-10-08T05:20,1.0
TOS01005181,2026-10-08T05:25,1.0
TOS01005181,2026-10-08T05:30,1.0
TOS01005181,2026-10-08T05:35,1.0
TOS01005181,2026-10-08T05:40,1.0
TOS01005181,2026-10-08T05:45,1.0
TOS01005181,2026-10-08T05:50,1.0
TOS01005181,2026-10-08T05:55,1.0
TOS01005181,2026-10-08T06:00,1.0
TOS01005181,2026-10-08T06:05,1.0
TOS01005181,2026-10-08T06:10,1.0
TOS01005181,2026-10-08T06:15,1.0
TOS01005181,2026-10-08T06:20,1.0
TOS01005181,2026-10-08T06:25,1.0
TOS01005181,2026-10-08T06:30,1.0
TOS01005181,2026-10-08T06:35,1.0
TOS01005181,2026-10-08T06:40,1.0
TOS01005181,2026-10-08T06:45,1.0
TOS01005181,2026-10-08T06:50,1.0
TOS01005181,2026-10-08T06:55,1.0
TOS01005181,2026-10-08T07:00,1.0
TOS01005181,2026-10-08T07:05,1.0
TOS01005181,2026-10-08T07:10,1.0
TOS01005181,2026-10-08T07:15,1.0
TOS01005181,2026-10-08T07:20,1.0
TOS01005181,2026-10-08T07:25,1.0
TOS01005181,2026-10-08T07:30,1.0
TOS01005181,2026-10-08T07:35,1.0
TOS01005181,2026-10-08T07:40,1.0
TOS01005181,2026-10-08T07:45,1.0
TOS01005181,2026-10-08T07:50,1.0
TOS01005181,2026-10-08T07:55,1.0
TOS01005181,2026-10-08T08:00,1.0
TOS01005181,2026-10-08T08:05,1.0
TOS01005181,2026-10-08T08:10,1.0
TOS01005181,2026-10-08T08:15,1.0
TOS01005181,2026-10-08T08:20,1.0
TOS01005181,2026-10-08T08:25,1.0
TOS01005181,2026-10-08T08:30,1.0
TOS01005181,2026-10-08T08:35,1.0
TOS01005181,2026-10-08T08:40,1.0
TOS01005181,2026-10-08T08:45,1.0
TOS01005181,2026-10-08T08:50,1.0
TOS01005181,2026-10-08T08:55,1.0
TOS01005181,2026-10-08T09:00,1.0
TOS01005181,2026-10-08T09:05,1.0
TOS01005181,2026-10-08T09:10,1.0
TOS01005181,2026-10-08T09:15,1.0
TOS01005181,2026-10-08T09:20,1.0
TOS01005181,2026-10-08T09:25,1.0
TOS01005181,2026-10-08T09:30,1.0
TOS01005181,2026-10-08T09:35,1.0
TOS01005181,2026-10-08T09:40,1.0
TOS01005181,2026-10-08T09:45,1.0
TOS01005181,2026-10-08T09:50,1.0
TOS01005181,2026-10-08T09:55,1.0
TOS01005181,2026-10-08T10:00,1.0
TOS01005181,2026-10-08T10:05,1.0
TOS01005181,2026-10-08T10:10,1.0
TOS01005181,2026-10-08T10:15,1.0
TOS01005181,2026-10-08T10:20,1.0
TOS01005181,2026-10-08T10:25,1.0
TOS01005181,2026-10-08T10:30,1.0
TOS01005181,2026-10-08T10:35,1.2
TOS01005181,2026-10-08T10:40,4.5
TOS01005181,2026-10-08T10:45,10.8
TOS01005181,2026-10-08T10:50,14.2
TOS01005181,2026-10-08T10:55,14.2
TOS01005181,2026-10-08T11:00,14.2
TOS01005181,2026-10-08T11:05,14.2
TOS01005181,2026-10-08T11:10,14.2
TOS01005181,2026-10-08T11:15,14.2
TOS01005181,2026-10-08T11:20,14.2
TOS01005181,2026-10-08T11:25,14.2
TOS01005181,2026-10-08T11:30,14.2
TOS01005181,2026-10-08T11:35,14.2
TOS01005181,2026-10-08T11:40,14.2
TOS01005181,2026-10-08T11:45,14.2
TOS01005181,2026-10-08T11:50,14.2
TOS01005181,2026-10-08T11:55,14.2
TOS01005181,2026-10-08T12:00,14.2
TOS01005181,2026-10-08T12:05,14.2
TOS01005181,2026-10-08T12:10,14.2
TOS01005181,2026-10-08T12:15,14.2
TOS01005181,2026-10-08T12:20,14.2
TOS01005181,2026-10-08T12:25,14.2
TOS01005181,2026-10-08T12:30,14.2
TOS01005181,2026-10-08T12:35,14.2
TOS01005181,2026-10-08T12:40,14.2
TOS01005181,2026-10-08T12:45,14.2
TOS01005181,2026-10-08T12:50,14.2
TOS01005181,2026-10-08T12:55,14.2
TOS01005181,2026-10-08T13:00,14.2
TOS01005181,2026-10-08T13:05,14.2
TOS01005181,2026-10-08T13:10,14.2
TOS01005181,2026-10-08T13:15,14.2
TOS01005181,2026-10-08T13:20,14.2
TOS01005181,2026-10-08T13:25,14.2
TOS01005181,2026-10-08T13:30,14.2
TOS01005181,2026-10-08T13:35,14.2
TOS01005181,2026-10-08T13:40,14.2
TOS01005181,2026-10-08T13:45,14.2
TOS01005181,2026-10-08T13:50,14.2
TOS01005181,2026-10-08T13:55,14.2
TOS01005181,2026-10-08T14:00,14.2
TOS01005181,2026-10-08T14:05,14.2
TOS01005181,2026-10-08T14:10,14.2
TOS01005181,2026-10-08T14:15,14.2
TOS01005181,2026-10-08T14:20,14.2
TOS01005181,2026-10-08T14:25,14.2
TOS01005181,2026-10-08T14:30,14.2
TOS01005181,2026-10-08T14:35,14.2
TOS01005181,2026-10-08T14:40,14.2
TOS01005181,2026-10-08T14:45,14.2
TOS01005181,2026-10-08T14:50,14.2
TOS01005181,2026-10-08T14:55,14.2
TOS01005181,2026-10-08T15:00,14.2
TOS01005181,2026-10-08T15:05,14.2
TOS01005181,2026-10-08T15:10,14.2
TOS01005181,2026-10-08T15:15,14.2
TOS01005181,2026-10-08T15:20,14.2
TOS01005181,2026-10-08T15:25,14.2
TOS01005181,2026-10-08T15:30,14.2
TOS01005181,2026-10-08T15:35,14.2
TOS01005181,2026-10-08T15:40,14.2
TOS01005181,2026-10-08T15:45,14.2
TOS01005181,2026-10-08T15:50,14.2
TOS01005181,2026-10-08T15:55,14.2
TOS01005181,2026-10-08T16:00,14.2
TOS01005181,2026-10-08T16:05,14.2
TOS01005181,2026-10-08T16:10,14.2
TOS01005181,2026-10-08T16:15,14.2
TOS01005181,2026-10-08T16:20,14.2
TOS01005181,2026-10-08T16:25,14.2
TOS01005181,2026-10-08T16:30,14.2
TOS01005181,2026-10-08T16:35,14.2
TOS01005181,2026-10-08T16:40,14.2
TOS01005181,2026-10-08T16:45,14.2
TOS01005181,2026-10-08T16:50,14.2
TOS01005181,2026-10-08T16:55,14.2
TOS01005181,2026-10-08T17:00,14.2
TOS01005181,2026-10-08T17:05,14.2
TOS01005181,2026-10-08T17:10,14.2
TOS01005181,2026-10-08T17:15,14.2
TOS01005181,2026-10-08T17:20,14.2
TOS01005181,2026-10-08T17:25,14.2
TOS01005181,2026-10-08T17:30,14.2
TOS01005181,2026-10-08T17:35,14.2
TOS01005181,2026-10-08T17:40,14.2
TOS01005181,2026-10-08T17:45,14.2
TOS01005181,2026-10-08T17:50,14.2
TOS01005181,2026-10-08T17:55,14.2
TOS01005181,2026-10-08T18:00,14.2
TOS01005181,2026-10-08T18:05,14.2
TOS01005181,2026-10-08T18:10,14.2
TOS01005181,2026-10-08T18:15,14.2
TOS01005181,2026-10-08T18:20,14.2
TOS01005181,2026-10-08T18:25,14.2
TOS01005181,2026-10-08T18:30,14.2
TOS01005181,2026-10-08T18:35,14.2
TOS01005181,2026-10-08T18:40,14.2
TOS01005181,2026-10-08T18:45,14.2
TOS01005181,2026-10-08T18:50,14.2
TOS01005181,2026-10-08T18:55,14.2
TOS01005181,2026-10-08T19:00,14.2
TOS01005181,2026-10-08T19:05,14.2
TOS01005181,2026-10-08T19:10,14.2
TOS01005181,2026-10-08T19:15,14.2
TOS01005181,2026-10-08T19:20,14.2
TOS01005181,2026-10-08T19:25,14.2
TOS01005181,2026-10-08T19:30,14.2
TOS01005181,2026-10-08T19:35,14.2
TOS01005181,2026-10-08T19:40,14.2
TOS01005181,2026-10-08T19:45,14.2
TOS01005181,2026-10-08T19:50,14.2
TOS01005181,2026-10-08T19:55,14.2
TOS01005181,2026-10-08T20:00,14.2
TOS01005181,2026-10-08T20:05,14.2
TOS01005181,2026-10-08T20:10,14.2
TOS01005181,2026-10-08T20:15,14.2
TOS01005181,2026-10-08T20:20,14.2
TOS01005181,2026-10-08T20:25,14.2
TOS01005181,2026-10-08T20:30,14.2
TOS01005181,2026-10-08T20:35,14.2
TOS01005181,2026-10-08T20:40,14.2
TOS01005181,2026-10-08T20:45,14.2
TOS01005181,2026-10-08T20:50,14.2
TOS01005181,2026-10-08T20:55,14.2
TOS01005181,2026-10-08T21:00,14.2
TOS01005181,2026-10-08T21:05,14.2
TOS01005181,2026-10-08T21:10,14.2
TOS01005181,2026-10-08T21:15,14.4
TOS01005181,2026-10-08T21:20,14.4
TOS01005181,2026-10-08T21:25,14.4
TOS01005181,2026-10-08T21:30,14.4
TOS01005181,2026-10-08T21:35,14.8
TOS01005181,2026-10-08T21:40,14.8
TOS01005181,2026-10-08T21:45,14.8
TOS01005181,2026-10-08T21:50,14.8
TOS01005181,2026-10-08T21:55,14.8
TOS01005181,2026-10-08T22:00,14.8
TOS01005181,2026-10-08T22:05,15.0
TOS01005181,2026-10-08T22:10,15.0
TOS01005181,2026-10-08T22:15,15.0
TOS01005181,2026-10-08T22:20,15.0
TOS01005181,2026-10-08T22:25,15.0
TOS01005181,2026-10-08T22:30,15.2
TOS01005181,2026-10-08T22:35,15.2
TOS01005181,2026-10-08T22:40,15.2
TOS01005181,2026-10-08T22:45,15.2
TOS01005181,2026-10-08T22:50,15.2
TOS01005181,2026-10-08T22:55,15.4
TOS01005181,2026-10-08T23:00,15.4
TOS01005181,2026-10-08T23:05,16.0
TOS01005181,2026-10-08T23:10,16.0
TOS01005181,2026-10-08T23:15,16.0
TOS01005181,2026-10-08T23:20,16.0
TOS01005181,2026-10-08T23:25,16.0
TOS01005181,2026-10-08T23:30,16.0
TOS01005181,2026-10-08T23:35,16.0
TOS01005181,2026-10-08T23:40,16.0
TOS01005181,2026-10-08T23:45,16.0
TOS01005181,2026-10-08T23:50,16.0
TOS01005181,2026-10-08T23:55,16.0
TOS01005191,2026-10-08T03:55,0.4
TOS01005191,2026-10-08T04:00,0.4
TOS01005191,2026-10-08T04:05,0.6
TOS01005191,2026-10-08T04:10,0.8
TOS01005191,2026-10-08T04:15,0.8
TOS01005191,2026-10-08T04:20,0.8
TOS01005191,2026-10-08T04:25,0.8
TOS01005191,2026-10-08T04:30,0.8
TOS01005191,2026-10-08T04:35,1.0
TOS01005191,2026-10-08T04:40,1.2
TOS01005191,2026-10-08T04:45,1.6
TOS01005191,2026-10-08T04:50,2.4
TOS01005191,2026-10-08T04:55,2.6
TOS01005191,2026-10-08T05:00,2.6
TOS01005191,2026-10-08T05:05,2.6
TOS01005191,2026-10-08T05:10,2.6
TOS01005191,2026-10-08T05:15,2.6
TOS01005191,2026-10-08T05:20,2.6
TOS01005191,2026-10-08T05:25,2.8
TOS01005191,2026-10-08T05:30,2.8
TOS01005191,2026-10-08T05:35,2.8
TOS01005191,2026-10-08T05:40,2.8
TOS01005191,2026-10-08T05:45,2.8
TOS01005191,2026-10-08T05:50,2.8
TOS01005191,2026-10-08T05:55,2.8
TOS01005191,2026-10-08T06:00,2.8
TOS01005191,2026-10-08T06:05,2.8
TOS01005191,2026-10-08T06:10,2.8
TOS01005191,2026-10-08T06:15,2.8
TOS01005191,2026-10-08T06:20,2.8
TOS01005191,2026-10-08T06:25,2.8
TOS01005191,2026-10-08T06:30,2.8
TOS01005191,2026-10-08T06:35,2.8
TOS01005191,2026-10-08T06:40,2.8
TOS01005191,2026-10-08T06:45,2.8
TOS01005191,2026-10-08T06:50,2.8
TOS01005191,2026-10-08T06:55,2.8
TOS01005191,2026-10-08T07:00,2.8
TOS01005191,2026-10-08T07:05,2.8
TOS01005191,2026-10-08T07:10,2.8
TOS01005191,2026-10-08T07:15,2.8
TOS01005191,2026-10-08T07:20,2.8
TOS01005191,2026-10-08T07:25,2.8
TOS01005191,2026-10-08T07:30,2.8
TOS01005191,2026-10-08T07:35,2.8
TOS01005191,2026-10-08T07:40,2.8
TOS01005191,2026-10-08T07:45,2.8
TOS01005191,2026-10-08T07:50,2.8
TOS01005191,2026-10-08T07:55,2.8
TOS01005191,2026-10-08T08:00,2.8
TOS01005191,2026-10-08T08:05,2.8
TOS01005191,2026-10-08T08:10,2.8
TOS01005191,2026-10-08T08:15,2.8
TOS01005191,2026-10-08T08:20,2.8
TOS01005191,2026-10-08T08:25,2.8
TOS01005191,2026-10-08T08:30,2.8
TOS01005191,2026-10-08T08:35,2.8
TOS01005191,2026-10-08T08:40,2.8
TOS01005191,2026-10-08T08:45,2.8
TOS01005191,2026-10-08T08:50,2.8
TOS01005191,2026-10-08T08:55,2.8
TOS01005191,2026-10-08T09:00,2.8
TOS01005191,2026-10-08T09:05,2.8
TOS01005191,2026-10-08T09:10,2.8
TOS01005191,2026-10-08T09:15,2.8
TOS01005191,2026-10-08T09:20,2.8
TOS01005191,2026-10-08T09:25,2.8
TOS01005191,2026-10-08T09:30,2.8
TOS01005191,2026-10-08T09:35,2.8
TOS01005191,2026-10-08T09:40,2.8
TOS01005191,2026-10-08T09:45,2.8
TOS01005191,2026-10-08T09:50,2.8
TOS01005191,2026-10-08T09:55,2.8
TOS01005191,2026-10-08T10:00,2.8
TOS01005191,2026-10-08T10:05,2.8
TOS01005191,2026-10-08T10:10,2.8
TOS01005191,2026-10-08T10:15,2.8
TOS01005191,2026-10-08T10:20,2.8
TOS01005191,2026-10-08T10:25,3.0
TOS01005191,2026-10-08T10:30,3.6
TOS01005191,2026-10-08T10:35,5.4
TOS01005191,2026-10-08T10:40,8.9
TOS01005191,2026-10-08T10:45,9.7
TOS01005191,2026-10-08T10:50,9.9
TOS01005191,2026-10-08T10:55,12.0
TOS01005191,2026-10-08T11:00,12.4
TOS01005191,2026-10-08T11:05,12.4
TOS01005191,2026-10-08T11:10,12.4
TOS01005191,2026-10-08T11:15,12.4
TOS01005191,2026-10-08T11:20,12.4
TOS01005191,2026-10-08T11:25,12.4
TOS01005191,2026-10-08T11:30,12.4
TOS01005191,2026-10-08T11:35,12.4
TOS01005191,2026-10-08T11:40,12.4
TOS01005191,2026-10-08T11:45,12.4
TOS01005191,2026-10-08T11:50,12.4
TOS01005191,2026-10-08T11:55,14.3
TOS01005191,2026-10-08T12:00,17.6
TOS01005191,2026-10-08T12:05,17.6
TOS01005191,2026-10-08T12:10,17.8
TOS01005191,2026-10-08T12:15,17.8
TOS01005191,2026-10-08T12:20,17.8
TOS01005191,2026-10-08T12:25,17.8
TOS01005191,2026-10-08T12:30,17.8
TOS01005191,2026-10-08T12:35,17.8
TOS01005191,2026-10-08T12:40,17.8
TOS01005191,2026-10-08T12:45,17.8
TOS01005191,2026-10-08T12:50,17.8
TOS01005191,2026-10-08T12:55,17.8
TOS01005191,2026-10-08T13:00,17.8
TOS01005191,2026-10-08T13:05,17.8
TOS01005191,2026-10-08T13:10,17.8
TOS01005191,2026-10-08T13:15,17.8
TOS01005191,2026-10-08T13:20,17.8
TOS01005191,2026-10-08T13:25,17.8
TOS01005191,2026-10-08T13:30,17.8
TOS01005191,2026-10-08T13:35,17.8
TOS01005191,2026-10-08T13:40,17.8
TOS01005191,2026-10-08T13:45,17.8
TOS01005191,2026-10-08T13:50,17.8
TOS01005191,2026-10-08T13:55,17.8
TOS01005191,2026-10-08T14:00,17.8
TOS01005191,2026-10-08T14:05,17.8
TOS01005191,2026-10-08T14:10,17.8
TOS01005191,2026-10-08T14:15,17.8
TOS01005191,2026-10-08T14:20,17.8
TOS01005191,2026-10-08T14:25,17.8
TOS01005191,2026-10-08T14:30,17.8
TOS01005191,2026-10-08T14:35,17.8
TOS01005191,2026-10-08T14:40,17.8
TOS01005191,2026-10-08T14:45,17.8
TOS01005191,2026-10-08T14:50,17.8
TOS01005191,2026-10-08T14:55,17.8
TOS01005191,2026-10-08T15:00,17.8
TOS01005191,2026-10-08T15:05,17.8
TOS01005191,2026-10-08T15:10,17.8
TOS01005191,2026-10-08T15:15,17.8
TOS01005191,2026-10-08T15:20,17.8
TOS01005191,2026-10-08T15:25,17.8
TOS01005191,2026-10-08T15:30,17.8
TOS01005191,2026-10-08T15:35,17.8
TOS01005191,2026-10-08T15:40,18.0
TOS01005191,2026-10-08T15:45,18.0
TOS01005191,2026-10-08T15:50,18.0
TOS01005191,2026-10-08T15:55,18.0
TOS01005191,2026-10-08T16:00,18.0
TOS01005191,2026-10-08T16:05,18.0
TOS01005191,2026-10-08T16:10,18.0
TOS01005191,2026-10-08T16:15,18.0
TOS01005191,2026-10-08T16:20,18.0
TOS01005191,2026-10-08T16:25,18.0
TOS01005191,2026-10-08T16:30,18.0
TOS01005191,2026-10-08T16:35,18.0
TOS01005191,2026-10-08T16:40,18.0
TOS01005191,2026-10-08T16:45,18.0
TOS01005191,2026-10-08T16:50,18.0
TOS01005191,2026-10-08T16:55,18.0
TOS01005191,2026-10-08T17:00,18.0
TOS01005191,2026-10-08T17:05,18.0
TOS01005191,2026-10-08T17:10,18.0
TOS01005191,2026-10-08T17:15,18.0
TOS01005191,2026-10-08T17:20,18.0
TOS01005191,2026-10-08T17:25,18.0
TOS01005191,2026-10-08T17:30,18.0
TOS01005191,2026-10-08T17:35,18.0
TOS01005191,2026-10-08T17:40,18.0
TOS01005191,2026-10-08T17:45,18.0
TOS01005191,2026-10-08T17:50,18.0
TOS01005191,2026-10-08T17:55,18.0
TOS01005191,2026-10-08T18:00,18.0
TOS01005191,2026-10-08T18:05,18.0
TOS01005191,2026-10-08T18:10,18.0
TOS01005191,2026-10-08T18:15,18.0
TOS01005191,2026-10-08T18:20,18.0
TOS01005191,2026-10-08T18:25,18.0
TOS01005191,2026-10-08T18:30,18.0
TOS01005191,2026-10-08T18:35,18.0
TOS01005191,2026-10-08T18:40,18.0
TOS01005191,2026-10-08T18:45,18.0
TOS01005191,2026-10-08T18:50,18.0
TOS01005191,2026-10-08T18:55,18.0
TOS01005191,2026-10-08T19:00,18.0
TOS01005191,2026-10-08T19:05,18.0
TOS01005191,2026-10-08T19:10,18.0
TOS01005191,2026-10-08T19:15,18.0
TOS01005191,2026-10-08T19:20,18.0
TOS01005191,2026-10-08T19:25,18.0
TOS01005191,2026-10-08T19:30,18.0
TOS01005191,2026-10-08T19:35,18.0
TOS01005191,2026-10-08T19:40,18.0
TOS01005191,2026-10-08T19:45,18.0
TOS01005191,2026-10-08T19:50,18.0
TOS01005191,2026-10-08T19:55,18.0
TOS01005191,2026-10-08T20:00,18.0
TOS01005191,2026-10-08T20:05,18.0
TOS01005191,2026-10-08T20:10,18.0
TOS01005191,2026-10-08T20:15,18.0
TOS01005191,2026-10-08T20:20,18.0
TOS01005191,2026-10-08T20:25,18.0
TOS01005191,2026-10-08T20:30,18.0
TOS01005191,2026-10-08T20:35,18.0
TOS01005191,2026-10-08T20:40,18.0
TOS01005191,2026-10-08T20:45,18.0
TOS01005191,2026-10-08T20:50,18.0
TOS01005191,2026-10-08T20:55,18.0
TOS01005191,2026-10-08T21:00,18.0
TOS01005191,2026-10-08T21:05,18.0
TOS01005191,2026-10-08T21:10,18.0
TOS01005191,2026-10-08T21:15,18.0
TOS01005191,2026-10-08T21:20,18.0
TOS01005191,2026-10-08T21:25,18.0
TOS01005191,2026-10-08T21:30,18.0
TOS01005191,2026-10-08T21:35,18.8
TOS01005191,2026-10-08T21:40,19.0
TOS01005191,2026-10-08T21:45,19.2
TOS01005191,2026-10-08T21:50,19.2
TOS01005191,2026-10-08T21:55,19.4
TOS01005191,2026-10-08T22:00,19.4
TOS01005191,2026-10-08T22:05,19.4
TOS01005191,2026-10-08T22:10,19.4
TOS01005191,2026-10-08T22:15,19.4
TOS01005191,2026-10-08T22:20,19.4
TOS01005191,2026-10-08T22:25,19.4
TOS01005191,2026-10-08T22:30,19.4
TOS01005191,2026-10-08T22:35,19.4
TOS01005191,2026-10-08T22:40,19.4
TOS01005191,2026-10-08T22:45,19.4
TOS01005191,2026-10-08T22:50,19.4
TOS01005191,2026-10-08T22:55,19.4
TOS01005191,2026-10-08T23:00,19.4
TOS01005191,2026-10-08T23:05,19.4
TOS01005191,2026-10-08T23:10,19.4
TOS01005191,2026-10-08T23:15,19.4
TOS01005191,2026-10-08T23:20,19.4
TOS01005191,2026-10-08T23:25,19.4
TOS01005191,2026-10-08T23:30,19.4
TOS01005191,2026-10-08T23:35,19.4
TOS01005191,2026-10-08T23:40,19.4
TOS01005191,2026-10-08T23:45,19.4
TOS01005191,2026-10-08T23:50,19.4
TOS01005191,2026-10-08T23:55,19.6
TOS01005251,2026-10-08T03:30,0.2
TOS01005251,2026-10-08T03:35,0.2
TOS01005251,2026-10-08T03:40,0.4
TOS01005251,2026-10-08T03:45,0.4
TOS01005251,2026-10-08T03:50,0.6
TOS01005251,2026-10-08T03:55,0.8
TOS01005251,2026-10-08T04:00,1.0
TOS01005251,2026-10-08T04:05,1.8
TOS01005251,2026-10-08T04:10,4.5
TOS01005251,2026-10-08T04:15,7.2
TOS01005251,2026-10-08T04:20,11.1
TOS01005251,2026-10-08T04:25,12.1
TOS01005251,2026-10-08T04:30,13.5
TOS01005251,2026-10-08T04:35,13.7
TOS01005251,2026-10-08T04:40,14.1
TOS01005251,2026-10-08T04:45,14.3
TOS01005251,2026-10-08T04:50,14.3
TOS01005251,2026-10-08T04:55,14.3
TOS01005251,2026-10-08T05:00,14.3
TOS01005251,2026-10-08T05:05,14.3
TOS01005251,2026-10-08T05:10,14.5
TOS01005251,2026-10-08T05:15,14.5
TOS01005251,2026-10-08T05:20,14.5
TOS01005251,2026-10-08T05:25,14.5
TOS01005251,2026-10-08T05:30,14.5
TOS01005251,2026-10-08T05:35,14.5
TOS01005251,2026-10-08T05:40,14.5
TOS01005251,2026-10-08T05:45,14.5
TOS01005251,2026-10-08T05:50,14.5
TOS01005251,2026-10-08T05:55,14.5
TOS01005251,2026-10-08T06:00,14.5
TOS01005251,2026-10-08T06:05,14.5
TOS01005251,2026-10-08T06:10,14.5
TOS01005251,2026-10-08T06:15,14.5
TOS01005251,2026-10-08T06:20,14.5
TOS01005251,2026-10-08T06:25,14.5
TOS01005251,2026-10-08T06:30,14.5
TOS01005251,2026-10-08T06:35,14.5
TOS01005251,2026-10-08T06:40,14.5
TOS01005251,2026-10-08T06:45,14.5
TOS01005251,2026-10-08T06:50,14.5
TOS01005251,2026-10-08T06:55,14.5
TOS01005251,2026-10-08T07:00,14.5
TOS01005251,2026-10-08T07:05,14.5
TOS01005251,2026-10-08T07:10,14.5
TOS01005251,2026-10-08T07:15,14.5
TOS01005251,2026-10-08T07:20,14.5
TOS01005251,2026-10-08T07:25,14.5
TOS01005251,2026-10-08T07:30,14.5
TOS01005251,2026-10-08T07:35,14.5
TOS01005251,2026-10-08T07:40,14.5
TOS01005251,2026-10-08T07:45,14.5
TOS01005251,2026-10-08T07:50,14.5
TOS01005251,2026-10-08T07:55,14.5
TOS01005251,2026-10-08T08:00,14.5
TOS01005251,2026-10-08T08:05,14.5
TOS01005251,2026-10-08T08:10,14.5
TOS01005251,2026-10-08T08:15,14.5
TOS01005251,2026-10-08T08:20,14.5
TOS01005251,2026-10-08T08:25,14.5
TOS01005251,2026-10-08T08:30,14.5
TOS01005251,2026-10-08T08:35,14.5
TOS01005251,2026-10-08T08:40,14.5
TOS01005251,2026-10-08T08:45,14.5
TOS01005251,2026-10-08T08:50,14.5
TOS01005251,2026-10-08T08:55,14.5
TOS01005251,2026-10-08T09:00,14.5
TOS01005251,2026-10-08T09:05,14.5
TOS01005251,2026-10-08T09:10,14.5
TOS01005251,2026-10-08T09:15,14.5
TOS01005251,2026-10-08T09:20,14.5
TOS01005251,2026-10-08T09:25,14.5
TOS01005251,2026-10-08T09:30,14.5
TOS01005251,2026-10-08T09:35,14.5
TOS01005251,2026-10-08T09:40,14.5
TOS01005251,2026-10-08T09:45,17.0
TOS01005251,2026-10-08T09:50,19.0
TOS01005251,2026-10-08T09:55,19.4
TOS01005251,2026-10-08T10:00,19.4
TOS01005251,2026-10-08T10:05,19.4
TOS01005251,2026-10-08T10:10,19.4
TOS01005251,2026-10-08T10:15,19.4
TOS01005251,2026-10-08T10:20,19.4
TOS01005251,2026-10-08T10:25,19.4
TOS01005251,2026-10-08T10:30,19.4
TOS01005251,2026-10-08T10:35,19.4
TOS01005251,2026-10-08T10:40,19.4
TOS01005251,2026-10-08T10:45,19.4
TOS01005251,2026-10-08T10:50,19.4
TOS01005251,2026-10-08T10:55,19.4
TOS01005251,2026-10-08T11:00,19.4
TOS01005251,2026-10-08T11:05,19.4
TOS01005251,2026-10-08T11:10,19.4
TOS01005251,2026-10-08T11:15,19.4
TOS01005251,2026-10-08T11:20,19.4
TOS01005251,2026-10-08T11:25,19.4
TOS01005251,2026-10-08T11:30,19.4
TOS01005251,2026-10-08T11:35,19.4
TOS01005251,2026-10-08T11:40,19.4
TOS01005251,2026-10-08T11:45,19.4
TOS01005251,2026-10-08T11:50,19.4
TOS01005251,2026-10-08T11:55,19.4
TOS01005251,2026-10-08T12:00,19.4
TOS01005251,2026-10-08T12:05,19.4
TOS01005251,2026-10-08T12:10,19.4
TOS01005251,2026-10-08T12:15,19.4
TOS01005251,2026-10-08T12:20,19.4
TOS01005251,2026-10-08T12:25,19.4
TOS01005251,2026-10-08T12:30,19.4
TOS01005251,2026-10-08T12:35,19.4
TOS01005251,2026-10-08T12:40,19.4
TOS01005251,2026-10-08T12:45,19.4
TOS01005251,2026-10-08T12:50,19.4
TOS01005251,2026-10-08T12:55,19.4
TOS01005251,2026-10-08T13:00,19.4
TOS01005251,2026-10-08T13:05,19.4
TOS01005251,2026-10-08T13:10,19.4
TOS01005251,2026-10-08T13:15,19.4
TOS01005251,2026-10-08T13:20,19.4
TOS01005251,2026-10-08T13:25,19.4
TOS01005251,2026-10-08T13:30,19.4
TOS01005251,2026-10-08T13:35,19.4
TOS01005251,2026-10-08T13:40,19.4
TOS01005251,2026-10-08T13:45,19.4
TOS01005251,2026-10-08T13:50,19.4
TOS01005251,2026-10-08T13:55,19.4
TOS01005251,2026-10-08T14:00,19.4
TOS01005251,2026-10-08T14:05,19.4
TOS01005251,2026-10-08T14:10,19.4
TOS01005251,2026-10-08T14:15,19.4
TOS01005251,2026-10-08T14:20,19.4
TOS01005251,2026-10-08T14:25,19.4
TOS01005251,2026-10-08T14:30,19.4
TOS01005251,2026-10-08T14:35,19.4
TOS01005251,2026-10-08T14:40,19.4
TOS01005251,2026-10-08T14:45,19.4
TOS01005251,2026-10-08T14:50,19.4
TOS01005251,2026-10-08T14:55,19.4
TOS01005251,2026-10-08T15:00,19.4
TOS01005251,2026-10-08T15:05,19.4
TOS01005251,2026-10-08T15:10,19.4
TOS01005251,2026-10-08T15:15,19.4
TOS01005251,2026-10-08T15:20,19.4
TOS01005251,2026-10-08T15:25,19.4
TOS01005251,2026-10-08T15:30,19.4
TOS01005251,2026-10-08T15:35,19.4
TOS01005251,2026-10-08T15:40,19.4
TOS01005251,2026-10-08T15:45,19.4
TOS01005251,2026-10-08T15:50,19.4
TOS01005251,2026-10-08T15:55,19.4
TOS01005251,2026-10-08T16:00,19.4
TOS01005251,2026-10-08T16:05,19.4
TOS01005251,2026-10-08T16:10,19.4
TOS01005251,2026-10-08T16:15,19.4
TOS01005251,2026-10-08T16:20,19.4
TOS01005251,2026-10-08T16:25,19.4
TOS01005251,2026-10-08T16:30,19.4
TOS01005251,2026-10-08T16:35,19.4
TOS01005251,2026-10-08T16:40,19.4
TOS01005251,2026-10-08T16:45,19.4
TOS01005251,2026-10-08T16:50,19.4
TOS01005251,2026-10-08T16:55,19.4
TOS01005251,2026-10-08T17:00,19.4
TOS01005251,2026-10-08T17:05,19.4
TOS01005251,2026-10-08T17:10,19.4
TOS01005251,2026-10-08T17:15,19.4
TOS01005251,2026-10-08T17:20,19.4
TOS01005251,2026-10-08T17:25,19.4
TOS01005251,2026-10-08T17:30,19.4
TOS01005251,2026-10-08T17:35,19.4
TOS01005251,2026-10-08T17:40,19.4
TOS01005251,2026-10-08T17:45,19.4
TOS01005251,2026-10-08T17:50,19.4
TOS01005251,2026-10-08T17:55,19.4
TOS01005251,2026-10-08T18:00,19.4
TOS01005251,2026-10-08T18:05,19.4
TOS01005251,2026-10-08T18:10,19.4
TOS01005251,2026-10-08T18:15,19.4
TOS01005251,2026-10-08T18:20,19.4
TOS01005251,2026-10-08T18:25,19.4
TOS01005251,2026-10-08T18:30,19.4
TOS01005251,2026-10-08T18:35,19.4
TOS01005251,2026-10-08T18:40,19.4
TOS01005251,2026-10-08T18:45,19.4
TOS01005251,2026-10-08T18:50,19.4
TOS01005251,2026-10-08T18:55,19.4
TOS01005251,2026-10-08T19:00,19.4
TOS01005251,2026-10-08T19:05,19.4
TOS01005251,2026-10-08T19:10,19.4
TOS01005251,2026-10-08T19:15,19.4
TOS01005251,2026-10-08T19:20,19.4
TOS01005251,2026-10-08T19:25,19.4
TOS01005251,2026-10-08T19:30,19.4
TOS01005251,2026-10-08T19:35,19.4
TOS01005251,2026-10-08T19:40,19.4
TOS01005251,2026-10-08T19:45,19.4
TOS01005251,2026-10-08T19:50,19.4
TOS01005251,2026-10-08T19:55,19.4
TOS01005251,2026-10-08T20:00,19.4
TOS01005251,2026-10-08T20:05,19.4
TOS01005251,2026-10-08T20:10,19.4
TOS01005251,2026-10-08T20:15,19.4
TOS01005251,2026-10-08T20:20,19.4
TOS01005251,2026-10-08T20:25,19.4
TOS01005251,2026-10-08T20:30,19.4
TOS01005251,2026-10-08T20:35,19.4
TOS01005251,2026-10-08T20:40,19.4
TOS01005251,2026-10-08T20:45,19.4
TOS01005251,2026-10-08T20:50,19.4
TOS01005251,2026-10-08T20:55,19.4
TOS01005251,2026-10-08T21:00,19.4
TOS01005251,2026-10-08T21:05,19.4
TOS01005251,2026-10-08T21:10,19.4
TOS01005251,2026-10-08T21:15,19.4
TOS01005251,2026-10-08T21:20,19.4
TOS01005251,2026-10-08T21:25,19.4
TOS01005251,2026-10-08T21:30,19.4
TOS01005251,2026-10-08T21:35,19.4
TOS01005251,2026-10-08T21:40,19.4
TOS01005251,2026-10-08T21:45,19.4
TOS01005251,2026-10-08T21:50,19.4
TOS01005251,2026-10-08T21:55,19.4
TOS01005251,2026-10-08T22:00,19.4
TOS01005251,2026-10-08T22:05,19.4
TOS01005251,2026-10-08T22:10,19.4
TOS01005251,2026-10-08T22:15,19.4
TOS01005251,2026-10-08T22:20,19.4
TOS01005251,2026-10-08T22:25,19.4
TOS01005251,2026-10-08T22:30,19.4
TOS01005251,2026-10-08T22:35,19.4
TOS01005251,2026-10-08T22:40,19.4
TOS01005251,2026-10-08T22:45,19.4
TOS01005251,2026-10-08T22:50,19.4
TOS01005251,2026-10-08T22:55,19.4
TOS01005251,2026-10-08T23:00,19.4
TOS01005251,2026-10-08T23:05,19.4
TOS01005251,2026-10-08T23:10,19.4
TOS01005251,2026-10-08T23:15,19.4
TOS01005251,2026-10-08T23:20,19.4
TOS01005251,2026-10-08T23:25,19.4
TOS01005251,2026-10-08T23:30,19.4
TOS01005251,2026-10-08T23:35,19.4
TOS01005251,2026-10-08T23:40,19.4
TOS01005251,2026-10-08T23:45,19.4
TOS01005251,2026-10-08T23:50,19.4
TOS01005251,2026-10-08T23:55,19.4
TOS01005262,2026-10-08T03:55,0.2
TOS01005262,2026-10-08T04:00,0.2
TOS01005262,2026-10-08T04:05,0.4
TOS01005262,2026-10-08T04:10,0.4
TOS01005262,2026-10-08T04:15,0.6
TOS01005262,2026-10-08T04:20,0.6
TOS01005262,2026-10-08T04:25,0.6
TOS01005262,2026-10-08T04:30,0.6
TOS01005262,2026-10-08T04:35,0.8
TOS01005262,2026-10-08T04:40,0.8
TOS01005262,2026-10-08T04:45,0.8
TOS01005262,2026-10-08T04:50,1.0
TOS01005262,2026-10-08T04:55,1.0
TOS01005262,2026-10-08T05:00,1.0
TOS01005262,2026-10-08T05:05,1.0
TOS01005262,2026-10-08T05:10,1.2
TOS01005262,2026-10-08T05:15,1.2
TOS01005262,2026-10-08T05:20,1.2
TOS01005262,2026-10-08T05:25,1.2
TOS01005262,2026-10-08T05:30,1.2
TOS01005262,2026-10-08T05:35,1.2
TOS01005262,2026-10-08T05:40,1.2
TOS01005262,2026-10-08T05:45,1.2
TOS01005262,2026-10-08T05:50,1.2
TOS01005262,2026-10-08T05:55,1.2
TOS01005262,2026-10-08T06:00,1.2
TOS01005262,2026-10-08T06:05,1.2
TOS01005262,2026-10-08T06:10,1.2
TOS01005262,2026-10-08T06:15,1.2
TOS01005262,2026-10-08T06:20,1.2
TOS01005262,2026-10-08T06:25,1.2
TOS01005262,2026-10-08T06:30,1.2
TOS01005262,2026-10-08T06:35,1.2
TOS01005262,2026-10-08T06:40,1.2
TOS01005262,2026-10-08T06:45,1.2
TOS01005262,2026-10-08T06:50,1.2
TOS01005262,2026-10-08T06:55,1.2
TOS01005262,2026-10-08T07:00,1.2
TOS01005262,2026-10-08T07:05,1.2
TOS01005262,2026-10-08T07:10,1.2
TOS01005262,2026-10-08T07:15,1.2
TOS01005262,2026-10-08T07:20,1.2
TOS01005262,2026-10-08T07:25,1.2
TOS01005262,2026-10-08T07:30,1.2
TOS01005262,2026-10-08T07:35,1.2
TOS01005262,2026-10-08T07:40,1.2
TOS01005262,2026-10-08T07:45,1.2
TOS01005262,2026-10-08T07:50,1.2
TOS01005262,2026-10-08T07:55,1.2
TOS01005262,2026-10-08T08:00,1.2
TOS01005262,2026-10-08T08:05,1.2
TOS01005262,2026-10-08T08:10,1.2
TOS01005262,2026-10-08T08:15,1.2
TOS01005262,2026-10-08T08:20,1.2
TOS01005262,2026-10-08T08:25,1.2
TOS01005262,2026-10-08T08:30,1.2
TOS01005262,2026-10-08T08:35,1.2
TOS01005262,2026-10-08T08:40,1.2
TOS01005262,2026-10-08T08:45,1.2
TOS01005262,2026-10-08T08:50,1.2
TOS01005262,2026-10-08T08:55,1.2
TOS01005262,2026-10-08T09:00,1.2
TOS01005262,2026-10-08T09:05,1.2
TOS01005262,2026-10-08T09:10,1.2
TOS01005262,2026-10-08T09:15,1.2
TOS01005262,2026-10-08T09:20,1.2
TOS01005262,2026-10-08T09:25,1.2
TOS01005262,2026-10-08T09:30,1.2
TOS01005262,2026-10-08T09:35,1.2
TOS01005262,2026-10-08T09:40,1.2
TOS01005262,2026-10-08T09:45,1.2
TOS01005262,2026-10-08T09:50,1.2
TOS01005262,2026-10-08T09:55,1.2
TOS01005262,2026-10-08T10:00,1.2
TOS01005262,2026-10-08T10:05,1.2
TOS01005262,2026-10-08T10:10,1.2
TOS01005262,2026-10-08T10:15,1.2
TOS01005262,2026-10-08T10:20,1.2
TOS01005262,2026-10-08T10:25,1.2
TOS01005262,2026-10-08T10:30,1.4
TOS01005262,2026-10-08T10:35,4.5
TOS01005262,2026-10-08T10:40,12.9
TOS01005262,2026-10-08T10:45,19.1
TOS01005262,2026-10-08T10:50,19.1
TOS01005262,2026-10-08T10:55,19.1
TOS01005262,2026-10-08T11:00,19.1
TOS01005262,2026-10-08T11:05,19.1
TOS01005262,2026-10-08T11:10,19.1
TOS01005262,2026-10-08T11:15,19.1
TOS01005262,2026-10-08T11:20,19.1
TOS01005262,2026-10-08T11:25,19.1
TOS01005262,2026-10-08T11:30,19.1
TOS01005262,2026-10-08T11:35,19.1
TOS01005262,2026-10-08T11:40,19.1
TOS01005262,2026-10-08T11:45,19.1
TOS01005262,2026-10-08T11:50,19.1
TOS01005262,2026-10-08T11:55,19.1
TOS01005262,2026-10-08T12:00,19.1
TOS01005262,2026-10-08T12:05,19.1
TOS01005262,2026-10-08T12:10,19.1
TOS01005262,2026-10-08T12:15,19.1
TOS01005262,2026-10-08T12:20,19.1
TOS01005262,2026-10-08T12:25,19.1
TOS01005262,2026-10-08T12:30,19.1
TOS01005262,2026-10-08T12:35,19.1
TOS01005262,2026-10-08T12:40,19.1
TOS01005262,2026-10-08T12:45,19.1
TOS01005262,2026-10-08T12:50,19.1
TOS01005262,2026-10-08T12:55,19.1
TOS01005262,2026-10-08T13:00,19.1
TOS01005262,2026-10-08T13:05,19.1
TOS01005262,2026-10-08T13:10,19.1
TOS01005262,2026-10-08T13:15,19.1
TOS01005262,2026-10-08T13:20,19.1
TOS01005262,2026-10-08T13:25,19.1
TOS01005262,2026-10-08T13:30,19.1
TOS01005262,2026-10-08T13:35,19.1
TOS01005262,2026-10-08T13:40,19.1
TOS01005262,2026-10-08T13:45,19.1
TOS01005262,2026-10-08T13:50,19.1
TOS01005262,2026-10-08T13:55,19.1
TOS01005262,2026-10-08T14:00,19.1
TOS01005262,2026-10-08T14:05,19.1
TOS01005262,2026-10-08T14:10,19.1
TOS01005262,2026-10-08T14:15,19.1
TOS01005262,2026-10-08T14:20,19.1
TOS01005262,2026-10-08T14:25,19.1
TOS01005262,2026-10-08T14:30,19.1
TOS01005262,2026-10-08T14:35,19.1
TOS01005262,2026-10-08T14:40,19.1
TOS01005262,2026-10-08T14:45,19.1
TOS01005262,2026-10-08T14:50,19.1
TOS01005262,2026-10-08T14:55,19.1
TOS01005262,2026-10-08T15:00,19.1
TOS01005262,2026-10-08T15:05,19.1
TOS01005262,2026-10-08T15:10,19.1
TOS01005262,2026-10-08T15:15,19.1
TOS01005262,2026-10-08T15:20,19.1
TOS01005262,2026-10-08T15:25,19.1
TOS01005262,2026-10-08T15:30,19.1
TOS01005262,2026-10-08T15:35,19.1
TOS01005262,2026-10-08T15:40,19.1
TOS01005262,2026-10-08T15:45,19.1
TOS01005262,2026-10-08T15:50,19.1
TOS01005262,2026-10-08T15:55,19.1
TOS01005262,2026-10-08T16:00,19.1
TOS01005262,2026-10-08T16:05,19.1
TOS01005262,2026-10-08T16:10,19.1
TOS01005262,2026-10-08T16:15,19.1
TOS01005262,2026-10-08T16:20,19.1
TOS01005262,2026-10-08T16:25,19.1
TOS01005262,2026-10-08T16:30,19.1
TOS01005262,2026-10-08T16:35,19.1
TOS01005262,2026-10-08T16:40,19.1
TOS01005262,2026-10-08T16:45,19.1
TOS01005262,2026-10-08T16:50,19.1
TOS01005262,2026-10-08T16:55,19.1
TOS01005262,2026-10-08T17:00,19.1
TOS01005262,2026-10-08T17:05,19.1
TOS01005262,2026-10-08T17:10,19.1
TOS01005262,2026-10-08T17:15,19.1
TOS01005262,2026-10-08T17:20,19.1
TOS01005262,2026-10-08T17:25,19.1
TOS01005262,2026-10-08T17:30,19.1
TOS01005262,2026-10-08T17:35,19.1
TOS01005262,2026-10-08T17:40,19.1
TOS01005262,2026-10-08T17:45,19.1
TOS01005262,2026-10-08T17:50,19.1
TOS01005262,2026-10-08T17:55,19.1
TOS01005262,2026-10-08T18:00,19.1
TOS01005262,2026-10-08T18:05,19.1
TOS01005262,2026-10-08T18:10,19.1
TOS01005262,2026-10-08T18:15,19.1
TOS01005262,2026-10-08T18:20,19.1
TOS01005262,2026-10-08T18:25,19.1
TOS01005262,2026-10-08T18:30,19.1
TOS01005262,2026-10-08T18:35,19.1
TOS01005262,2026-10-08T18:40,19.1
TOS01005262,2026-10-08T18:45,19.1
TOS01005262,2026-10-08T18:50,19.1
TOS01005262,2026-10-08T18:55,19.1
TOS01005262,2026-10-08T19:00,19.1
TOS01005262,2026-10-08T19:05,19.1
TOS01005262,2026-10-08T19:10,19.1
TOS01005262,2026-10-08T19:15,19.1
TOS01005262,2026-10-08T19:20,19.1
TOS01005262,2026-10-08T19:25,19.1
TOS01005262,2026-10-08T19:30,19.1
TOS01005262,2026-10-08T19:35,19.1
TOS01005262,2026-10-08T19:40,19.1
TOS01005262,2026-10-08T19:45,19.1
TOS01005262,2026-10-08T19:50,19.1
TOS01005262,2026-10-08T19:55,19.1
TOS01005262,2026-10-08T20:00,19.1
TOS01005262,2026-10-08T20:05,19.1
TOS01005262,2026-10-08T20:10,19.1
TOS01005262,2026-10-08T20:15,19.1
TOS01005262,2026-10-08T20:20,19.1
TOS01005262,2026-10-08T20:25,19.1
TOS01005262,2026-10-08T20:30,19.1
TOS01005262,2026-10-08T20:35,19.1
TOS01005262,2026-10-08T20:40,19.1
TOS01005262,2026-10-08T20:45,19.1
TOS01005262,2026-10-08T20:50,19.1
TOS01005262,2026-10-08T20:55,19.1
TOS01005262,2026-10-08T21:00,19.1
TOS01005262,2026-10-08T21:05,19.1
TOS01005262,2026-10-08T21:10,19.7
TOS01005262,2026-10-08T21:15,19.7
TOS01005262,2026-10-08T21:20,19.7
TOS01005262,2026-10-08T21:25,19.7
TOS01005262,2026-10-08T21:30,19.9
TOS01005262,2026-10-08T21:35,20.1
TOS01005262,2026-10-08T21:40,20.1
TOS01005262,2026-10-08T21:45,20.1
TOS01005262,2026-10-08T21:50,20.1
TOS01005262,2026-10-08T21:55,20.1
TOS01005262,2026-10-08T22:00,20.1
TOS01005262,2026-10-08T22:05,20.1
TOS01005262,2026-10-08T22:10,20.1
TOS01005262,2026-10-08T22:15,20.1
TOS01005262,2026-10-08T22:20,20.3
TOS01005262,2026-10-08T22:25,20.9
TOS01005262,2026-10-08T22:30,21.1
TOS01005262,2026-10-08T22:35,21.1
TOS01005262,2026-10-08T22:40,21.1
TOS01005262,2026-10-08T22:45,21.3
TOS01005262,2026-10-08T22:50,21.3
TOS01005262,2026-10-08T22:55,21.3
TOS01005262,2026-10-08T23:00,21.7
TOS01005262,2026-10-08T23:05,21.7
TOS01005262,2026-10-08T23:10,21.7
TOS01005262,2026-10-08T23:15,21.7
TOS01005262,2026-10-08T23:20,21.7
TOS01005262,2026-10-08T23:25,21.7
TOS01005262,2026-10-08T23:30,21.7
TOS01005262,2026-10-08T23:35,21.7
TOS01005262,2026-10-08T23:40,21.7
TOS01005262,2026-10-08T23:45,21.7
TOS01005262,2026-10-08T23:50,21.7
TOS01005262,2026-10-08T23:55,21.9
TOS01005342,2026-10-08T03:40,0.2
TOS01005342,2026-10-08T03:45,0.4
TOS01005342,2026-10-08T03:50,0.6
TOS01005342,2026-10-08T03:55,1.0
TOS01005342,2026-10-08T04:00,1.4
TOS01005342,2026-10-08T04:05,1.6
TOS01005342,2026-10-08T04:10,1.8
TOS01005342,2026-10-08T04:15,2.2
TOS01005342,2026-10-08T04:20,3.0
TOS01005342,2026-10-08T04:25,3.4
TOS01005342,2026-10-08T04:30,4.0
TOS01005342,2026-10-08T04:35,4.6
TOS01005342,2026-10-08T04:40,5.0
TOS01005342,2026-10-08T04:45,5.2
TOS01005342,2026-10-08T04:50,5.6
TOS01005342,2026-10-08T04:55,6.8
TOS01005342,2026-10-08T05:00,8.0
TOS01005342,2026-10-08T05:05,8.0
TOS01005342,2026-10-08T05:10,8.2
TOS01005342,2026-10-08T05:15,8.2
TOS01005342,2026-10-08T05:20,8.2
TOS01005342,2026-10-08T05:25,8.2
TOS01005342,2026-10-08T05:30,8.2
TOS01005342,2026-10-08T05:35,8.2
TOS01005342,2026-10-08T05:40,8.2
TOS01005342,2026-10-08T05:45,8.2
TOS01005342,2026-10-08T05:50,8.2
TOS01005342,2026-10-08T05:55,8.2
TOS01005342,2026-10-08T06:00,8.2
TOS01005342,2026-10-08T06:05,8.2
TOS01005342,2026-10-08T06:10,8.2
TOS01005342,2026-10-08T06:15,8.2
TOS01005342,2026-10-08T06:20,8.2
TOS01005342,2026-10-08T06:25,8.2
TOS01005342,2026-10-08T06:30,8.2
TOS01005342,2026-10-08T06:35,8.2
TOS01005342,2026-10-08T06:40,8.2
TOS01005342,2026-10-08T06:45,8.2
TOS01005342,2026-10-08T06:50,8.2
TOS01005342,2026-10-08T06:55,8.2
TOS01005342,2026-10-08T07:00,8.2
TOS01005342,2026-10-08T07:05,8.2
TOS01005342,2026-10-08T07:10,8.2
TOS01005342,2026-10-08T07:15,8.2
TOS01005342,2026-10-08T07:20,8.2
TOS01005342,2026-10-08T07:25,8.2
TOS01005342,2026-10-08T07:30,8.2
TOS01005342,2026-10-08T07:35,8.2
TOS01005342,2026-10-08T07:40,8.2
TOS01005342,2026-10-08T07:45,8.2
TOS01005342,2026-10-08T07:50,8.2
TOS01005342,2026-10-08T07:55,8.2
TOS01005342,2026-10-08T08:00,8.2
TOS01005342,2026-10-08T08:05,8.2
TOS01005342,2026-10-08T08:10,8.2
TOS01005342,2026-10-08T08:15,8.2
TOS01005342,2026-10-08T08:20,8.2
TOS01005342,2026-10-08T08:25,8.2
TOS01005342,2026-10-08T08:30,8.2
TOS01005342,2026-10-08T08:35,8.2
TOS01005342,2026-10-08T08:40,8.2
TOS01005342,2026-10-08T08:45,8.2
TOS01005342,2026-10-08T08:50,8.2
TOS01005342,2026-10-08T08:55,8.2
TOS01005342,2026-10-08T09:00,8.2
TOS01005342,2026-10-08T09:05,8.2
TOS01005342,2026-10-08T09:10,8.2
TOS01005342,2026-10-08T09:15,8.2
TOS01005342,2026-10-08T09:20,8.2
TOS01005342,2026-10-08T09:25,8.2
TOS01005342,2026-10-08T09:30,8.2
TOS01005342,2026-10-08T09:35,8.2
TOS01005342,2026-10-08T09:40,8.2
TOS01005342,2026-10-08T09:45,8.2
TOS01005342,2026-10-08T09:50,8.2
TOS01005342,2026-10-08T09:55,8.2
TOS01005342,2026-10-08T10:00,8.2
TOS01005342,2026-10-08T10:05,9.0
TOS01005342,2026-10-08T10:10,12.9
TOS01005342,2026-10-08T10:15,15.4
TOS01005342,2026-10-08T10:20,18.9
TOS01005342,2026-10-08T10:25,19.1
TOS01005342,2026-10-08T10:30,19.1
TOS01005342,2026-10-08T10:35,20.6
TOS01005342,2026-10-08T10:40,20.6
TOS01005342,2026-10-08T10:45,20.6
TOS01005342,2026-10-08T10:50,20.6
TOS01005342,2026-10-08T10:55,20.6
TOS01005342,2026-10-08T11:00,20.6
TOS01005342,2026-10-08T11:05,20.6
TOS01005342,2026-10-08T11:10,20.6
TOS01005342,2026-10-08T11:15,20.6
TOS01005342,2026-10-08T11:20,20.6
TOS01005342,2026-10-08T11:25,20.6
TOS01005342,2026-10-08T11:30,20.6
TOS01005342,2026-10-08T11:35,20.6
TOS01005342,2026-10-08T11:40,21.0
TOS01005342,2026-10-08T11:45,21.0
TOS01005342,2026-10-08T11:50,21.0
TOS01005342,2026-10-08T11:55,21.0
TOS01005342,2026-10-08T12:00,21.0
TOS01005342,2026-10-08T12:05,21.0
TOS01005342,2026-10-08T12:10,21.0
TOS01005342,2026-10-08T12:15,21.0
TOS01005342,2026-10-08T12:20,21.0
TOS01005342,2026-10-08T12:25,21.0
TOS01005342,2026-10-08T12:30,21.0
TOS01005342,2026-10-08T12:35,21.0
TOS01005342,2026-10-08T12:40,21.0
TOS01005342,2026-10-08T12:45,21.0
TOS01005342,2026-10-08T12:50,21.0
TOS01005342,2026-10-08T12:55,21.0
TOS01005342,2026-10-08T13:00,21.0
TOS01005342,2026-10-08T13:05,21.0
TOS01005342,2026-10-08T13:10,21.0
TOS01005342,2026-10-08T13:15,21.0
TOS01005342,2026-10-08T13:20,21.0
TOS01005342,2026-10-08T13:25,21.0
TOS01005342,2026-10-08T13:30,21.0
TOS01005342,2026-10-08T13:35,21.0
TOS01005342,2026-10-08T13:40,21.0
TOS01005342,2026-10-08T13:45,21.0
TOS01005342,2026-10-08T13:50,21.0
TOS01005342,2026-10-08T13:55,21.0
TOS01005342,2026-10-08T14:00,21.0
TOS01005342,2026-10-08T14:05,21.0
TOS01005342,2026-10-08T14:10,21.0
TOS01005342,2026-10-08T14:15,21.0
TOS01005342,2026-10-08T14:20,21.0
TOS01005342,2026-10-08T14:25,21.0
TOS01005342,2026-10-08T14:30,21.0
TOS01005342,2026-10-08T14:35,21.0
TOS01005342,2026-10-08T14:40,21.0
TOS01005342,2026-10-08T14:45,21.0
TOS01005342,2026-10-08T14:50,21.0
TOS01005342,2026-10-08T14:55,21.0
TOS01005342,2026-10-08T15:00,21.0
TOS01005342,2026-10-08T15:05,21.0
TOS01005342,2026-10-08T15:10,21.0
TOS01005342,2026-10-08T15:15,21.0
TOS01005342,2026-10-08T15:20,21.0
TOS01005342,2026-10-08T15:25,21.0
TOS01005342,2026-10-08T15:30,21.0
TOS01005342,2026-10-08T15:35,21.0
TOS01005342,2026-10-08T15:40,21.0
TOS01005342,2026-10-08T15:45,21.0
TOS01005342,2026-10-08T15:50,21.0
TOS01005342,2026-10-08T15:55,21.0
TOS01005342,2026-10-08T16:00,21.0
TOS01005342,2026-10-08T16:05,21.0
TOS01005342,2026-10-08T16:10,21.0
TOS01005342,2026-10-08T16:15,21.0
TOS01005342,2026-10-08T16:20,21.0
TOS01005342,2026-10-08T16:25,21.0
TOS01005342,2026-10-08T16:30,21.0
TOS01005342,2026-10-08T16:35,21.0
TOS01005342,2026-10-08T16:40,21.0
TOS01005342,2026-10-08T16:45,21.0
TOS01005342,2026-10-08T16:50,21.0
TOS01005342,2026-10-08T16:55,21.0
TOS01005342,2026-10-08T17:00,21.0
TOS01005342,2026-10-08T17:05,21.0
TOS01005342,2026-10-08T17:10,21.0
TOS01005342,2026-10-08T17:15,21.0
TOS01005342,2026-10-08T17:20,21.0
TOS01005342,2026-10-08T17:25,21.0
TOS01005342,2026-10-08T17:30,21.0
TOS01005342,2026-10-08T17:35,21.0
TOS01005342,2026-10-08T17:40,21.0
TOS01005342,2026-10-08T17:45,21.0
TOS01005342,2026-10-08T17:50,21.0
TOS01005342,2026-10-08T17:55,21.0
TOS01005342,2026-10-08T18:00,21.0
TOS01005342,2026-10-08T18:05,21.0
TOS01005342,2026-10-08T18:10,21.0
TOS01005342,2026-10-08T18:15,21.0
TOS01005342,2026-10-08T18:20,21.0
TOS01005342,2026-10-08T18:25,21.0
TOS01005342,2026-10-08T18:30,21.0
TOS01005342,2026-10-08T18:35,21.0
TOS01005342,2026-10-08T18:40,21.0
TOS01005342,2026-10-08T18:45,21.0
TOS01005342,2026-10-08T18:50,21.0
TOS01005342,2026-10-08T18:55,21.0
TOS01005342,2026-10-08T19:00,21.0
TOS01005342,2026-10-08T19:05,21.0
TOS01005342,2026-10-08T19:10,21.0
TOS01005342,2026-10-08T19:15,21.0
TOS01005342,2026-10-08T19:20,21.0
TOS01005342,2026-10-08T19:25,21.0
TOS01005342,2026-10-08T19:30,21.0
TOS01005342,2026-10-08T19:35,21.0
TOS01005342,2026-10-08T19:40,21.0
TOS01005342,2026-10-08T19:45,21.0
TOS01005342,2026-10-08T19:50,21.0
TOS01005342,2026-10-08T19:55,21.0
TOS01005342,2026-10-08T20:00,21.0
TOS01005342,2026-10-08T20:05,21.0
TOS01005342,2026-10-08T20:10,21.0
TOS01005342,2026-10-08T20:15,21.0
TOS01005342,2026-10-08T20:20,21.0
TOS01005342,2026-10-08T20:25,21.0
TOS01005342,2026-10-08T20:30,21.0
TOS01005342,2026-10-08T20:35,21.0
TOS01005342,2026-10-08T20:40,21.0
TOS01005342,2026-10-08T20:45,21.0
TOS01005342,2026-10-08T20:50,21.0
TOS01005342,2026-10-08T20:55,21.0
TOS01005342,2026-10-08T21:00,21.0
TOS01005342,2026-10-08T21:05,21.0
TOS01005342,2026-10-08T21:10,21.0
TOS01005342,2026-10-08T21:15,21.0
TOS01005342,2026-10-08T21:20,21.0
TOS01005342,2026-10-08T21:25,21.0
TOS01005342,2026-10-08T21:30,21.0
TOS01005342,2026-10-08T21:35,21.0
TOS01005342,2026-10-08T21:40,21.0
TOS01005342,2026-10-08T21:45,21.0
TOS01005342,2026-10-08T21:50,21.0
TOS01005342,2026-10-08T21:55,21.0
TOS01005342,2026-10-08T22:00,21.0
TOS01005342,2026-10-08T22:05,21.0
TOS01005342,2026-10-08T22:10,21.0
TOS01005342,2026-10-08T22:15,21.0
TOS01005342,2026-10-08T22:20,21.0
TOS01005342,2026-10-08T22:25,21.0
TOS01005342,2026-10-08T22:30,21.0
TOS01005342,2026-10-08T22:35,21.0
TOS01005342,2026-10-08T22:40,21.0
TOS01005342,2026-10-08T22:45,21.0
TOS01005342,2026-10-08T22:50,21.0
TOS01005342,2026-10-08T22:55,21.0
TOS01005342,2026-10-08T23:00,21.0
TOS01005342,2026-10-08T23:05,21.0
TOS01005342,2026-10-08T23:10,21.0
TOS01005342,2026-10-08T23:15,21.0
TOS01005342,2026-10-08T23:20,21.0
TOS01005342,2026-10-08T23:25,21.0
TOS01005342,2026-10-08T23:30,21.0
TOS01005342,2026-10-08T23:35,21.0
TOS01005342,2026-10-08T23:40,21.0
TOS01005342,2026-10-08T23:45,21.0
TOS01005342,2026-10-08T23:50,21.0
TOS01005342,2026-10-08T23:55,21.0
TOS02000047,2026-10-08T00:30,1.5
TOS02000047,2026-10-08T00:45,4.9
TOS02000047,2026-10-08T01:00,5.1
TOS02000047,2026-10-08T01:15,5.1
TOS02000047,2026-10-08T01:30,5.5
TOS02000047,2026-10-08T01:45,5.5
TOS02000047,2026-10-08T02:00,5.5
TOS02000047,2026-10-08T02:15,5.5
TOS02000047,2026-10-08T02:30,5.5
TOS02000047,2026-10-08T02:45,5.5
TOS02000047,2026-10-08T03:00,5.5
TOS02000047,2026-10-08T03:15,5.5
TOS02000047,2026-10-08T03:30,5.5
TOS02000047,2026-10-08T03:45,5.5
TOS02000047,2026-10-08T04:00,5.5
TOS02000047,2026-10-08T04:15,6.9
TOS02000047,2026-10-08T04:30,15.5
TOS02000047,2026-10-08T04:45,18.3
TOS02000047,2026-10-08T05:00,19.5
TOS02000047,2026-10-08T05:15,19.5
TOS02000047,2026-10-08T05:30,19.5
TOS02000047,2026-10-08T05:45,19.5
TOS02000047,2026-10-08T06:00,19.5
TOS02000047,2026-10-08T06:15,19.5
TOS02000047,2026-10-08T06:30,19.9
TOS02000047,2026-10-08T06:45,19.9
TOS02000047,2026-10-08T07:00,19.9
TOS02000047,2026-10-08T07:15,19.9
TOS02000047,2026-10-08T07:30,19.9
TOS02000047,2026-10-08T07:45,19.9
TOS02000047,2026-10-08T08:00,19.9
TOS02000047,2026-10-08T08:15,21.1
TOS02000047,2026-10-08T08:30,21.1
TOS02000047,2026-10-08T08:45,21.1
TOS02000047,2026-10-08T09:00,21.1
TOS02000047,2026-10-08T09:15,22.1
TOS02000047,2026-10-08T09:30,25.0
TOS02000047,2026-10-08T09:45,25.0
TOS02000047,2026-10-08T10:00,25.0
TOS02000047,2026-10-08T10:15,25.0
TOS02000047,2026-10-08T10:30,25.0
TOS02000047,2026-10-08T10:45,25.2
TOS02000047,2026-10-08T11:00,25.2
TOS02000047,2026-10-08T11:15,25.2
TOS02000047,2026-10-08T11:30,25.2
TOS02000047,2026-10-08T11:45,25.2
TOS02000047,2026-10-08T12:00,25.2
TOS02000047,2026-10-08T12:15,25.2
TOS02000047,2026-10-08T12:30,25.2
TOS02000047,2026-10-08T12:45,25.8
TOS02000047,2026-10-08T13:00,27.8
TOS02000047,2026-10-08T13:15,27.8
TOS02000047,2026-10-08T13:30,27.8
TOS02000047,2026-10-08T13:45,27.8
TOS02000047,2026-10-08T14:00,27.8
TOS02000047,2026-10-08T14:15,27.8
TOS02000047,2026-10-08T14:30,27.8
TOS02000047,2026-10-08T14:45,27.8
TOS02000047,2026-10-08T15:00,27.8
TOS02000047,2026-10-08T15:15,27.8
TOS02000047,2026-10-08T15:30,27.8
TOS02000047,2026-10-08T15:45,28.2
TOS02000047,2026-10-08T16:00,39.9
TOS02000047,2026-10-08T16:15,39.9
TOS02000047,2026-10-08T16:30,45.2
TOS02000047,2026-10-08T16:45,49.4
TOS02000047,2026-10-08T17:00,54.3
TOS02000047,2026-10-08T17:15,54.3
TOS02000047,2026-10-08T17:30,54.5
TOS02000047,2026-10-08T17:45,54.7
TOS02000047,2026-10-08T18:00,54.7
TOS02000047,2026-10-08T18:15,58.0
TOS02000047,2026-10-08T18:30,58.0
TOS02000047,2026-10-08T18:45,58.0
TOS02000047,2026-10-08T19:00,58.0
TOS02000047,2026-10-08T19:15,58.0
TOS02000047,2026-10-08T19:30,58.0
TOS02000047,2026-10-08T19:45,58.0
TOS02000047,2026-10-08T20:00,58.0
TOS02000047,2026-10-08T20:15,58.0
TOS02000047,2026-10-08T20:30,58.2
TOS02000047,2026-10-08T20:45,58.2
TOS02000047,2026-10-08T21:00,58.4
TOS02000047,2026-10-08T21:15,58.4
TOS02000047,2026-10-08T21:30,58.4
TOS02000047,2026-10-08T21:45,58.4
TOS02000047,2026-10-08T22:00,58.4
TOS02000047,2026-10-08T22:15,58.4
TOS02000047,2026-10-08T22:30,58.6
TOS02000047,2026-10-08T22:45,58.8
TOS02000047,2026-10-08T23:00,58.8
TOS02000047,2026-10-08T23:15,58.8
TOS02000047,2026-10-08T23:30,58.8
TOS02000047,2026-10-08T23:45,59.6
TOS02000064,2026-10-08T00:15,0.4
TOS02000064,2026-10-08T00:30,1.8
TOS02000064,2026-10-08T00:45,4.4
TOS02000064,2026-10-08T01:00,10.1
TOS02000064,2026-10-08T01:15,23.4
TOS02000064,2026-10-08T01:30,24.6
TOS02000064,2026-10-08T01:45,24.6
TOS02000064,2026-10-08T02:00,25.6
TOS02000064,2026-10-08T02:15,25.8
TOS02000064,2026-10-08T02:30,25.8
TOS02000064,2026-10-08T02:45,25.8
TOS02000064,2026-10-08T03:00,25.8
TOS02000064,2026-10-08T03:15,25.8
TOS02000064,2026-10-08T03:30,28.2
TOS02000064,2026-10-08T03:45,59.5
TOS02000064,2026-10-08T04:00,70.8
TOS02000064,2026-10-08T04:15,93.6
TOS02000064,2026-10-08T04:30,114.1
TOS02000064,2026-10-08T04:45,118.0
TOS02000064,2026-10-08T05:00,119.4
TOS02000064,2026-10-08T05:15,119.4
TOS02000064,2026-10-08T05:30,119.4
TOS02000064,2026-10-08T05:45,119.4
TOS02000064,2026-10-08T06:00,119.6
TOS02000064,2026-10-08T06:15,119.6
TOS02000064,2026-10-08T06:30,119.6
TOS02000064,2026-10-08T06:45,119.6
TOS02000064,2026-10-08T07:00,119.6
TOS02000064,2026-10-08T07:15,119.6
TOS02000064,2026-10-08T07:30,119.6
TOS02000064,2026-10-08T07:45,119.6
TOS02000064,2026-10-08T08:00,119.6
TOS02000064,2026-10-08T08:15,119.6
TOS02000064,2026-10-08T08:30,119.6
TOS02000064,2026-10-08T08:45,119.6
TOS02000064,2026-10-08T09:00,119.6
TOS02000064,2026-10-08T09:15,119.6
TOS02000064,2026-10-08T09:30,119.8
TOS02000064,2026-10-08T09:45,127.1
TOS02000064,2026-10-08T10:00,131.0
TOS02000064,2026-10-08T10:15,131.0
TOS02000064,2026-10-08T10:30,131.6
TOS02000064,2026-10-08T10:45,131.6
TOS02000064,2026-10-08T11:00,131.6
TOS02000064,2026-10-08T11:15,131.6
TOS02000064,2026-10-08T11:30,131.6
TOS02000064,2026-10-08T11:45,131.6
TOS02000064,2026-10-08T12:00,131.6
TOS02000064,2026-10-08T12:15,131.6
TOS02000064,2026-10-08T12:30,131.6
TOS02000064,2026-10-08T12:45,131.6
TOS02000064,2026-10-08T13:00,132.6
TOS02000064,2026-10-08T13:30,133.0
TOS02000064,2026-10-08T13:45,133.0
TOS02000064,2026-10-08T14:00,133.0
TOS02000064,2026-10-08T14:15,133.0
TOS02000064,2026-10-08T14:30,133.0
TOS02000064,2026-10-08T14:45,133.0
TOS02000064,2026-10-08T15:00,133.0
TOS02000064,2026-10-08T15:15,133.0
TOS02000064,2026-10-08T15:30,142.0
TOS02000064,2026-10-08T15:45,144.3
TOS02000064,2026-10-08T16:00,153.2
TOS02000064,2026-10-08T16:15,153.2
TOS02000064,2026-10-08T16:30,162.6
TOS02000064,2026-10-08T16:45,167.3
TOS02000064,2026-10-08T17:00,171.6
TOS02000064,2026-10-08T17:15,171.6
TOS02000064,2026-10-08T17:30,171.6
TOS02000064,2026-10-08T17:45,171.6
TOS02000064,2026-10-08T18:00,171.6
TOS02000064,2026-10-08T18:15,171.6
TOS02000064,2026-10-08T18:30,171.6
TOS02000064,2026-10-08T18:45,171.6
TOS02000064,2026-10-08T19:00,171.6
TOS02000064,2026-10-08T19:15,171.6
TOS02000064,2026-10-08T19:30,171.6
TOS02000064,2026-10-08T19:45,171.6
TOS02000064,2026-10-08T20:00,171.6
TOS02000064,2026-10-08T20:15,171.6
TOS02000064,2026-10-08T20:30,171.6
TOS02000064,2026-10-08T20:45,171.6
TOS02000064,2026-10-08T21:00,171.6
TOS02000064,2026-10-08T21:15,171.6
TOS02000064,2026-10-08T21:30,171.6
TOS02000064,2026-10-08T21:45,171.6
TOS02000064,2026-10-08T22:00,171.6
TOS02000064,2026-10-08T22:15,171.6
TOS02000064,2026-10-08T22:30,172.4
TOS02000064,2026-10-08T22:45,173.4
TOS02000064,2026-10-08T23:00,175.2
TOS02000064,2026-10-08T23:15,175.8
TOS02000064,2026-10-08T23:30,176.2
TOS02000064,2026-10-08T23:45,177.0
TOS02000075,2026-10-08T00:15,1.1
TOS02000075,2026-10-08T00:30,12.2
TOS02000075,2026-10-08T00:45,14.5
TOS02000075,2026-10-08T01:00,15.9
TOS02000075,2026-10-08T01:15,16.1
TOS02000075,2026-10-08T01:30,16.1
TOS02000075,2026-10-08T01:45,16.9
TOS02000075,2026-10-08T02:00,16.9
TOS02000075,2026-10-08T02:15,16.9
TOS02000075,2026-10-08T02:30,17.3
TOS02000075,2026-10-08T02:45,17.5
TOS02000075,2026-10-08T03:00,17.5
TOS02000075,2026-10-08T03:15,21.4
TOS02000075,2026-10-08T03:30,30.6
TOS02000075,2026-10-08T03:45,33.2
TOS02000075,2026-10-08T04:00,37.9
TOS02000075,2026-10-08T04:15,44.9
TOS02000075,2026-10-08T04:30,64.5
TOS02000075,2026-10-08T04:45,66.7
TOS02000075,2026-10-08T05:00,67.9
TOS02000075,2026-10-08T05:15,67.9
TOS02000075,2026-10-08T05:30,67.9
TOS02000075,2026-10-08T05:45,67.9
TOS02000075,2026-10-08T06:00,67.9
TOS02000075,2026-10-08T06:15,67.9
TOS02000075,2026-10-08T06:30,67.9
TOS02000075,2026-10-08T06:45,67.9
TOS02000075,2026-10-08T07:00,67.9
TOS02000075,2026-10-08T07:15,67.9
TOS02000075,2026-10-08T07:30,67.9
TOS02000075,2026-10-08T07:45,67.9
TOS02000075,2026-10-08T08:00,67.9
TOS02000075,2026-10-08T08:15,67.9
TOS02000075,2026-10-08T08:30,67.9
TOS02000075,2026-10-08T08:45,67.9
TOS02000075,2026-10-08T09:00,67.9
TOS02000075,2026-10-08T09:15,67.9
TOS02000075,2026-10-08T09:30,67.9
TOS02000075,2026-10-08T09:45,68.7
TOS02000075,2026-10-08T10:00,71.3
TOS02000075,2026-10-08T10:15,71.7
TOS02000075,2026-10-08T10:30,73.7
TOS02000075,2026-10-08T10:45,74.3
TOS02000075,2026-10-08T11:00,74.5
TOS02000075,2026-10-08T11:15,74.7
TOS02000075,2026-10-08T11:30,76.3
TOS02000075,2026-10-08T11:45,76.3
TOS02000075,2026-10-08T12:00,76.3
TOS02000075,2026-10-08T12:15,76.3
TOS02000075,2026-10-08T12:30,76.3
TOS02000075,2026-10-08T12:45,76.3
TOS02000075,2026-10-08T13:00,76.3
TOS02000075,2026-10-08T13:15,76.9
TOS02000075,2026-10-08T13:30,77.5
TOS02000075,2026-10-08T13:45,77.5
TOS02000075,2026-10-08T14:00,77.5
TOS02000075,2026-10-08T14:15,79.4
TOS02000075,2026-10-08T14:30,79.4
TOS02000075,2026-10-08T14:45,79.4
TOS02000075,2026-10-08T15:00,79.4
TOS02000075,2026-10-08T15:15,80.4
TOS02000075,2026-10-08T15:30,81.4
TOS02000075,2026-10-08T15:45,82.0
TOS02000075,2026-10-08T16:00,84.4
TOS02000075,2026-10-08T16:15,84.4
TOS02000075,2026-10-08T16:30,85.8
TOS02000075,2026-10-08T16:45,89.9
TOS02000075,2026-10-08T17:00,90.3
TOS02000075,2026-10-08T17:15,90.3
TOS02000075,2026-10-08T17:30,90.3
TOS02000075,2026-10-08T17:45,90.3
TOS02000075,2026-10-08T18:00,90.3
TOS02000075,2026-10-08T18:15,90.3
TOS02000075,2026-10-08T18:30,90.3
TOS02000075,2026-10-08T18:45,90.3
TOS02000075,2026-10-08T19:00,90.3
TOS02000075,2026-10-08T19:15,90.3
TOS02000075,2026-10-08T19:30,90.3
TOS02000075,2026-10-08T19:45,90.3
TOS02000075,2026-10-08T20:00,90.3
TOS02000075,2026-10-08T20:15,90.3
TOS02000075,2026-10-08T20:30,90.3
TOS02000075,2026-10-08T20:45,90.3
TOS02000075,2026-10-08T21:00,90.3
TOS02000075,2026-10-08T21:15,90.3
TOS02000075,2026-10-08T21:30,90.3
TOS02000075,2026-10-08T21:45,90.3
TOS02000075,2026-10-08T22:00,90.3
TOS02000075,2026-10-08T22:15,90.3
TOS02000075,2026-10-08T22:30,91.1
TOS02000075,2026-10-08T22:45,91.9
TOS02000075,2026-10-08T23:00,93.1
TOS02000075,2026-10-08T23:15,93.3
TOS02000075,2026-10-08T23:30,93.5
TOS02000075,2026-10-08T23:45,93.5
TOS02000077,2026-10-08T00:15,1.0
TOS02000077,2026-10-08T00:30,4.1
TOS02000077,2026-10-08T00:45,4.3
TOS02000077,2026-10-08T01:00,5.9
TOS02000077,2026-10-08T01:15,8.1
TOS02000077,2026-10-08T01:30,8.1
TOS02000077,2026-10-08T01:45,8.1
TOS02000077,2026-10-08T02:00,8.1
TOS02000077,2026-10-08T02:15,8.3
TOS02000077,2026-10-08T02:30,8.3
TOS02000077,2026-10-08T02:45,8.3
TOS02000077,2026-10-08T03:00,8.3
TOS02000077,2026-10-08T03:15,8.3
TOS02000077,2026-10-08T03:30,14.9
TOS02000077,2026-10-08T03:45,21.7
TOS02000077,2026-10-08T04:00,26.8
TOS02000077,2026-10-08T04:15,35.8
TOS02000077,2026-10-08T04:30,48.6
TOS02000077,2026-10-08T04:45,52.0
TOS02000077,2026-10-08T05:00,53.4
TOS02000077,2026-10-08T05:15,53.6
TOS02000077,2026-10-08T05:30,53.6
TOS02000077,2026-10-08T05:45,53.6
TOS02000077,2026-10-08T06:00,53.6
TOS02000077,2026-10-08T06:15,53.6
TOS02000077,2026-10-08T06:30,53.6
TOS02000077,2026-10-08T06:45,53.6
TOS02000077,2026-10-08T07:00,53.6
TOS02000077,2026-10-08T07:15,53.6
TOS02000077,2026-10-08T07:30,53.6
TOS02000077,2026-10-08T07:45,53.6
TOS02000077,2026-10-08T08:00,53.6
TOS02000077,2026-10-08T08:15,53.6
TOS02000077,2026-10-08T08:30,53.6
TOS02000077,2026-10-08T08:45,53.6
TOS02000077,2026-10-08T09:00,53.6
TOS02000077,2026-10-08T09:15,53.6
TOS02000077,2026-10-08T09:30,53.8
TOS02000077,2026-10-08T09:45,54.2
TOS02000077,2026-10-08T10:00,57.2
TOS02000077,2026-10-08T10:15,59.2
TOS02000077,2026-10-08T10:30,59.6
TOS02000077,2026-10-08T10:45,60.2
TOS02000077,2026-10-08T11:00,60.6
TOS02000077,2026-10-08T11:15,60.6
TOS02000077,2026-10-08T11:30,60.8
TOS02000077,2026-10-08T11:45,61.6
TOS02000077,2026-10-08T12:00,61.6
TOS02000077,2026-10-08T12:15,61.6
TOS02000077,2026-10-08T12:30,61.6
TOS02000077,2026-10-08T12:45,61.6
TOS02000077,2026-10-08T13:00,61.6
TOS02000077,2026-10-08T13:15,62.4
TOS02000077,2026-10-08T13:30,62.4
TOS02000077,2026-10-08T13:45,62.4
TOS02000077,2026-10-08T14:00,62.4
TOS02000077,2026-10-08T14:15,62.4
TOS02000077,2026-10-08T14:30,62.4
TOS02000077,2026-10-08T14:45,62.4
TOS02000077,2026-10-08T15:00,62.4
TOS02000077,2026-10-08T15:15,62.6
TOS02000077,2026-10-08T15:30,64.4
TOS02000077,2026-10-08T15:45,64.4
TOS02000077,2026-10-08T16:00,66.9
TOS02000077,2026-10-08T16:15,67.1
TOS02000077,2026-10-08T16:30,67.3
TOS02000077,2026-10-08T16:45,70.1
TOS02000077,2026-10-08T17:00,70.7
TOS02000077,2026-10-08T17:15,71.1
TOS02000077,2026-10-08T17:30,71.1
TOS02000077,2026-10-08T17:45,71.1
TOS02000077,2026-10-08T18:00,71.1
TOS02000077,2026-10-08T18:15,71.1
TOS02000077,2026-10-08T18:30,71.1
TOS02000077,2026-10-08T18:45,71.1
TOS02000077,2026-10-08T19:00,71.1
TOS02000077,2026-10-08T19:15,71.1
TOS02000077,2026-10-08T19:30,71.1
TOS02000077,2026-10-08T19:45,71.1
TOS02000077,2026-10-08T20:00,71.1
TOS02000077,2026-10-08T20:15,71.1
TOS02000077,2026-10-08T20:30,71.1
TOS02000077,2026-10-08T20:45,71.1
TOS02000077,2026-10-08T21:00,71.1
TOS02000077,2026-10-08T21:15,71.1
TOS02000077,2026-10-08T21:30,71.1
TOS02000077,2026-10-08T21:45,71.1
TOS02000077,2026-10-08T22:00,71.1
TOS02000077,2026-10-08T22:15,71.1
TOS02000077,2026-10-08T22:30,71.1
TOS02000077,2026-10-08T22:45,71.3
TOS02000077,2026-10-08T23:00,72.7
TOS02000077,2026-10-08T23:15,73.5
TOS02000077,2026-10-08T23:30,73.7
TOS02000077,2026-10-08T23:45,73.7
TOS02000078,2026-10-08T00:15,4.1
TOS02000078,2026-10-08T00:30,5.7
TOS02000078,2026-10-08T00:45,6.1
TOS02000078,2026-10-08T01:00,12.6
TOS02000078,2026-10-08T01:15,13.4
TOS02000078,2026-10-08T01:30,13.4
TOS02000078,2026-10-08T01:45,13.4
TOS02000078,2026-10-08T02:00,13.4
TOS02000078,2026-10-08T02:15,13.4
TOS02000078,2026-10-08T02:30,13.6
TOS02000078,2026-10-08T02:45,13.6
TOS02000078,2026-10-08T03:00,13.6
TOS02000078,2026-10-08T03:15,13.6
TOS02000078,2026-10-08T03:30,26.6
TOS02000078,2026-10-08T03:45,33.6
TOS02000078,2026-10-08T04:00,41.3
TOS02000078,2026-10-08T04:15,60.7
TOS02000078,2026-10-08T04:30,70.1
TOS02000078,2026-10-08T04:45,71.3
TOS02000078,2026-10-08T05:00,72.3
TOS02000078,2026-10-08T05:15,72.3
TOS02000078,2026-10-08T05:30,72.3
TOS02000078,2026-10-08T05:45,72.3
TOS02000078,2026-10-08T06:00,72.3
TOS02000078,2026-10-08T06:15,72.3
TOS02000078,2026-10-08T06:30,72.3
TOS02000078,2026-10-08T06:45,72.3
TOS02000078,2026-10-08T07:00,72.3
TOS02000078,2026-10-08T07:15,72.3
TOS02000078,2026-10-08T07:30,72.3
TOS02000078,2026-10-08T07:45,72.3
TOS02000078,2026-10-08T08:00,72.3
TOS02000078,2026-10-08T08:15,72.3
TOS02000078,2026-10-08T08:30,72.3
TOS02000078,2026-10-08T08:45,72.3
TOS02000078,2026-10-08T09:00,72.3
TOS02000078,2026-10-08T09:15,72.3
TOS02000078,2026-10-08T09:30,72.5
TOS02000078,2026-10-08T09:45,75.3
TOS02000078,2026-10-08T10:00,80.6
TOS02000078,2026-10-08T10:15,81.2
TOS02000078,2026-10-08T10:30,82.6
TOS02000078,2026-10-08T10:45,82.6
TOS02000078,2026-10-08T11:00,83.5
TOS02000078,2026-10-08T11:15,83.5
TOS02000078,2026-10-08T11:30,85.5
TOS02000078,2026-10-08T11:45,85.5
TOS02000078,2026-10-08T12:00,85.5
TOS02000078,2026-10-08T12:15,85.5
TOS02000078,2026-10-08T12:30,85.5
TOS02000078,2026-10-08T12:45,85.5
TOS02000078,2026-10-08T13:00,85.9
TOS02000078,2026-10-08T13:15,86.3
TOS02000078,2026-10-08T13:30,86.3
TOS02000078,2026-10-08T13:45,86.3
TOS02000078,2026-10-08T14:00,86.3
TOS02000078,2026-10-08T14:15,86.3
TOS02000078,2026-10-08T14:30,86.3
TOS02000078,2026-10-08T14:45,86.3
TOS02000078,2026-10-08T15:00,86.3
TOS02000078,2026-10-08T15:15,88.3
TOS02000078,2026-10-08T15:30,91.2
TOS02000078,2026-10-08T15:45,91.2
TOS02000078,2026-10-08T16:00,98.2
TOS02000078,2026-10-08T16:15,98.4
TOS02000078,2026-10-08T16:30,101.0
TOS02000078,2026-10-08T16:45,101.8
TOS02000078,2026-10-08T17:00,103.0
TOS02000078,2026-10-08T17:15,103.0
TOS02000078,2026-10-08T17:30,103.0
TOS02000078,2026-10-08T17:45,103.0
TOS02000078,2026-10-08T18:00,103.0
TOS02000078,2026-10-08T18:15,103.0
TOS02000078,2026-10-08T18:30,103.0
TOS02000078,2026-10-08T18:45,103.0
TOS02000078,2026-10-08T19:00,103.0
TOS02000078,2026-10-08T19:15,103.0
TOS02000078,2026-10-08T19:30,103.0
TOS02000078,2026-10-08T19:45,103.0
TOS02000078,2026-10-08T20:00,103.0
TOS02000078,2026-10-08T20:15,103.0
TOS02000078,2026-10-08T20:30,103.0
TOS02000078,2026-10-08T20:45,103.0
TOS02000078,2026-10-08T21:00,103.0
TOS02000078,2026-10-08T21:15,103.0
TOS02000078,2026-10-08T21:30,103.0
TOS02000078,2026-10-08T21:45,103.0
TOS02000078,2026-10-08T22:00,103.0
TOS02000078,2026-10-08T22:15,103.0
TOS02000078,2026-10-08T22:30,103.8
TOS02000078,2026-10-08T22:45,104.2
TOS02000078,2026-10-08T23:00,106.1
TOS02000078,2026-10-08T23:15,106.1
TOS02000078,2026-10-08T23:30,106.3
TOS02000078,2026-10-08T23:45,106.5
TOS02000079,2026-10-08T00:10,0.2
TOS02000079,2026-10-08T00:15,1.9
TOS02000079,2026-10-08T00:20,2.9
TOS02000079,2026-10-08T00:25,3.3
TOS02000079,2026-10-08T00:30,3.7
TOS02000079,2026-10-08T00:35,3.7
TOS02000079,2026-10-08T00:40,3.9
TOS02000079,2026-10-08T00:45,5.5
TOS02000079,2026-10-08T00:50,5.7
TOS02000079,2026-10-08T00:55,8.1
TOS02000079,2026-10-08T01:00,10.8
TOS02000079,2026-10-08T01:05,18.0
TOS02000079,2026-10-08T01:10,19.8
TOS02000079,2026-10-08T01:15,20.0
TOS02000079,2026-10-08T01:20,20.0
TOS02000079,2026-10-08T01:25,20.0
TOS02000079,2026-10-08T01:30,20.0
TOS02000079,2026-10-08T01:35,20.0
TOS02000079,2026-10-08T01:40,20.0
TOS02000079,2026-10-08T01:45,20.0
TOS02000079,2026-10-08T01:50,20.0
TOS02000079,2026-10-08T01:55,20.0
TOS02000079,2026-10-08T02:00,20.0
TOS02000079,2026-10-08T02:05,20.0
TOS02000079,2026-10-08T02:10,20.2
TOS02000079,2026-10-08T02:15,20.2
TOS02000079,2026-10-08T02:20,20.2
TOS02000079,2026-10-08T02:25,20.2
TOS02000079,2026-10-08T02:30,20.2
TOS02000079,2026-10-08T02:35,20.2
TOS02000079,2026-10-08T02:40,20.2
TOS02000079,2026-10-08T02:45,20.2
TOS02000079,2026-10-08T02:50,20.2
TOS02000079,2026-10-08T02:55,20.2
TOS02000079,2026-10-08T03:00,20.2
TOS02000079,2026-10-08T03:05,20.2
TOS02000079,2026-10-08T03:10,20.2
TOS02000079,2026-10-08T03:15,20.2
TOS02000079,2026-10-08T03:20,20.2
TOS02000079,2026-10-08T03:25,20.2
TOS02000079,2026-10-08T03:30,28.0
TOS02000079,2026-10-08T03:35,45.3
TOS02000079,2026-10-08T03:40,59.2
TOS02000079,2026-10-08T03:45,63.6
TOS02000079,2026-10-08T03:50,65.0
TOS02000079,2026-10-08T03:55,70.0
TOS02000079,2026-10-08T04:00,77.0
TOS02000079,2026-10-08T04:05,83.6
TOS02000079,2026-10-08T04:10,88.8
TOS02000079,2026-10-08T04:15,100.8
TOS02000079,2026-10-08T04:20,111.7
TOS02000079,2026-10-08T04:25,114.6
TOS02000079,2026-10-08T04:30,116.2
TOS02000079,2026-10-08T04:35,117.0
TOS02000079,2026-10-08T04:40,117.6
TOS02000079,2026-10-08T04:45,118.0
TOS02000079,2026-10-08T04:50,118.8
TOS02000079,2026-10-08T04:55,119.4
TOS02000079,2026-10-08T05:00,119.4
TOS02000079,2026-10-08T05:05,119.4
TOS02000079,2026-10-08T05:10,119.4
TOS02000079,2026-10-08T05:15,119.4
TOS02000079,2026-10-08T05:20,119.4
TOS02000079,2026-10-08T05:25,119.4
TOS02000079,2026-10-08T05:30,119.4
TOS02000079,2026-10-08T05:35,119.4
TOS02000079,2026-10-08T05:40,119.4
TOS02000079,2026-10-08T05:45,119.4
TOS02000079,2026-10-08T05:50,119.4
TOS02000079,2026-10-08T05:55,119.4
TOS02000079,2026-10-08T06:00,119.4
TOS02000079,2026-10-08T06:05,119.4
TOS02000079,2026-10-08T06:10,119.4
TOS02000079,2026-10-08T06:15,119.4
TOS02000079,2026-10-08T06:20,119.4
TOS02000079,2026-10-08T06:25,119.4
TOS02000079,2026-10-08T06:30,119.4
TOS02000079,2026-10-08T06:35,119.4
TOS02000079,2026-10-08T06:40,119.4
TOS02000079,2026-10-08T06:45,119.4
TOS02000079,2026-10-08T06:50,119.4
TOS02000079,2026-10-08T06:55,119.4
TOS02000079,2026-10-08T07:00,119.4
TOS02000079,2026-10-08T07:05,119.4
TOS02000079,2026-10-08T07:10,119.4
TOS02000079,2026-10-08T07:15,119.4
TOS02000079,2026-10-08T07:20,119.4
TOS02000079,2026-10-08T07:25,119.4
TOS02000079,2026-10-08T07:30,119.4
TOS02000079,2026-10-08T07:35,119.4
TOS02000079,2026-10-08T07:40,119.4
TOS02000079,2026-10-08T07:45,119.4
TOS02000079,2026-10-08T07:50,119.4
TOS02000079,2026-10-08T07:55,119.4
TOS02000079,2026-10-08T08:00,119.4
TOS02000079,2026-10-08T08:05,119.4
TOS02000079,2026-10-08T08:10,119.4
TOS02000079,2026-10-08T08:15,119.4
TOS02000079,2026-10-08T08:20,119.4
TOS02000079,2026-10-08T08:25,119.4
TOS02000079,2026-10-08T08:30,119.4
TOS02000079,2026-10-08T08:35,119.4
TOS02000079,2026-10-08T08:40,119.4
TOS02000079,2026-10-08T08:45,119.4
TOS02000079,2026-10-08T08:50,119.4
TOS02000079,2026-10-08T08:55,119.4
TOS02000079,2026-10-08T09:00,119.4
TOS02000079,2026-10-08T09:05,119.4
TOS02000079,2026-10-08T09:10,119.4
TOS02000079,2026-10-08T09:15,119.4
TOS02000079,2026-10-08T09:20,119.4
TOS02000079,2026-10-08T09:25,119.4
TOS02000079,2026-10-08T09:30,119.6
TOS02000079,2026-10-08T09:35,119.6
TOS02000079,2026-10-08T09:40,120.0
TOS02000079,2026-10-08T09:45,121.8
TOS02000079,2026-10-08T09:50,126.4
TOS02000079,2026-10-08T09:55,131.0
TOS02000079,2026-10-08T10:00,134.5
TOS02000079,2026-10-08T10:05,136.5
TOS02000079,2026-10-08T10:10,136.7
TOS02000079,2026-10-08T10:15,136.7
TOS02000079,2026-10-08T10:20,136.7
TOS02000079,2026-10-08T10:25,136.9
TOS02000079,2026-10-08T10:30,137.1
TOS02000079,2026-10-08T10:35,137.3
TOS02000079,2026-10-08T10:40,137.3
TOS02000079,2026-10-08T10:45,137.3
TOS02000079,2026-10-08T10:50,137.3
TOS02000079,2026-10-08T10:55,137.3
TOS02000079,2026-10-08T11:00,137.5
TOS02000079,2026-10-08T11:05,137.5
TOS02000079,2026-10-08T11:10,137.5
TOS02000079,2026-10-08T11:15,137.5
TOS02000079,2026-10-08T11:20,137.5
TOS02000079,2026-10-08T11:25,137.5
TOS02000079,2026-10-08T11:30,137.9
TOS02000079,2026-10-08T11:35,138.5
TOS02000079,2026-10-08T11:40,138.5
TOS02000079,2026-10-08T11:45,138.7
TOS02000079,2026-10-08T11:50,138.7
TOS02000079,2026-10-08T11:55,138.7
TOS02000079,2026-10-08T12:00,138.7
TOS02000079,2026-10-08T12:05,138.7
TOS02000079,2026-10-08T12:10,138.7
TOS02000079,2026-10-08T12:15,138.7
TOS02000079,2026-10-08T12:20,138.7
TOS02000079,2026-10-08T12:25,138.7
TOS02000079,2026-10-08T12:30,138.7
TOS02000079,2026-10-08T12:35,138.7
TOS02000079,2026-10-08T12:40,138.7
TOS02000079,2026-10-08T12:45,138.7
TOS02000079,2026-10-08T12:50,138.7
TOS02000079,2026-10-08T12:55,138.7
TOS02000079,2026-10-08T13:00,139.7
TOS02000079,2026-10-08T13:05,139.9
TOS02000079,2026-10-08T13:10,139.9
TOS02000079,2026-10-08T13:15,139.9
TOS02000079,2026-10-08T13:20,139.9
TOS02000079,2026-10-08T13:25,139.9
TOS02000079,2026-10-08T13:30,139.9
TOS02000079,2026-10-08T13:35,139.9
TOS02000079,2026-10-08T13:40,139.9
TOS02000079,2026-10-08T13:45,139.9
TOS02000079,2026-10-08T13:50,139.9
TOS02000079,2026-10-08T13:55,139.9
TOS02000079,2026-10-08T14:00,139.9
TOS02000079,2026-10-08T14:05,139.9
TOS02000079,2026-10-08T14:10,139.9
TOS02000079,2026-10-08T14:15,139.9
TOS02000079,2026-10-08T14:20,139.9
TOS02000079,2026-10-08T14:25,139.9
TOS02000079,2026-10-08T14:30,139.9
TOS02000079,2026-10-08T14:35,139.9
TOS02000079,2026-10-08T14:40,139.9
TOS02000079,2026-10-08T14:45,139.9
TOS02000079,2026-10-08T14:50,139.9
TOS02000079,2026-10-08T14:55,139.9
TOS02000079,2026-10-08T15:00,139.9
TOS02000079,2026-10-08T15:05,139.9
TOS02000079,2026-10-08T15:10,140.1
TOS02000079,2026-10-08T15:15,141.8
TOS02000079,2026-10-08T15:20,144.4
TOS02000079,2026-10-08T15:25,147.3
TOS02000079,2026-10-08T15:30,147.5
TOS02000079,2026-10-08T15:35,147.5
TOS02000079,2026-10-08T15:40,147.5
TOS02000079,2026-10-08T15:45,147.5
TOS02000079,2026-10-08T15:50,148.3
TOS02000079,2026-10-08T15:55,152.1
TOS02000079,2026-10-08T16:00,155.2
TOS02000079,2026-10-08T16:05,155.4
TOS02000079,2026-10-08T16:10,155.4
TOS02000079,2026-10-08T16:15,155.4
TOS02000079,2026-10-08T16:20,156.8
TOS02000079,2026-10-08T16:25,158.4
TOS02000079,2026-10-08T16:30,160.5
TOS02000079,2026-10-08T16:35,162.1
TOS02000079,2026-10-08T16:40,162.3
TOS02000079,2026-10-08T16:45,162.3
TOS02000079,2026-10-08T16:50,162.7
TOS02000079,2026-10-08T16:55,164.1
TOS02000079,2026-10-08T17:00,164.3
TOS02000079,2026-10-08T17:05,164.3
TOS02000079,2026-10-08T17:10,164.3
TOS02000079,2026-10-08T17:15,164.3
TOS02000079,2026-10-08T17:20,164.3
TOS02000079,2026-10-08T17:25,164.3
TOS02000079,2026-10-08T17:30,164.3
TOS02000079,2026-10-08T17:35,164.3
TOS02000079,2026-10-08T17:40,164.3
TOS02000079,2026-10-08T17:45,164.3
TOS02000079,2026-10-08T17:50,164.3
TOS02000079,2026-10-08T17:55,164.3
TOS02000079,2026-10-08T18:00,164.3
TOS02000079,2026-10-08T18:05,164.3
TOS02000079,2026-10-08T18:10,164.3
TOS02000079,2026-10-08T18:15,164.3
TOS02000079,2026-10-08T18:20,164.3
TOS02000079,2026-10-08T18:25,164.3
TOS02000079,2026-10-08T18:30,164.3
TOS02000079,2026-10-08T18:35,164.3
TOS02000079,2026-10-08T18:40,164.3
TOS02000079,2026-10-08T18:45,164.3
TOS02000079,2026-10-08T18:50,164.3
TOS02000079,2026-10-08T18:55,164.3
TOS02000079,2026-10-08T19:00,164.3
TOS02000079,2026-10-08T19:05,164.3
TOS02000079,2026-10-08T19:10,164.3
TOS02000079,2026-10-08T19:15,164.3
TOS02000079,2026-10-08T19:20,164.3
TOS02000079,2026-10-08T19:25,164.3
TOS02000079,2026-10-08T19:30,164.3
TOS02000079,2026-10-08T19:35,164.3
TOS02000079,2026-10-08T19:40,164.3
TOS02000079,2026-10-08T19:45,164.3
TOS02000079,2026-10-08T19:50,164.3
TOS02000079,2026-10-08T19:55,164.3
TOS02000079,2026-10-08T20:00,164.3
TOS02000079,2026-10-08T20:05,164.3
TOS02000079,2026-10-08T20:10,164.3
TOS02000079,2026-10-08T20:15,164.3
TOS02000079,2026-10-08T20:20,164.3
TOS02000079,2026-10-08T20:25,164.3
TOS02000079,2026-10-08T20:30,164.3
TOS02000079,2026-10-08T20:35,164.3
TOS02000079,2026-10-08T20:40,164.3
TOS02000079,2026-10-08T20:45,164.3
TOS02000079,2026-10-08T20:50,164.3
TOS02000079,2026-10-08T20:55,164.3
TOS02000079,2026-10-08T21:00,164.3
TOS02000079,2026-10-08T21:05,164.3
TOS02000079,2026-10-08T21:10,164.3
TOS02000079,2026-10-08T21:15,164.3
TOS02000079,2026-10-08T21:20,164.3
TOS02000079,2026-10-08T21:25,164.3
TOS02000079,2026-10-08T21:30,164.3
TOS02000079,2026-10-08T21:35,164.3
TOS02000079,2026-10-08T21:40,164.3
TOS02000079,2026-10-08T21:45,164.3
TOS02000079,2026-10-08T21:50,164.3
TOS02000079,2026-10-08T21:55,164.3
TOS02000079,2026-10-08T22:00,164.3
TOS02000079,2026-10-08T22:05,164.3
TOS02000079,2026-10-08T22:10,164.3
TOS02000079,2026-10-08T22:15,164.3
TOS02000079,2026-10-08T22:20,164.3
TOS02000079,2026-10-08T22:25,164.5
TOS02000079,2026-10-08T22:30,164.9
TOS02000079,2026-10-08T22:35,165.5
TOS02000079,2026-10-08T22:40,165.5
TOS02000079,2026-10-08T22:45,165.5
TOS02000079,2026-10-08T22:50,165.7
TOS02000079,2026-10-08T22:55,166.5
TOS02000079,2026-10-08T23:00,166.9
TOS02000079,2026-10-08T23:05,167.1
TOS02000079,2026-10-08T23:10,167.1
TOS02000079,2026-10-08T23:15,167.1
TOS02000079,2026-10-08T23:20,167.3
TOS02000079,2026-10-08T23:25,167.3
TOS02000079,2026-10-08T23:30,167.5
TOS02000079,2026-10-08T23:35,167.5
TOS02000079,2026-10-08T23:40,167.5
TOS02000079,2026-10-08T23:45,168.5
TOS02000079,2026-10-08T23:50,168.7
TOS02000079,2026-10-08T23:55,169.3
TOS02000081,2026-10-08T00:30,2.2
TOS02000081,2026-10-08T00:45,2.8
TOS02000081,2026-10-08T01:00,3.0
TOS02000081,2026-10-08T01:15,3.2
TOS02000081,2026-10-08T01:30,3.6
TOS02000081,2026-10-08T01:45,3.6
TOS02000081,2026-10-08T02:00,4.0
TOS02000081,2026-10-08T02:15,4.0
TOS02000081,2026-10-08T02:30,4.4
TOS02000081,2026-10-08T02:45,4.4
TOS02000081,2026-10-08T03:00,4.4
TOS02000081,2026-10-08T03:15,4.4
TOS02000081,2026-10-08T03:30,5.6
TOS02000081,2026-10-08T03:45,22.5
TOS02000081,2026-10-08T04:00,45.6
TOS02000081,2026-10-08T04:15,56.3
TOS02000081,2026-10-08T04:30,82.8
TOS02000081,2026-10-08T04:45,85.2
TOS02000081,2026-10-08T05:00,86.6
TOS02000081,2026-10-08T05:15,86.6
TOS02000081,2026-10-08T05:30,86.6
TOS02000081,2026-10-08T05:45,86.6
TOS02000081,2026-10-08T06:00,86.6
TOS02000081,2026-10-08T06:15,86.6
TOS02000081,2026-10-08T06:30,86.6
TOS02000081,2026-10-08T06:45,86.6
TOS02000081,2026-10-08T07:00,86.6
TOS02000081,2026-10-08T07:15,86.6
TOS02000081,2026-10-08T07:30,86.8
TOS02000081,2026-10-08T07:45,86.8
TOS02000081,2026-10-08T08:00,86.8
TOS02000081,2026-10-08T08:15,86.8
TOS02000081,2026-10-08T08:30,86.8
TOS02000081,2026-10-08T08:45,86.8
TOS02000081,2026-10-08T09:00,87.0
TOS02000081,2026-10-08T09:15,87.2
TOS02000081,2026-10-08T09:30,87.2
TOS02000081,2026-10-08T09:45,88.0
TOS02000081,2026-10-08T10:00,88.0
TOS02000081,2026-10-08T10:15,88.2
TOS02000081,2026-10-08T10:30,88.6
TOS02000081,2026-10-08T10:45,88.8
TOS02000081,2026-10-08T11:00,88.8
TOS02000081,2026-10-08T11:15,88.8
TOS02000081,2026-10-08T11:30,88.8
TOS02000081,2026-10-08T11:45,88.8
TOS02000081,2026-10-08T12:00,88.8
TOS02000081,2026-10-08T12:15,88.8
TOS02000081,2026-10-08T12:30,88.8
TOS02000081,2026-10-08T12:45,88.8
TOS02000081,2026-10-08T13:00,89.0
TOS02000081,2026-10-08T13:15,91.0
TOS02000081,2026-10-08T13:30,92.0
TOS02000081,2026-10-08T13:45,92.0
TOS02000081,2026-10-08T14:00,92.0
TOS02000081,2026-10-08T14:15,92.0
TOS02000081,2026-10-08T14:30,92.0
TOS02000081,2026-10-08T14:45,92.0
TOS02000081,2026-10-08T15:00,92.0
TOS02000081,2026-10-08T15:15,92.0
TOS02000081,2026-10-08T15:30,92.0
TOS02000081,2026-10-08T15:45,92.0
TOS02000081,2026-10-08T16:00,94.3
TOS02000081,2026-10-08T16:15,94.5
TOS02000081,2026-10-08T16:30,96.7
TOS02000081,2026-10-08T16:45,107.1
TOS02000081,2026-10-08T17:00,109.2
TOS02000081,2026-10-08T17:15,109.2
TOS02000081,2026-10-08T17:30,109.2
TOS02000081,2026-10-08T17:45,109.2
TOS02000081,2026-10-08T18:00,109.2
TOS02000081,2026-10-08T18:15,109.2
TOS02000081,2026-10-08T18:30,109.2
TOS02000081,2026-10-08T18:45,109.2
TOS02000081,2026-10-08T19:00,109.2
TOS02000081,2026-10-08T19:15,109.2
TOS02000081,2026-10-08T19:30,109.2
TOS02000081,2026-10-08T19:45,109.2
TOS02000081,2026-10-08T20:00,109.2
TOS02000081,2026-10-08T20:15,109.6
TOS02000081,2026-10-08T20:30,109.6
TOS02000081,2026-10-08T20:45,109.6
TOS02000081,2026-10-08T21:00,109.6
TOS02000081,2026-10-08T21:15,109.6
TOS02000081,2026-10-08T21:30,109.6
TOS02000081,2026-10-08T21:45,109.6
TOS02000081,2026-10-08T22:00,109.6
TOS02000081,2026-10-08T22:15,109.6
TOS02000081,2026-10-08T22:30,110.4
TOS02000081,2026-10-08T22:45,110.6
TOS02000081,2026-10-08T23:00,111.4
TOS02000081,2026-10-08T23:15,111.8
TOS02000081,2026-10-08T23:30,111.8
TOS02000081,2026-10-08T23:45,112.0
TOS02000083,2026-10-08T00:15,0.6
TOS02000083,2026-10-08T00:30,4.2
TOS02000083,2026-10-08T00:45,5.2
TOS02000083,2026-10-08T01:00,5.8
TOS02000083,2026-10-08T01:15,7.0
TOS02000083,2026-10-08T01:30,7.2
TOS02000083,2026-10-08T01:45,7.2
TOS02000083,2026-10-08T02:00,7.4
TOS02000083,2026-10-08T02:15,7.4
TOS02000083,2026-10-08T02:30,7.6
TOS02000083,2026-10-08T02:45,7.6
TOS02000083,2026-10-08T03:00,7.6
TOS02000083,2026-10-08T03:15,7.6
TOS02000083,2026-10-08T03:30,13.8
TOS02000083,2026-10-08T03:45,42.6
TOS02000083,2026-10-08T04:00,46.6
TOS02000083,2026-10-08T04:15,57.2
TOS02000083,2026-10-08T04:30,78.6
TOS02000083,2026-10-08T04:45,81.0
TOS02000083,2026-10-08T05:00,82.2
TOS02000083,2026-10-08T05:15,82.2
TOS02000083,2026-10-08T05:30,82.4
TOS02000083,2026-10-08T05:45,82.4
TOS02000083,2026-10-08T06:00,82.4
TOS02000083,2026-10-08T06:15,82.4
TOS02000083,2026-10-08T06:30,82.4
TOS02000083,2026-10-08T06:45,82.4
TOS02000083,2026-10-08T07:00,82.4
TOS02000083,2026-10-08T07:15,82.4
TOS02000083,2026-10-08T07:30,82.4
TOS02000083,2026-10-08T07:45,82.4
TOS02000083,2026-10-08T08:00,82.4
TOS02000083,2026-10-08T08:15,82.4
TOS02000083,2026-10-08T08:30,82.4
TOS02000083,2026-10-08T08:45,82.4
TOS02000083,2026-10-08T09:00,82.4
TOS02000083,2026-10-08T09:15,82.4
TOS02000083,2026-10-08T09:30,82.6
TOS02000083,2026-10-08T09:45,84.4
TOS02000083,2026-10-08T10:00,84.6
TOS02000083,2026-10-08T10:15,84.8
TOS02000083,2026-10-08T10:30,85.4
TOS02000083,2026-10-08T10:45,85.4
TOS02000083,2026-10-08T11:00,85.4
TOS02000083,2026-10-08T11:15,85.4
TOS02000083,2026-10-08T11:30,85.4
TOS02000083,2026-10-08T11:45,85.4
TOS02000083,2026-10-08T12:00,85.4
TOS02000083,2026-10-08T12:15,85.4
TOS02000083,2026-10-08T12:30,85.4
TOS02000083,2026-10-08T12:45,85.4
TOS02000083,2026-10-08T13:00,88.2
TOS02000083,2026-10-08T13:15,103.4
TOS02000083,2026-10-08T13:30,104.0
TOS02000083,2026-10-08T13:45,104.0
TOS02000083,2026-10-08T14:00,104.2
TOS02000083,2026-10-08T14:15,104.2
TOS02000083,2026-10-08T14:30,104.2
TOS02000083,2026-10-08T14:45,104.2
TOS02000083,2026-10-08T15:00,104.2
TOS02000083,2026-10-08T15:15,104.2
TOS02000083,2026-10-08T15:30,104.2
TOS02000083,2026-10-08T15:45,104.2
TOS02000083,2026-10-08T16:00,110.6
TOS02000083,2026-10-08T16:15,111.0
TOS02000083,2026-10-08T16:30,119.2
TOS02000083,2026-10-08T16:45,124.6
TOS02000083,2026-10-08T17:00,126.4
TOS02000083,2026-10-08T17:15,126.4
TOS02000083,2026-10-08T17:30,126.4
TOS02000083,2026-10-08T17:45,126.4
TOS02000083,2026-10-08T18:00,126.4
TOS02000083,2026-10-08T18:15,126.4
TOS02000083,2026-10-08T18:30,126.4
TOS02000083,2026-10-08T18:45,126.4
TOS02000083,2026-10-08T19:00,126.4
TOS02000083,2026-10-08T19:15,126.4
TOS02000083,2026-10-08T19:30,126.4
TOS02000083,2026-10-08T19:45,126.4
TOS02000083,2026-10-08T20:00,126.4
TOS02000083,2026-10-08T20:15,127.0
TOS02000083,2026-10-08T20:30,127.0
TOS02000083,2026-10-08T20:45,127.0
TOS02000083,2026-10-08T21:00,127.0
TOS02000083,2026-10-08T21:15,127.0
TOS02000083,2026-10-08T21:30,127.0
TOS02000083,2026-10-08T21:45,127.0
TOS02000083,2026-10-08T22:00,127.0
TOS02000083,2026-10-08T22:15,127.0
TOS02000083,2026-10-08T22:30,127.8
TOS02000083,2026-10-08T22:45,128.0
TOS02000083,2026-10-08T23:00,130.0
TOS02000083,2026-10-08T23:15,130.2
TOS02000083,2026-10-08T23:30,130.2
TOS02000083,2026-10-08T23:45,130.2
TOS02000088,2026-10-08T00:15,0.8
TOS02000088,2026-10-08T00:30,4.7
TOS02000088,2026-10-08T00:45,4.9
TOS02000088,2026-10-08T01:00,5.1
TOS02000088,2026-10-08T01:15,5.5
TOS02000088,2026-10-08T01:30,5.5
TOS02000088,2026-10-08T01:45,5.5
TOS02000088,2026-10-08T02:00,5.7
TOS02000088,2026-10-08T02:15,5.7
TOS02000088,2026-10-08T02:30,7.1
TOS02000088,2026-10-08T02:45,7.1
TOS02000088,2026-10-08T03:00,7.1
TOS02000088,2026-10-08T03:15,7.3
TOS02000088,2026-10-08T03:30,7.3
TOS02000088,2026-10-08T03:45,7.5
TOS02000088,2026-10-08T04:00,8.9
TOS02000088,2026-10-08T04:15,9.7
TOS02000088,2026-10-08T04:30,19.4
TOS02000088,2026-10-08T04:45,21.2
TOS02000088,2026-10-08T05:00,22.0
TOS02000088,2026-10-08T05:15,22.0
TOS02000088,2026-10-08T05:30,22.0
TOS02000088,2026-10-08T05:45,22.0
TOS02000088,2026-10-08T06:00,22.0
TOS02000088,2026-10-08T06:15,22.6
TOS02000088,2026-10-08T06:30,22.6
TOS02000088,2026-10-08T06:45,22.6
TOS02000088,2026-10-08T07:00,22.6
TOS02000088,2026-10-08T07:15,22.6
TOS02000088,2026-10-08T07:30,22.6
TOS02000088,2026-10-08T07:45,22.6
TOS02000088,2026-10-08T08:00,22.6
TOS02000088,2026-10-08T08:15,22.6
TOS02000088,2026-10-08T08:30,22.6
TOS02000088,2026-10-08T08:45,22.6
TOS02000088,2026-10-08T09:00,22.6
TOS02000088,2026-10-08T09:15,23.0
TOS02000088,2026-10-08T09:30,23.6
TOS02000088,2026-10-08T09:45,23.6
TOS02000088,2026-10-08T10:00,23.6
TOS02000088,2026-10-08T10:15,24.0
TOS02000088,2026-10-08T10:30,24.0
TOS02000088,2026-10-08T10:45,24.0
TOS02000088,2026-10-08T11:00,24.0
TOS02000088,2026-10-08T11:15,24.0
TOS02000088,2026-10-08T11:30,24.0
TOS02000088,2026-10-08T11:45,24.0
TOS02000088,2026-10-08T12:00,24.0
TOS02000088,2026-10-08T12:15,24.0
TOS02000088,2026-10-08T12:30,24.0
TOS02000088,2026-10-08T12:45,24.0
TOS02000088,2026-10-08T13:00,25.4
TOS02000088,2026-10-08T13:15,25.6
TOS02000088,2026-10-08T13:30,25.8
TOS02000088,2026-10-08T13:45,25.8
TOS02000088,2026-10-08T14:00,25.8
TOS02000088,2026-10-08T14:15,25.8
TOS02000088,2026-10-08T14:30,25.8
TOS02000088,2026-10-08T14:45,25.8
TOS02000088,2026-10-08T15:00,25.8
TOS02000088,2026-10-08T15:15,25.8
TOS02000088,2026-10-08T15:30,25.8
TOS02000088,2026-10-08T15:45,25.8
TOS02000088,2026-10-08T16:00,27.0
TOS02000088,2026-10-08T16:15,27.0
TOS02000088,2026-10-08T16:30,28.6
TOS02000088,2026-10-08T16:45,32.9
TOS02000088,2026-10-08T17:00,34.3
TOS02000088,2026-10-08T17:15,34.3
TOS02000088,2026-10-08T17:30,34.3
TOS02000088,2026-10-08T17:45,34.3
TOS02000088,2026-10-08T18:00,34.3
TOS02000088,2026-10-08T18:15,34.3
TOS02000088,2026-10-08T18:30,34.3
TOS02000088,2026-10-08T18:45,34.3
TOS02000088,2026-10-08T19:00,34.3
TOS02000088,2026-10-08T19:15,34.3
TOS02000088,2026-10-08T19:30,34.3
TOS02000088,2026-10-08T19:45,34.3
TOS02000088,2026-10-08T20:00,34.3
TOS02000088,2026-10-08T20:15,34.3
TOS02000088,2026-10-08T20:30,34.3
TOS02000088,2026-10-08T20:45,34.3
TOS02000088,2026-10-08T21:00,34.3
TOS02000088,2026-10-08T21:15,34.3
TOS02000088,2026-10-08T21:30,34.3
TOS02000088,2026-10-08T21:45,34.3
TOS02000088,2026-10-08T22:00,34.3
TOS02000088,2026-10-08T22:15,34.3
TOS02000088,2026-10-08T22:30,34.5
TOS02000088,2026-10-08T22:45,34.5
TOS02000088,2026-10-08T23:00,34.5
TOS02000088,2026-10-08T23:15,34.5
TOS02000088,2026-10-08T23:30,34.5
TOS02000088,2026-10-08T23:45,34.5
TOS02000108,2026-10-08T00:05,0.2
TOS02000108,2026-10-08T00:10,0.2
TOS02000108,2026-10-08T00:15,3.1
TOS02000108,2026-10-08T00:20,8.4
TOS02000108,2026-10-08T00:25,10.2
TOS02000108,2026-10-08T00:30,16.9
TOS02000108,2026-10-08T00:35,19.1
TOS02000108,2026-10-08T00:40,20.5
TOS02000108,2026-10-08T00:45,21.3
TOS02000108,2026-10-08T00:50,21.7
TOS02000108,2026-10-08T00:55,23.4
TOS02000108,2026-10-08T01:00,23.4
TOS02000108,2026-10-08T01:05,23.4
TOS02000108,2026-10-08T01:10,23.6
TOS02000108,2026-10-08T01:15,23.6
TOS02000108,2026-10-08T01:20,24.2
TOS02000108,2026-10-08T01:25,24.4
TOS02000108,2026-10-08T01:30,24.4
TOS02000108,2026-10-08T01:35,24.4
TOS02000108,2026-10-08T01:40,24.4
TOS02000108,2026-10-08T01:45,24.6
TOS02000108,2026-10-08T01:50,24.6
TOS02000108,2026-10-08T01:55,24.6
TOS02000108,2026-10-08T02:00,24.6
TOS02000108,2026-10-08T02:05,24.6
TOS02000108,2026-10-08T02:10,25.0
TOS02000108,2026-10-08T02:15,25.0
TOS02000108,2026-10-08T02:20,25.0
TOS02000108,2026-10-08T02:25,25.2
TOS02000108,2026-10-08T02:30,25.4
TOS02000108,2026-10-08T02:35,25.4
TOS02000108,2026-10-08T02:40,25.4
TOS02000108,2026-10-08T02:45,25.4
TOS02000108,2026-10-08T02:50,25.4
TOS02000108,2026-10-08T02:55,25.4
TOS02000108,2026-10-08T03:00,25.4
TOS02000108,2026-10-08T03:05,28.9
TOS02000108,2026-10-08T03:10,32.9
TOS02000108,2026-10-08T03:15,33.7
TOS02000108,2026-10-08T03:20,34.9
TOS02000108,2026-10-08T03:25,36.1
TOS02000108,2026-10-08T03:30,37.3
TOS02000108,2026-10-08T03:35,37.3
TOS02000108,2026-10-08T03:40,37.5
TOS02000108,2026-10-08T03:45,37.9
TOS02000108,2026-10-08T03:50,38.3
TOS02000108,2026-10-08T03:55,39.3
TOS02000108,2026-10-08T04:00,41.2
TOS02000108,2026-10-08T04:05,42.6
TOS02000108,2026-10-08T04:10,44.8
TOS02000108,2026-10-08T04:15,45.4
TOS02000108,2026-10-08T04:20,45.8
TOS02000108,2026-10-08T04:25,51.1
TOS02000108,2026-10-08T04:30,54.4
TOS02000108,2026-10-08T04:35,55.6
TOS02000108,2026-10-08T04:40,56.0
TOS02000108,2026-10-08T04:45,56.4
TOS02000108,2026-10-08T04:50,56.8
TOS02000108,2026-10-08T04:55,57.0
TOS02000108,2026-10-08T05:00,57.2
TOS02000108,2026-10-08T05:05,57.2
TOS02000108,2026-10-08T05:10,57.2
TOS02000108,2026-10-08T05:15,57.2
TOS02000108,2026-10-08T05:20,57.2
TOS02000108,2026-10-08T05:25,57.2
TOS02000108,2026-10-08T05:30,57.2
TOS02000108,2026-10-08T05:35,57.2
TOS02000108,2026-10-08T05:40,57.2
TOS02000108,2026-10-08T05:45,57.2
TOS02000108,2026-10-08T05:50,57.2
TOS02000108,2026-10-08T05:55,57.2
TOS02000108,2026-10-08T06:00,57.2
TOS02000108,2026-10-08T06:05,57.2
TOS02000108,2026-10-08T06:10,57.2
TOS02000108,2026-10-08T06:15,57.2
TOS02000108,2026-10-08T06:20,57.2
TOS02000108,2026-10-08T06:25,57.2
TOS02000108,2026-10-08T06:30,57.2
TOS02000108,2026-10-08T06:35,57.2
TOS02000108,2026-10-08T06:40,57.2
TOS02000108,2026-10-08T06:45,57.2
TOS02000108,2026-10-08T06:50,57.2
TOS02000108,2026-10-08T06:55,57.2
TOS02000108,2026-10-08T07:00,57.2
TOS02000108,2026-10-08T07:05,57.2
TOS02000108,2026-10-08T07:10,57.2
TOS02000108,2026-10-08T07:15,57.2
TOS02000108,2026-10-08T07:20,57.2
TOS02000108,2026-10-08T07:25,57.2
TOS02000108,2026-10-08T07:30,57.2
TOS02000108,2026-10-08T07:35,57.2
TOS02000108,2026-10-08T07:40,57.2
TOS02000108,2026-10-08T07:45,57.2
TOS02000108,2026-10-08T07:50,57.2
TOS02000108,2026-10-08T07:55,57.2
TOS02000108,2026-10-08T08:00,57.2
TOS02000108,2026-10-08T08:05,57.2
TOS02000108,2026-10-08T08:10,57.2
TOS02000108,2026-10-08T08:15,57.2
TOS02000108,2026-10-08T08:20,57.2
TOS02000108,2026-10-08T08:25,57.2
TOS02000108,2026-10-08T08:30,57.2
TOS02000108,2026-10-08T08:35,57.2
TOS02000108,2026-10-08T08:40,57.2
TOS02000108,2026-10-08T08:45,57.2
TOS02000108,2026-10-08T08:50,57.2
TOS02000108,2026-10-08T08:55,57.2
TOS02000108,2026-10-08T09:00,57.2
TOS02000108,2026-10-08T09:05,57.2
TOS02000108,2026-10-08T09:10,57.2
TOS02000108,2026-10-08T09:15,57.2
TOS02000108,2026-10-08T09:20,57.2
TOS02000108,2026-10-08T09:25,57.2
TOS02000108,2026-10-08T09:30,57.2
TOS02000108,2026-10-08T09:35,57.2
TOS02000108,2026-10-08T09:40,57.4
TOS02000108,2026-10-08T09:45,58.4
TOS02000108,2026-10-08T09:50,59.2
TOS02000108,2026-10-08T09:55,59.6
TOS02000108,2026-10-08T10:00,60.0
TOS02000108,2026-10-08T10:05,60.4
TOS02000108,2026-10-08T10:10,60.6
TOS02000108,2026-10-08T10:15,60.6
TOS02000108,2026-10-08T10:20,60.6
TOS02000108,2026-10-08T10:25,61.6
TOS02000108,2026-10-08T10:30,62.6
TOS02000108,2026-10-08T10:35,63.2
TOS02000108,2026-10-08T10:40,63.4
TOS02000108,2026-10-08T10:45,63.4
TOS02000108,2026-10-08T10:50,63.4
TOS02000108,2026-10-08T10:55,63.4
TOS02000108,2026-10-08T11:00,63.6
TOS02000108,2026-10-08T11:05,63.8
TOS02000108,2026-10-08T11:10,63.8
TOS02000108,2026-10-08T11:15,64.0
TOS02000108,2026-10-08T11:20,64.0
TOS02000108,2026-10-08T11:25,64.2
TOS02000108,2026-10-08T11:30,64.2
TOS02000108,2026-10-08T11:35,64.2
TOS02000108,2026-10-08T11:40,64.2
TOS02000108,2026-10-08T11:45,64.2
TOS02000108,2026-10-08T11:50,64.2
TOS02000108,2026-10-08T11:55,64.2
TOS02000108,2026-10-08T12:00,64.2
TOS02000108,2026-10-08T12:05,64.2
TOS02000108,2026-10-08T12:10,64.2
TOS02000108,2026-10-08T12:15,64.2
TOS02000108,2026-10-08T12:20,64.2
TOS02000108,2026-10-08T12:25,64.4
TOS02000108,2026-10-08T12:30,64.4
TOS02000108,2026-10-08T12:35,64.4
TOS02000108,2026-10-08T12:40,64.4
TOS02000108,2026-10-08T12:45,64.4
TOS02000108,2026-10-08T12:50,64.4
TOS02000108,2026-10-08T12:55,64.4
TOS02000108,2026-10-08T13:00,64.4
TOS02000108,2026-10-08T13:05,64.4
TOS02000108,2026-10-08T13:10,64.4
TOS02000108,2026-10-08T13:15,64.4
TOS02000108,2026-10-08T13:20,64.6
TOS02000108,2026-10-08T13:25,65.4
TOS02000108,2026-10-08T13:30,67.9
TOS02000108,2026-10-08T13:35,68.1
TOS02000108,2026-10-08T13:40,68.3
TOS02000108,2026-10-08T13:45,68.3
TOS02000108,2026-10-08T13:50,68.3
TOS02000108,2026-10-08T13:55,68.3
TOS02000108,2026-10-08T14:00,68.3
TOS02000108,2026-10-08T14:05,68.3
TOS02000108,2026-10-08T14:10,68.3
TOS02000108,2026-10-08T14:15,68.3
TOS02000108,2026-10-08T14:20,68.3
TOS02000108,2026-10-08T14:25,68.3
TOS02000108,2026-10-08T14:30,68.3
TOS02000108,2026-10-08T14:35,68.3
TOS02000108,2026-10-08T14:40,68.3
TOS02000108,2026-10-08T14:45,68.3
TOS02000108,2026-10-08T14:50,68.3
TOS02000108,2026-10-08T14:55,68.3
TOS02000108,2026-10-08T15:00,68.3
TOS02000108,2026-10-08T15:05,68.3
TOS02000108,2026-10-08T15:10,68.3
TOS02000108,2026-10-08T15:15,68.5
TOS02000108,2026-10-08T15:20,68.5
TOS02000108,2026-10-08T15:25,68.5
TOS02000108,2026-10-08T15:30,68.5
TOS02000108,2026-10-08T15:35,68.5
TOS02000108,2026-10-08T15:40,68.5
TOS02000108,2026-10-08T15:45,68.7
TOS02000108,2026-10-08T15:50,69.7
TOS02000108,2026-10-08T15:55,71.7
TOS02000108,2026-10-08T16:00,71.7
TOS02000108,2026-10-08T16:05,71.9
TOS02000108,2026-10-08T16:10,71.9
TOS02000108,2026-10-08T16:15,71.9
TOS02000108,2026-10-08T16:20,71.9
TOS02000108,2026-10-08T16:25,71.9
TOS02000108,2026-10-08T16:30,72.9
TOS02000108,2026-10-08T16:35,77.3
TOS02000108,2026-10-08T16:40,80.6
TOS02000108,2026-10-08T16:45,85.0
TOS02000108,2026-10-08T16:50,87.0
TOS02000108,2026-10-08T16:55,87.2
TOS02000108,2026-10-08T17:00,87.2
TOS02000108,2026-10-08T17:05,87.2
TOS02000108,2026-10-08T17:10,87.2
TOS02000108,2026-10-08T17:15,87.2
TOS02000108,2026-10-08T17:20,87.2
TOS02000108,2026-10-08T17:25,87.2
TOS02000108,2026-10-08T17:30,87.2
TOS02000108,2026-10-08T17:35,87.2
TOS02000108,2026-10-08T17:40,87.2
TOS02000108,2026-10-08T17:45,87.2
TOS02000108,2026-10-08T17:50,87.2
TOS02000108,2026-10-08T17:55,87.2
TOS02000108,2026-10-08T18:00,87.2
TOS02000108,2026-10-08T18:05,87.2
TOS02000108,2026-10-08T18:10,87.2
TOS02000108,2026-10-08T18:15,87.2
TOS02000108,2026-10-08T18:20,87.2
TOS02000108,2026-10-08T18:25,87.2
TOS02000108,2026-10-08T18:30,87.2
TOS02000108,2026-10-08T18:35,87.2
TOS02000108,2026-10-08T18:40,87.2
TOS02000108,2026-10-08T18:45,87.2
TOS02000108,2026-10-08T18:50,87.2
TOS02000108,2026-10-08T18:55,87.2
TOS02000108,2026-10-08T19:00,87.2
TOS02000108,2026-10-08T19:05,87.2
TOS02000108,2026-10-08T19:10,87.2
TOS02000108,2026-10-08T19:15,87.2
TOS02000108,2026-10-08T19:20,87.2
TOS02000108,2026-10-08T19:25,87.2
TOS02000108,2026-10-08T19:30,87.2
TOS02000108,2026-10-08T19:35,87.2
TOS02000108,2026-10-08T19:40,87.2
TOS02000108,2026-10-08T19:45,87.2
TOS02000108,2026-10-08T19:50,87.2
TOS02000108,2026-10-08T19:55,87.2
TOS02000108,2026-10-08T20:00,87.2
TOS02000108,2026-10-08T20:05,87.2
TOS02000108,2026-10-08T20:10,87.2
TOS02000108,2026-10-08T20:15,87.2
TOS02000108,2026-10-08T20:20,87.2
TOS02000108,2026-10-08T20:25,87.2
TOS02000108,2026-10-08T20:30,87.2
TOS02000108,2026-10-08T20:35,87.2
TOS02000108,2026-10-08T20:40,87.2
TOS02000108,2026-10-08T20:45,87.2
TOS02000108,2026-10-08T20:50,87.2
TOS02000108,2026-10-08T20:55,87.2
TOS02000108,2026-10-08T21:00,87.2
TOS02000108,2026-10-08T21:05,87.2
TOS02000108,2026-10-08T21:10,87.2
TOS02000108,2026-10-08T21:15,87.2
TOS02000108,2026-10-08T21:20,87.4
TOS02000108,2026-10-08T21:25,87.4
TOS02000108,2026-10-08T21:30,87.4
TOS02000108,2026-10-08T21:35,87.4
TOS02000108,2026-10-08T21:40,87.4
TOS02000108,2026-10-08T21:45,87.4
TOS02000108,2026-10-08T21:50,87.4
TOS02000108,2026-10-08T21:55,87.4
TOS02000108,2026-10-08T22:00,87.4
TOS02000108,2026-10-08T22:05,87.4
TOS02000108,2026-10-08T22:10,87.4
TOS02000108,2026-10-08T22:15,87.4
TOS02000108,2026-10-08T22:20,87.4
TOS02000108,2026-10-08T22:25,87.8
TOS02000108,2026-10-08T22:30,88.0
TOS02000108,2026-10-08T22:35,88.0
TOS02000108,2026-10-08T22:40,88.2
TOS02000108,2026-10-08T22:45,88.4
TOS02000108,2026-10-08T22:50,88.8
TOS02000108,2026-10-08T22:55,89.4
TOS02000108,2026-10-08T23:00,89.8
TOS02000108,2026-10-08T23:05,89.8
TOS02000108,2026-10-08T23:10,89.8
TOS02000108,2026-10-08T23:15,90.0
TOS02000108,2026-10-08T23:20,90.0
TOS02000108,2026-10-08T23:25,90.2
TOS02000108,2026-10-08T23:30,90.4
TOS02000108,2026-10-08T23:35,90.4
TOS02000108,2026-10-08T23:40,90.4
TOS02000108,2026-10-08T23:45,90.4
TOS02000108,2026-10-08T23:50,90.6
TOS02000108,2026-10-08T23:55,90.6
TOS02000155,2026-10-08T00:15,1.2
TOS02000155,2026-10-08T00:30,1.6
TOS02000155,2026-10-08T00:45,2.4
TOS02000155,2026-10-08T01:00,5.1
TOS02000155,2026-10-08T01:15,5.9
TOS02000155,2026-10-08T01:30,6.9
TOS02000155,2026-10-08T01:45,7.7
TOS02000155,2026-10-08T02:00,7.7
TOS02000155,2026-10-08T02:15,7.7
TOS02000155,2026-10-08T02:30,7.7
TOS02000155,2026-10-08T02:45,7.9
TOS02000155,2026-10-08T03:00,7.9
TOS02000155,2026-10-08T03:15,7.9
TOS02000155,2026-10-08T03:30,7.9
TOS02000155,2026-10-08T03:45,7.9
TOS02000155,2026-10-08T04:00,7.9
TOS02000155,2026-10-08T04:15,9.3
TOS02000155,2026-10-08T04:30,10.7
TOS02000155,2026-10-08T04:45,16.9
TOS02000155,2026-10-08T05:00,23.2
TOS02000155,2026-10-08T05:15,24.6
TOS02000155,2026-10-08T05:30,24.6
TOS02000155,2026-10-08T05:45,24.6
TOS02000155,2026-10-08T06:00,24.6
TOS02000155,2026-10-08T06:15,24.6
TOS02000155,2026-10-08T06:30,24.6
TOS02000155,2026-10-08T06:45,24.6
TOS02000155,2026-10-08T07:00,24.8
TOS02000155,2026-10-08T07:15,25.2
TOS02000155,2026-10-08T07:30,25.4
TOS02000155,2026-10-08T07:45,25.6
TOS02000155,2026-10-08T08:00,25.6
TOS02000155,2026-10-08T08:15,25.6
TOS02000155,2026-10-08T08:30,25.6
TOS02000155,2026-10-08T08:45,25.6
TOS02000155,2026-10-08T09:00,26.4
TOS02000155,2026-10-08T09:15,27.2
TOS02000155,2026-10-08T09:30,27.6
TOS02000155,2026-10-08T09:45,27.8
TOS02000155,2026-10-08T10:00,33.3
TOS02000155,2026-10-08T10:15,33.5
TOS02000155,2026-10-08T10:30,33.5
TOS02000155,2026-10-08T10:45,33.5
TOS02000155,2026-10-08T11:00,33.5
TOS02000155,2026-10-08T11:15,33.5
TOS02000155,2026-10-08T11:30,33.5
TOS02000155,2026-10-08T11:45,33.5
TOS02000155,2026-10-08T12:00,33.5
TOS02000155,2026-10-08T12:15,33.5
TOS02000155,2026-10-08T12:30,33.5
TOS02000155,2026-10-08T12:45,33.5
TOS02000155,2026-10-08T13:00,33.5
TOS02000155,2026-10-08T13:15,33.5
TOS02000155,2026-10-08T13:30,33.5
TOS02000155,2026-10-08T13:45,33.9
TOS02000155,2026-10-08T14:00,33.9
TOS02000155,2026-10-08T14:15,34.5
TOS02000155,2026-10-08T14:30,35.5
TOS02000155,2026-10-08T14:45,36.7
TOS02000155,2026-10-08T15:00,36.7
TOS02000155,2026-10-08T15:15,36.7
TOS02000155,2026-10-08T15:30,36.7
TOS02000155,2026-10-08T15:45,36.7
TOS02000155,2026-10-08T16:00,36.7
TOS02000155,2026-10-08T16:15,37.5
TOS02000155,2026-10-08T16:30,38.3
TOS02000155,2026-10-08T16:45,39.5
TOS02000155,2026-10-08T17:00,40.5
TOS02000155,2026-10-08T17:15,44.7
TOS02000155,2026-10-08T17:30,47.1
TOS02000155,2026-10-08T17:45,47.3
TOS02000155,2026-10-08T18:00,47.5
TOS02000155,2026-10-08T18:15,47.9
TOS02000155,2026-10-08T18:30,48.1
TOS02000155,2026-10-08T18:45,48.3
TOS02000155,2026-10-08T19:00,48.3
TOS02000155,2026-10-08T19:15,48.5
TOS02000155,2026-10-08T19:30,48.5
TOS02000155,2026-10-08T19:45,48.5
TOS02000155,2026-10-08T20:00,48.7
TOS02000155,2026-10-08T20:15,48.9
TOS02000155,2026-10-08T20:30,49.3
TOS02000155,2026-10-08T20:45,49.7
TOS02000155,2026-10-08T21:00,49.7
TOS02000155,2026-10-08T21:15,49.9
TOS02000155,2026-10-08T21:30,50.5
TOS02000155,2026-10-08T21:45,51.9
TOS02000155,2026-10-08T22:00,52.5
TOS02000155,2026-10-08T22:15,52.5
TOS02000155,2026-10-08T22:30,52.7
TOS02000155,2026-10-08T22:45,52.7
TOS02000155,2026-10-08T23:00,53.3
TOS02000155,2026-10-08T23:15,53.7
TOS02000155,2026-10-08T23:30,53.7
TOS02000155,2026-10-08T23:45,53.7
TOS02000161,2026-10-08T00:30,0.2
TOS02000161,2026-10-08T00:45,1.6
TOS02000161,2026-10-08T01:00,2.4
TOS02000161,2026-10-08T01:15,2.8
TOS02000161,2026-10-08T01:30,3.0
TOS02000161,2026-10-08T01:45,3.0
TOS02000161,2026-10-08T02:00,3.0
TOS02000161,2026-10-08T02:15,3.0
TOS02000161,2026-10-08T02:30,3.0
TOS02000161,2026-10-08T02:45,3.0
TOS02000161,2026-10-08T03:00,3.0
TOS02000161,2026-10-08T03:15,3.0
TOS02000161,2026-10-08T03:30,3.0
TOS02000161,2026-10-08T03:45,3.0
TOS02000161,2026-10-08T04:00,3.0
TOS02000161,2026-10-08T04:15,3.2
TOS02000161,2026-10-08T04:30,4.6
TOS02000161,2026-10-08T04:45,16.9
TOS02000161,2026-10-08T05:00,21.6
TOS02000161,2026-10-08T05:15,23.0
TOS02000161,2026-10-08T05:30,23.0
TOS02000161,2026-10-08T05:45,23.0
TOS02000161,2026-10-08T06:00,23.0
TOS02000161,2026-10-08T06:15,23.0
TOS02000161,2026-10-08T06:30,23.0
TOS02000161,2026-10-08T06:45,23.0
TOS02000161,2026-10-08T07:00,24.0
TOS02000161,2026-10-08T07:15,24.4
TOS02000161,2026-10-08T07:30,25.0
TOS02000161,2026-10-08T07:45,25.0
TOS02000161,2026-10-08T08:00,25.0
TOS02000161,2026-10-08T08:15,25.0
TOS02000161,2026-10-08T08:30,25.0
TOS02000161,2026-10-08T08:45,25.4
TOS02000161,2026-10-08T09:00,25.6
TOS02000161,2026-10-08T09:15,25.8
TOS02000161,2026-10-08T09:30,25.8
TOS02000161,2026-10-08T09:45,27.6
TOS02000161,2026-10-08T10:00,29.0
TOS02000161,2026-10-08T10:15,29.0
TOS02000161,2026-10-08T10:30,29.0
TOS02000161,2026-10-08T10:45,29.0
TOS02000161,2026-10-08T11:00,29.0
TOS02000161,2026-10-08T11:15,29.0
TOS02000161,2026-10-08T11:30,29.0
TOS02000161,2026-10-08T11:45,29.0
TOS02000161,2026-10-08T12:00,29.0
TOS02000161,2026-10-08T12:15,29.0
TOS02000161,2026-10-08T12:30,29.0
TOS02000161,2026-10-08T12:45,29.0
TOS02000161,2026-10-08T13:00,29.0
TOS02000161,2026-10-08T13:15,29.0
TOS02000161,2026-10-08T13:30,29.4
TOS02000161,2026-10-08T13:45,29.4
TOS02000161,2026-10-08T14:00,31.8
TOS02000161,2026-10-08T14:15,32.6
TOS02000161,2026-10-08T14:30,33.2
TOS02000161,2026-10-08T14:45,33.6
TOS02000161,2026-10-08T15:00,33.6
TOS02000161,2026-10-08T15:15,33.6
TOS02000161,2026-10-08T15:30,33.6
TOS02000161,2026-10-08T15:45,33.6
TOS02000161,2026-10-08T16:00,34.2
TOS02000161,2026-10-08T16:15,35.0
TOS02000161,2026-10-08T16:30,35.6
TOS02000161,2026-10-08T16:45,35.8
TOS02000161,2026-10-08T17:00,36.8
TOS02000161,2026-10-08T17:15,40.1
TOS02000161,2026-10-08T17:30,42.9
TOS02000161,2026-10-08T17:45,43.1
TOS02000161,2026-10-08T18:00,43.3
TOS02000161,2026-10-08T18:15,44.5
TOS02000161,2026-10-08T18:30,44.7
TOS02000161,2026-10-08T18:45,44.9
TOS02000161,2026-10-08T19:00,45.3
TOS02000161,2026-10-08T19:15,45.5
TOS02000161,2026-10-08T19:30,45.5
TOS02000161,2026-10-08T19:45,45.5
TOS02000161,2026-10-08T20:00,45.5
TOS02000161,2026-10-08T20:15,45.7
TOS02000161,2026-10-08T20:30,46.1
TOS02000161,2026-10-08T20:45,46.1
TOS02000161,2026-10-08T21:00,46.1
TOS02000161,2026-10-08T21:15,46.3
TOS02000161,2026-10-08T21:30,47.3
TOS02000161,2026-10-08T21:45,48.7
TOS02000161,2026-10-08T22:00,49.5
TOS02000161,2026-10-08T22:15,49.5
TOS02000161,2026-10-08T22:30,49.5
TOS02000161,2026-10-08T22:45,49.7
TOS02000161,2026-10-08T23:00,49.9
TOS02000161,2026-10-08T23:15,50.1
TOS02000161,2026-10-08T23:30,50.1
TOS02000161,2026-10-08T23:45,50.1
TOS02000171,2026-10-08T01:15,0.6
TOS02000171,2026-10-08T01:30,0.6
TOS02000171,2026-10-08T01:45,0.6
TOS02000171,2026-10-08T02:00,0.6
TOS02000171,2026-10-08T02:15,0.6
TOS02000171,2026-10-08T02:30,0.6
TOS02000171,2026-10-08T02:45,0.8
TOS02000171,2026-10-08T03:00,1.0
TOS02000171,2026-10-08T03:15,1.0
TOS02000171,2026-10-08T03:30,1.0
TOS02000171,2026-10-08T03:45,1.0
TOS02000171,2026-10-08T04:00,1.0
TOS02000171,2026-10-08T04:15,1.2
TOS02000171,2026-10-08T04:30,3.4
TOS02000171,2026-10-08T04:45,8.4
TOS02000171,2026-10-08T05:00,11.2
TOS02000171,2026-10-08T05:15,12.6
TOS02000171,2026-10-08T05:30,12.6
TOS02000171,2026-10-08T05:45,12.6
TOS02000171,2026-10-08T06:00,12.6
TOS02000171,2026-10-08T06:15,12.6
TOS02000171,2026-10-08T06:30,12.6
TOS02000171,2026-10-08T06:45,12.6
TOS02000171,2026-10-08T07:00,12.8
TOS02000171,2026-10-08T07:15,13.0
TOS02000171,2026-10-08T07:30,13.4
TOS02000171,2026-10-08T07:45,13.6
TOS02000171,2026-10-08T08:00,13.6
TOS02000171,2026-10-08T08:15,13.6
TOS02000171,2026-10-08T08:30,13.6
TOS02000171,2026-10-08T08:45,14.2
TOS02000171,2026-10-08T09:00,14.2
TOS02000171,2026-10-08T09:15,14.4
TOS02000171,2026-10-08T09:30,14.8
TOS02000171,2026-10-08T09:45,15.6
TOS02000171,2026-10-08T10:00,17.4
TOS02000171,2026-10-08T10:15,17.8
TOS02000171,2026-10-08T10:30,17.8
TOS02000171,2026-10-08T10:45,17.8
TOS02000171,2026-10-08T11:00,17.8
TOS02000171,2026-10-08T11:15,17.8
TOS02000171,2026-10-08T11:30,17.8
TOS02000171,2026-10-08T11:45,17.8
TOS02000171,2026-10-08T12:00,17.8
TOS02000171,2026-10-08T12:15,17.8
TOS02000171,2026-10-08T12:30,17.8
TOS02000171,2026-10-08T12:45,17.8
TOS02000171,2026-10-08T13:00,17.8
TOS02000171,2026-10-08T13:15,17.8
TOS02000171,2026-10-08T13:30,18.0
TOS02000171,2026-10-08T13:45,18.2
TOS02000171,2026-10-08T14:00,20.0
TOS02000171,2026-10-08T14:15,20.4
TOS02000171,2026-10-08T14:30,20.6
TOS02000171,2026-10-08T14:45,20.8
TOS02000171,2026-10-08T15:00,20.8
TOS02000171,2026-10-08T15:15,20.8
TOS02000171,2026-10-08T15:30,20.8
TOS02000171,2026-10-08T15:45,20.8
TOS02000171,2026-10-08T16:00,21.0
TOS02000171,2026-10-08T16:15,22.2
TOS02000171,2026-10-08T16:30,23.2
TOS02000171,2026-10-08T16:45,23.2
TOS02000171,2026-10-08T17:00,23.8
TOS02000171,2026-10-08T17:15,24.6
TOS02000171,2026-10-08T17:30,26.8
TOS02000171,2026-10-08T17:45,27.0
TOS02000171,2026-10-08T18:00,27.0
TOS02000171,2026-10-08T18:15,27.6
TOS02000171,2026-10-08T18:30,27.6
TOS02000171,2026-10-08T18:45,28.0
TOS02000171,2026-10-08T19:00,28.2
TOS02000171,2026-10-08T19:15,28.4
TOS02000171,2026-10-08T19:30,28.4
TOS02000171,2026-10-08T19:45,28.4
TOS02000171,2026-10-08T20:00,28.4
TOS02000171,2026-10-08T20:15,28.6
TOS02000171,2026-10-08T20:30,28.8
TOS02000171,2026-10-08T20:45,29.6
TOS02000171,2026-10-08T21:00,30.0
TOS02000171,2026-10-08T21:15,30.0
TOS02000171,2026-10-08T21:30,30.8
TOS02000171,2026-10-08T21:45,31.4
TOS02000171,2026-10-08T22:00,31.8
TOS02000171,2026-10-08T22:15,31.8
TOS02000171,2026-10-08T22:30,31.8
TOS02000171,2026-10-08T22:45,32.0
TOS02000171,2026-10-08T23:00,32.0
TOS02000171,2026-10-08T23:15,32.2
TOS02000171,2026-10-08T23:30,32.2
TOS02000171,2026-10-08T23:45,32.2
TOS02000177,2026-10-08T00:30,0.2
TOS02000177,2026-10-08T00:35,0.2
TOS02000177,2026-10-08T00:40,0.2
TOS02000177,2026-10-08T00:45,0.2
TOS02000177,2026-10-08T00:50,0.2
TOS02000177,2026-10-08T00:55,0.4
TOS02000177,2026-10-08T01:00,0.4
TOS02000177,2026-10-08T01:05,0.4
TOS02000177,2026-10-08T01:10,0.4
TOS02000177,2026-10-08T01:15,0.4
TOS02000177,2026-10-08T01:20,0.4
TOS02000177,2026-10-08T01:25,0.4
TOS02000177,2026-10-08T01:30,0.4
TOS02000177,2026-10-08T01:35,0.4
TOS02000177,2026-10-08T01:40,0.4
TOS02000177,2026-10-08T01:45,0.4
TOS02000177,2026-10-08T01:50,0.6
TOS02000177,2026-10-08T01:55,0.6
TOS02000177,2026-10-08T02:00,0.6
TOS02000177,2026-10-08T02:05,0.6
TOS02000177,2026-10-08T02:10,0.6
TOS02000177,2026-10-08T02:15,0.6
TOS02000177,2026-10-08T02:20,0.6
TOS02000177,2026-10-08T02:25,0.6
TOS02000177,2026-10-08T02:30,0.6
TOS02000177,2026-10-08T02:35,0.6
TOS02000177,2026-10-08T02:40,0.6
TOS02000177,2026-10-08T02:45,0.6
TOS02000177,2026-10-08T02:50,0.6
TOS02000177,2026-10-08T02:55,0.6
TOS02000177,2026-10-08T03:00,0.6
TOS02000177,2026-10-08T03:05,0.6
TOS02000177,2026-10-08T03:10,0.6
TOS02000177,2026-10-08T03:15,0.6
TOS02000177,2026-10-08T03:20,0.6
TOS02000177,2026-10-08T03:25,0.6
TOS02000177,2026-10-08T03:30,0.6
TOS02000177,2026-10-08T03:35,0.6
TOS02000177,2026-10-08T03:40,0.6
TOS02000177,2026-10-08T03:45,0.6
TOS02000177,2026-10-08T03:50,0.6
TOS02000177,2026-10-08T03:55,0.6
TOS02000177,2026-10-08T04:00,0.6
TOS02000177,2026-10-08T04:05,0.8
TOS02000177,2026-10-08T04:10,0.8
TOS02000177,2026-10-08T04:15,0.8
TOS02000177,2026-10-08T04:20,1.0
TOS02000177,2026-10-08T04:25,1.0
TOS02000177,2026-10-08T04:30,1.2
TOS02000177,2026-10-08T04:35,1.6
TOS02000177,2026-10-08T04:40,1.8
TOS02000177,2026-10-08T04:45,2.0
TOS02000177,2026-10-08T04:50,2.0
TOS02000177,2026-10-08T04:55,2.0
TOS02000177,2026-10-08T05:00,2.0
TOS02000177,2026-10-08T05:05,2.2
TOS02000177,2026-10-08T05:10,2.2
TOS02000177,2026-10-08T05:15,2.2
TOS02000177,2026-10-08T05:20,2.2
TOS02000177,2026-10-08T05:25,2.2
TOS02000177,2026-10-08T05:30,2.2
TOS02000177,2026-10-08T05:35,2.2
TOS02000177,2026-10-08T05:40,2.2
TOS02000177,2026-10-08T05:45,2.2
TOS02000177,2026-10-08T05:50,2.2
TOS02000177,2026-10-08T05:55,2.2
TOS02000177,2026-10-08T06:00,2.2
TOS02000177,2026-10-08T06:05,2.2
TOS02000177,2026-10-08T06:10,2.4
TOS02000177,2026-10-08T06:15,2.4
TOS02000177,2026-10-08T06:20,2.4
TOS02000177,2026-10-08T06:25,2.4
TOS02000177,2026-10-08T06:30,2.4
TOS02000177,2026-10-08T06:35,2.4
TOS02000177,2026-10-08T06:40,2.4
TOS02000177,2026-10-08T06:45,2.6
TOS02000177,2026-10-08T06:50,2.6
TOS02000177,2026-10-08T06:55,2.6
TOS02000177,2026-10-08T07:00,2.6
TOS02000177,2026-10-08T07:05,2.6
TOS02000177,2026-10-08T07:10,2.8
TOS02000177,2026-10-08T07:15,2.8
TOS02000177,2026-10-08T07:20,2.8
TOS02000177,2026-10-08T07:25,2.8
TOS02000177,2026-10-08T07:30,2.8
TOS02000177,2026-10-08T07:35,2.8
TOS02000177,2026-10-08T07:40,2.8
TOS02000177,2026-10-08T07:45,3.0
TOS02000177,2026-10-08T07:50,3.0
TOS02000177,2026-10-08T07:55,3.0
TOS02000177,2026-10-08T08:00,3.0
TOS02000177,2026-10-08T08:05,3.0
TOS02000177,2026-10-08T08:10,3.0
TOS02000177,2026-10-08T08:15,3.2
TOS02000177,2026-10-08T08:20,3.4
TOS02000177,2026-10-08T08:25,3.4
TOS02000177,2026-10-08T08:30,3.4
TOS02000177,2026-10-08T08:35,3.4
TOS02000177,2026-10-08T08:40,3.6
TOS02000177,2026-10-08T08:45,3.6
TOS02000177,2026-10-08T08:50,3.6
TOS02000177,2026-10-08T08:55,3.6
TOS02000177,2026-10-08T09:00,3.6
TOS02000177,2026-10-08T09:05,3.8
TOS02000177,2026-10-08T09:10,3.8
TOS02000177,2026-10-08T09:15,3.8
TOS02000177,2026-10-08T09:20,4.0
TOS02000177,2026-10-08T09:25,4.0
TOS02000177,2026-10-08T09:30,4.2
TOS02000177,2026-10-08T09:35,4.2
TOS02000177,2026-10-08T09:40,4.2
TOS02000177,2026-10-08T09:45,4.4
TOS02000177,2026-10-08T09:50,4.4
TOS02000177,2026-10-08T09:55,4.4
TOS02000177,2026-10-08T10:00,4.4
TOS02000177,2026-10-08T10:05,4.4
TOS02000177,2026-10-08T10:10,4.6
TOS02000177,2026-10-08T10:15,4.6
TOS02000177,2026-10-08T10:20,4.6
TOS02000177,2026-10-08T10:25,4.6
TOS02000177,2026-10-08T10:30,4.8
TOS02000177,2026-10-08T10:35,4.8
TOS02000177,2026-10-08T10:40,4.8
TOS02000177,2026-10-08T10:45,4.8
TOS02000177,2026-10-08T10:50,4.8
TOS02000177,2026-10-08T10:55,5.0
TOS02000177,2026-10-08T11:00,5.0
TOS02000177,2026-10-08T11:05,5.0
TOS02000177,2026-10-08T11:10,5.0
TOS02000177,2026-10-08T11:15,5.0
TOS02000177,2026-10-08T11:20,5.2
TOS02000177,2026-10-08T11:25,5.2
TOS02000177,2026-10-08T11:30,5.2
TOS02000177,2026-10-08T11:35,5.2
TOS02000177,2026-10-08T11:40,5.2
TOS02000177,2026-10-08T11:45,5.4
TOS02000177,2026-10-08T11:50,5.4
TOS02000177,2026-10-08T11:55,5.4
TOS02000177,2026-10-08T12:00,5.4
TOS02000177,2026-10-08T12:05,5.4
TOS02000177,2026-10-08T12:10,5.6
TOS02000177,2026-10-08T12:15,5.6
TOS02000177,2026-10-08T12:20,5.6
TOS02000177,2026-10-08T12:25,5.6
TOS02000177,2026-10-08T12:30,5.6
TOS02000177,2026-10-08T12:35,5.8
TOS02000177,2026-10-08T12:40,5.8
TOS02000177,2026-10-08T12:45,5.8
TOS02000177,2026-10-08T12:50,5.8
TOS02000177,2026-10-08T12:55,6.0
TOS02000177,2026-10-08T13:00,6.0
TOS02000177,2026-10-08T13:05,6.2
TOS02000177,2026-10-08T13:10,6.2
TOS02000177,2026-10-08T13:15,6.2
TOS02000177,2026-10-08T13:20,6.4
TOS02000177,2026-10-08T13:25,6.4
TOS02000177,2026-10-08T13:30,6.4
TOS02000177,2026-10-08T13:35,6.6
TOS02000177,2026-10-08T13:40,6.6
TOS02000177,2026-10-08T13:45,6.6
TOS02000177,2026-10-08T13:50,6.6
TOS02000177,2026-10-08T13:55,6.8
TOS02000177,2026-10-08T14:00,6.8
TOS02000177,2026-10-08T14:05,6.8
TOS02000177,2026-10-08T14:10,6.8
TOS02000177,2026-10-08T14:15,6.8
TOS02000177,2026-10-08T14:20,7.0
TOS02000177,2026-10-08T14:25,7.0
TOS02000177,2026-10-08T14:30,7.0
TOS02000177,2026-10-08T14:35,7.0
TOS02000177,2026-10-08T14:40,7.0
TOS02000177,2026-10-08T14:45,7.0
TOS02000177,2026-10-08T14:50,7.2
TOS02000177,2026-10-08T14:55,7.2
TOS02000177,2026-10-08T15:00,7.2
TOS02000177,2026-10-08T15:05,7.2
TOS02000177,2026-10-08T15:10,7.2
TOS02000177,2026-10-08T15:15,7.4
TOS02000177,2026-10-08T15:20,7.4
TOS02000177,2026-10-08T15:25,7.4
TOS02000177,2026-10-08T15:30,7.4
TOS02000177,2026-10-08T15:35,7.4
TOS02000177,2026-10-08T15:40,7.6
TOS02000177,2026-10-08T15:45,7.6
TOS02000177,2026-10-08T15:50,7.6
TOS02000177,2026-10-08T15:55,7.6
TOS02000177,2026-10-08T16:00,8.0
TOS02000177,2026-10-08T16:05,8.2
TOS02000177,2026-10-08T16:10,8.2
TOS02000177,2026-10-08T16:15,8.2
TOS02000177,2026-10-08T16:20,8.4
TOS02000177,2026-10-08T16:25,8.4
TOS02000177,2026-10-08T16:30,8.4
TOS02000177,2026-10-08T16:35,8.4
TOS02000177,2026-10-08T16:40,8.4
TOS02000177,2026-10-08T16:45,8.6
TOS02000177,2026-10-08T16:50,8.6
TOS02000177,2026-10-08T16:55,8.8
TOS02000177,2026-10-08T17:00,8.8
TOS02000177,2026-10-08T17:05,9.0
TOS02000177,2026-10-08T17:10,9.2
TOS02000177,2026-10-08T17:15,9.2
TOS02000177,2026-10-08T17:20,9.2
TOS02000177,2026-10-08T17:25,9.2
TOS02000177,2026-10-08T17:30,9.2
TOS02000177,2026-10-08T17:35,9.4
TOS02000177,2026-10-08T17:40,9.4
TOS02000177,2026-10-08T17:45,9.6
TOS02000177,2026-10-08T17:50,9.6
TOS02000177,2026-10-08T17:55,9.8
TOS02000177,2026-10-08T18:00,9.8
TOS02000177,2026-10-08T18:05,9.8
TOS02000177,2026-10-08T18:10,9.8
TOS02000177,2026-10-08T18:15,10.0
TOS02000177,2026-10-08T18:20,10.0
TOS02000177,2026-10-08T18:25,10.2
TOS02000177,2026-10-08T18:30,10.2
TOS02000177,2026-10-08T18:35,10.2
TOS02000177,2026-10-08T18:40,10.2
TOS02000177,2026-10-08T18:45,10.4
TOS02000177,2026-10-08T18:50,10.4
TOS02000177,2026-10-08T18:55,10.4
TOS02000177,2026-10-08T19:00,10.4
TOS02000177,2026-10-08T19:05,10.4
TOS02000177,2026-10-08T19:10,10.6
TOS02000177,2026-10-08T19:15,10.6
TOS02000177,2026-10-08T19:20,10.6
TOS02000177,2026-10-08T19:25,10.6
TOS02000177,2026-10-08T19:30,10.8
TOS02000177,2026-10-08T19:35,10.8
TOS02000177,2026-10-08T19:40,10.8
TOS02000177,2026-10-08T19:45,10.8
TOS02000177,2026-10-08T19:50,10.8
TOS02000177,2026-10-08T19:55,11.0
TOS02000177,2026-10-08T20:00,11.0
TOS02000177,2026-10-08T20:05,11.0
TOS02000177,2026-10-08T20:10,11.0
TOS02000177,2026-10-08T20:15,11.2
TOS02000177,2026-10-08T20:20,11.2
TOS02000177,2026-10-08T20:25,11.2
TOS02000177,2026-10-08T20:30,11.2
TOS02000177,2026-10-08T20:35,11.2
TOS02000177,2026-10-08T20:40,11.4
TOS02000177,2026-10-08T20:45,11.4
TOS02000177,2026-10-08T20:50,11.4
TOS02000177,2026-10-08T20:55,11.6
TOS02000177,2026-10-08T21:00,11.6
TOS02000177,2026-10-08T21:05,11.6
TOS02000177,2026-10-08T21:10,11.8
TOS02000177,2026-10-08T21:15,12.0
TOS02000177,2026-10-08T21:20,12.0
TOS02000177,2026-10-08T21:25,12.0
TOS02000177,2026-10-08T21:30,12.0
TOS02000177,2026-10-08T21:35,12.2
TOS02000177,2026-10-08T21:40,12.2
TOS02000177,2026-10-08T21:45,12.2
TOS02000177,2026-10-08T21:50,12.2
TOS02000177,2026-10-08T21:55,12.4
TOS02000177,2026-10-08T22:00,12.4
TOS02000177,2026-10-08T22:05,12.4
TOS02000177,2026-10-08T22:10,12.4
TOS02000177,2026-10-08T22:15,12.4
TOS02000177,2026-10-08T22:20,12.6
TOS02000177,2026-10-08T22:25,12.6
TOS02000177,2026-10-08T22:30,12.6
TOS02000177,2026-10-08T22:35,12.6
TOS02000177,2026-10-08T22:40,12.8
TOS02000177,2026-10-08T22:45,12.8
TOS02000177,2026-10-08T22:50,12.8
TOS02000177,2026-10-08T22:55,12.8
TOS02000177,2026-10-08T23:00,13.0
TOS02000177,2026-10-08T23:05,13.0
TOS02000177,2026-10-08T23:10,13.0
TOS02000177,2026-10-08T23:15,13.0
TOS02000177,2026-10-08T23:20,13.2
TOS02000177,2026-10-08T23:25,13.2
TOS02000177,2026-10-08T23:30,13.2
TOS02000177,2026-10-08T23:35,13.2
TOS02000177,2026-10-08T23:40,13.2
TOS02000177,2026-10-08T23:45,13.4
TOS02000177,2026-10-08T23:50,13.4
TOS02000177,2026-10-08T23:55,13.4
TOS02000191,2026-10-08T00:15,0.6
TOS02000191,2026-10-08T00:30,1.8
TOS02000191,2026-10-08T00:45,5.2
TOS02000191,2026-10-08T01:00,6.4
TOS02000191,2026-10-08T01:15,6.6
TOS02000191,2026-10-08T01:30,7.4
TOS02000191,2026-10-08T01:45,8.2
TOS02000191,2026-10-08T02:00,8.2
TOS02000191,2026-10-08T02:15,8.2
TOS02000191,2026-10-08T02:30,10.4
TOS02000191,2026-10-08T02:45,11.2
TOS02000191,2026-10-08T03:00,11.6
TOS02000191,2026-10-08T03:15,11.6
TOS02000191,2026-10-08T03:30,11.6
TOS02000191,2026-10-08T03:45,12.0
TOS02000191,2026-10-08T04:00,16.1
TOS02000191,2026-10-08T04:15,22.7
TOS02000191,2026-10-08T04:30,25.9
TOS02000191,2026-10-08T04:45,30.7
TOS02000191,2026-10-08T05:00,33.3
TOS02000191,2026-10-08T05:15,33.5
TOS02000191,2026-10-08T05:30,33.5
TOS02000191,2026-10-08T05:45,33.5
TOS02000191,2026-10-08T06:00,33.5
TOS02000191,2026-10-08T06:15,33.5
TOS02000191,2026-10-08T06:30,33.9
TOS02000191,2026-10-08T06:45,34.1
TOS02000191,2026-10-08T07:00,34.3
TOS02000191,2026-10-08T07:15,34.3
TOS02000191,2026-10-08T07:30,34.3
TOS02000191,2026-10-08T07:45,34.3
TOS02000191,2026-10-08T08:00,34.5
TOS02000191,2026-10-08T08:15,34.5
TOS02000191,2026-10-08T08:30,34.5
TOS02000191,2026-10-08T08:45,34.5
TOS02000191,2026-10-08T09:00,34.5
TOS02000191,2026-10-08T09:15,34.5
TOS02000191,2026-10-08T09:30,35.8
TOS02000191,2026-10-08T09:45,37.8
TOS02000191,2026-10-08T10:00,38.4
TOS02000191,2026-10-08T10:15,38.4
TOS02000191,2026-10-08T10:30,38.4
TOS02000191,2026-10-08T10:45,38.4
TOS02000191,2026-10-08T11:00,38.4
TOS02000191,2026-10-08T11:15,38.4
TOS02000191,2026-10-08T11:30,38.4
TOS02000191,2026-10-08T11:45,38.4
TOS02000191,2026-10-08T12:00,38.4
TOS02000191,2026-10-08T12:15,38.4
TOS02000191,2026-10-08T12:30,38.4
TOS02000191,2026-10-08T12:45,38.4
TOS02000191,2026-10-08T13:00,38.8
TOS02000191,2026-10-08T13:15,39.6
TOS02000191,2026-10-08T13:30,39.6
TOS02000191,2026-10-08T13:45,40.0
TOS02000191,2026-10-08T14:00,40.0
TOS02000191,2026-10-08T14:15,40.2
TOS02000191,2026-10-08T14:30,41.2
TOS02000191,2026-10-08T14:45,41.2
TOS02000191,2026-10-08T15:00,41.2
TOS02000191,2026-10-08T15:15,41.2
TOS02000191,2026-10-08T15:30,41.2
TOS02000191,2026-10-08T15:45,41.6
TOS02000191,2026-10-08T16:00,42.0
TOS02000191,2026-10-08T16:15,52.1
TOS02000191,2026-10-08T16:30,52.7
TOS02000191,2026-10-08T16:45,56.2
TOS02000191,2026-10-08T17:00,65.7
TOS02000191,2026-10-08T17:15,74.6
TOS02000191,2026-10-08T17:30,76.8
TOS02000191,2026-10-08T17:45,78.5
TOS02000191,2026-10-08T18:00,78.5
TOS02000191,2026-10-08T18:15,78.9
TOS02000191,2026-10-08T18:30,81.5
TOS02000191,2026-10-08T18:45,81.9
TOS02000191,2026-10-08T19:00,81.9
TOS02000191,2026-10-08T19:15,82.3
TOS02000191,2026-10-08T19:30,82.3
TOS02000191,2026-10-08T19:45,82.3
TOS02000191,2026-10-08T20:00,82.3
TOS02000191,2026-10-08T20:15,82.3
TOS02000191,2026-10-08T20:30,82.3
TOS02000191,2026-10-08T20:45,82.7
TOS02000191,2026-10-08T21:00,83.7
TOS02000191,2026-10-08T21:15,83.9
TOS02000191,2026-10-08T21:30,86.1
TOS02000191,2026-10-08T21:45,88.3
TOS02000191,2026-10-08T22:00,88.5
TOS02000191,2026-10-08T22:15,88.5
TOS02000191,2026-10-08T22:30,88.7
TOS02000191,2026-10-08T22:45,88.9
TOS02000191,2026-10-08T23:00,90.3
TOS02000191,2026-10-08T23:15,91.9
TOS02000191,2026-10-08T23:30,92.5
TOS02000191,2026-10-08T23:45,92.9
TOS02000203,2026-10-08T00:15,0.4
TOS02000203,2026-10-08T00:30,0.4
TOS02000203,2026-10-08T00:45,1.0
TOS02000203,2026-10-08T01:00,2.0
TOS02000203,2026-10-08T01:15,2.4
TOS02000203,2026-10-08T01:30,2.6
TOS02000203,2026-10-08T01:45,3.0
TOS02000203,2026-10-08T02:00,3.6
TOS02000203,2026-10-08T02:15,3.6
TOS02000203,2026-10-08T02:30,3.6
TOS02000203,2026-10-08T02:45,4.0
TOS02000203,2026-10-08T03:00,4.0
TOS02000203,2026-10-08T03:15,4.2
TOS02000203,2026-10-08T03:30,4.2
TOS02000203,2026-10-08T03:45,4.2
TOS02000203,2026-10-08T04:00,5.4
TOS02000203,2026-10-08T04:15,8.6
TOS02000203,2026-10-08T04:30,11.0
TOS02000203,2026-10-08T04:45,13.2
TOS02000203,2026-10-08T05:00,15.2
TOS02000203,2026-10-08T05:15,16.4
TOS02000203,2026-10-08T05:30,16.4
TOS02000203,2026-10-08T05:45,16.4
TOS02000203,2026-10-08T06:00,16.4
TOS02000203,2026-10-08T06:15,16.4
TOS02000203,2026-10-08T06:30,16.4
TOS02000203,2026-10-08T06:45,16.6
TOS02000203,2026-10-08T07:00,16.8
TOS02000203,2026-10-08T07:15,16.8
TOS02000203,2026-10-08T07:30,16.8
TOS02000203,2026-10-08T07:45,16.8
TOS02000203,2026-10-08T08:00,17.2
TOS02000203,2026-10-08T08:15,17.6
TOS02000203,2026-10-08T08:30,19.0
TOS02000203,2026-10-08T08:45,19.4
TOS02000203,2026-10-08T09:00,19.4
TOS02000203,2026-10-08T09:15,19.6
TOS02000203,2026-10-08T09:30,20.4
TOS02000203,2026-10-08T09:45,21.6
TOS02000203,2026-10-08T10:00,24.7
TOS02000203,2026-10-08T10:15,25.7
TOS02000203,2026-10-08T10:30,25.7
TOS02000203,2026-10-08T10:45,25.7
TOS02000203,2026-10-08T11:00,25.7
TOS02000203,2026-10-08T11:15,25.7
TOS02000203,2026-10-08T11:30,25.7
TOS02000203,2026-10-08T11:45,25.7
TOS02000203,2026-10-08T12:00,25.7
TOS02000203,2026-10-08T12:15,25.7
TOS02000203,2026-10-08T12:30,25.7
TOS02000203,2026-10-08T12:45,25.7
TOS02000203,2026-10-08T13:00,25.7
TOS02000203,2026-10-08T13:15,25.9
TOS02000203,2026-10-08T13:30,25.9
TOS02000203,2026-10-08T13:45,25.9
TOS02000203,2026-10-08T14:00,25.9
TOS02000203,2026-10-08T14:15,25.9
TOS02000203,2026-10-08T14:30,25.9
TOS02000203,2026-10-08T14:45,26.1
TOS02000203,2026-10-08T15:00,26.1
TOS02000203,2026-10-08T15:15,26.1
TOS02000203,2026-10-08T15:30,26.1
TOS02000203,2026-10-08T15:45,26.1
TOS02000203,2026-10-08T16:00,26.5
TOS02000203,2026-10-08T16:15,27.3
TOS02000203,2026-10-08T16:30,30.5
TOS02000203,2026-10-08T16:45,31.1
TOS02000203,2026-10-08T17:00,32.3
TOS02000203,2026-10-08T17:15,37.2
TOS02000203,2026-10-08T17:30,39.2
TOS02000203,2026-10-08T17:45,40.0
TOS02000203,2026-10-08T18:00,40.8
TOS02000203,2026-10-08T18:15,42.0
TOS02000203,2026-10-08T18:30,42.4
TOS02000203,2026-10-08T18:45,43.4
TOS02000203,2026-10-08T19:00,45.0
TOS02000203,2026-10-08T19:15,45.8
TOS02000203,2026-10-08T19:30,46.0
TOS02000203,2026-10-08T19:45,46.2
TOS02000203,2026-10-08T20:00,46.2
TOS02000203,2026-10-08T20:15,46.2
TOS02000203,2026-10-08T20:30,46.2
TOS02000203,2026-10-08T20:45,46.2
TOS02000203,2026-10-08T21:00,46.4
TOS02000203,2026-10-08T21:15,46.4
TOS02000203,2026-10-08T21:30,46.8
TOS02000203,2026-10-08T21:45,49.2
TOS02000203,2026-10-08T22:00,51.4
TOS02000203,2026-10-08T22:15,51.8
TOS02000203,2026-10-08T22:30,51.8
TOS02000203,2026-10-08T22:45,51.8
TOS02000203,2026-10-08T23:00,52.0
TOS02000203,2026-10-08T23:15,52.2
TOS02000203,2026-10-08T23:30,52.2
TOS02000203,2026-10-08T23:45,52.4
TOS02000221,2026-10-08T01:00,1.6
TOS02000221,2026-10-08T01:15,3.2
TOS02000221,2026-10-08T01:30,4.4
TOS02000221,2026-10-08T01:45,4.6
TOS02000221,2026-10-08T02:00,4.8
TOS02000221,2026-10-08T02:15,5.4
TOS02000221,2026-10-08T02:30,5.4
TOS02000221,2026-10-08T02:45,5.4
TOS02000221,2026-10-08T03:00,5.4
TOS02000221,2026-10-08T03:15,5.4
TOS02000221,2026-10-08T03:30,5.4
TOS02000221,2026-10-08T03:45,5.6
TOS02000221,2026-10-08T04:00,5.8
TOS02000221,2026-10-08T04:15,7.0
TOS02000221,2026-10-08T04:30,8.6
TOS02000221,2026-10-08T04:45,10.2
TOS02000221,2026-10-08T05:00,12.6
TOS02000221,2026-10-08T05:15,14.6
TOS02000221,2026-10-08T05:30,14.8
TOS02000221,2026-10-08T05:45,14.8
TOS02000221,2026-10-08T06:00,14.8
TOS02000221,2026-10-08T06:15,14.8
TOS02000221,2026-10-08T06:30,14.8
TOS02000221,2026-10-08T06:45,14.8
TOS02000221,2026-10-08T07:00,15.2
TOS02000221,2026-10-08T07:15,15.4
TOS02000221,2026-10-08T07:30,15.8
TOS02000221,2026-10-08T07:45,15.8
TOS02000221,2026-10-08T08:00,16.0
TOS02000221,2026-10-08T08:15,16.2
TOS02000221,2026-10-08T08:30,17.2
TOS02000221,2026-10-08T08:45,18.6
TOS02000221,2026-10-08T09:00,18.8
TOS02000221,2026-10-08T09:15,19.0
TOS02000221,2026-10-08T09:30,19.6
TOS02000221,2026-10-08T09:45,20.6
TOS02000221,2026-10-08T10:00,24.5
TOS02000221,2026-10-08T10:15,26.7
TOS02000221,2026-10-08T10:30,27.3
TOS02000221,2026-10-08T10:45,27.3
TOS02000221,2026-10-08T11:00,27.3
TOS02000221,2026-10-08T11:15,27.9
TOS02000221,2026-10-08T11:30,27.9
TOS02000221,2026-10-08T11:45,27.9
TOS02000221,2026-10-08T12:00,27.9
TOS02000221,2026-10-08T12:15,28.1
TOS02000221,2026-10-08T12:30,28.3
TOS02000221,2026-10-08T12:45,28.5
TOS02000221,2026-10-08T13:00,28.9
TOS02000221,2026-10-08T13:15,29.3
TOS02000221,2026-10-08T13:30,29.7
TOS02000221,2026-10-08T13:45,29.7
TOS02000221,2026-10-08T14:00,29.7
TOS02000221,2026-10-08T14:15,30.5
TOS02000221,2026-10-08T14:30,30.7
TOS02000221,2026-10-08T14:45,31.5
TOS02000221,2026-10-08T15:00,31.9
TOS02000221,2026-10-08T15:15,31.9
TOS02000221,2026-10-08T15:30,31.9
TOS02000221,2026-10-08T15:45,31.9
TOS02000221,2026-10-08T16:00,31.9
TOS02000221,2026-10-08T16:15,32.3
TOS02000221,2026-10-08T16:30,35.7
TOS02000221,2026-10-08T16:45,36.9
TOS02000221,2026-10-08T17:00,37.3
TOS02000221,2026-10-08T17:15,39.5
TOS02000221,2026-10-08T17:30,42.5
TOS02000221,2026-10-08T17:45,42.7
TOS02000221,2026-10-08T18:00,43.5
TOS02000221,2026-10-08T18:15,44.1
TOS02000221,2026-10-08T18:30,44.5
TOS02000221,2026-10-08T18:45,45.1
TOS02000221,2026-10-08T19:00,45.3
TOS02000221,2026-10-08T19:15,45.7
TOS02000221,2026-10-08T19:30,46.1
TOS02000221,2026-10-08T19:45,46.3
TOS02000221,2026-10-08T20:00,46.3
TOS02000221,2026-10-08T20:15,46.3
TOS02000221,2026-10-08T20:30,46.3
TOS02000221,2026-10-08T20:45,46.3
TOS02000221,2026-10-08T21:00,46.3
TOS02000221,2026-10-08T21:15,46.3
TOS02000221,2026-10-08T21:30,46.5
TOS02000221,2026-10-08T21:45,47.3
TOS02000221,2026-10-08T22:00,48.9
TOS02000221,2026-10-08T22:15,50.1
TOS02000221,2026-10-08T22:30,50.1
TOS02000221,2026-10-08T22:45,50.3
TOS02000221,2026-10-08T23:00,50.3
TOS02000221,2026-10-08T23:15,50.3
TOS02000221,2026-10-08T23:30,50.5
TOS02000221,2026-10-08T23:45,50.7
TOS02000241,2026-10-08T00:00,16.2
TOS02000241,2026-10-08T00:15,18.2
TOS02000241,2026-10-08T00:30,20.2
TOS02000241,2026-10-08T00:45,22.2
TOS02000241,2026-10-08T01:00,24.2
TOS02000241,2026-10-08T01:15,26.0
TOS02000241,2026-10-08T01:30,27.8
TOS02000241,2026-10-08T01:45,29.6
TOS02000241,2026-10-08T02:00,31.4
TOS02000241,2026-10-08T02:15,33.2
TOS02000241,2026-10-08T02:30,34.8
TOS02000241,2026-10-08T02:45,36.6
TOS02000241,2026-10-08T03:00,38.2
TOS02000241,2026-10-08T03:15,39.6
TOS02000241,2026-10-08T03:30,41.0
TOS02000241,2026-10-08T03:45,42.8
TOS02000241,2026-10-08T04:00,43.8
TOS02000275,2026-10-08T00:30,0.2
TOS02000275,2026-10-08T00:45,0.4
TOS02000275,2026-10-08T01:00,1.0
TOS02000275,2026-10-08T01:15,1.0
TOS02000275,2026-10-08T01:30,1.0
TOS02000275,2026-10-08T01:45,1.4
TOS02000275,2026-10-08T02:00,2.0
TOS02000275,2026-10-08T02:15,2.0
TOS02000275,2026-10-08T02:30,2.2
TOS02000275,2026-10-08T02:45,2.2
TOS02000275,2026-10-08T03:00,2.2
TOS02000275,2026-10-08T03:15,2.2
TOS02000275,2026-10-08T03:30,2.4
TOS02000275,2026-10-08T03:45,2.4
TOS02000275,2026-10-08T04:00,4.2
TOS02000275,2026-10-08T04:15,5.6
TOS02000275,2026-10-08T04:30,7.2
TOS02000275,2026-10-08T04:45,8.6
TOS02000275,2026-10-08T05:00,11.4
TOS02000275,2026-10-08T05:15,13.8
TOS02000275,2026-10-08T05:30,14.0
TOS02000275,2026-10-08T05:45,14.0
TOS02000275,2026-10-08T06:00,14.0
TOS02000275,2026-10-08T06:15,14.0
TOS02000275,2026-10-08T06:30,14.0
TOS02000275,2026-10-08T06:45,14.0
TOS02000275,2026-10-08T07:00,14.0
TOS02000275,2026-10-08T07:15,14.2
TOS02000275,2026-10-08T07:30,14.2
TOS02000275,2026-10-08T07:45,14.6
TOS02000275,2026-10-08T08:00,14.8
TOS02000275,2026-10-08T08:15,15.2
TOS02000275,2026-10-08T08:30,15.2
TOS02000275,2026-10-08T08:45,16.2
TOS02000275,2026-10-08T09:00,16.2
TOS02000275,2026-10-08T09:15,16.2
TOS02000275,2026-10-08T09:30,17.2
TOS02000275,2026-10-08T09:45,18.8
TOS02000275,2026-10-08T10:00,19.4
TOS02000275,2026-10-08T10:15,20.8
TOS02000275,2026-10-08T10:30,21.0
TOS02000275,2026-10-08T10:45,21.2
TOS02000275,2026-10-08T11:00,21.4
TOS02000275,2026-10-08T11:15,21.4
TOS02000275,2026-10-08T11:30,21.4
TOS02000275,2026-10-08T11:45,21.4
TOS02000275,2026-10-08T12:00,21.4
TOS02000275,2026-10-08T12:15,21.4
TOS02000275,2026-10-08T12:30,21.4
TOS02000275,2026-10-08T12:45,21.4
TOS02000275,2026-10-08T13:00,21.4
TOS02000275,2026-10-08T13:15,21.6
TOS02000275,2026-10-08T13:30,21.8
TOS02000275,2026-10-08T13:45,22.0
TOS02000275,2026-10-08T14:00,22.4
TOS02000275,2026-10-08T14:15,22.4
TOS02000275,2026-10-08T14:30,22.4
TOS02000275,2026-10-08T14:45,22.4
TOS02000275,2026-10-08T15:00,22.4
TOS02000275,2026-10-08T15:15,22.4
TOS02000275,2026-10-08T15:30,22.4
TOS02000275,2026-10-08T15:45,22.4
TOS02000275,2026-10-08T16:00,23.0
TOS02000275,2026-10-08T16:15,24.0
TOS02000275,2026-10-08T16:30,25.0
TOS02000275,2026-10-08T16:45,25.0
TOS02000275,2026-10-08T17:00,25.4
TOS02000275,2026-10-08T17:15,26.6
TOS02000275,2026-10-08T17:30,32.5
TOS02000275,2026-10-08T17:45,32.9
TOS02000275,2026-10-08T18:00,33.1
TOS02000275,2026-10-08T18:15,33.1
TOS02000275,2026-10-08T18:30,33.3
TOS02000275,2026-10-08T18:45,33.5
TOS02000275,2026-10-08T19:00,33.5
TOS02000275,2026-10-08T19:15,33.5
TOS02000275,2026-10-08T19:30,33.5
TOS02000275,2026-10-08T19:45,33.5
TOS02000275,2026-10-08T20:00,33.5
TOS02000275,2026-10-08T20:15,33.5
TOS02000275,2026-10-08T20:30,33.5
TOS02000275,2026-10-08T20:45,33.7
TOS02000275,2026-10-08T21:00,33.7
TOS02000275,2026-10-08T21:15,33.7
TOS02000275,2026-10-08T21:30,33.7
TOS02000275,2026-10-08T21:45,33.7
TOS02000275,2026-10-08T22:00,33.9
TOS02000275,2026-10-08T22:15,33.9
TOS02000275,2026-10-08T22:30,33.9
TOS02000275,2026-10-08T22:45,33.9
TOS02000275,2026-10-08T23:00,33.9
TOS02000275,2026-10-08T23:15,33.9
TOS02000275,2026-10-08T23:30,34.3
TOS02000275,2026-10-08T23:45,34.5
TOS02000281,2026-10-08T00:15,1.4
TOS02000281,2026-10-08T00:30,5.3
TOS02000281,2026-10-08T00:45,5.9
TOS02000281,2026-10-08T01:00,6.7
TOS02000281,2026-10-08T01:15,10.1
TOS02000281,2026-10-08T01:30,11.6
TOS02000281,2026-10-08T01:45,11.8
TOS02000281,2026-10-08T02:00,11.8
TOS02000281,2026-10-08T02:15,12.0
TOS02000281,2026-10-08T02:30,12.0
TOS02000281,2026-10-08T02:45,12.2
TOS02000281,2026-10-08T03:00,12.2
TOS02000281,2026-10-08T03:15,12.2
TOS02000281,2026-10-08T03:30,14.8
TOS02000281,2026-10-08T03:45,26.8
TOS02000281,2026-10-08T04:00,32.5
TOS02000281,2026-10-08T04:15,35.7
TOS02000281,2026-10-08T04:30,46.4
TOS02000281,2026-10-08T04:45,57.0
TOS02000281,2026-10-08T05:00,58.6
TOS02000281,2026-10-08T05:15,58.8
TOS02000281,2026-10-08T05:30,58.8
TOS02000281,2026-10-08T05:45,58.8
TOS02000281,2026-10-08T06:00,58.8
TOS02000281,2026-10-08T06:15,59.2
TOS02000281,2026-10-08T06:30,59.2
TOS02000281,2026-10-08T06:45,59.2
TOS02000281,2026-10-08T07:00,59.2
TOS02000281,2026-10-08T07:15,59.2
TOS02000281,2026-10-08T07:30,59.4
TOS02000281,2026-10-08T07:45,59.4
TOS02000281,2026-10-08T08:00,59.4
TOS02000281,2026-10-08T08:15,59.4
TOS02000281,2026-10-08T08:30,59.4
TOS02000281,2026-10-08T08:45,59.4
TOS02000281,2026-10-08T09:00,59.4
TOS02000281,2026-10-08T09:15,59.4
TOS02000281,2026-10-08T09:30,59.4
TOS02000281,2026-10-08T09:45,59.6
TOS02000281,2026-10-08T10:00,62.2
TOS02000281,2026-10-08T10:15,66.7
TOS02000281,2026-10-08T10:30,68.1
TOS02000281,2026-10-08T10:45,69.1
TOS02000281,2026-10-08T11:00,69.1
TOS02000281,2026-10-08T11:15,69.7
TOS02000281,2026-10-08T11:30,69.7
TOS02000281,2026-10-08T11:45,70.7
TOS02000281,2026-10-08T12:00,70.7
TOS02000281,2026-10-08T12:15,70.7
TOS02000281,2026-10-08T12:30,70.7
TOS02000281,2026-10-08T12:45,70.7
TOS02000281,2026-10-08T13:00,70.7
TOS02000281,2026-10-08T13:15,72.7
TOS02000281,2026-10-08T13:30,73.3
TOS02000281,2026-10-08T13:45,73.7
TOS02000281,2026-10-08T14:00,73.7
TOS02000281,2026-10-08T14:15,75.2
TOS02000281,2026-10-08T14:30,75.4
TOS02000281,2026-10-08T14:45,75.4
TOS02000281,2026-10-08T15:00,75.4
TOS02000281,2026-10-08T15:15,75.4
TOS02000281,2026-10-08T15:30,76.4
TOS02000281,2026-10-08T15:45,76.6
TOS02000281,2026-10-08T16:00,77.0
TOS02000281,2026-10-08T16:15,77.4
TOS02000281,2026-10-08T16:30,77.4
TOS02000281,2026-10-08T16:45,80.8
TOS02000281,2026-10-08T17:00,82.0
TOS02000281,2026-10-08T17:15,84.0
TOS02000281,2026-10-08T17:30,84.2
TOS02000281,2026-10-08T17:45,84.2
TOS02000281,2026-10-08T18:00,85.0
TOS02000281,2026-10-08T18:15,85.0
TOS02000281,2026-10-08T18:30,86.2
TOS02000281,2026-10-08T18:45,86.2
TOS02000281,2026-10-08T19:00,86.2
TOS02000281,2026-10-08T19:15,86.2
TOS02000281,2026-10-08T19:30,86.2
TOS02000281,2026-10-08T19:45,86.2
TOS02000281,2026-10-08T20:00,86.2
TOS02000281,2026-10-08T20:15,86.2
TOS02000281,2026-10-08T20:30,86.2
TOS02000281,2026-10-08T20:45,86.2
TOS02000281,2026-10-08T21:00,86.2
TOS02000281,2026-10-08T21:15,86.6
TOS02000281,2026-10-08T21:30,87.4
TOS02000281,2026-10-08T21:45,87.6
TOS02000281,2026-10-08T22:00,87.6
TOS02000281,2026-10-08T22:15,87.6
TOS02000281,2026-10-08T22:30,87.8
TOS02000281,2026-10-08T22:45,88.4
TOS02000281,2026-10-08T23:00,89.0
TOS02000281,2026-10-08T23:15,89.6
TOS02000281,2026-10-08T23:30,89.8
TOS02000281,2026-10-08T23:45,89.8
TOS02000299,2026-10-08T00:15,1.6
TOS02000299,2026-10-08T00:30,2.0
TOS02000299,2026-10-08T00:45,3.4
TOS02000299,2026-10-08T01:00,3.6
TOS02000299,2026-10-08T01:15,4.4
TOS02000299,2026-10-08T01:30,6.9
TOS02000299,2026-10-08T01:45,8.9
TOS02000299,2026-10-08T02:00,9.1
TOS02000299,2026-10-08T02:15,9.1
TOS02000299,2026-10-08T02:30,9.7
TOS02000299,2026-10-08T02:45,9.7
TOS02000299,2026-10-08T03:00,9.9
TOS02000299,2026-10-08T03:15,9.9
TOS02000299,2026-10-08T03:30,11.9
TOS02000299,2026-10-08T03:45,21.0
TOS02000299,2026-10-08T04:00,25.9
TOS02000299,2026-10-08T04:15,32.4
TOS02000299,2026-10-08T04:30,38.1
TOS02000299,2026-10-08T04:45,48.4
TOS02000299,2026-10-08T05:00,50.3
TOS02000299,2026-10-08T05:15,50.9
TOS02000299,2026-10-08T05:30,50.9
TOS02000299,2026-10-08T05:45,50.9
TOS02000299,2026-10-08T06:00,50.9
TOS02000299,2026-10-08T06:15,50.9
TOS02000299,2026-10-08T06:30,51.3
TOS02000299,2026-10-08T06:45,51.3
TOS02000299,2026-10-08T07:00,51.3
TOS02000299,2026-10-08T07:15,51.3
TOS02000299,2026-10-08T07:30,51.7
TOS02000299,2026-10-08T07:45,53.9
TOS02000299,2026-10-08T08:00,53.9
TOS02000299,2026-10-08T08:15,53.9
TOS02000299,2026-10-08T08:30,53.9
TOS02000299,2026-10-08T08:45,53.9
TOS02000299,2026-10-08T09:00,54.1
TOS02000299,2026-10-08T09:15,54.1
TOS02000299,2026-10-08T09:30,54.1
TOS02000299,2026-10-08T09:45,54.1
TOS02000299,2026-10-08T10:00,54.7
TOS02000299,2026-10-08T10:15,59.4
TOS02000299,2026-10-08T10:30,63.1
TOS02000299,2026-10-08T10:45,63.3
TOS02000299,2026-10-08T11:00,63.5
TOS02000299,2026-10-08T11:15,63.7
TOS02000299,2026-10-08T11:30,64.9
TOS02000299,2026-10-08T11:45,64.9
TOS02000299,2026-10-08T12:00,65.1
TOS02000299,2026-10-08T12:15,65.1
TOS02000299,2026-10-08T12:30,65.1
TOS02000299,2026-10-08T12:45,65.1
TOS02000299,2026-10-08T13:00,65.1
TOS02000299,2026-10-08T13:15,65.3
TOS02000299,2026-10-08T13:30,66.9
TOS02000299,2026-10-08T13:45,67.3
TOS02000299,2026-10-08T14:00,67.5
TOS02000299,2026-10-08T14:15,67.5
TOS02000299,2026-10-08T14:30,68.3
TOS02000299,2026-10-08T14:45,68.5
TOS02000299,2026-10-08T15:00,68.5
TOS02000299,2026-10-08T15:15,68.5
TOS02000299,2026-10-08T15:30,68.5
TOS02000299,2026-10-08T15:45,68.5
TOS02000299,2026-10-08T16:00,70.5
TOS02000299,2026-10-08T16:15,72.7
TOS02000299,2026-10-08T16:30,72.9
TOS02000299,2026-10-08T16:45,73.3
TOS02000299,2026-10-08T17:00,76.1
TOS02000299,2026-10-08T17:15,78.3
TOS02000299,2026-10-08T17:30,82.4
TOS02000299,2026-10-08T17:45,82.6
TOS02000299,2026-10-08T18:00,82.6
TOS02000299,2026-10-08T18:15,84.5
TOS02000299,2026-10-08T18:30,85.9
TOS02000299,2026-10-08T18:45,87.3
TOS02000299,2026-10-08T19:00,87.7
TOS02000299,2026-10-08T19:15,87.7
TOS02000299,2026-10-08T19:30,87.7
TOS02000299,2026-10-08T19:45,87.9
TOS02000299,2026-10-08T20:00,87.9
TOS02000299,2026-10-08T20:15,87.9
TOS02000299,2026-10-08T20:30,87.9
TOS02000299,2026-10-08T20:45,87.9
TOS02000299,2026-10-08T21:00,87.9
TOS02000299,2026-10-08T21:15,88.1
TOS02000299,2026-10-08T21:30,90.1
TOS02000299,2026-10-08T21:45,91.7
TOS02000299,2026-10-08T22:00,92.1
TOS02000299,2026-10-08T22:15,92.3
TOS02000299,2026-10-08T22:30,92.3
TOS02000299,2026-10-08T22:45,92.3
TOS02000299,2026-10-08T23:00,92.3
TOS02000299,2026-10-08T23:15,92.5
TOS02000299,2026-10-08T23:30,92.5
TOS02000299,2026-10-08T23:45,92.5
TOS02000329,2026-10-08T00:15,3.9
TOS02000329,2026-10-08T00:30,11.5
TOS02000329,2026-10-08T00:45,13.3
TOS02000329,2026-10-08T01:00,15.4
TOS02000329,2026-10-08T01:15,16.6
TOS02000329,2026-10-08T01:30,16.8
TOS02000329,2026-10-08T01:45,17.2
TOS02000329,2026-10-08T02:00,17.2
TOS02000329,2026-10-08T02:15,17.2
TOS02000329,2026-10-08T02:30,17.2
TOS02000329,2026-10-08T02:45,17.4
TOS02000329,2026-10-08T03:00,17.4
TOS02000329,2026-10-08T03:15,21.9
TOS02000329,2026-10-08T03:30,31.1
TOS02000329,2026-10-08T03:45,32.9
TOS02000329,2026-10-08T04:00,35.7
TOS02000329,2026-10-08T04:15,39.3
TOS02000329,2026-10-08T04:30,49.0
TOS02000329,2026-10-08T04:45,54.3
TOS02000329,2026-10-08T05:00,55.3
TOS02000329,2026-10-08T05:15,55.3
TOS02000329,2026-10-08T05:30,55.3
TOS02000329,2026-10-08T05:45,55.3
TOS02000329,2026-10-08T06:00,55.3
TOS02000329,2026-10-08T06:15,55.3
TOS02000329,2026-10-08T06:30,55.3
TOS02000329,2026-10-08T06:45,55.3
TOS02000329,2026-10-08T07:00,55.3
TOS02000329,2026-10-08T07:15,55.3
TOS02000329,2026-10-08T07:30,55.3
TOS02000329,2026-10-08T07:45,55.3
TOS02000329,2026-10-08T08:00,55.3
TOS02000329,2026-10-08T08:15,55.3
TOS02000329,2026-10-08T08:30,55.3
TOS02000329,2026-10-08T08:45,55.3
TOS02000329,2026-10-08T09:00,55.3
TOS02000329,2026-10-08T09:15,55.3
TOS02000329,2026-10-08T09:30,55.3
TOS02000329,2026-10-08T09:45,56.9
TOS02000329,2026-10-08T10:00,60.7
TOS02000329,2026-10-08T10:15,62.1
TOS02000329,2026-10-08T10:30,64.2
TOS02000329,2026-10-08T10:45,64.8
TOS02000329,2026-10-08T11:00,65.0
TOS02000329,2026-10-08T11:15,65.0
TOS02000329,2026-10-08T11:30,66.4
TOS02000329,2026-10-08T11:45,66.6
TOS02000329,2026-10-08T12:00,66.6
TOS02000329,2026-10-08T12:15,66.6
TOS02000329,2026-10-08T12:30,66.6
TOS02000329,2026-10-08T12:45,66.6
TOS02000329,2026-10-08T13:00,66.6
TOS02000329,2026-10-08T13:15,66.6
TOS02000329,2026-10-08T13:30,67.8
TOS02000329,2026-10-08T13:45,68.0
TOS02000329,2026-10-08T14:00,68.0
TOS02000329,2026-10-08T14:15,69.2
TOS02000329,2026-10-08T14:30,69.2
TOS02000329,2026-10-08T14:45,69.2
TOS02000329,2026-10-08T15:00,69.2
TOS02000329,2026-10-08T15:15,69.4
TOS02000329,2026-10-08T15:30,71.0
TOS02000329,2026-10-08T15:45,71.2
TOS02000329,2026-10-08T16:00,74.0
TOS02000329,2026-10-08T16:15,74.4
TOS02000329,2026-10-08T16:30,74.4
TOS02000329,2026-10-08T16:45,83.4
TOS02000329,2026-10-08T17:00,85.6
TOS02000329,2026-10-08T17:15,85.8
TOS02000329,2026-10-08T17:30,85.8
TOS02000329,2026-10-08T17:45,85.8
TOS02000329,2026-10-08T18:00,85.8
TOS02000329,2026-10-08T18:15,85.8
TOS02000329,2026-10-08T18:30,85.8
TOS02000329,2026-10-08T18:45,85.8
TOS02000329,2026-10-08T19:00,85.8
TOS02000329,2026-10-08T19:15,85.8
TOS02000329,2026-10-08T19:30,85.8
TOS02000329,2026-10-08T19:45,85.8
TOS02000329,2026-10-08T20:00,85.8
TOS02000329,2026-10-08T20:15,85.8
TOS02000329,2026-10-08T20:30,85.8
TOS02000329,2026-10-08T20:45,85.8
TOS02000329,2026-10-08T21:00,85.8
TOS02000329,2026-10-08T21:15,86.0
TOS02000329,2026-10-08T21:30,86.6
TOS02000329,2026-10-08T21:45,86.6
TOS02000329,2026-10-08T22:00,86.6
TOS02000329,2026-10-08T22:15,86.6
TOS02000329,2026-10-08T22:30,87.0
TOS02000329,2026-10-08T22:45,87.4
TOS02000329,2026-10-08T23:00,88.8
TOS02000329,2026-10-08T23:15,89.4
TOS02000329,2026-10-08T23:30,90.0
TOS02000329,2026-10-08T23:45,90.2
TOS02000332,2026-10-08T00:05,0.2
TOS02000332,2026-10-08T00:10,0.2
TOS02000332,2026-10-08T00:15,0.4
TOS02000332,2026-10-08T00:20,0.4
TOS02000332,2026-10-08T00:25,1.0
TOS02000332,2026-10-08T00:30,5.4
TOS02000332,2026-10-08T00:35,8.9
TOS02000332,2026-10-08T00:40,15.5
TOS02000332,2026-10-08T00:45,16.1
TOS02000332,2026-10-08T00:50,17.1
TOS02000332,2026-10-08T00:55,17.3
TOS02000332,2026-10-08T01:00,17.5
TOS02000332,2026-10-08T01:05,17.9
TOS02000332,2026-10-08T01:10,17.9
TOS02000332,2026-10-08T01:15,18.1
TOS02000332,2026-10-08T01:20,18.1
TOS02000332,2026-10-08T01:25,18.1
TOS02000332,2026-10-08T01:30,18.7
TOS02000332,2026-10-08T01:35,18.9
TOS02000332,2026-10-08T01:40,18.9
TOS02000332,2026-10-08T01:45,18.9
TOS02000332,2026-10-08T01:50,18.9
TOS02000332,2026-10-08T01:55,19.7
TOS02000332,2026-10-08T02:00,19.7
TOS02000332,2026-10-08T02:05,19.9
TOS02000332,2026-10-08T02:10,19.9
TOS02000332,2026-10-08T02:15,19.9
TOS02000332,2026-10-08T02:20,20.1
TOS02000332,2026-10-08T02:25,20.1
TOS02000332,2026-10-08T02:30,20.3
TOS02000332,2026-10-08T02:35,21.3
TOS02000332,2026-10-08T02:40,23.2
TOS02000332,2026-10-08T02:45,23.6
TOS02000332,2026-10-08T02:50,24.8
TOS02000332,2026-10-08T02:55,25.4
TOS02000332,2026-10-08T03:00,25.4
TOS02000332,2026-10-08T03:05,26.0
TOS02000332,2026-10-08T03:10,29.1
TOS02000332,2026-10-08T03:15,32.2
TOS02000332,2026-10-08T03:20,33.6
TOS02000332,2026-10-08T03:25,33.8
TOS02000332,2026-10-08T03:30,33.8
TOS02000332,2026-10-08T03:35,34.2
TOS02000332,2026-10-08T03:40,34.8
TOS02000332,2026-10-08T03:45,35.2
TOS02000332,2026-10-08T03:50,35.4
TOS02000332,2026-10-08T03:55,35.6
TOS02000332,2026-10-08T04:00,36.4
TOS02000332,2026-10-08T04:05,36.8
TOS02000332,2026-10-08T04:10,37.4
TOS02000332,2026-10-08T04:15,38.0
TOS02000332,2026-10-08T04:20,39.0
TOS02000332,2026-10-08T04:25,40.0
TOS02000332,2026-10-08T04:30,41.5
TOS02000332,2026-10-08T04:35,42.9
TOS02000332,2026-10-08T04:40,47.5
TOS02000332,2026-10-08T04:45,48.1
TOS02000332,2026-10-08T04:50,48.5
TOS02000332,2026-10-08T04:55,48.9
TOS02000332,2026-10-08T05:00,49.1
TOS02000332,2026-10-08T05:05,49.3
TOS02000332,2026-10-08T05:10,49.3
TOS02000332,2026-10-08T05:15,49.3
TOS02000332,2026-10-08T05:20,49.3
TOS02000332,2026-10-08T05:25,49.3
TOS02000332,2026-10-08T05:30,49.3
TOS02000332,2026-10-08T05:35,49.3
TOS02000332,2026-10-08T05:40,49.3
TOS02000332,2026-10-08T05:45,49.3
TOS02000332,2026-10-08T05:50,49.3
TOS02000332,2026-10-08T05:55,49.3
TOS02000332,2026-10-08T06:00,49.3
TOS02000332,2026-10-08T06:05,49.3
TOS02000332,2026-10-08T06:10,49.3
TOS02000332,2026-10-08T06:15,49.3
TOS02000332,2026-10-08T06:20,49.3
TOS02000332,2026-10-08T06:25,49.3
TOS02000332,2026-10-08T06:30,49.3
TOS02000332,2026-10-08T06:35,49.3
TOS02000332,2026-10-08T06:40,49.3
TOS02000332,2026-10-08T06:45,49.3
TOS02000332,2026-10-08T06:50,49.3
TOS02000332,2026-10-08T06:55,49.3
TOS02000332,2026-10-08T07:00,49.3
TOS02000332,2026-10-08T07:05,49.3
TOS02000332,2026-10-08T07:10,49.3
TOS02000332,2026-10-08T07:15,49.3
TOS02000332,2026-10-08T07:20,49.3
TOS02000332,2026-10-08T07:25,49.3
TOS02000332,2026-10-08T07:30,49.3
TOS02000332,2026-10-08T07:35,49.3
TOS02000332,2026-10-08T07:40,49.3
TOS02000332,2026-10-08T07:45,49.3
TOS02000332,2026-10-08T07:50,49.3
TOS02000332,2026-10-08T07:55,49.3
TOS02000332,2026-10-08T08:00,49.3
TOS02000332,2026-10-08T08:05,49.3
TOS02000332,2026-10-08T08:10,49.3
TOS02000332,2026-10-08T08:15,49.3
TOS02000332,2026-10-08T08:20,49.3
TOS02000332,2026-10-08T08:25,49.3
TOS02000332,2026-10-08T08:30,49.3
TOS02000332,2026-10-08T08:35,49.3
TOS02000332,2026-10-08T08:40,49.3
TOS02000332,2026-10-08T08:45,49.3
TOS02000332,2026-10-08T08:50,49.3
TOS02000332,2026-10-08T08:55,49.3
TOS02000332,2026-10-08T09:00,49.3
TOS02000332,2026-10-08T09:05,49.3
TOS02000332,2026-10-08T09:10,49.3
TOS02000332,2026-10-08T09:15,49.3
TOS02000332,2026-10-08T09:20,49.3
TOS02000332,2026-10-08T09:25,49.3
TOS02000332,2026-10-08T09:30,49.3
TOS02000332,2026-10-08T09:35,49.3
TOS02000332,2026-10-08T09:40,49.3
TOS02000332,2026-10-08T09:45,49.3
TOS02000332,2026-10-08T09:50,49.5
TOS02000332,2026-10-08T09:55,50.5
TOS02000332,2026-10-08T10:00,51.7
TOS02000332,2026-10-08T10:05,54.4
TOS02000332,2026-10-08T10:10,55.0
TOS02000332,2026-10-08T10:15,55.2
TOS02000332,2026-10-08T10:20,55.2
TOS02000332,2026-10-08T10:25,55.2
TOS02000332,2026-10-08T10:30,55.2
TOS02000332,2026-10-08T10:35,55.6
TOS02000332,2026-10-08T10:40,55.8
TOS02000332,2026-10-08T10:45,55.8
TOS02000332,2026-10-08T10:50,56.0
TOS02000332,2026-10-08T10:55,56.0
TOS02000332,2026-10-08T11:00,56.0
TOS02000332,2026-10-08T11:05,56.0
TOS02000332,2026-10-08T11:10,56.2
TOS02000332,2026-10-08T11:15,56.4
TOS02000332,2026-10-08T11:20,56.4
TOS02000332,2026-10-08T11:25,56.4
TOS02000332,2026-10-08T11:30,56.6
TOS02000332,2026-10-08T11:35,56.6
TOS02000332,2026-10-08T11:40,56.8
TOS02000332,2026-10-08T11:45,56.8
TOS02000332,2026-10-08T11:50,56.8
TOS02000332,2026-10-08T11:55,56.8
TOS02000332,2026-10-08T12:00,56.8
TOS02000332,2026-10-08T12:05,56.8
TOS02000332,2026-10-08T12:10,56.8
TOS02000332,2026-10-08T12:15,56.8
TOS02000332,2026-10-08T12:20,56.8
TOS02000332,2026-10-08T12:25,56.8
TOS02000332,2026-10-08T12:30,56.8
TOS02000332,2026-10-08T12:35,56.8
TOS02000332,2026-10-08T12:40,56.8
TOS02000332,2026-10-08T12:45,56.8
TOS02000332,2026-10-08T12:50,56.8
TOS02000332,2026-10-08T12:55,56.8
TOS02000332,2026-10-08T13:00,56.8
TOS02000332,2026-10-08T13:05,56.8
TOS02000332,2026-10-08T13:10,56.8
TOS02000332,2026-10-08T13:15,56.8
TOS02000332,2026-10-08T13:20,56.8
TOS02000332,2026-10-08T13:25,56.8
TOS02000332,2026-10-08T13:30,57.0
TOS02000332,2026-10-08T13:35,57.2
TOS02000332,2026-10-08T13:40,57.8
TOS02000332,2026-10-08T13:45,58.0
TOS02000332,2026-10-08T13:50,58.2
TOS02000332,2026-10-08T13:55,58.2
TOS02000332,2026-10-08T14:00,58.2
TOS02000332,2026-10-08T14:05,58.2
TOS02000332,2026-10-08T14:10,58.2
TOS02000332,2026-10-08T14:15,58.2
TOS02000332,2026-10-08T14:20,58.2
TOS02000332,2026-10-08T14:25,58.2
TOS02000332,2026-10-08T14:30,58.2
TOS02000332,2026-10-08T14:35,58.2
TOS02000332,2026-10-08T14:40,58.2
TOS02000332,2026-10-08T14:45,58.2
TOS02000332,2026-10-08T14:50,58.2
TOS02000332,2026-10-08T14:55,58.2
TOS02000332,2026-10-08T15:00,58.2
TOS02000332,2026-10-08T15:05,58.2
TOS02000332,2026-10-08T15:10,58.2
TOS02000332,2026-10-08T15:15,58.2
TOS02000332,2026-10-08T15:20,58.2
TOS02000332,2026-10-08T15:25,60.6
TOS02000332,2026-10-08T15:30,65.0
TOS02000332,2026-10-08T15:35,67.9
TOS02000332,2026-10-08T15:40,68.5
TOS02000332,2026-10-08T15:45,68.5
TOS02000332,2026-10-08T15:50,68.7
TOS02000332,2026-10-08T15:55,68.9
TOS02000332,2026-10-08T16:00,69.5
TOS02000332,2026-10-08T16:05,69.5
TOS02000332,2026-10-08T16:10,69.5
TOS02000332,2026-10-08T16:15,69.5
TOS02000332,2026-10-08T16:20,69.5
TOS02000332,2026-10-08T16:25,69.5
TOS02000332,2026-10-08T16:30,69.5
TOS02000332,2026-10-08T16:35,72.8
TOS02000332,2026-10-08T16:40,73.0
TOS02000332,2026-10-08T16:45,74.4
TOS02000332,2026-10-08T16:50,76.4
TOS02000332,2026-10-08T16:55,84.1
TOS02000332,2026-10-08T17:00,88.3
TOS02000332,2026-10-08T17:05,88.7
TOS02000332,2026-10-08T17:10,88.7
TOS02000332,2026-10-08T17:15,90.7
TOS02000332,2026-10-08T17:20,90.9
TOS02000332,2026-10-08T17:25,90.9
TOS02000332,2026-10-08T17:30,90.9
TOS02000332,2026-10-08T17:35,90.9
TOS02000332,2026-10-08T17:40,90.9
TOS02000332,2026-10-08T17:45,90.9
TOS02000332,2026-10-08T17:50,90.9
TOS02000332,2026-10-08T17:55,90.9
TOS02000332,2026-10-08T18:00,90.9
TOS02000332,2026-10-08T18:05,90.9
TOS02000332,2026-10-08T18:10,90.9
TOS02000332,2026-10-08T18:15,90.9
TOS02000332,2026-10-08T18:20,90.9
TOS02000332,2026-10-08T18:25,90.9
TOS02000332,2026-10-08T18:30,90.9
TOS02000332,2026-10-08T18:35,90.9
TOS02000332,2026-10-08T18:40,90.9
TOS02000332,2026-10-08T18:45,90.9
TOS02000332,2026-10-08T18:50,90.9
TOS02000332,2026-10-08T18:55,90.9
TOS02000332,2026-10-08T19:00,90.9
TOS02000332,2026-10-08T19:05,90.9
TOS02000332,2026-10-08T19:10,90.9
TOS02000332,2026-10-08T19:15,90.9
TOS02000332,2026-10-08T19:20,90.9
TOS02000332,2026-10-08T19:25,90.9
TOS02000332,2026-10-08T19:30,90.9
TOS02000332,2026-10-08T19:35,90.9
TOS02000332,2026-10-08T19:40,90.9
TOS02000332,2026-10-08T19:45,90.9
TOS02000332,2026-10-08T19:50,90.9
TOS02000332,2026-10-08T19:55,90.9
TOS02000332,2026-10-08T20:00,90.9
TOS02000332,2026-10-08T20:05,90.9
TOS02000332,2026-10-08T20:10,90.9
TOS02000332,2026-10-08T20:15,90.9
TOS02000332,2026-10-08T20:20,90.9
TOS02000332,2026-10-08T20:25,90.9
TOS02000332,2026-10-08T20:30,90.9
TOS02000332,2026-10-08T20:35,90.9
TOS02000332,2026-10-08T20:40,90.9
TOS02000332,2026-10-08T20:45,91.1
TOS02000332,2026-10-08T20:50,91.1
TOS02000332,2026-10-08T20:55,91.1
TOS02000332,2026-10-08T21:00,91.1
TOS02000332,2026-10-08T21:05,91.1
TOS02000332,2026-10-08T21:10,91.1
TOS02000332,2026-10-08T21:15,91.1
TOS02000332,2026-10-08T21:20,91.5
TOS02000332,2026-10-08T21:25,94.3
TOS02000332,2026-10-08T21:30,95.1
TOS02000332,2026-10-08T21:35,95.7
TOS02000332,2026-10-08T21:40,95.7
TOS02000332,2026-10-08T21:45,95.7
TOS02000332,2026-10-08T21:50,95.7
TOS02000332,2026-10-08T21:55,95.7
TOS02000332,2026-10-08T22:00,95.7
TOS02000332,2026-10-08T22:05,95.7
TOS02000332,2026-10-08T22:10,95.7
TOS02000332,2026-10-08T22:15,95.7
TOS02000332,2026-10-08T22:20,95.7
TOS02000332,2026-10-08T22:25,95.7
TOS02000332,2026-10-08T22:30,95.7
TOS02000332,2026-10-08T22:35,95.7
TOS02000332,2026-10-08T22:40,95.7
TOS02000332,2026-10-08T22:45,95.7
TOS02000332,2026-10-08T22:50,95.7
TOS02000332,2026-10-08T22:55,95.9
TOS02000332,2026-10-08T23:00,96.1
TOS02000332,2026-10-08T23:05,96.1
TOS02000332,2026-10-08T23:10,96.3
TOS02000332,2026-10-08T23:15,96.3
TOS02000332,2026-10-08T23:20,96.3
TOS02000332,2026-10-08T23:25,96.5
TOS02000332,2026-10-08T23:30,96.7
TOS02000332,2026-10-08T23:35,96.7
TOS02000332,2026-10-08T23:40,96.9
TOS02000332,2026-10-08T23:45,97.1
TOS02000332,2026-10-08T23:50,97.1
TOS02000332,2026-10-08T23:55,97.1
TOS02000339,2026-10-08T00:15,1.0
TOS02000339,2026-10-08T00:30,1.8
TOS02000339,2026-10-08T00:45,2.4
TOS02000339,2026-10-08T01:00,4.0
TOS02000339,2026-10-08T01:15,4.2
TOS02000339,2026-10-08T01:30,4.4
TOS02000339,2026-10-08T01:45,4.4
TOS02000339,2026-10-08T02:00,4.4
TOS02000339,2026-10-08T02:15,4.8
TOS02000339,2026-10-08T02:30,4.8
TOS02000339,2026-10-08T02:45,5.0
TOS02000339,2026-10-08T03:00,5.6
TOS02000339,2026-10-08T03:15,7.2
TOS02000339,2026-10-08T03:30,11.6
TOS02000339,2026-10-08T03:45,13.4
TOS02000339,2026-10-08T04:00,13.8
TOS02000339,2026-10-08T04:15,14.4
TOS02000339,2026-10-08T04:30,15.4
TOS02000339,2026-10-08T04:45,18.4
TOS02000339,2026-10-08T05:00,24.2
TOS02000339,2026-10-08T05:15,25.2
TOS02000339,2026-10-08T05:30,25.2
TOS02000339,2026-10-08T05:45,25.2
TOS02000339,2026-10-08T06:00,25.2
TOS02000339,2026-10-08T06:15,25.2
TOS02000339,2026-10-08T06:30,25.4
TOS02000339,2026-10-08T06:45,25.6
TOS02000339,2026-10-08T07:00,25.6
TOS02000339,2026-10-08T07:15,25.6
TOS02000339,2026-10-08T07:30,26.0
TOS02000339,2026-10-08T07:45,26.4
TOS02000339,2026-10-08T08:00,26.4
TOS02000339,2026-10-08T08:15,26.4
TOS02000339,2026-10-08T08:30,26.4
TOS02000339,2026-10-08T08:45,26.4
TOS02000339,2026-10-08T09:00,26.4
TOS02000339,2026-10-08T09:15,26.4
TOS02000339,2026-10-08T09:30,26.4
TOS02000339,2026-10-08T09:45,26.4
TOS02000339,2026-10-08T10:00,26.8
TOS02000339,2026-10-08T10:15,27.4
TOS02000339,2026-10-08T10:30,28.6
TOS02000339,2026-10-08T10:45,28.8
TOS02000339,2026-10-08T11:00,29.0
TOS02000339,2026-10-08T11:15,29.0
TOS02000339,2026-10-08T11:30,29.2
TOS02000339,2026-10-08T11:45,29.2
TOS02000339,2026-10-08T12:00,29.4
TOS02000339,2026-10-08T12:15,29.4
TOS02000339,2026-10-08T12:30,29.4
TOS02000339,2026-10-08T12:45,29.4
TOS02000339,2026-10-08T13:00,29.6
TOS02000339,2026-10-08T13:15,29.6
TOS02000339,2026-10-08T13:30,29.8
TOS02000339,2026-10-08T13:45,29.8
TOS02000339,2026-10-08T14:00,30.4
TOS02000339,2026-10-08T14:15,30.6
TOS02000339,2026-10-08T14:30,30.6
TOS02000339,2026-10-08T14:45,30.6
TOS02000339,2026-10-08T15:00,30.6
TOS02000339,2026-10-08T15:15,30.6
TOS02000339,2026-10-08T15:30,30.6
TOS02000339,2026-10-08T15:45,31.2
TOS02000339,2026-10-08T16:00,33.4
TOS02000339,2026-10-08T16:15,35.0
TOS02000339,2026-10-08T16:30,35.2
TOS02000339,2026-10-08T16:45,35.4
TOS02000339,2026-10-08T17:00,41.2
TOS02000339,2026-10-08T17:15,52.4
TOS02000339,2026-10-08T17:30,53.8
TOS02000339,2026-10-08T17:45,54.2
TOS02000339,2026-10-08T18:00,54.2
TOS02000339,2026-10-08T18:15,54.2
TOS02000339,2026-10-08T18:30,54.2
TOS02000339,2026-10-08T18:45,54.2
TOS02000339,2026-10-08T19:00,54.4
TOS02000339,2026-10-08T19:15,54.4
TOS02000339,2026-10-08T19:30,54.4
TOS02000339,2026-10-08T19:45,54.4
TOS02000339,2026-10-08T20:00,54.4
TOS02000339,2026-10-08T20:15,54.4
TOS02000339,2026-10-08T20:30,54.4
TOS02000339,2026-10-08T20:45,54.4
TOS02000339,2026-10-08T21:00,54.4
TOS02000339,2026-10-08T21:15,54.4
TOS02000339,2026-10-08T21:30,55.0
TOS02000339,2026-10-08T21:45,55.4
TOS02000339,2026-10-08T22:00,56.0
TOS02000339,2026-10-08T22:15,56.0
TOS02000339,2026-10-08T22:30,56.0
TOS02000339,2026-10-08T22:45,56.2
TOS02000339,2026-10-08T23:00,56.2
TOS02000339,2026-10-08T23:15,56.4
TOS02000339,2026-10-08T23:30,56.6
TOS02000339,2026-10-08T23:45,56.8
TOS02000351,2026-10-08T00:05,0.2
TOS02000351,2026-10-08T00:10,0.4
TOS02000351,2026-10-08T00:15,1.6
TOS02000351,2026-10-08T00:20,3.0
TOS02000351,2026-10-08T00:25,3.2
TOS02000351,2026-10-08T00:30,3.6
TOS02000351,2026-10-08T00:35,4.9
TOS02000351,2026-10-08T00:40,5.3
TOS02000351,2026-10-08T00:45,5.3
TOS02000351,2026-10-08T00:50,5.9
TOS02000351,2026-10-08T00:55,8.1
TOS02000351,2026-10-08T01:00,8.7
TOS02000351,2026-10-08T01:05,9.1
TOS02000351,2026-10-08T01:10,9.3
TOS02000351,2026-10-08T01:15,9.3
TOS02000351,2026-10-08T01:20,9.7
TOS02000351,2026-10-08T01:25,9.7
TOS02000351,2026-10-08T01:30,10.1
TOS02000351,2026-10-08T01:35,10.9
TOS02000351,2026-10-08T01:40,12.3
TOS02000351,2026-10-08T01:45,12.3
TOS02000351,2026-10-08T01:50,12.5
TOS02000351,2026-10-08T01:55,12.5
TOS02000351,2026-10-08T02:00,12.7
TOS02000351,2026-10-08T02:05,12.7
TOS02000351,2026-10-08T02:10,12.7
TOS02000351,2026-10-08T02:15,12.7
TOS02000351,2026-10-08T02:20,12.9
TOS02000351,2026-10-08T02:25,13.1
TOS02000351,2026-10-08T02:30,13.1
TOS02000351,2026-10-08T02:35,13.1
TOS02000351,2026-10-08T02:40,13.1
TOS02000351,2026-10-08T02:45,13.1
TOS02000351,2026-10-08T02:50,13.1
TOS02000351,2026-10-08T02:55,13.1
TOS02000351,2026-10-08T03:00,13.1
TOS02000351,2026-10-08T03:05,13.1
TOS02000351,2026-10-08T03:10,13.3
TOS02000351,2026-10-08T03:15,13.5
TOS02000351,2026-10-08T03:20,13.9
TOS02000351,2026-10-08T03:25,14.5
TOS02000351,2026-10-08T03:30,15.1
TOS02000351,2026-10-08T03:35,15.7
TOS02000351,2026-10-08T03:40,16.1
TOS02000351,2026-10-08T03:45,17.1
TOS02000351,2026-10-08T03:50,17.5
TOS02000351,2026-10-08T03:55,19.3
TOS02000351,2026-10-08T04:00,19.7
TOS02000351,2026-10-08T04:05,19.7
TOS02000351,2026-10-08T04:10,19.7
TOS02000351,2026-10-08T04:15,19.9
TOS02000351,2026-10-08T04:20,20.5
TOS02000351,2026-10-08T04:25,22.6
TOS02000351,2026-10-08T04:30,24.2
TOS02000351,2026-10-08T04:35,24.6
TOS02000351,2026-10-08T04:40,25.6
TOS02000351,2026-10-08T04:45,26.8
TOS02000351,2026-10-08T04:50,27.2
TOS02000351,2026-10-08T04:55,28.0
TOS02000351,2026-10-08T05:00,29.2
TOS02000351,2026-10-08T05:05,31.0
TOS02000351,2026-10-08T05:10,32.5
TOS02000351,2026-10-08T05:15,33.3
TOS02000351,2026-10-08T05:20,34.1
TOS02000351,2026-10-08T05:25,34.1
TOS02000351,2026-10-08T05:30,34.1
TOS02000351,2026-10-08T05:35,34.1
TOS02000351,2026-10-08T05:40,34.1
TOS02000351,2026-10-08T05:45,34.1
TOS02000351,2026-10-08T05:50,34.1
TOS02000351,2026-10-08T05:55,34.1
TOS02000351,2026-10-08T06:00,34.1
TOS02000351,2026-10-08T06:05,34.1
TOS02000351,2026-10-08T06:10,34.1
TOS02000351,2026-10-08T06:15,34.1
TOS02000351,2026-10-08T06:20,34.1
TOS02000351,2026-10-08T06:25,34.1
TOS02000351,2026-10-08T06:30,34.1
TOS02000351,2026-10-08T06:35,34.1
TOS02000351,2026-10-08T06:40,34.3
TOS02000351,2026-10-08T06:45,34.3
TOS02000351,2026-10-08T06:50,34.3
TOS02000351,2026-10-08T06:55,34.3
TOS02000351,2026-10-08T07:00,34.3
TOS02000351,2026-10-08T07:05,34.3
TOS02000351,2026-10-08T07:10,34.3
TOS02000351,2026-10-08T07:15,34.3
TOS02000351,2026-10-08T07:20,34.3
TOS02000351,2026-10-08T07:25,34.5
TOS02000351,2026-10-08T07:30,34.5
TOS02000351,2026-10-08T07:35,34.5
TOS02000351,2026-10-08T07:40,34.5
TOS02000351,2026-10-08T07:45,36.3
TOS02000351,2026-10-08T07:50,38.0
TOS02000351,2026-10-08T07:55,38.0
TOS02000351,2026-10-08T08:00,38.0
TOS02000351,2026-10-08T08:05,38.0
TOS02000351,2026-10-08T08:10,38.0
TOS02000351,2026-10-08T08:15,38.0
TOS02000351,2026-10-08T08:20,38.2
TOS02000351,2026-10-08T08:25,38.2
TOS02000351,2026-10-08T08:30,38.2
TOS02000351,2026-10-08T08:35,38.2
TOS02000351,2026-10-08T08:40,38.2
TOS02000351,2026-10-08T08:45,38.2
TOS02000351,2026-10-08T08:50,38.6
TOS02000351,2026-10-08T08:55,38.6
TOS02000351,2026-10-08T09:00,38.6
TOS02000351,2026-10-08T09:05,38.6
TOS02000351,2026-10-08T09:10,38.6
TOS02000351,2026-10-08T09:15,38.6
TOS02000351,2026-10-08T09:20,38.6
TOS02000351,2026-10-08T09:25,38.6
TOS02000351,2026-10-08T09:30,38.6
TOS02000351,2026-10-08T09:35,38.6
TOS02000351,2026-10-08T09:40,38.6
TOS02000351,2026-10-08T09:45,38.6
TOS02000351,2026-10-08T09:50,38.6
TOS02000351,2026-10-08T09:55,38.8
TOS02000351,2026-10-08T10:00,38.8
TOS02000351,2026-10-08T10:05,39.0
TOS02000351,2026-10-08T10:10,39.4
TOS02000351,2026-10-08T10:15,39.6
TOS02000351,2026-10-08T10:20,39.8
TOS02000351,2026-10-08T10:25,40.2
TOS02000351,2026-10-08T10:30,42.0
TOS02000351,2026-10-08T10:35,43.0
TOS02000351,2026-10-08T10:40,44.6
TOS02000351,2026-10-08T10:45,44.8
TOS02000351,2026-10-08T10:50,44.8
TOS02000351,2026-10-08T10:55,44.8
TOS02000351,2026-10-08T11:00,44.8
TOS02000351,2026-10-08T11:05,45.0
TOS02000351,2026-10-08T11:10,45.0
TOS02000351,2026-10-08T11:15,45.0
TOS02000351,2026-10-08T11:20,45.0
TOS02000351,2026-10-08T11:25,45.0
TOS02000351,2026-10-08T11:30,45.0
TOS02000351,2026-10-08T11:35,45.0
TOS02000351,2026-10-08T11:40,45.0
TOS02000351,2026-10-08T11:45,45.0
TOS02000351,2026-10-08T11:50,45.2
TOS02000351,2026-10-08T11:55,45.2
TOS02000351,2026-10-08T12:00,45.2
TOS02000351,2026-10-08T12:05,45.2
TOS02000351,2026-10-08T12:10,45.4
TOS02000351,2026-10-08T12:15,45.4
TOS02000351,2026-10-08T12:20,45.4
TOS02000351,2026-10-08T12:25,45.4
TOS02000351,2026-10-08T12:30,45.4
TOS02000351,2026-10-08T12:35,45.4
TOS02000351,2026-10-08T12:40,45.4
TOS02000351,2026-10-08T12:45,45.4
TOS02000351,2026-10-08T12:50,45.4
TOS02000351,2026-10-08T12:55,45.4
TOS02000351,2026-10-08T13:00,45.4
TOS02000351,2026-10-08T13:05,45.4
TOS02000351,2026-10-08T13:10,45.4
TOS02000351,2026-10-08T13:15,45.4
TOS02000351,2026-10-08T13:20,45.4
TOS02000351,2026-10-08T13:25,45.4
TOS02000351,2026-10-08T13:30,45.4
TOS02000351,2026-10-08T13:35,45.4
TOS02000351,2026-10-08T13:40,45.6
TOS02000351,2026-10-08T13:45,46.0
TOS02000351,2026-10-08T13:50,46.4
TOS02000351,2026-10-08T13:55,46.6
TOS02000351,2026-10-08T14:00,47.4
TOS02000351,2026-10-08T14:05,47.8
TOS02000351,2026-10-08T14:10,47.8
TOS02000351,2026-10-08T14:15,47.8
TOS02000351,2026-10-08T14:20,47.8
TOS02000351,2026-10-08T14:25,47.8
TOS02000351,2026-10-08T14:30,47.8
TOS02000351,2026-10-08T14:35,47.8
TOS02000351,2026-10-08T14:40,48.0
TOS02000351,2026-10-08T14:45,48.2
TOS02000351,2026-10-08T14:50,48.6
TOS02000351,2026-10-08T14:55,48.8
TOS02000351,2026-10-08T15:00,49.0
TOS02000351,2026-10-08T15:05,49.2
TOS02000351,2026-10-08T15:10,49.2
TOS02000351,2026-10-08T15:15,49.2
TOS02000351,2026-10-08T15:20,49.2
TOS02000351,2026-10-08T15:25,49.2
TOS02000351,2026-10-08T15:30,49.2
TOS02000351,2026-10-08T15:35,49.2
TOS02000351,2026-10-08T15:40,49.2
TOS02000351,2026-10-08T15:45,49.4
TOS02000351,2026-10-08T15:50,49.8
TOS02000351,2026-10-08T15:55,50.2
TOS02000351,2026-10-08T16:00,50.8
TOS02000351,2026-10-08T16:05,51.2
TOS02000351,2026-10-08T16:10,51.6
TOS02000351,2026-10-08T16:15,52.2
TOS02000351,2026-10-08T16:20,53.8
TOS02000351,2026-10-08T16:25,54.2
TOS02000351,2026-10-08T16:30,54.4
TOS02000351,2026-10-08T16:35,54.8
TOS02000351,2026-10-08T16:40,55.6
TOS02000351,2026-10-08T16:45,55.6
TOS02000351,2026-10-08T16:50,55.6
TOS02000351,2026-10-08T16:55,55.6
TOS02000351,2026-10-08T17:00,55.8
TOS02000351,2026-10-08T17:05,56.0
TOS02000351,2026-10-08T17:10,56.8
TOS02000351,2026-10-08T17:15,57.7
TOS02000351,2026-10-08T17:20,60.3
TOS02000351,2026-10-08T17:25,62.8
TOS02000351,2026-10-08T17:30,63.8
TOS02000351,2026-10-08T17:35,64.0
TOS02000351,2026-10-08T17:40,64.4
TOS02000351,2026-10-08T17:45,65.2
TOS02000351,2026-10-08T17:50,65.4
TOS02000351,2026-10-08T17:55,65.4
TOS02000351,2026-10-08T18:00,65.4
TOS02000351,2026-10-08T18:05,65.4
TOS02000351,2026-10-08T18:10,65.4
TOS02000351,2026-10-08T18:15,65.4
TOS02000351,2026-10-08T18:20,65.4
TOS02000351,2026-10-08T18:25,65.4
TOS02000351,2026-10-08T18:30,65.4
TOS02000351,2026-10-08T18:35,65.4
TOS02000351,2026-10-08T18:40,65.4
TOS02000351,2026-10-08T18:45,65.4
TOS02000351,2026-10-08T18:50,65.4
TOS02000351,2026-10-08T18:55,65.4
TOS02000351,2026-10-08T19:00,65.4
TOS02000351,2026-10-08T19:05,65.4
TOS02000351,2026-10-08T19:10,65.4
TOS02000351,2026-10-08T19:15,65.4
TOS02000351,2026-10-08T19:20,65.4
TOS02000351,2026-10-08T19:25,65.4
TOS02000351,2026-10-08T19:30,65.4
TOS02000351,2026-10-08T19:35,65.4
TOS02000351,2026-10-08T19:40,65.4
TOS02000351,2026-10-08T19:45,65.4
TOS02000351,2026-10-08T19:50,65.4
TOS02000351,2026-10-08T19:55,65.4
TOS02000351,2026-10-08T20:00,65.4
TOS02000351,2026-10-08T20:05,65.4
TOS02000351,2026-10-08T20:10,65.4
TOS02000351,2026-10-08T20:15,65.4
TOS02000351,2026-10-08T20:20,65.4
TOS02000351,2026-10-08T20:25,65.4
TOS02000351,2026-10-08T20:30,65.4
TOS02000351,2026-10-08T20:35,65.4
TOS02000351,2026-10-08T20:40,65.4
TOS02000351,2026-10-08T20:45,65.4
TOS02000351,2026-10-08T20:50,65.4
TOS02000351,2026-10-08T20:55,65.4
TOS02000351,2026-10-08T21:00,65.4
TOS02000351,2026-10-08T21:05,65.4
TOS02000351,2026-10-08T21:10,65.4
TOS02000351,2026-10-08T21:15,65.4
TOS02000351,2026-10-08T21:20,65.4
TOS02000351,2026-10-08T21:25,65.4
TOS02000351,2026-10-08T21:30,65.6
TOS02000351,2026-10-08T21:35,65.6
TOS02000351,2026-10-08T21:40,65.8
TOS02000351,2026-10-08T21:45,66.0
TOS02000351,2026-10-08T21:50,66.4
TOS02000351,2026-10-08T21:55,66.4
TOS02000351,2026-10-08T22:00,66.8
TOS02000351,2026-10-08T22:05,67.2
TOS02000351,2026-10-08T22:10,67.2
TOS02000351,2026-10-08T22:15,67.2
TOS02000351,2026-10-08T22:20,67.2
TOS02000351,2026-10-08T22:25,67.2
TOS02000351,2026-10-08T22:30,67.4
TOS02000351,2026-10-08T22:35,67.6
TOS02000351,2026-10-08T22:40,67.8
TOS02000351,2026-10-08T22:45,67.8
TOS02000351,2026-10-08T22:50,67.8
TOS02000351,2026-10-08T22:55,67.8
TOS02000351,2026-10-08T23:00,67.8
TOS02000351,2026-10-08T23:05,67.8
TOS02000351,2026-10-08T23:10,67.8
TOS02000351,2026-10-08T23:15,67.8
TOS02000351,2026-10-08T23:20,67.8
TOS02000351,2026-10-08T23:25,67.8
TOS02000351,2026-10-08T23:30,68.0
TOS02000351,2026-10-08T23:35,68.2
TOS02000351,2026-10-08T23:40,68.2
TOS02000351,2026-10-08T23:45,68.2
TOS02000351,2026-10-08T23:50,68.2
TOS02000351,2026-10-08T23:55,68.2
TOS02000359,2026-10-08T00:15,0.6
TOS02000359,2026-10-08T00:30,3.2
TOS02000359,2026-10-08T00:45,4.2
TOS02000359,2026-10-08T01:00,4.8
TOS02000359,2026-10-08T01:15,10.2
TOS02000359,2026-10-08T01:30,10.6
TOS02000359,2026-10-08T01:45,10.6
TOS02000359,2026-10-08T02:00,10.6
TOS02000359,2026-10-08T02:15,10.6
TOS02000359,2026-10-08T02:30,11.0
TOS02000359,2026-10-08T02:45,11.4
TOS02000359,2026-10-08T03:00,11.4
TOS02000359,2026-10-08T03:15,11.6
TOS02000359,2026-10-08T03:30,11.8
TOS02000359,2026-10-08T03:45,12.4
TOS02000359,2026-10-08T04:00,15.6
TOS02000359,2026-10-08T04:15,19.3
TOS02000359,2026-10-08T04:30,20.5
TOS02000359,2026-10-08T04:45,22.5
TOS02000359,2026-10-08T05:00,25.9
TOS02000359,2026-10-08T05:15,28.7
TOS02000359,2026-10-08T05:30,31.4
TOS02000359,2026-10-08T05:45,31.6
TOS02000359,2026-10-08T06:00,31.6
TOS02000359,2026-10-08T06:15,31.6
TOS02000359,2026-10-08T06:30,31.6
TOS02000359,2026-10-08T06:45,31.6
TOS02000359,2026-10-08T07:00,31.6
TOS02000359,2026-10-08T07:15,31.6
TOS02000359,2026-10-08T07:30,32.8
TOS02000359,2026-10-08T07:45,33.8
TOS02000359,2026-10-08T08:00,34.0
TOS02000359,2026-10-08T08:15,34.0
TOS02000359,2026-10-08T08:30,34.0
TOS02000359,2026-10-08T08:45,34.0
TOS02000359,2026-10-08T09:00,34.8
TOS02000359,2026-10-08T09:15,34.8
TOS02000359,2026-10-08T09:30,34.8
TOS02000359,2026-10-08T09:45,34.8
TOS02000359,2026-10-08T10:00,35.0
TOS02000359,2026-10-08T10:15,35.0
TOS02000359,2026-10-08T10:30,36.2
TOS02000359,2026-10-08T10:45,39.4
TOS02000359,2026-10-08T11:00,40.2
TOS02000359,2026-10-08T11:15,40.2
TOS02000359,2026-10-08T11:30,40.2
TOS02000359,2026-10-08T11:45,40.2
TOS02000359,2026-10-08T12:00,40.4
TOS02000359,2026-10-08T12:15,40.4
TOS02000359,2026-10-08T12:30,40.4
TOS02000359,2026-10-08T12:45,40.4
TOS02000359,2026-10-08T13:00,40.4
TOS02000359,2026-10-08T13:15,40.4
TOS02000359,2026-10-08T13:30,40.4
TOS02000359,2026-10-08T13:45,40.6
TOS02000359,2026-10-08T14:00,40.8
TOS02000359,2026-10-08T14:15,42.2
TOS02000359,2026-10-08T14:30,42.2
TOS02000359,2026-10-08T14:45,42.2
TOS02000359,2026-10-08T15:00,42.2
TOS02000359,2026-10-08T15:15,42.2
TOS02000359,2026-10-08T15:30,42.2
TOS02000359,2026-10-08T15:45,42.2
TOS02000359,2026-10-08T16:00,42.2
TOS02000359,2026-10-08T16:15,43.2
TOS02000359,2026-10-08T16:30,45.2
TOS02000359,2026-10-08T16:45,46.8
TOS02000359,2026-10-08T17:00,46.8
TOS02000359,2026-10-08T17:15,47.6
TOS02000359,2026-10-08T17:30,49.2
TOS02000359,2026-10-08T17:45,59.6
TOS02000359,2026-10-08T18:00,59.8
TOS02000359,2026-10-08T18:15,59.8
TOS02000359,2026-10-08T18:30,59.8
TOS02000359,2026-10-08T18:45,59.8
TOS02000359,2026-10-08T19:00,59.8
TOS02000359,2026-10-08T19:15,59.8
TOS02000359,2026-10-08T19:30,59.8
TOS02000359,2026-10-08T19:45,59.8
TOS02000359,2026-10-08T20:00,59.8
TOS02000359,2026-10-08T20:15,59.8
TOS02000359,2026-10-08T20:30,59.8
TOS02000359,2026-10-08T20:45,59.8
TOS02000359,2026-10-08T21:00,59.8
TOS02000359,2026-10-08T21:15,59.8
TOS02000359,2026-10-08T21:30,59.8
TOS02000359,2026-10-08T21:45,59.8
TOS02000359,2026-10-08T22:00,60.0
TOS02000359,2026-10-08T22:15,64.3
TOS02000359,2026-10-08T22:30,64.3
TOS02000359,2026-10-08T22:45,64.3
TOS02000359,2026-10-08T23:00,64.3
TOS02000359,2026-10-08T23:15,64.3
TOS02000359,2026-10-08T23:30,64.3
TOS02000359,2026-10-08T23:45,64.5
TOS02000372,2026-10-08T00:15,0.6
TOS02000372,2026-10-08T00:30,1.6
TOS02000372,2026-10-08T00:45,1.8
TOS02000372,2026-10-08T01:00,2.0
TOS02000372,2026-10-08T01:15,3.0
TOS02000372,2026-10-08T01:30,3.2
TOS02000372,2026-10-08T01:45,3.4
TOS02000372,2026-10-08T02:00,3.4
TOS02000372,2026-10-08T02:15,3.6
TOS02000372,2026-10-08T02:30,4.0
TOS02000372,2026-10-08T02:45,4.0
TOS02000372,2026-10-08T03:00,4.0
TOS02000372,2026-10-08T03:15,4.2
TOS02000372,2026-10-08T03:30,4.2
TOS02000372,2026-10-08T03:45,4.2
TOS02000372,2026-10-08T04:00,4.4
TOS02000372,2026-10-08T04:15,5.0
TOS02000372,2026-10-08T04:30,5.4
TOS02000372,2026-10-08T04:45,6.8
TOS02000372,2026-10-08T05:00,12.1
TOS02000372,2026-10-08T05:15,16.4
TOS02000372,2026-10-08T05:30,17.4
TOS02000372,2026-10-08T05:45,17.6
TOS02000372,2026-10-08T06:00,17.6
TOS02000372,2026-10-08T06:15,17.6
TOS02000372,2026-10-08T06:30,17.6
TOS02000372,2026-10-08T06:45,17.6
TOS02000372,2026-10-08T07:00,17.6
TOS02000372,2026-10-08T07:15,17.8
TOS02000372,2026-10-08T07:30,17.8
TOS02000372,2026-10-08T07:45,18.2
TOS02000372,2026-10-08T08:00,18.2
TOS02000372,2026-10-08T08:15,18.2
TOS02000372,2026-10-08T08:30,18.2
TOS02000372,2026-10-08T08:45,18.2
TOS02000372,2026-10-08T09:00,18.2
TOS02000372,2026-10-08T09:15,18.8
TOS02000372,2026-10-08T09:30,19.0
TOS02000372,2026-10-08T09:45,19.0
TOS02000372,2026-10-08T10:00,19.0
TOS02000372,2026-10-08T10:15,19.0
TOS02000372,2026-10-08T10:30,19.2
TOS02000372,2026-10-08T10:45,19.6
TOS02000372,2026-10-08T11:00,19.6
TOS02000372,2026-10-08T11:15,19.6
TOS02000372,2026-10-08T11:30,19.6
TOS02000372,2026-10-08T11:45,19.6
TOS02000372,2026-10-08T12:00,19.8
TOS02000372,2026-10-08T12:15,19.8
TOS02000372,2026-10-08T12:30,19.8
TOS02000372,2026-10-08T12:45,19.8
TOS02000372,2026-10-08T13:00,19.8
TOS02000372,2026-10-08T13:15,19.8
TOS02000372,2026-10-08T13:30,19.8
TOS02000372,2026-10-08T13:45,19.8
TOS02000372,2026-10-08T14:00,20.8
TOS02000372,2026-10-08T14:15,20.8
TOS02000372,2026-10-08T14:30,21.0
TOS02000372,2026-10-08T14:45,21.0
TOS02000372,2026-10-08T15:00,21.0
TOS02000372,2026-10-08T15:15,21.2
TOS02000372,2026-10-08T15:30,21.4
TOS02000372,2026-10-08T15:45,21.4
TOS02000372,2026-10-08T16:00,21.4
TOS02000372,2026-10-08T16:15,21.4
TOS02000372,2026-10-08T16:30,21.4
TOS02000372,2026-10-08T16:45,22.4
TOS02000372,2026-10-08T17:00,22.6
TOS02000372,2026-10-08T17:15,23.6
TOS02000372,2026-10-08T17:30,23.6
TOS02000372,2026-10-08T17:45,27.7
TOS02000372,2026-10-08T18:00,28.5
TOS02000372,2026-10-08T18:15,28.7
TOS02000372,2026-10-08T18:30,28.7
TOS02000372,2026-10-08T18:45,28.7
TOS02000372,2026-10-08T19:00,28.7
TOS02000372,2026-10-08T19:15,28.7
TOS02000372,2026-10-08T19:30,28.7
TOS02000372,2026-10-08T19:45,28.7
TOS02000372,2026-10-08T20:00,28.7
TOS02000372,2026-10-08T20:15,28.7
TOS02000372,2026-10-08T20:30,28.7
TOS02000372,2026-10-08T20:45,28.7
TOS02000372,2026-10-08T21:00,28.7
TOS02000372,2026-10-08T21:15,28.7
TOS02000372,2026-10-08T21:30,28.7
TOS02000372,2026-10-08T21:45,28.7
TOS02000372,2026-10-08T22:00,28.7
TOS02000372,2026-10-08T22:15,31.9
TOS02000372,2026-10-08T22:30,32.1
TOS02000372,2026-10-08T22:45,32.1
TOS02000372,2026-10-08T23:00,32.1
TOS02000372,2026-10-08T23:15,32.1
TOS02000372,2026-10-08T23:30,32.3
TOS02000372,2026-10-08T23:45,32.3
TOS02000401,2026-10-08T00:15,2.8
TOS02000401,2026-10-08T00:30,3.6
TOS02000401,2026-10-08T00:45,4.2
TOS02000401,2026-10-08T01:00,6.8
TOS02000401,2026-10-08T01:15,10.0
TOS02000401,2026-10-08T01:30,13.8
TOS02000401,2026-10-08T01:45,21.2
TOS02000401,2026-10-08T02:00,24.6
TOS02000401,2026-10-08T02:15,25.4
TOS02000401,2026-10-08T02:30,27.2
TOS02000401,2026-10-08T02:45,32.4
TOS02000401,2026-10-08T03:00,33.8
TOS02000401,2026-10-08T03:15,35.2
TOS02000401,2026-10-08T03:30,35.8
TOS02000401,2026-10-08T03:45,36.0
TOS02000401,2026-10-08T04:00,36.8
TOS02000401,2026-10-08T04:15,37.4
TOS02000401,2026-10-08T04:30,38.6
TOS02000401,2026-10-08T04:45,41.8
TOS02000401,2026-10-08T05:00,43.8
TOS02000401,2026-10-08T05:15,48.6
TOS02000401,2026-10-08T05:30,50.4
TOS02000401,2026-10-08T05:45,51.2
TOS02000401,2026-10-08T06:00,51.4
TOS02000401,2026-10-08T06:15,51.4
TOS02000401,2026-10-08T06:30,51.4
TOS02000401,2026-10-08T06:45,51.4
TOS02000401,2026-10-08T07:00,51.4
TOS02000401,2026-10-08T07:15,51.4
TOS02000401,2026-10-08T07:30,51.4
TOS02000401,2026-10-08T07:45,51.4
TOS02000401,2026-10-08T08:00,51.4
TOS02000401,2026-10-08T08:15,51.4
TOS02000401,2026-10-08T08:30,51.4
TOS02000401,2026-10-08T08:45,51.6
TOS02000401,2026-10-08T09:00,51.6
TOS02000401,2026-10-08T09:15,51.8
TOS02000401,2026-10-08T09:30,51.8
TOS02000401,2026-10-08T09:45,52.0
TOS02000401,2026-10-08T10:00,52.0
TOS02000401,2026-10-08T10:15,52.0
TOS02000401,2026-10-08T10:30,54.4
TOS02000401,2026-10-08T10:45,57.4
TOS02000401,2026-10-08T11:00,59.0
TOS02000401,2026-10-08T11:15,59.2
TOS02000401,2026-10-08T11:30,59.4
TOS02000401,2026-10-08T11:45,59.4
TOS02000401,2026-10-08T12:00,59.6
TOS02000401,2026-10-08T12:15,59.6
TOS02000401,2026-10-08T12:30,59.6
TOS02000401,2026-10-08T12:45,59.6
TOS02000401,2026-10-08T13:00,59.8
TOS02000401,2026-10-08T13:15,60.0
TOS02000401,2026-10-08T13:30,60.0
TOS02000401,2026-10-08T13:45,60.0
TOS02000401,2026-10-08T14:00,60.0
TOS02000401,2026-10-08T14:15,60.4
TOS02000401,2026-10-08T14:30,60.6
TOS02000401,2026-10-08T14:45,60.8
TOS02000401,2026-10-08T15:00,60.8
TOS02000401,2026-10-08T15:15,60.8
TOS02000401,2026-10-08T15:30,61.2
TOS02000401,2026-10-08T15:45,61.6
TOS02000401,2026-10-08T16:00,61.6
TOS02000401,2026-10-08T16:15,61.6
TOS02000401,2026-10-08T16:30,61.6
TOS02000401,2026-10-08T16:45,63.4
TOS02000401,2026-10-08T17:00,63.4
TOS02000401,2026-10-08T17:15,63.4
TOS02000401,2026-10-08T17:30,63.4
TOS02000401,2026-10-08T17:45,64.2
TOS02000401,2026-10-08T18:00,66.0
TOS02000401,2026-10-08T18:15,66.0
TOS02000401,2026-10-08T18:30,66.0
TOS02000401,2026-10-08T18:45,66.0
TOS02000401,2026-10-08T19:00,66.0
TOS02000401,2026-10-08T19:15,66.0
TOS02000401,2026-10-08T19:30,66.2
TOS02000401,2026-10-08T19:45,66.2
TOS02000401,2026-10-08T20:00,66.2
TOS02000401,2026-10-08T20:15,66.2
TOS02000401,2026-10-08T20:30,66.2
TOS02000401,2026-10-08T20:45,66.2
TOS02000401,2026-10-08T21:00,66.2
TOS02000401,2026-10-08T21:15,66.2
TOS02000401,2026-10-08T21:30,66.2
TOS02000401,2026-10-08T21:45,66.2
TOS02000401,2026-10-08T22:00,66.6
TOS02000401,2026-10-08T22:15,68.6
TOS02000401,2026-10-08T22:30,68.6
TOS02000401,2026-10-08T22:45,68.6
TOS02000401,2026-10-08T23:00,68.6
TOS02000401,2026-10-08T23:15,68.6
TOS02000401,2026-10-08T23:30,68.6
TOS02000401,2026-10-08T23:45,68.6
TOS02000421,2026-10-08T00:15,0.4
TOS02000421,2026-10-08T00:30,0.8
TOS02000421,2026-10-08T00:45,3.2
TOS02000421,2026-10-08T01:00,4.0
TOS02000421,2026-10-08T01:15,6.8
TOS02000421,2026-10-08T01:30,10.7
TOS02000421,2026-10-08T01:45,11.5
TOS02000421,2026-10-08T02:00,11.7
TOS02000421,2026-10-08T02:15,12.1
TOS02000421,2026-10-08T02:30,12.7
TOS02000421,2026-10-08T02:45,13.5
TOS02000421,2026-10-08T03:00,13.9
TOS02000421,2026-10-08T03:15,14.3
TOS02000421,2026-10-08T03:30,14.7
TOS02000421,2026-10-08T03:45,14.7
TOS02000421,2026-10-08T04:00,14.9
TOS02000421,2026-10-08T04:15,15.3
TOS02000421,2026-10-08T04:30,16.1
TOS02000421,2026-10-08T04:45,16.5
TOS02000421,2026-10-08T05:00,21.9
TOS02000421,2026-10-08T05:15,24.1
TOS02000421,2026-10-08T05:30,25.5
TOS02000421,2026-10-08T05:45,26.5
TOS02000421,2026-10-08T06:00,26.5
TOS02000421,2026-10-08T06:15,26.7
TOS02000421,2026-10-08T06:30,26.7
TOS02000421,2026-10-08T06:45,26.7
TOS02000421,2026-10-08T07:00,26.7
TOS02000421,2026-10-08T07:15,26.7
TOS02000421,2026-10-08T07:30,26.9
TOS02000421,2026-10-08T07:45,26.9
TOS02000421,2026-10-08T08:00,26.9
TOS02000421,2026-10-08T08:15,26.9
TOS02000421,2026-10-08T08:30,26.9
TOS02000421,2026-10-08T08:45,27.5
TOS02000421,2026-10-08T09:00,27.7
TOS02000421,2026-10-08T09:15,27.9
TOS02000421,2026-10-08T09:30,27.9
TOS02000421,2026-10-08T09:45,27.9
TOS02000421,2026-10-08T10:00,27.9
TOS02000421,2026-10-08T10:15,27.9
TOS02000421,2026-10-08T10:30,28.7
TOS02000421,2026-10-08T10:45,29.5
TOS02000421,2026-10-08T11:00,30.7
TOS02000421,2026-10-08T11:15,30.7
TOS02000421,2026-10-08T11:30,30.9
TOS02000421,2026-10-08T11:45,30.9
TOS02000421,2026-10-08T12:00,30.9
TOS02000421,2026-10-08T12:15,30.9
TOS02000421,2026-10-08T12:30,30.9
TOS02000421,2026-10-08T12:45,30.9
TOS02000421,2026-10-08T13:00,31.1
TOS02000421,2026-10-08T13:15,31.1
TOS02000421,2026-10-08T13:30,31.1
TOS02000421,2026-10-08T13:45,31.1
TOS02000421,2026-10-08T14:00,31.1
TOS02000421,2026-10-08T14:15,31.1
TOS02000421,2026-10-08T14:30,31.5
TOS02000421,2026-10-08T14:45,31.5
TOS02000421,2026-10-08T15:00,31.5
TOS02000421,2026-10-08T15:15,31.5
TOS02000421,2026-10-08T15:30,31.5
TOS02000421,2026-10-08T15:45,31.5
TOS02000421,2026-10-08T16:00,31.5
TOS02000421,2026-10-08T16:15,31.5
TOS02000421,2026-10-08T16:30,31.5
TOS02000421,2026-10-08T16:45,32.7
TOS02000421,2026-10-08T17:00,34.5
TOS02000421,2026-10-08T17:15,34.5
TOS02000421,2026-10-08T17:30,34.5
TOS02000421,2026-10-08T17:45,34.9
TOS02000421,2026-10-08T18:00,37.0
TOS02000421,2026-10-08T18:15,37.2
TOS02000421,2026-10-08T18:30,37.2
TOS02000421,2026-10-08T18:45,37.2
TOS02000421,2026-10-08T19:00,37.2
TOS02000421,2026-10-08T19:15,37.2
TOS02000421,2026-10-08T19:30,37.6
TOS02000421,2026-10-08T19:45,37.8
TOS02000421,2026-10-08T20:00,37.8
TOS02000421,2026-10-08T20:15,37.8
TOS02000421,2026-10-08T20:30,37.8
TOS02000421,2026-10-08T20:45,37.8
TOS02000421,2026-10-08T21:00,37.8
TOS02000421,2026-10-08T21:15,38.0
TOS02000421,2026-10-08T21:30,38.0
TOS02000421,2026-10-08T21:45,38.0
TOS02000421,2026-10-08T22:00,38.0
TOS02000421,2026-10-08T22:15,39.4
TOS02000421,2026-10-08T22:30,43.1
TOS02000421,2026-10-08T22:45,43.1
TOS02000421,2026-10-08T23:00,43.3
TOS02000421,2026-10-08T23:15,43.3
TOS02000421,2026-10-08T23:30,43.3
TOS02000421,2026-10-08T23:45,43.3
TOS02000431,2026-10-08T00:05,0.2
TOS02000431,2026-10-08T00:10,0.4
TOS02000431,2026-10-08T00:15,0.8
TOS02000431,2026-10-08T00:20,1.0
TOS02000431,2026-10-08T00:25,1.2
TOS02000431,2026-10-08T00:30,1.2
TOS02000431,2026-10-08T00:35,1.2
TOS02000431,2026-10-08T00:40,1.4
TOS02000431,2026-10-08T00:45,2.6
TOS02000431,2026-10-08T00:50,3.5
TOS02000431,2026-10-08T00:55,4.1
TOS02000431,2026-10-08T01:00,4.9
TOS02000431,2026-10-08T01:05,6.1
TOS02000431,2026-10-08T01:10,7.3
TOS02000431,2026-10-08T01:15,7.9
TOS02000431,2026-10-08T01:20,10.3
TOS02000431,2026-10-08T01:25,12.8
TOS02000431,2026-10-08T01:30,13.2
TOS02000431,2026-10-08T01:35,14.4
TOS02000431,2026-10-08T01:40,18.3
TOS02000431,2026-10-08T01:45,25.1
TOS02000431,2026-10-08T01:50,30.7
TOS02000431,2026-10-08T01:55,32.3
TOS02000431,2026-10-08T02:00,32.3
TOS02000431,2026-10-08T02:05,32.3
TOS02000431,2026-10-08T02:10,32.5
TOS02000431,2026-10-08T02:15,32.9
TOS02000431,2026-10-08T02:20,32.9
TOS02000431,2026-10-08T02:25,34.2
TOS02000431,2026-10-08T02:30,35.2
TOS02000431,2026-10-08T02:35,36.2
TOS02000431,2026-10-08T02:40,36.8
TOS02000431,2026-10-08T02:45,37.8
TOS02000431,2026-10-08T02:50,40.2
TOS02000431,2026-10-08T02:55,40.8
TOS02000431,2026-10-08T03:00,40.8
TOS02000431,2026-10-08T03:05,40.8
TOS02000431,2026-10-08T03:10,41.8
TOS02000431,2026-10-08T03:15,43.5
TOS02000431,2026-10-08T03:20,43.5
TOS02000431,2026-10-08T03:25,43.5
TOS02000431,2026-10-08T03:30,43.7
TOS02000431,2026-10-08T03:35,43.7
TOS02000431,2026-10-08T03:40,43.7
TOS02000431,2026-10-08T03:45,43.7
TOS02000431,2026-10-08T03:50,43.7
TOS02000431,2026-10-08T03:55,44.1
TOS02000431,2026-10-08T04:00,44.3
TOS02000431,2026-10-08T04:05,44.3
TOS02000431,2026-10-08T04:10,44.9
TOS02000431,2026-10-08T04:15,45.5
TOS02000431,2026-10-08T04:20,45.7
TOS02000431,2026-10-08T04:25,46.7
TOS02000431,2026-10-08T04:30,46.9
TOS02000431,2026-10-08T04:35,47.1
TOS02000431,2026-10-08T04:40,48.1
TOS02000431,2026-10-08T04:45,48.7
TOS02000431,2026-10-08T04:50,48.7
TOS02000431,2026-10-08T04:55,48.9
TOS02000431,2026-10-08T05:00,49.9
TOS02000431,2026-10-08T05:05,52.3
TOS02000431,2026-10-08T05:10,53.3
TOS02000431,2026-10-08T05:15,53.7
TOS02000431,2026-10-08T05:20,54.1
TOS02000431,2026-10-08T05:25,54.5
TOS02000431,2026-10-08T05:30,55.1
TOS02000431,2026-10-08T05:35,55.7
TOS02000431,2026-10-08T05:40,56.1
TOS02000431,2026-10-08T05:45,56.1
TOS02000431,2026-10-08T05:50,56.3
TOS02000431,2026-10-08T05:55,56.3
TOS02000431,2026-10-08T06:00,56.3
TOS02000431,2026-10-08T06:05,56.3
TOS02000431,2026-10-08T06:10,56.3
TOS02000431,2026-10-08T06:15,56.3
TOS02000431,2026-10-08T06:20,56.3
TOS02000431,2026-10-08T06:25,56.3
TOS02000431,2026-10-08T06:30,56.3
TOS02000431,2026-10-08T06:35,56.3
TOS02000431,2026-10-08T06:40,56.3
TOS02000431,2026-10-08T06:45,56.3
TOS02000431,2026-10-08T06:50,56.3
TOS02000431,2026-10-08T06:55,56.3
TOS02000431,2026-10-08T07:00,56.3
TOS02000431,2026-10-08T07:05,56.3
TOS02000431,2026-10-08T07:10,56.3
TOS02000431,2026-10-08T07:15,56.3
TOS02000431,2026-10-08T07:20,56.3
TOS02000431,2026-10-08T07:25,56.3
TOS02000431,2026-10-08T07:30,56.3
TOS02000431,2026-10-08T07:35,56.3
TOS02000431,2026-10-08T07:40,56.3
TOS02000431,2026-10-08T07:45,56.3
TOS02000431,2026-10-08T07:50,56.3
TOS02000431,2026-10-08T07:55,56.3
TOS02000431,2026-10-08T08:00,56.3
TOS02000431,2026-10-08T08:05,56.3
TOS02000431,2026-10-08T08:10,56.3
TOS02000431,2026-10-08T08:15,56.3
TOS02000431,2026-10-08T08:20,56.3
TOS02000431,2026-10-08T08:25,56.3
TOS02000431,2026-10-08T08:30,56.3
TOS02000431,2026-10-08T08:35,56.3
TOS02000431,2026-10-08T08:40,56.3
TOS02000431,2026-10-08T08:45,56.3
TOS02000431,2026-10-08T08:50,56.3
TOS02000431,2026-10-08T08:55,56.3
TOS02000431,2026-10-08T09:00,56.5
TOS02000431,2026-10-08T09:05,57.1
TOS02000431,2026-10-08T09:10,57.1
TOS02000431,2026-10-08T09:15,57.1
TOS02000431,2026-10-08T09:20,57.1
TOS02000431,2026-10-08T09:25,57.1
TOS02000431,2026-10-08T09:30,57.1
TOS02000431,2026-10-08T09:35,57.1
TOS02000431,2026-10-08T09:40,57.1
TOS02000431,2026-10-08T09:45,57.1
TOS02000431,2026-10-08T09:50,57.1
TOS02000431,2026-10-08T09:55,57.1
TOS02000431,2026-10-08T10:00,57.1
TOS02000431,2026-10-08T10:05,57.1
TOS02000431,2026-10-08T10:10,57.3
TOS02000431,2026-10-08T10:15,57.3
TOS02000431,2026-10-08T10:20,57.9
TOS02000431,2026-10-08T10:25,58.1
TOS02000431,2026-10-08T10:30,59.4
TOS02000431,2026-10-08T10:35,60.8
TOS02000431,2026-10-08T10:40,61.0
TOS02000431,2026-10-08T10:45,61.8
TOS02000431,2026-10-08T10:50,63.4
TOS02000431,2026-10-08T10:55,64.0
TOS02000431,2026-10-08T11:00,64.2
TOS02000431,2026-10-08T11:05,64.2
TOS02000431,2026-10-08T11:10,64.2
TOS02000431,2026-10-08T11:15,64.4
TOS02000431,2026-10-08T11:20,64.6
TOS02000431,2026-10-08T11:25,64.6
TOS02000431,2026-10-08T11:30,64.6
TOS02000431,2026-10-08T11:35,64.6
TOS02000431,2026-10-08T11:40,64.6
TOS02000431,2026-10-08T11:45,64.6
TOS02000431,2026-10-08T11:50,64.8
TOS02000431,2026-10-08T11:55,64.8
TOS02000431,2026-10-08T12:00,64.8
TOS02000431,2026-10-08T12:05,64.8
TOS02000431,2026-10-08T12:10,64.8
TOS02000431,2026-10-08T12:15,64.8
TOS02000431,2026-10-08T12:20,64.8
TOS02000431,2026-10-08T12:25,64.8
TOS02000431,2026-10-08T12:30,64.8
TOS02000431,2026-10-08T12:35,64.8
TOS02000431,2026-10-08T12:40,64.8
TOS02000431,2026-10-08T12:45,64.8
TOS02000431,2026-10-08T12:50,64.8
TOS02000431,2026-10-08T12:55,64.8
TOS02000431,2026-10-08T13:00,64.8
TOS02000431,2026-10-08T13:05,64.8
TOS02000431,2026-10-08T13:10,64.8
TOS02000431,2026-10-08T13:15,64.8
TOS02000431,2026-10-08T13:20,64.8
TOS02000431,2026-10-08T13:25,64.8
TOS02000431,2026-10-08T13:30,64.8
TOS02000431,2026-10-08T13:35,64.8
TOS02000431,2026-10-08T13:40,64.8
TOS02000431,2026-10-08T13:45,64.8
TOS02000431,2026-10-08T13:50,64.8
TOS02000431,2026-10-08T13:55,64.8
TOS02000431,2026-10-08T14:00,64.8
TOS02000431,2026-10-08T14:05,64.8
TOS02000431,2026-10-08T14:10,65.0
TOS02000431,2026-10-08T14:15,65.0
TOS02000431,2026-10-08T14:20,65.4
TOS02000431,2026-10-08T14:25,65.6
TOS02000431,2026-10-08T14:30,65.8
TOS02000431,2026-10-08T14:35,65.8
TOS02000431,2026-10-08T14:40,66.0
TOS02000431,2026-10-08T14:45,66.0
TOS02000431,2026-10-08T14:50,66.0
TOS02000431,2026-10-08T14:55,66.0
TOS02000431,2026-10-08T15:00,66.0
TOS02000431,2026-10-08T15:05,66.0
TOS02000431,2026-10-08T15:10,66.0
TOS02000431,2026-10-08T15:15,66.0
TOS02000431,2026-10-08T15:20,66.0
TOS02000431,2026-10-08T15:25,66.0
TOS02000431,2026-10-08T15:30,66.2
TOS02000431,2026-10-08T15:35,66.2
TOS02000431,2026-10-08T15:40,66.2
TOS02000431,2026-10-08T15:45,66.2
TOS02000431,2026-10-08T15:50,66.2
TOS02000431,2026-10-08T15:55,66.2
TOS02000431,2026-10-08T16:00,66.2
TOS02000431,2026-10-08T16:05,66.2
TOS02000431,2026-10-08T16:10,66.2
TOS02000431,2026-10-08T16:15,66.2
TOS02000431,2026-10-08T16:20,66.2
TOS02000431,2026-10-08T16:25,66.2
TOS02000431,2026-10-08T16:30,66.2
TOS02000431,2026-10-08T16:35,66.8
TOS02000431,2026-10-08T16:40,69.7
TOS02000431,2026-10-08T16:45,71.9
TOS02000431,2026-10-08T16:50,71.9
TOS02000431,2026-10-08T16:55,71.9
TOS02000431,2026-10-08T17:00,71.9
TOS02000431,2026-10-08T17:05,71.9
TOS02000431,2026-10-08T17:10,71.9
TOS02000431,2026-10-08T17:15,71.9
TOS02000431,2026-10-08T17:20,71.9
TOS02000431,2026-10-08T17:25,71.9
TOS02000431,2026-10-08T17:30,71.9
TOS02000431,2026-10-08T17:35,72.1
TOS02000431,2026-10-08T17:40,72.3
TOS02000431,2026-10-08T17:45,72.5
TOS02000431,2026-10-08T17:50,72.7
TOS02000431,2026-10-08T17:55,73.3
TOS02000431,2026-10-08T18:00,73.3
TOS02000431,2026-10-08T18:05,73.3
TOS02000431,2026-10-08T18:10,73.3
TOS02000431,2026-10-08T18:15,73.3
TOS02000431,2026-10-08T18:20,73.3
TOS02000431,2026-10-08T18:25,73.3
TOS02000431,2026-10-08T18:30,73.3
TOS02000431,2026-10-08T18:35,73.3
TOS02000431,2026-10-08T18:40,73.3
TOS02000431,2026-10-08T18:45,73.3
TOS02000431,2026-10-08T18:50,73.3
TOS02000431,2026-10-08T18:55,73.3
TOS02000431,2026-10-08T19:00,73.3
TOS02000431,2026-10-08T19:05,73.3
TOS02000431,2026-10-08T19:10,73.3
TOS02000431,2026-10-08T19:15,73.3
TOS02000431,2026-10-08T19:20,73.3
TOS02000431,2026-10-08T19:25,73.3
TOS02000431,2026-10-08T19:30,73.3
TOS02000431,2026-10-08T19:35,73.5
TOS02000431,2026-10-08T19:40,73.5
TOS02000431,2026-10-08T19:45,73.5
TOS02000431,2026-10-08T19:50,73.5
TOS02000431,2026-10-08T19:55,73.5
TOS02000431,2026-10-08T20:00,73.5
TOS02000431,2026-10-08T20:05,73.5
TOS02000431,2026-10-08T20:10,73.5
TOS02000431,2026-10-08T20:15,73.5
TOS02000431,2026-10-08T20:20,73.5
TOS02000431,2026-10-08T20:25,73.5
TOS02000431,2026-10-08T20:30,73.5
TOS02000431,2026-10-08T20:35,73.5
TOS02000431,2026-10-08T20:40,73.5
TOS02000431,2026-10-08T20:45,73.5
TOS02000431,2026-10-08T20:50,73.5
TOS02000431,2026-10-08T20:55,73.5
TOS02000431,2026-10-08T21:00,73.5
TOS02000431,2026-10-08T21:05,73.5
TOS02000431,2026-10-08T21:10,73.5
TOS02000431,2026-10-08T21:15,73.5
TOS02000431,2026-10-08T21:20,73.5
TOS02000431,2026-10-08T21:25,73.5
TOS02000431,2026-10-08T21:30,73.5
TOS02000431,2026-10-08T21:35,73.5
TOS02000431,2026-10-08T21:40,73.5
TOS02000431,2026-10-08T21:45,73.5
TOS02000431,2026-10-08T21:50,73.7
TOS02000431,2026-10-08T21:55,73.7
TOS02000431,2026-10-08T22:00,73.7
TOS02000431,2026-10-08T22:05,74.7
TOS02000431,2026-10-08T22:10,76.9
TOS02000431,2026-10-08T22:15,77.8
TOS02000431,2026-10-08T22:20,77.8
TOS02000431,2026-10-08T22:25,77.8
TOS02000431,2026-10-08T22:30,77.8
TOS02000431,2026-10-08T22:35,77.8
TOS02000431,2026-10-08T22:40,77.8
TOS02000431,2026-10-08T22:45,77.8
TOS02000431,2026-10-08T22:50,77.8
TOS02000431,2026-10-08T22:55,77.8
TOS02000431,2026-10-08T23:00,77.8
TOS02000431,2026-10-08T23:05,77.8
TOS02000431,2026-10-08T23:10,77.8
TOS02000431,2026-10-08T23:15,77.8
TOS02000431,2026-10-08T23:20,77.8
TOS02000431,2026-10-08T23:25,77.8
TOS02000431,2026-10-08T23:30,77.8
TOS02000431,2026-10-08T23:35,77.8
TOS02000431,2026-10-08T23:40,77.8
TOS02000431,2026-10-08T23:45,77.8
TOS02000431,2026-10-08T23:50,77.8
TOS02000431,2026-10-08T23:55,77.8
TOS02000441,2026-10-08T00:15,0.2
TOS02000441,2026-10-08T00:30,0.6
TOS02000441,2026-10-08T00:45,1.6
TOS02000441,2026-10-08T01:00,2.4
TOS02000441,2026-10-08T01:15,4.8
TOS02000441,2026-10-08T01:30,4.8
TOS02000441,2026-10-08T01:45,5.0
TOS02000441,2026-10-08T02:00,5.2
TOS02000441,2026-10-08T02:15,5.4
TOS02000441,2026-10-08T02:30,5.6
TOS02000441,2026-10-08T02:45,5.6
TOS02000441,2026-10-08T03:00,5.6
TOS02000441,2026-10-08T03:15,5.6
TOS02000441,2026-10-08T03:30,6.0
TOS02000441,2026-10-08T03:45,6.8
TOS02000441,2026-10-08T04:00,7.0
TOS02000441,2026-10-08T04:15,8.6
TOS02000441,2026-10-08T04:30,8.8
TOS02000441,2026-10-08T04:45,9.4
TOS02000441,2026-10-08T05:00,14.1
TOS02000441,2026-10-08T05:15,17.0
TOS02000441,2026-10-08T05:30,18.4
TOS02000441,2026-10-08T05:45,19.0
TOS02000441,2026-10-08T06:00,19.2
TOS02000441,2026-10-08T06:15,19.2
TOS02000441,2026-10-08T06:30,19.2
TOS02000441,2026-10-08T06:45,19.2
TOS02000441,2026-10-08T07:00,19.2
TOS02000441,2026-10-08T07:15,19.2
TOS02000441,2026-10-08T07:30,19.2
TOS02000441,2026-10-08T07:45,19.2
TOS02000441,2026-10-08T08:00,19.2
TOS02000441,2026-10-08T08:15,19.2
TOS02000441,2026-10-08T08:30,19.2
TOS02000441,2026-10-08T08:45,19.4
TOS02000441,2026-10-08T09:00,19.6
TOS02000441,2026-10-08T09:15,19.6
TOS02000441,2026-10-08T09:30,19.6
TOS02000441,2026-10-08T09:45,19.6
TOS02000441,2026-10-08T10:00,19.6
TOS02000441,2026-10-08T10:15,19.8
TOS02000441,2026-10-08T10:30,20.0
TOS02000441,2026-10-08T10:45,20.4
TOS02000441,2026-10-08T11:00,21.4
TOS02000441,2026-10-08T11:15,21.6
TOS02000441,2026-10-08T11:30,21.8
TOS02000441,2026-10-08T11:45,21.8
TOS02000441,2026-10-08T12:00,22.0
TOS02000441,2026-10-08T12:15,22.0
TOS02000441,2026-10-08T12:30,22.0
TOS02000441,2026-10-08T12:45,22.0
TOS02000441,2026-10-08T13:00,22.0
TOS02000441,2026-10-08T13:15,22.0
TOS02000441,2026-10-08T13:30,22.0
TOS02000441,2026-10-08T13:45,22.4
TOS02000441,2026-10-08T14:00,22.4
TOS02000441,2026-10-08T14:15,22.4
TOS02000441,2026-10-08T14:30,22.4
TOS02000441,2026-10-08T14:45,22.4
TOS02000441,2026-10-08T15:00,22.6
TOS02000441,2026-10-08T15:15,22.6
TOS02000441,2026-10-08T15:30,22.6
TOS02000441,2026-10-08T15:45,22.6
TOS02000441,2026-10-08T16:00,22.6
TOS02000441,2026-10-08T16:15,22.6
TOS02000441,2026-10-08T16:30,22.6
TOS02000441,2026-10-08T16:45,25.0
TOS02000441,2026-10-08T17:00,34.3
TOS02000441,2026-10-08T17:15,34.3
TOS02000441,2026-10-08T17:30,34.3
TOS02000441,2026-10-08T17:45,34.3
TOS02000441,2026-10-08T18:00,34.3
TOS02000441,2026-10-08T18:15,34.7
TOS02000441,2026-10-08T18:30,34.7
TOS02000441,2026-10-08T18:45,34.7
TOS02000441,2026-10-08T19:00,34.7
TOS02000441,2026-10-08T19:15,34.7
TOS02000441,2026-10-08T19:30,35.7
TOS02000441,2026-10-08T19:45,35.7
TOS02000441,2026-10-08T20:00,35.7
TOS02000441,2026-10-08T20:15,35.7
TOS02000441,2026-10-08T20:30,35.7
TOS02000441,2026-10-08T20:45,35.7
TOS02000441,2026-10-08T21:00,35.7
TOS02000441,2026-10-08T21:15,35.7
TOS02000441,2026-10-08T21:30,35.9
TOS02000441,2026-10-08T21:45,35.9
TOS02000441,2026-10-08T22:00,35.9
TOS02000441,2026-10-08T22:15,37.1
TOS02000441,2026-10-08T22:30,39.0
TOS02000441,2026-10-08T22:45,39.0
TOS02000441,2026-10-08T23:00,39.0
TOS02000441,2026-10-08T23:15,39.0
TOS02000441,2026-10-08T23:30,39.0
TOS02000441,2026-10-08T23:45,39.0
TOS02000483,2026-10-08T00:30,5.0
TOS02000483,2026-10-08T00:45,8.0
TOS02000483,2026-10-08T01:00,9.6
TOS02000483,2026-10-08T01:15,10.0
TOS02000483,2026-10-08T01:30,10.8
TOS02000483,2026-10-08T01:45,11.0
TOS02000483,2026-10-08T02:00,11.8
TOS02000483,2026-10-08T02:15,12.8
TOS02000483,2026-10-08T02:30,15.0
TOS02000483,2026-10-08T02:45,18.2
TOS02000483,2026-10-08T03:00,26.0
TOS02000483,2026-10-08T03:15,26.6
TOS02000483,2026-10-08T03:30,26.8
TOS02000483,2026-10-08T03:45,27.4
TOS02000483,2026-10-08T04:00,27.8
TOS02000483,2026-10-08T04:15,28.8
TOS02000483,2026-10-08T04:30,32.2
TOS02000483,2026-10-08T04:45,36.2
TOS02000483,2026-10-08T05:00,36.8
TOS02000483,2026-10-08T05:15,37.0
TOS02000483,2026-10-08T05:30,37.0
TOS02000483,2026-10-08T05:45,37.0
TOS02000483,2026-10-08T06:00,37.0
TOS02000483,2026-10-08T06:15,37.0
TOS02000483,2026-10-08T06:30,37.0
TOS02000483,2026-10-08T06:45,37.0
TOS02000483,2026-10-08T07:00,37.0
TOS02000483,2026-10-08T07:15,37.0
TOS02000483,2026-10-08T07:30,37.0
TOS02000483,2026-10-08T07:45,37.0
TOS02000483,2026-10-08T08:00,37.0
TOS02000483,2026-10-08T08:15,37.0
TOS02000483,2026-10-08T08:30,37.0
TOS02000483,2026-10-08T08:45,37.0
TOS02000483,2026-10-08T09:00,37.0
TOS02000483,2026-10-08T09:15,37.0
TOS02000483,2026-10-08T09:30,37.0
TOS02000483,2026-10-08T09:45,37.2
TOS02000483,2026-10-08T10:00,38.4
TOS02000483,2026-10-08T10:15,39.8
TOS02000483,2026-10-08T10:30,39.8
TOS02000483,2026-10-08T10:45,40.2
TOS02000483,2026-10-08T11:00,40.2
TOS02000483,2026-10-08T11:15,40.4
TOS02000483,2026-10-08T11:30,41.8
TOS02000483,2026-10-08T11:45,41.8
TOS02000483,2026-10-08T12:00,41.8
TOS02000483,2026-10-08T12:15,41.8
TOS02000483,2026-10-08T12:30,43.4
TOS02000483,2026-10-08T12:45,43.6
TOS02000483,2026-10-08T13:00,43.6
TOS02000483,2026-10-08T13:15,43.6
TOS02000483,2026-10-08T13:30,43.6
TOS02000483,2026-10-08T13:45,43.6
TOS02000483,2026-10-08T14:00,43.6
TOS02000483,2026-10-08T14:15,43.6
TOS02000483,2026-10-08T14:30,44.2
TOS02000483,2026-10-08T14:45,44.4
TOS02000483,2026-10-08T15:00,44.4
TOS02000483,2026-10-08T15:15,44.4
TOS02000483,2026-10-08T15:30,44.4
TOS02000483,2026-10-08T15:45,44.4
TOS02000483,2026-10-08T16:00,46.4
TOS02000483,2026-10-08T16:15,46.4
TOS02000483,2026-10-08T16:30,46.4
TOS02000483,2026-10-08T16:45,46.4
TOS02000483,2026-10-08T17:00,46.4
TOS02000483,2026-10-08T17:15,49.0
TOS02000483,2026-10-08T17:30,49.0
TOS02000483,2026-10-08T17:45,49.0
TOS02000483,2026-10-08T18:00,49.0
TOS02000483,2026-10-08T18:15,49.0
TOS02000483,2026-10-08T18:30,49.0
TOS02000483,2026-10-08T18:45,49.0
TOS02000483,2026-10-08T19:00,49.0
TOS02000483,2026-10-08T19:15,49.0
TOS02000483,2026-10-08T19:30,49.0
TOS02000483,2026-10-08T19:45,49.0
TOS02000483,2026-10-08T20:00,49.0
TOS02000483,2026-10-08T20:15,49.0
TOS02000483,2026-10-08T20:30,49.0
TOS02000483,2026-10-08T20:45,49.0
TOS02000483,2026-10-08T21:00,49.0
TOS02000483,2026-10-08T21:15,49.0
TOS02000483,2026-10-08T21:30,49.2
TOS02000483,2026-10-08T21:45,49.2
TOS02000483,2026-10-08T22:00,49.2
TOS02000483,2026-10-08T22:15,49.2
TOS02000483,2026-10-08T22:30,49.6
TOS02000483,2026-10-08T22:45,49.6
TOS02000483,2026-10-08T23:00,50.0
TOS02000483,2026-10-08T23:15,50.0
TOS02000483,2026-10-08T23:30,50.4
TOS02000483,2026-10-08T23:45,50.6
TOS02000494,2026-10-08T00:15,1.0
TOS02000494,2026-10-08T00:30,3.9
TOS02000494,2026-10-08T00:45,6.1
TOS02000494,2026-10-08T01:00,9.0
TOS02000494,2026-10-08T01:15,9.6
TOS02000494,2026-10-08T01:30,9.6
TOS02000494,2026-10-08T01:45,9.8
TOS02000494,2026-10-08T02:00,11.0
TOS02000494,2026-10-08T02:15,11.2
TOS02000494,2026-10-08T02:30,11.8
TOS02000494,2026-10-08T02:45,14.4
TOS02000494,2026-10-08T03:00,14.8
TOS02000494,2026-10-08T03:15,15.2
TOS02000494,2026-10-08T03:30,15.4
TOS02000494,2026-10-08T03:45,15.8
TOS02000494,2026-10-08T04:00,16.0
TOS02000494,2026-10-08T04:15,16.4
TOS02000494,2026-10-08T04:30,25.0
TOS02000494,2026-10-08T04:45,26.2
TOS02000494,2026-10-08T05:00,26.6
TOS02000494,2026-10-08T05:15,26.6
TOS02000494,2026-10-08T05:30,26.8
TOS02000494,2026-10-08T05:45,26.8
TOS02000494,2026-10-08T06:00,26.8
TOS02000494,2026-10-08T06:15,26.8
TOS02000494,2026-10-08T06:30,26.8
TOS02000494,2026-10-08T06:45,26.8
TOS02000494,2026-10-08T07:00,26.8
TOS02000494,2026-10-08T07:15,26.8
TOS02000494,2026-10-08T07:30,26.8
TOS02000494,2026-10-08T07:45,26.8
TOS02000494,2026-10-08T08:00,26.8
TOS02000494,2026-10-08T08:15,26.8
TOS02000494,2026-10-08T08:30,26.8
TOS02000494,2026-10-08T08:45,26.8
TOS02000494,2026-10-08T09:00,26.8
TOS02000494,2026-10-08T09:15,26.8
TOS02000494,2026-10-08T09:30,26.8
TOS02000494,2026-10-08T09:45,27.2
TOS02000494,2026-10-08T10:00,28.0
TOS02000494,2026-10-08T10:15,29.0
TOS02000494,2026-10-08T10:30,29.0
TOS02000494,2026-10-08T10:45,29.0
TOS02000494,2026-10-08T11:00,29.0
TOS02000494,2026-10-08T11:15,33.1
TOS02000494,2026-10-08T11:30,33.5
TOS02000494,2026-10-08T11:45,33.7
TOS02000494,2026-10-08T12:00,33.7
TOS02000494,2026-10-08T12:15,34.3
TOS02000494,2026-10-08T12:30,34.3
TOS02000494,2026-10-08T12:45,34.3
TOS02000494,2026-10-08T13:00,34.3
TOS02000494,2026-10-08T13:15,34.3
TOS02000494,2026-10-08T13:30,34.3
TOS02000494,2026-10-08T13:45,34.3
TOS02000494,2026-10-08T14:00,34.3
TOS02000494,2026-10-08T14:15,34.3
TOS02000494,2026-10-08T14:30,34.3
TOS02000494,2026-10-08T14:45,34.3
TOS02000494,2026-10-08T15:00,34.3
TOS02000494,2026-10-08T15:15,34.3
TOS02000494,2026-10-08T15:30,34.3
TOS02000494,2026-10-08T15:45,35.2
TOS02000494,2026-10-08T16:00,35.6
TOS02000494,2026-10-08T16:15,35.6
TOS02000494,2026-10-08T16:30,35.6
TOS02000494,2026-10-08T16:45,35.6
TOS02000494,2026-10-08T17:00,35.6
TOS02000494,2026-10-08T17:15,35.6
TOS02000494,2026-10-08T17:30,35.6
TOS02000494,2026-10-08T17:45,35.6
TOS02000494,2026-10-08T18:00,35.6
TOS02000494,2026-10-08T18:15,35.6
TOS02000494,2026-10-08T18:30,35.6
TOS02000494,2026-10-08T18:45,35.6
TOS02000494,2026-10-08T19:00,35.6
TOS02000494,2026-10-08T19:15,35.6
TOS02000494,2026-10-08T19:30,35.6
TOS02000494,2026-10-08T19:45,35.6
TOS02000494,2026-10-08T20:00,35.6
TOS02000494,2026-10-08T20:15,35.6
TOS02000494,2026-10-08T20:30,35.6
TOS02000494,2026-10-08T20:45,35.6
TOS02000494,2026-10-08T21:00,35.6
TOS02000494,2026-10-08T21:15,35.6
TOS02000494,2026-10-08T21:30,35.6
TOS02000494,2026-10-08T21:45,35.6
TOS02000494,2026-10-08T22:00,35.6
TOS02000494,2026-10-08T22:15,35.6
TOS02000494,2026-10-08T22:30,35.6
TOS02000494,2026-10-08T22:45,35.8
TOS02000494,2026-10-08T23:00,36.2
TOS02000494,2026-10-08T23:15,36.8
TOS02000494,2026-10-08T23:30,37.2
TOS02000494,2026-10-08T23:45,37.4
TOS02000515,2026-10-08T00:15,3.8
TOS02000515,2026-10-08T00:30,4.2
TOS02000515,2026-10-08T00:45,4.2
TOS02000515,2026-10-08T01:00,4.4
TOS02000515,2026-10-08T01:15,4.6
TOS02000515,2026-10-08T01:30,6.3
TOS02000515,2026-10-08T01:45,7.9
TOS02000515,2026-10-08T02:00,7.9
TOS02000515,2026-10-08T02:15,8.5
TOS02000515,2026-10-08T02:30,8.9
TOS02000515,2026-10-08T02:45,8.9
TOS02000515,2026-10-08T03:00,8.9
TOS02000515,2026-10-08T03:15,8.9
TOS02000515,2026-10-08T03:30,8.9
TOS02000515,2026-10-08T03:45,9.1
TOS02000515,2026-10-08T04:00,9.3
TOS02000515,2026-10-08T04:15,9.7
TOS02000515,2026-10-08T04:30,20.4
TOS02000515,2026-10-08T04:45,21.2
TOS02000515,2026-10-08T05:00,21.6
TOS02000515,2026-10-08T05:15,21.6
TOS02000515,2026-10-08T05:30,21.6
TOS02000515,2026-10-08T05:45,21.6
TOS02000515,2026-10-08T06:00,21.6
TOS02000515,2026-10-08T06:15,21.6
TOS02000515,2026-10-08T06:30,21.6
TOS02000515,2026-10-08T06:45,21.6
TOS02000515,2026-10-08T07:00,21.6
TOS02000515,2026-10-08T07:15,21.6
TOS02000515,2026-10-08T07:30,21.8
TOS02000515,2026-10-08T07:45,21.8
TOS02000515,2026-10-08T08:00,21.8
TOS02000515,2026-10-08T08:15,21.8
TOS02000515,2026-10-08T08:30,21.8
TOS02000515,2026-10-08T08:45,21.8
TOS02000515,2026-10-08T09:00,21.8
TOS02000515,2026-10-08T09:15,21.8
TOS02000515,2026-10-08T09:30,21.8
TOS02000515,2026-10-08T09:45,21.8
TOS02000515,2026-10-08T10:00,25.5
TOS02000515,2026-10-08T10:15,30.2
TOS02000515,2026-10-08T10:30,30.4
TOS02000515,2026-10-08T10:45,30.8
TOS02000515,2026-10-08T11:00,30.8
TOS02000515,2026-10-08T11:15,30.8
TOS02000515,2026-10-08T11:30,31.0
TOS02000515,2026-10-08T11:45,31.0
TOS02000515,2026-10-08T12:00,31.0
TOS02000515,2026-10-08T12:15,31.0
TOS02000515,2026-10-08T12:30,31.0
TOS02000515,2026-10-08T12:45,31.0
TOS02000515,2026-10-08T13:00,31.0
TOS02000515,2026-10-08T13:15,31.0
TOS02000515,2026-10-08T13:30,31.0
TOS02000515,2026-10-08T13:45,31.0
TOS02000515,2026-10-08T14:00,31.0
TOS02000515,2026-10-08T14:15,31.0
TOS02000515,2026-10-08T14:30,31.0
TOS02000515,2026-10-08T14:45,31.0
TOS02000515,2026-10-08T15:00,31.0
TOS02000515,2026-10-08T15:15,31.0
TOS02000515,2026-10-08T15:30,31.0
TOS02000515,2026-10-08T15:45,31.0
TOS02000515,2026-10-08T16:00,31.0
TOS02000515,2026-10-08T16:15,31.0
TOS02000515,2026-10-08T16:30,31.0
TOS02000515,2026-10-08T16:45,31.0
TOS02000515,2026-10-08T17:00,31.0
TOS02000515,2026-10-08T17:15,31.0
TOS02000515,2026-10-08T17:30,31.0
TOS02000515,2026-10-08T17:45,31.0
TOS02000515,2026-10-08T18:00,31.0
TOS02000515,2026-10-08T18:15,31.0
TOS02000515,2026-10-08T18:30,31.0
TOS02000515,2026-10-08T18:45,31.0
TOS02000515,2026-10-08T19:00,31.0
TOS02000515,2026-10-08T19:15,31.0
TOS02000515,2026-10-08T19:30,31.0
TOS02000515,2026-10-08T19:45,31.0
TOS02000515,2026-10-08T20:00,31.0
TOS02000515,2026-10-08T20:15,31.0
TOS02000515,2026-10-08T20:30,31.0
TOS02000515,2026-10-08T20:45,31.0
TOS02000515,2026-10-08T21:00,31.0
TOS02000515,2026-10-08T21:15,31.0
TOS02000515,2026-10-08T21:30,31.0
TOS02000515,2026-10-08T21:45,31.0
TOS02000515,2026-10-08T22:00,31.0
TOS02000515,2026-10-08T22:15,31.0
TOS02000515,2026-10-08T22:30,31.0
TOS02000515,2026-10-08T22:45,31.0
TOS02000515,2026-10-08T23:00,31.2
TOS02000515,2026-10-08T23:15,31.8
TOS02000515,2026-10-08T23:30,31.8
TOS02000515,2026-10-08T23:45,31.8
TOS02004011,2026-10-08T00:05,0.2
TOS02004011,2026-10-08T00:10,0.2
TOS02004011,2026-10-08T00:15,0.2
TOS02004011,2026-10-08T00:20,0.4
TOS02004011,2026-10-08T00:25,2.4
TOS02004011,2026-10-08T00:30,5.5
TOS02004011,2026-10-08T00:35,6.3
TOS02004011,2026-10-08T00:40,6.3
TOS02004011,2026-10-08T00:45,6.3
TOS02004011,2026-10-08T00:50,6.3
TOS02004011,2026-10-08T00:55,6.3
TOS02004011,2026-10-08T01:00,6.3
TOS02004011,2026-10-08T01:05,6.3
TOS02004011,2026-10-08T01:10,6.3
TOS02004011,2026-10-08T01:15,7.8
TOS02004011,2026-10-08T01:20,8.2
TOS02004011,2026-10-08T01:25,8.2
TOS02004011,2026-10-08T01:30,8.2
TOS02004011,2026-10-08T01:35,8.2
TOS02004011,2026-10-08T01:40,8.2
TOS02004011,2026-10-08T01:45,8.2
TOS02004011,2026-10-08T01:50,8.2
TOS02004011,2026-10-08T01:55,8.2
TOS02004011,2026-10-08T02:00,8.2
TOS02004011,2026-10-08T02:05,8.2
TOS02004011,2026-10-08T02:10,8.2
TOS02004011,2026-10-08T02:15,8.2
TOS02004011,2026-10-08T02:20,8.4
TOS02004011,2026-10-08T02:25,8.4
TOS02004011,2026-10-08T02:30,8.4
TOS02004011,2026-10-08T02:35,8.4
TOS02004011,2026-10-08T02:40,8.4
TOS02004011,2026-10-08T02:45,8.4
TOS02004011,2026-10-08T02:50,8.4
TOS02004011,2026-10-08T02:55,8.4
TOS02004011,2026-10-08T03:00,8.4
TOS02004011,2026-10-08T03:05,8.4
TOS02004011,2026-10-08T03:10,8.4
TOS02004011,2026-10-08T03:15,8.4
TOS02004011,2026-10-08T03:20,8.4
TOS02004011,2026-10-08T03:25,8.4
TOS02004011,2026-10-08T03:30,8.4
TOS02004011,2026-10-08T03:35,8.4
TOS02004011,2026-10-08T03:40,8.4
TOS02004011,2026-10-08T03:45,8.6
TOS02004011,2026-10-08T03:50,8.6
TOS02004011,2026-10-08T03:55,9.0
TOS02004011,2026-10-08T04:00,9.2
TOS02004011,2026-10-08T04:05,9.4
TOS02004011,2026-10-08T04:10,9.6
TOS02004011,2026-10-08T04:15,9.8
TOS02004011,2026-10-08T04:20,10.2
TOS02004011,2026-10-08T04:25,16.7
TOS02004011,2026-10-08T04:30,17.9
TOS02004011,2026-10-08T04:35,18.3
TOS02004011,2026-10-08T04:40,18.9
TOS02004011,2026-10-08T04:45,19.5
TOS02004011,2026-10-08T04:50,20.1
TOS02004011,2026-10-08T04:55,20.3
TOS02004011,2026-10-08T05:00,20.3
TOS02004011,2026-10-08T05:05,20.3
TOS02004011,2026-10-08T05:10,20.3
TOS02004011,2026-10-08T05:15,20.3
TOS02004011,2026-10-08T05:20,20.3
TOS02004011,2026-10-08T05:25,20.3
TOS02004011,2026-10-08T05:30,20.3
TOS02004011,2026-10-08T05:35,20.3
TOS02004011,2026-10-08T05:40,20.3
TOS02004011,2026-10-08T05:45,20.5
TOS02004011,2026-10-08T05:50,20.5
TOS02004011,2026-10-08T05:55,20.5
TOS02004011,2026-10-08T06:00,20.5
TOS02004011,2026-10-08T06:05,20.5
TOS02004011,2026-10-08T06:10,20.5
TOS02004011,2026-10-08T06:15,20.5
TOS02004011,2026-10-08T06:20,20.7
TOS02004011,2026-10-08T06:25,20.7
TOS02004011,2026-10-08T06:30,20.7
TOS02004011,2026-10-08T06:35,20.7
TOS02004011,2026-10-08T06:40,20.7
TOS02004011,2026-10-08T06:45,20.7
TOS02004011,2026-10-08T06:50,20.7
TOS02004011,2026-10-08T06:55,20.7
TOS02004011,2026-10-08T07:00,20.7
TOS02004011,2026-10-08T07:05,20.7
TOS02004011,2026-10-08T07:10,20.7
TOS02004011,2026-10-08T07:15,20.7
TOS02004011,2026-10-08T07:20,20.7
TOS02004011,2026-10-08T07:25,20.7
TOS02004011,2026-10-08T07:30,20.7
TOS02004011,2026-10-08T07:35,20.7
TOS02004011,2026-10-08T07:40,20.7
TOS02004011,2026-10-08T07:45,20.7
TOS02004011,2026-10-08T07:50,20.7
TOS02004011,2026-10-08T07:55,20.7
TOS02004011,2026-10-08T08:00,20.7
TOS02004011,2026-10-08T08:05,20.7
TOS02004011,2026-10-08T08:10,21.1
TOS02004011,2026-10-08T08:15,21.3
TOS02004011,2026-10-08T08:20,21.3
TOS02004011,2026-10-08T08:25,21.3
TOS02004011,2026-10-08T08:30,21.3
TOS02004011,2026-10-08T08:35,21.3
TOS02004011,2026-10-08T08:40,21.3
TOS02004011,2026-10-08T08:45,21.3
TOS02004011,2026-10-08T08:50,21.3
TOS02004011,2026-10-08T08:55,21.3
TOS02004011,2026-10-08T09:00,21.3
TOS02004011,2026-10-08T09:05,21.3
TOS02004011,2026-10-08T09:10,21.5
TOS02004011,2026-10-08T09:15,21.9
TOS02004011,2026-10-08T09:20,22.3
TOS02004011,2026-10-08T09:25,22.3
TOS02004011,2026-10-08T09:30,22.5
TOS02004011,2026-10-08T09:35,22.9
TOS02004011,2026-10-08T09:40,22.9
TOS02004011,2026-10-08T09:45,22.9
TOS02004011,2026-10-08T09:50,22.9
TOS02004011,2026-10-08T09:55,22.9
TOS02004011,2026-10-08T10:00,22.9
TOS02004011,2026-10-08T10:05,22.9
TOS02004011,2026-10-08T10:10,22.9
TOS02004011,2026-10-08T10:15,22.9
TOS02004011,2026-10-08T10:20,22.9
TOS02004011,2026-10-08T10:25,22.9
TOS02004011,2026-10-08T10:30,22.9
TOS02004011,2026-10-08T10:35,22.9
TOS02004011,2026-10-08T10:40,22.9
TOS02004011,2026-10-08T10:45,22.9
TOS02004011,2026-10-08T10:50,22.9
TOS02004011,2026-10-08T10:55,22.9
TOS02004011,2026-10-08T11:00,22.9
TOS02004011,2026-10-08T11:05,22.9
TOS02004011,2026-10-08T11:10,22.9
TOS02004011,2026-10-08T11:15,22.9
TOS02004011,2026-10-08T11:20,22.9
TOS02004011,2026-10-08T11:25,22.9
TOS02004011,2026-10-08T11:30,22.9
TOS02004011,2026-10-08T11:35,22.9
TOS02004011,2026-10-08T11:40,22.9
TOS02004011,2026-10-08T11:45,22.9
TOS02004011,2026-10-08T11:50,22.9
TOS02004011,2026-10-08T11:55,22.9
TOS02004011,2026-10-08T12:00,22.9
TOS02004011,2026-10-08T12:05,22.9
TOS02004011,2026-10-08T12:10,22.9
TOS02004011,2026-10-08T12:15,23.5
TOS02004011,2026-10-08T12:20,23.5
TOS02004011,2026-10-08T12:25,23.5
TOS02004011,2026-10-08T12:30,23.5
TOS02004011,2026-10-08T12:35,23.5
TOS02004011,2026-10-08T12:40,23.7
TOS02004011,2026-10-08T12:45,24.9
TOS02004011,2026-10-08T12:50,26.1
TOS02004011,2026-10-08T12:55,27.5
TOS02004011,2026-10-08T13:00,27.9
TOS02004011,2026-10-08T13:05,27.9
TOS02004011,2026-10-08T13:10,27.9
TOS02004011,2026-10-08T13:15,27.9
TOS02004011,2026-10-08T13:20,27.9
TOS02004011,2026-10-08T13:25,27.9
TOS02004011,2026-10-08T13:30,28.5
TOS02004011,2026-10-08T13:35,28.7
TOS02004011,2026-10-08T13:40,28.7
TOS02004011,2026-10-08T13:45,28.7
TOS02004011,2026-10-08T13:50,28.7
TOS02004011,2026-10-08T13:55,28.7
TOS02004011,2026-10-08T14:00,28.7
TOS02004011,2026-10-08T14:05,28.7
TOS02004011,2026-10-08T14:10,28.7
TOS02004011,2026-10-08T14:15,28.7
TOS02004011,2026-10-08T14:20,28.7
TOS02004011,2026-10-08T14:25,28.7
TOS02004011,2026-10-08T14:30,28.7
TOS02004011,2026-10-08T14:35,28.7
TOS02004011,2026-10-08T14:40,28.7
TOS02004011,2026-10-08T14:45,28.7
TOS02004011,2026-10-08T14:50,28.7
TOS02004011,2026-10-08T14:55,28.7
TOS02004011,2026-10-08T15:00,28.7
TOS02004011,2026-10-08T15:05,28.7
TOS02004011,2026-10-08T15:10,28.7
TOS02004011,2026-10-08T15:15,28.7
TOS02004011,2026-10-08T15:20,28.7
TOS02004011,2026-10-08T15:25,28.7
TOS02004011,2026-10-08T15:30,28.7
TOS02004011,2026-10-08T15:35,28.7
TOS02004011,2026-10-08T15:40,28.7
TOS02004011,2026-10-08T15:45,29.4
TOS02004011,2026-10-08T15:50,29.6
TOS02004011,2026-10-08T15:55,29.6
TOS02004011,2026-10-08T16:00,29.6
TOS02004011,2026-10-08T16:05,29.6
TOS02004011,2026-10-08T16:10,29.6
TOS02004011,2026-10-08T16:15,29.6
TOS02004011,2026-10-08T16:20,29.6
TOS02004011,2026-10-08T16:25,29.6
TOS02004011,2026-10-08T16:30,30.0
TOS02004011,2026-10-08T16:35,33.5
TOS02004011,2026-10-08T16:40,38.6
TOS02004011,2026-10-08T16:45,38.8
TOS02004011,2026-10-08T16:50,41.7
TOS02004011,2026-10-08T16:55,42.7
TOS02004011,2026-10-08T17:00,42.7
TOS02004011,2026-10-08T17:05,42.7
TOS02004011,2026-10-08T17:10,42.7
TOS02004011,2026-10-08T17:15,42.7
TOS02004011,2026-10-08T17:20,42.7
TOS02004011,2026-10-08T17:25,42.7
TOS02004011,2026-10-08T17:30,42.7
TOS02004011,2026-10-08T17:35,42.7
TOS02004011,2026-10-08T17:40,42.7
TOS02004011,2026-10-08T17:45,42.7
TOS02004011,2026-10-08T17:50,42.7
TOS02004011,2026-10-08T17:55,42.7
TOS02004011,2026-10-08T18:00,42.7
TOS02004011,2026-10-08T18:05,42.7
TOS02004011,2026-10-08T18:10,42.9
TOS02004011,2026-10-08T18:15,43.1
TOS02004011,2026-10-08T18:20,43.1
TOS02004011,2026-10-08T18:25,43.1
TOS02004011,2026-10-08T18:30,43.1
TOS02004011,2026-10-08T18:35,43.1
TOS02004011,2026-10-08T18:40,43.1
TOS02004011,2026-10-08T18:45,43.1
TOS02004011,2026-10-08T18:50,43.1
TOS02004011,2026-10-08T18:55,43.1
TOS02004011,2026-10-08T19:00,43.1
TOS02004011,2026-10-08T19:05,43.1
TOS02004011,2026-10-08T19:10,43.1
TOS02004011,2026-10-08T19:15,43.1
TOS02004011,2026-10-08T19:20,43.1
TOS02004011,2026-10-08T19:25,43.1
TOS02004011,2026-10-08T19:30,43.1
TOS02004011,2026-10-08T19:35,43.1
TOS02004011,2026-10-08T19:40,43.1
TOS02004011,2026-10-08T19:45,43.1
TOS02004011,2026-10-08T19:50,43.1
TOS02004011,2026-10-08T19:55,43.3
TOS02004011,2026-10-08T20:00,43.3
TOS02004011,2026-10-08T20:05,43.5
TOS02004011,2026-10-08T20:10,44.7
TOS02004011,2026-10-08T20:15,45.3
TOS02004011,2026-10-08T20:20,45.3
TOS02004011,2026-10-08T20:25,45.3
TOS02004011,2026-10-08T20:30,45.3
TOS02004011,2026-10-08T20:35,45.5
TOS02004011,2026-10-08T20:40,45.5
TOS02004011,2026-10-08T20:45,45.5
TOS02004011,2026-10-08T20:50,45.5
TOS02004011,2026-10-08T20:55,45.5
TOS02004011,2026-10-08T21:00,45.5
TOS02004011,2026-10-08T21:05,45.5
TOS02004011,2026-10-08T21:10,45.5
TOS02004011,2026-10-08T21:15,45.5
TOS02004011,2026-10-08T21:20,45.5
TOS02004011,2026-10-08T21:25,45.5
TOS02004011,2026-10-08T21:30,45.5
TOS02004011,2026-10-08T21:35,45.5
TOS02004011,2026-10-08T21:40,45.5
TOS02004011,2026-10-08T21:45,45.5
TOS02004011,2026-10-08T21:50,45.5
TOS02004011,2026-10-08T21:55,45.5
TOS02004011,2026-10-08T22:00,45.5
TOS02004011,2026-10-08T22:05,45.5
TOS02004011,2026-10-08T22:10,45.5
TOS02004011,2026-10-08T22:15,45.5
TOS02004011,2026-10-08T22:20,45.5
TOS02004011,2026-10-08T22:25,45.5
TOS02004011,2026-10-08T22:30,45.5
TOS02004011,2026-10-08T22:35,45.9
TOS02004011,2026-10-08T22:40,45.9
TOS02004011,2026-10-08T22:45,45.9
TOS02004011,2026-10-08T22:50,45.9
TOS02004011,2026-10-08T22:55,45.9
TOS02004011,2026-10-08T23:00,45.9
TOS02004011,2026-10-08T23:05,45.9
TOS02004011,2026-10-08T23:10,45.9
TOS02004011,2026-10-08T23:15,45.9
TOS02004011,2026-10-08T23:20,45.9
TOS02004011,2026-10-08T23:25,45.9
TOS02004011,2026-10-08T23:30,45.9
TOS02004011,2026-10-08T23:35,45.9
TOS02004011,2026-10-08T23:40,45.9
TOS02004011,2026-10-08T23:45,45.9
TOS02004011,2026-10-08T23:50,45.9
TOS02004011,2026-10-08T23:55,45.9
TOS02004045,2026-10-08T00:05,4.0
TOS02004045,2026-10-08T00:10,8.1
TOS02004045,2026-10-08T00:15,10.0
TOS02004045,2026-10-08T00:20,10.6
TOS02004045,2026-10-08T00:25,10.6
TOS02004045,2026-10-08T00:30,11.2
TOS02004045,2026-10-08T00:35,11.8
TOS02004045,2026-10-08T00:40,12.4
TOS02004045,2026-10-08T00:45,15.9
TOS02004045,2026-10-08T00:50,20.5
TOS02004045,2026-10-08T00:55,24.2
TOS02004045,2026-10-08T01:00,24.8
TOS02004045,2026-10-08T01:05,24.8
TOS02004045,2026-10-08T01:10,24.8
TOS02004045,2026-10-08T01:15,24.8
TOS02004045,2026-10-08T01:20,24.8
TOS02004045,2026-10-08T01:25,24.8
TOS02004045,2026-10-08T01:30,24.8
TOS02004045,2026-10-08T01:35,24.8
TOS02004045,2026-10-08T01:40,24.8
TOS02004045,2026-10-08T01:45,25.0
TOS02004045,2026-10-08T01:50,25.0
TOS02004045,2026-10-08T01:55,25.4
TOS02004045,2026-10-08T02:00,25.6
TOS02004045,2026-10-08T02:05,25.6
TOS02004045,2026-10-08T02:10,25.6
TOS02004045,2026-10-08T02:15,25.6
TOS02004045,2026-10-08T02:20,25.6
TOS02004045,2026-10-08T02:25,25.6
TOS02004045,2026-10-08T02:30,25.6
TOS02004045,2026-10-08T02:35,25.6
TOS02004045,2026-10-08T02:40,25.6
TOS02004045,2026-10-08T02:45,25.6
TOS02004045,2026-10-08T02:50,25.6
TOS02004045,2026-10-08T02:55,25.6
TOS02004045,2026-10-08T03:00,25.6
TOS02004045,2026-10-08T03:05,25.8
TOS02004045,2026-10-08T03:10,25.8
TOS02004045,2026-10-08T03:15,25.8
TOS02004045,2026-10-08T03:20,26.2
TOS02004045,2026-10-08T03:25,29.3
TOS02004045,2026-10-08T03:30,36.4
TOS02004045,2026-10-08T03:35,38.1
TOS02004045,2026-10-08T03:40,38.7
TOS02004045,2026-10-08T03:45,38.9
TOS02004045,2026-10-08T03:50,39.9
TOS02004045,2026-10-08T03:55,43.0
TOS02004045,2026-10-08T04:00,43.6
TOS02004045,2026-10-08T04:05,43.8
TOS02004045,2026-10-08T04:10,44.6
TOS02004045,2026-10-08T04:15,45.0
TOS02004045,2026-10-08T04:20,45.8
TOS02004045,2026-10-08T04:25,46.2
TOS02004045,2026-10-08T04:30,46.2
TOS02004045,2026-10-08T04:35,46.4
TOS02004045,2026-10-08T04:40,46.6
TOS02004045,2026-10-08T04:45,47.0
TOS02004045,2026-10-08T04:50,47.2
TOS02004045,2026-10-08T04:55,47.2
TOS02004045,2026-10-08T05:00,47.2
TOS02004045,2026-10-08T05:05,47.2
TOS02004045,2026-10-08T05:10,47.2
TOS02004045,2026-10-08T05:15,47.2
TOS02004045,2026-10-08T05:20,47.2
TOS02004045,2026-10-08T05:25,47.2
TOS02004045,2026-10-08T05:30,47.2
TOS02004045,2026-10-08T05:35,47.2
TOS02004045,2026-10-08T05:40,47.2
TOS02004045,2026-10-08T05:45,47.2
TOS02004045,2026-10-08T05:50,47.2
TOS02004045,2026-10-08T05:55,47.2
TOS02004045,2026-10-08T06:00,47.2
TOS02004045,2026-10-08T06:05,47.2
TOS02004045,2026-10-08T06:10,47.2
TOS02004045,2026-10-08T06:15,47.2
TOS02004045,2026-10-08T06:20,47.2
TOS02004045,2026-10-08T06:25,47.2
TOS02004045,2026-10-08T06:30,47.2
TOS02004045,2026-10-08T06:35,47.2
TOS02004045,2026-10-08T06:40,47.2
TOS02004045,2026-10-08T06:45,47.2
TOS02004045,2026-10-08T06:50,47.2
TOS02004045,2026-10-08T06:55,47.2
TOS02004045,2026-10-08T07:00,47.2
TOS02004045,2026-10-08T07:05,47.2
TOS02004045,2026-10-08T07:10,47.2
TOS02004045,2026-10-08T07:15,47.2
TOS02004045,2026-10-08T07:20,47.2
TOS02004045,2026-10-08T07:25,47.2
TOS02004045,2026-10-08T07:30,47.2
TOS02004045,2026-10-08T07:35,47.2
TOS02004045,2026-10-08T07:40,47.2
TOS02004045,2026-10-08T07:45,47.2
TOS02004045,2026-10-08T07:50,47.2
TOS02004045,2026-10-08T07:55,47.2
TOS02004045,2026-10-08T08:00,47.2
TOS02004045,2026-10-08T08:05,47.2
TOS02004045,2026-10-08T08:10,47.2
TOS02004045,2026-10-08T08:15,47.2
TOS02004045,2026-10-08T08:20,47.2
TOS02004045,2026-10-08T08:25,47.2
TOS02004045,2026-10-08T08:30,47.2
TOS02004045,2026-10-08T08:35,47.2
TOS02004045,2026-10-08T08:40,47.2
TOS02004045,2026-10-08T08:45,47.2
TOS02004045,2026-10-08T08:50,47.2
TOS02004045,2026-10-08T08:55,47.2
TOS02004045,2026-10-08T09:00,47.2
TOS02004045,2026-10-08T09:05,47.2
TOS02004045,2026-10-08T09:10,47.2
TOS02004045,2026-10-08T09:15,47.2
TOS02004045,2026-10-08T09:20,47.4
TOS02004045,2026-10-08T09:25,47.4
TOS02004045,2026-10-08T09:30,47.4
TOS02004045,2026-10-08T09:35,48.8
TOS02004045,2026-10-08T09:40,49.8
TOS02004045,2026-10-08T09:45,50.8
TOS02004045,2026-10-08T09:50,51.8
TOS02004045,2026-10-08T09:55,53.0
TOS02004045,2026-10-08T10:00,53.0
TOS02004045,2026-10-08T10:05,53.0
TOS02004045,2026-10-08T10:10,53.2
TOS02004045,2026-10-08T10:15,53.4
TOS02004045,2026-10-08T10:20,53.6
TOS02004045,2026-10-08T10:25,54.0
TOS02004045,2026-10-08T10:30,54.0
TOS02004045,2026-10-08T10:35,54.0
TOS02004045,2026-10-08T10:40,54.0
TOS02004045,2026-10-08T10:45,54.2
TOS02004045,2026-10-08T10:50,54.2
TOS02004045,2026-10-08T10:55,54.2
TOS02004045,2026-10-08T11:00,54.2
TOS02004045,2026-10-08T11:05,54.2
TOS02004045,2026-10-08T11:10,54.2
TOS02004045,2026-10-08T11:15,54.2
TOS02004045,2026-10-08T11:20,55.0
TOS02004045,2026-10-08T11:25,55.6
TOS02004045,2026-10-08T11:30,55.6
TOS02004045,2026-10-08T11:35,55.6
TOS02004045,2026-10-08T11:40,55.6
TOS02004045,2026-10-08T11:45,55.6
TOS02004045,2026-10-08T11:50,55.6
TOS02004045,2026-10-08T11:55,55.6
TOS02004045,2026-10-08T12:00,55.6
TOS02004045,2026-10-08T12:05,55.6
TOS02004045,2026-10-08T12:10,55.6
TOS02004045,2026-10-08T12:15,55.6
TOS02004045,2026-10-08T12:20,55.6
TOS02004045,2026-10-08T12:25,55.6
TOS02004045,2026-10-08T12:30,55.6
TOS02004045,2026-10-08T12:35,55.6
TOS02004045,2026-10-08T12:40,55.6
TOS02004045,2026-10-08T12:45,55.6
TOS02004045,2026-10-08T12:50,55.8
TOS02004045,2026-10-08T12:55,56.4
TOS02004045,2026-10-08T13:00,57.0
TOS02004045,2026-10-08T13:05,57.0
TOS02004045,2026-10-08T13:10,57.0
TOS02004045,2026-10-08T13:15,57.0
TOS02004045,2026-10-08T13:20,57.0
TOS02004045,2026-10-08T13:25,57.0
TOS02004045,2026-10-08T13:30,57.0
TOS02004045,2026-10-08T13:35,57.0
TOS02004045,2026-10-08T13:40,57.0
TOS02004045,2026-10-08T13:45,57.0
TOS02004045,2026-10-08T13:50,57.0
TOS02004045,2026-10-08T13:55,57.0
TOS02004045,2026-10-08T14:00,57.0
TOS02004045,2026-10-08T14:05,57.0
TOS02004045,2026-10-08T14:10,57.0
TOS02004045,2026-10-08T14:15,57.0
TOS02004045,2026-10-08T14:20,57.0
TOS02004045,2026-10-08T14:25,57.0
TOS02004045,2026-10-08T14:30,57.0
TOS02004045,2026-10-08T14:35,57.0
TOS02004045,2026-10-08T14:40,57.0
TOS02004045,2026-10-08T14:45,57.0
TOS02004045,2026-10-08T14:50,57.0
TOS02004045,2026-10-08T14:55,57.0
TOS02004045,2026-10-08T15:00,57.0
TOS02004045,2026-10-08T15:05,57.0
TOS02004045,2026-10-08T15:10,57.0
TOS02004045,2026-10-08T15:15,57.0
TOS02004045,2026-10-08T15:20,57.0
TOS02004045,2026-10-08T15:25,57.0
TOS02004045,2026-10-08T15:30,57.0
TOS02004045,2026-10-08T15:35,57.0
TOS02004045,2026-10-08T15:40,57.0
TOS02004045,2026-10-08T15:45,62.4
TOS02004045,2026-10-08T15:50,68.3
TOS02004045,2026-10-08T15:55,68.7
TOS02004045,2026-10-08T16:00,68.7
TOS02004045,2026-10-08T16:05,68.7
TOS02004045,2026-10-08T16:10,68.7
TOS02004045,2026-10-08T16:15,68.9
TOS02004045,2026-10-08T16:20,72.0
TOS02004045,2026-10-08T16:25,75.7
TOS02004045,2026-10-08T16:30,78.0
TOS02004045,2026-10-08T16:35,78.0
TOS02004045,2026-10-08T16:40,78.4
TOS02004045,2026-10-08T16:45,79.4
TOS02004045,2026-10-08T16:50,79.4
TOS02004045,2026-10-08T16:55,79.4
TOS02004045,2026-10-08T17:00,79.4
TOS02004045,2026-10-08T17:05,79.4
TOS02004045,2026-10-08T17:10,79.4
TOS02004045,2026-10-08T17:15,79.4
TOS02004045,2026-10-08T17:20,79.4
TOS02004045,2026-10-08T17:25,79.4
TOS02004045,2026-10-08T17:30,79.4
TOS02004045,2026-10-08T17:35,79.4
TOS02004045,2026-10-08T17:40,79.4
TOS02004045,2026-10-08T17:45,79.4
TOS02004045,2026-10-08T17:50,79.4
TOS02004045,2026-10-08T17:55,79.4
TOS02004045,2026-10-08T18:00,79.4
TOS02004045,2026-10-08T18:05,79.4
TOS02004045,2026-10-08T18:10,79.4
TOS02004045,2026-10-08T18:15,79.4
TOS02004045,2026-10-08T18:20,79.4
TOS02004045,2026-10-08T18:25,79.4
TOS02004045,2026-10-08T18:30,79.4
TOS02004045,2026-10-08T18:35,79.4
TOS02004045,2026-10-08T18:40,79.4
TOS02004045,2026-10-08T18:45,79.4
TOS02004045,2026-10-08T18:50,79.4
TOS02004045,2026-10-08T18:55,79.4
TOS02004045,2026-10-08T19:00,79.4
TOS02004045,2026-10-08T19:05,79.4
TOS02004045,2026-10-08T19:10,79.4
TOS02004045,2026-10-08T19:15,79.4
TOS02004045,2026-10-08T19:20,79.4
TOS02004045,2026-10-08T19:25,79.4
TOS02004045,2026-10-08T19:30,79.4
TOS02004045,2026-10-08T19:35,79.4
TOS02004045,2026-10-08T19:40,79.4
TOS02004045,2026-10-08T19:45,79.4
TOS02004045,2026-10-08T19:50,79.4
TOS02004045,2026-10-08T19:55,79.4
TOS02004045,2026-10-08T20:00,79.4
TOS02004045,2026-10-08T20:05,79.4
TOS02004045,2026-10-08T20:10,79.4
TOS02004045,2026-10-08T20:15,79.4
TOS02004045,2026-10-08T20:20,79.4
TOS02004045,2026-10-08T20:25,79.4
TOS02004045,2026-10-08T20:30,79.4
TOS02004045,2026-10-08T20:35,79.4
TOS02004045,2026-10-08T20:40,79.4
TOS02004045,2026-10-08T20:45,79.4
TOS02004045,2026-10-08T20:50,79.4
TOS02004045,2026-10-08T20:55,79.4
TOS02004045,2026-10-08T21:00,79.4
TOS02004045,2026-10-08T21:05,79.4
TOS02004045,2026-10-08T21:10,79.4
TOS02004045,2026-10-08T21:15,79.4
TOS02004045,2026-10-08T21:20,79.4
TOS02004045,2026-10-08T21:25,79.4
TOS02004045,2026-10-08T21:30,79.4
TOS02004045,2026-10-08T21:35,79.4
TOS02004045,2026-10-08T21:40,79.4
TOS02004045,2026-10-08T21:45,79.4
TOS02004045,2026-10-08T21:50,79.4
TOS02004045,2026-10-08T21:55,79.4
TOS02004045,2026-10-08T22:00,79.4
TOS02004045,2026-10-08T22:05,79.4
TOS02004045,2026-10-08T22:10,79.4
TOS02004045,2026-10-08T22:15,79.4
TOS02004045,2026-10-08T22:20,79.4
TOS02004045,2026-10-08T22:25,79.6
TOS02004045,2026-10-08T22:30,79.6
TOS02004045,2026-10-08T22:35,79.6
TOS02004045,2026-10-08T22:40,79.6
TOS02004045,2026-10-08T22:45,79.6
TOS02004045,2026-10-08T22:50,79.6
TOS02004045,2026-10-08T22:55,79.6
TOS02004045,2026-10-08T23:00,79.6
TOS02004045,2026-10-08T23:05,79.6
TOS02004045,2026-10-08T23:10,79.6
TOS02004045,2026-10-08T23:15,79.6
TOS02004045,2026-10-08T23:20,79.6
TOS02004045,2026-10-08T23:25,79.6
TOS02004045,2026-10-08T23:30,79.6
TOS02004045,2026-10-08T23:35,79.6
TOS02004045,2026-10-08T23:40,79.6
TOS02004045,2026-10-08T23:45,79.6
TOS02004045,2026-10-08T23:50,79.6
TOS02004045,2026-10-08T23:55,79.6
TOS02004059,2026-10-08T00:10,1.5
TOS02004059,2026-10-08T00:15,1.5
TOS02004059,2026-10-08T00:20,2.9
TOS02004059,2026-10-08T00:25,4.3
TOS02004059,2026-10-08T00:30,4.7
TOS02004059,2026-10-08T00:35,5.8
TOS02004059,2026-10-08T00:40,6.4
TOS02004059,2026-10-08T00:45,6.6
TOS02004059,2026-10-08T00:50,7.0
TOS02004059,2026-10-08T00:55,7.0
TOS02004059,2026-10-08T01:00,7.0
TOS02004059,2026-10-08T01:05,7.0
TOS02004059,2026-10-08T01:10,7.0
TOS02004059,2026-10-08T01:15,7.2
TOS02004059,2026-10-08T01:20,7.2
TOS02004059,2026-10-08T01:25,7.2
TOS02004059,2026-10-08T01:30,7.2
TOS02004059,2026-10-08T01:35,7.4
TOS02004059,2026-10-08T01:40,7.4
TOS02004059,2026-10-08T01:45,7.4
TOS02004059,2026-10-08T01:50,7.6
TOS02004059,2026-10-08T01:55,7.6
TOS02004059,2026-10-08T02:00,7.8
TOS02004059,2026-10-08T02:05,8.0
TOS02004059,2026-10-08T02:10,8.2
TOS02004059,2026-10-08T02:15,8.4
TOS02004059,2026-10-08T02:20,9.2
TOS02004059,2026-10-08T02:25,9.6
TOS02004059,2026-10-08T02:30,9.6
TOS02004059,2026-10-08T02:35,10.6
TOS02004059,2026-10-08T02:40,10.6
TOS02004059,2026-10-08T02:45,10.8
TOS02004059,2026-10-08T02:50,11.0
TOS02004059,2026-10-08T02:55,11.4
TOS02004059,2026-10-08T03:00,14.3
TOS02004059,2026-10-08T03:05,15.3
TOS02004059,2026-10-08T03:10,15.7
TOS02004059,2026-10-08T03:15,15.9
TOS02004059,2026-10-08T03:20,17.5
TOS02004059,2026-10-08T03:25,18.7
TOS02004059,2026-10-08T03:30,18.9
TOS02004059,2026-10-08T03:35,19.1
TOS02004059,2026-10-08T03:40,19.1
TOS02004059,2026-10-08T03:45,19.7
TOS02004059,2026-10-08T03:50,20.5
TOS02004059,2026-10-08T03:55,21.7
TOS02004059,2026-10-08T04:00,23.4
TOS02004059,2026-10-08T04:05,24.4
TOS02004059,2026-10-08T04:10,24.6
TOS02004059,2026-10-08T04:15,26.2
TOS02004059,2026-10-08T04:20,27.9
TOS02004059,2026-10-08T04:25,28.3
TOS02004059,2026-10-08T04:30,28.7
TOS02004059,2026-10-08T04:35,28.7
TOS02004059,2026-10-08T04:40,28.7
TOS02004059,2026-10-08T04:45,28.7
TOS02004059,2026-10-08T04:50,28.9
TOS02004059,2026-10-08T04:55,28.9
TOS02004059,2026-10-08T05:00,29.1
TOS02004059,2026-10-08T05:05,29.1
TOS02004059,2026-10-08T05:10,29.1
TOS02004059,2026-10-08T05:15,29.1
TOS02004059,2026-10-08T05:20,29.1
TOS02004059,2026-10-08T05:25,29.1
TOS02004059,2026-10-08T05:30,29.1
TOS02004059,2026-10-08T05:35,29.3
TOS02004059,2026-10-08T05:40,29.3
TOS02004059,2026-10-08T05:45,29.3
TOS02004059,2026-10-08T05:50,29.3
TOS02004059,2026-10-08T05:55,29.3
TOS02004059,2026-10-08T06:00,29.3
TOS02004059,2026-10-08T06:05,29.3
TOS02004059,2026-10-08T06:10,29.3
TOS02004059,2026-10-08T06:15,29.3
TOS02004059,2026-10-08T06:20,29.5
TOS02004059,2026-10-08T06:25,29.5
TOS02004059,2026-10-08T06:30,29.5
TOS02004059,2026-10-08T06:35,29.5
TOS02004059,2026-10-08T06:40,29.5
TOS02004059,2026-10-08T06:45,29.5
TOS02004059,2026-10-08T06:50,29.5
TOS02004059,2026-10-08T06:55,29.5
TOS02004059,2026-10-08T07:00,29.5
TOS02004059,2026-10-08T07:05,29.5
TOS02004059,2026-10-08T07:10,29.5
TOS02004059,2026-10-08T07:15,29.5
TOS02004059,2026-10-08T07:20,29.5
TOS02004059,2026-10-08T07:25,29.5
TOS02004059,2026-10-08T07:30,29.5
TOS02004059,2026-10-08T07:35,29.5
TOS02004059,2026-10-08T07:40,29.7
TOS02004059,2026-10-08T07:45,29.7
TOS02004059,2026-10-08T07:50,29.7
TOS02004059,2026-10-08T07:55,29.7
TOS02004059,2026-10-08T08:00,29.7
TOS02004059,2026-10-08T08:05,29.7
TOS02004059,2026-10-08T08:10,29.7
TOS02004059,2026-10-08T08:15,29.7
TOS02004059,2026-10-08T08:20,29.7
TOS02004059,2026-10-08T08:25,29.7
TOS02004059,2026-10-08T08:30,29.7
TOS02004059,2026-10-08T08:35,29.7
TOS02004059,2026-10-08T08:40,29.7
TOS02004059,2026-10-08T08:45,29.7
TOS02004059,2026-10-08T08:50,29.7
TOS02004059,2026-10-08T08:55,29.7
TOS02004059,2026-10-08T09:00,29.7
TOS02004059,2026-10-08T09:05,29.7
TOS02004059,2026-10-08T09:10,29.7
TOS02004059,2026-10-08T09:15,29.7
TOS02004059,2026-10-08T09:20,29.7
TOS02004059,2026-10-08T09:25,29.7
TOS02004059,2026-10-08T09:30,29.9
TOS02004059,2026-10-08T09:35,29.9
TOS02004059,2026-10-08T09:40,29.9
TOS02004059,2026-10-08T09:45,29.9
TOS02004059,2026-10-08T09:50,29.9
TOS02004059,2026-10-08T09:55,30.1
TOS02004059,2026-10-08T10:00,30.1
TOS02004059,2026-10-08T10:05,30.3
TOS02004059,2026-10-08T10:10,30.3
TOS02004059,2026-10-08T10:15,30.3
TOS02004059,2026-10-08T10:20,30.3
TOS02004059,2026-10-08T10:25,30.3
TOS02004059,2026-10-08T10:30,30.3
TOS02004059,2026-10-08T10:35,30.3
TOS02004059,2026-10-08T10:40,30.3
TOS02004059,2026-10-08T10:45,30.3
TOS02004059,2026-10-08T10:50,30.3
TOS02004059,2026-10-08T10:55,30.3
TOS02004059,2026-10-08T11:00,30.5
TOS02004059,2026-10-08T11:05,30.5
TOS02004059,2026-10-08T11:10,30.7
TOS02004059,2026-10-08T11:15,30.7
TOS02004059,2026-10-08T11:20,30.7
TOS02004059,2026-10-08T11:25,30.7
TOS02004059,2026-10-08T11:30,30.7
TOS02004059,2026-10-08T11:35,30.7
TOS02004059,2026-10-08T11:40,30.7
TOS02004059,2026-10-08T11:45,30.7
TOS02004059,2026-10-08T11:50,30.7
TOS02004059,2026-10-08T11:55,30.7
TOS02004059,2026-10-08T12:00,30.7
TOS02004059,2026-10-08T12:05,30.7
TOS02004059,2026-10-08T12:10,30.7
TOS02004059,2026-10-08T12:15,30.7
TOS02004059,2026-10-08T12:20,30.7
TOS02004059,2026-10-08T12:25,30.7
TOS02004059,2026-10-08T12:30,30.7
TOS02004059,2026-10-08T12:35,30.9
TOS02004059,2026-10-08T12:40,30.9
TOS02004059,2026-10-08T12:45,30.9
TOS02004059,2026-10-08T12:50,30.9
TOS02004059,2026-10-08T12:55,30.9
TOS02004059,2026-10-08T13:00,30.9
TOS02004059,2026-10-08T13:05,30.9
TOS02004059,2026-10-08T13:10,30.9
TOS02004059,2026-10-08T13:15,30.9
TOS02004059,2026-10-08T13:20,30.9
TOS02004059,2026-10-08T13:25,30.9
TOS02004059,2026-10-08T13:30,30.9
TOS02004059,2026-10-08T13:35,30.9
TOS02004059,2026-10-08T13:40,30.9
TOS02004059,2026-10-08T13:45,31.1
TOS02004059,2026-10-08T13:50,31.1
TOS02004059,2026-10-08T13:55,31.1
TOS02004059,2026-10-08T14:00,31.1
TOS02004059,2026-10-08T14:05,31.1
TOS02004059,2026-10-08T14:10,31.1
TOS02004059,2026-10-08T14:15,31.1
TOS02004059,2026-10-08T14:20,31.1
TOS02004059,2026-10-08T14:25,31.1
TOS02004059,2026-10-08T14:30,31.1
TOS02004059,2026-10-08T14:35,31.1
TOS02004059,2026-10-08T14:40,31.1
TOS02004059,2026-10-08T14:45,31.1
TOS02004059,2026-10-08T14:50,31.1
TOS02004059,2026-10-08T14:55,31.1
TOS02004059,2026-10-08T15:00,31.1
TOS02004059,2026-10-08T15:05,31.1
TOS02004059,2026-10-08T15:10,31.1
TOS02004059,2026-10-08T15:15,31.1
TOS02004059,2026-10-08T15:20,31.1
TOS02004059,2026-10-08T15:25,31.1
TOS02004059,2026-10-08T15:30,31.1
TOS02004059,2026-10-08T15:35,31.1
TOS02004059,2026-10-08T15:40,31.3
TOS02004059,2026-10-08T15:45,32.5
TOS02004059,2026-10-08T15:50,33.9
TOS02004059,2026-10-08T15:55,33.9
TOS02004059,2026-10-08T16:00,34.1
TOS02004059,2026-10-08T16:05,34.1
TOS02004059,2026-10-08T16:10,34.1
TOS02004059,2026-10-08T16:15,34.1
TOS02004059,2026-10-08T16:20,34.1
TOS02004059,2026-10-08T16:25,34.9
TOS02004059,2026-10-08T16:30,38.2
TOS02004059,2026-10-08T16:35,38.6
TOS02004059,2026-10-08T16:40,40.3
TOS02004059,2026-10-08T16:45,41.1
TOS02004059,2026-10-08T16:50,41.3
TOS02004059,2026-10-08T16:55,41.5
TOS02004059,2026-10-08T17:00,41.5
TOS02004059,2026-10-08T17:05,41.7
TOS02004059,2026-10-08T17:10,41.7
TOS02004059,2026-10-08T17:15,41.9
TOS02004059,2026-10-08T17:20,42.1
TOS02004059,2026-10-08T17:25,42.1
TOS02004059,2026-10-08T17:30,42.1
TOS02004059,2026-10-08T17:35,42.3
TOS02004059,2026-10-08T17:40,42.3
TOS02004059,2026-10-08T17:45,42.3
TOS02004059,2026-10-08T17:50,42.3
TOS02004059,2026-10-08T17:55,42.5
TOS02004059,2026-10-08T18:00,42.5
TOS02004059,2026-10-08T18:05,42.5
TOS02004059,2026-10-08T18:10,42.5
TOS02004059,2026-10-08T18:15,42.5
TOS02004059,2026-10-08T18:20,42.5
TOS02004059,2026-10-08T18:25,42.5
TOS02004059,2026-10-08T18:30,42.5
TOS02004059,2026-10-08T18:35,42.5
TOS02004059,2026-10-08T18:40,42.5
TOS02004059,2026-10-08T18:45,42.5
TOS02004059,2026-10-08T18:50,42.5
TOS02004059,2026-10-08T18:55,42.5
TOS02004059,2026-10-08T19:00,42.5
TOS02004059,2026-10-08T19:05,42.5
TOS02004059,2026-10-08T19:10,42.5
TOS02004059,2026-10-08T19:15,42.5
TOS02004059,2026-10-08T19:20,42.5
TOS02004059,2026-10-08T19:25,42.5
TOS02004059,2026-10-08T19:30,42.5
TOS02004059,2026-10-08T19:35,42.5
TOS02004059,2026-10-08T19:40,42.5
TOS02004059,2026-10-08T19:45,42.5
TOS02004059,2026-10-08T19:50,42.5
TOS02004059,2026-10-08T19:55,42.5
TOS02004059,2026-10-08T20:00,42.5
TOS02004059,2026-10-08T20:05,42.5
TOS02004059,2026-10-08T20:10,42.5
TOS02004059,2026-10-08T20:15,42.5
TOS02004059,2026-10-08T20:20,42.5
TOS02004059,2026-10-08T20:25,42.5
TOS02004059,2026-10-08T20:30,42.5
TOS02004059,2026-10-08T20:35,42.5
TOS02004059,2026-10-08T20:40,42.5
TOS02004059,2026-10-08T20:45,42.5
TOS02004059,2026-10-08T20:50,42.5
TOS02004059,2026-10-08T20:55,42.5
TOS02004059,2026-10-08T21:00,42.5
TOS02004059,2026-10-08T21:05,42.5
TOS02004059,2026-10-08T21:10,42.5
TOS02004059,2026-10-08T21:15,42.5
TOS02004059,2026-10-08T21:20,42.5
TOS02004059,2026-10-08T21:25,42.5
TOS02004059,2026-10-08T21:30,42.5
TOS02004059,2026-10-08T21:35,42.5
TOS02004059,2026-10-08T21:40,42.5
TOS02004059,2026-10-08T21:45,42.5
TOS02004059,2026-10-08T21:50,42.5
TOS02004059,2026-10-08T21:55,42.5
TOS02004059,2026-10-08T22:00,42.5
TOS02004059,2026-10-08T22:05,42.5
TOS02004059,2026-10-08T22:10,42.5
TOS02004059,2026-10-08T22:15,42.5
TOS02004059,2026-10-08T22:20,42.5
TOS02004059,2026-10-08T22:25,42.5
TOS02004059,2026-10-08T22:30,42.5
TOS02004059,2026-10-08T22:35,42.5
TOS02004059,2026-10-08T22:40,42.5
TOS02004059,2026-10-08T22:45,42.7
TOS02004059,2026-10-08T22:50,42.9
TOS02004059,2026-10-08T22:55,43.3
TOS02004059,2026-10-08T23:00,43.5
TOS02004059,2026-10-08T23:05,43.5
TOS02004059,2026-10-08T23:10,43.5
TOS02004059,2026-10-08T23:15,43.5
TOS02004059,2026-10-08T23:20,43.7
TOS02004059,2026-10-08T23:25,43.7
TOS02004059,2026-10-08T23:30,43.7
TOS02004059,2026-10-08T23:35,43.7
TOS02004059,2026-10-08T23:40,43.7
TOS02004059,2026-10-08T23:45,43.9
TOS02004059,2026-10-08T23:50,43.9
TOS02004059,2026-10-08T23:55,43.9
TOS02004081,2026-10-08T00:05,0.2
TOS02004081,2026-10-08T00:10,0.2
TOS02004081,2026-10-08T00:15,0.2
TOS02004081,2026-10-08T00:20,0.2
TOS02004081,2026-10-08T00:25,0.2
TOS02004081,2026-10-08T00:30,0.2
TOS02004081,2026-10-08T00:35,0.2
TOS02004081,2026-10-08T00:40,0.2
TOS02004081,2026-10-08T00:45,0.2
TOS02004081,2026-10-08T00:50,0.2
TOS02004081,2026-10-08T00:55,0.2
TOS02004081,2026-10-08T01:00,0.2
TOS02004081,2026-10-08T01:05,0.2
TOS02004081,2026-10-08T01:10,0.2
TOS02004081,2026-10-08T01:15,0.2
TOS02004081,2026-10-08T01:20,0.2
TOS02004081,2026-10-08T01:25,0.2
TOS02004081,2026-10-08T01:30,0.4
TOS02004081,2026-10-08T01:35,0.4
TOS02004081,2026-10-08T01:40,0.4
TOS02004081,2026-10-08T01:45,0.4
TOS02004081,2026-10-08T01:50,0.4
TOS02004081,2026-10-08T01:55,0.4
TOS02004081,2026-10-08T02:00,0.4
TOS02004081,2026-10-08T02:05,0.4
TOS02004081,2026-10-08T02:10,0.4
TOS02004081,2026-10-08T02:15,0.4
TOS02004081,2026-10-08T02:20,0.8
TOS02004081,2026-10-08T02:25,0.8
TOS02004081,2026-10-08T02:30,0.8
TOS02004081,2026-10-08T02:35,0.8
TOS02004081,2026-10-08T02:40,0.8
TOS02004081,2026-10-08T02:45,0.8
TOS02004081,2026-10-08T02:50,0.8
TOS02004081,2026-10-08T02:55,0.8
TOS02004081,2026-10-08T03:00,0.8
TOS02004081,2026-10-08T03:05,0.8
TOS02004081,2026-10-08T03:10,0.8
TOS02004081,2026-10-08T03:15,0.8
TOS02004081,2026-10-08T03:20,0.8
TOS02004081,2026-10-08T03:25,0.8
TOS02004081,2026-10-08T03:30,0.8
TOS02004081,2026-10-08T03:35,0.8
TOS02004081,2026-10-08T03:40,1.0
TOS02004081,2026-10-08T03:45,1.0
TOS02004081,2026-10-08T03:50,1.0
TOS02004081,2026-10-08T03:55,1.4
TOS02004081,2026-10-08T04:00,1.4
TOS02004081,2026-10-08T04:05,1.6
TOS02004081,2026-10-08T04:10,2.0
TOS02004081,2026-10-08T04:15,8.2
TOS02004081,2026-10-08T04:20,11.0
TOS02004081,2026-10-08T04:25,11.2
TOS02004081,2026-10-08T04:30,11.4
TOS02004081,2026-10-08T04:35,12.0
TOS02004081,2026-10-08T04:40,12.6
TOS02004081,2026-10-08T04:45,12.8
TOS02004081,2026-10-08T04:50,13.0
TOS02004081,2026-10-08T04:55,13.0
TOS02004081,2026-10-08T05:00,13.0
TOS02004081,2026-10-08T05:05,13.0
TOS02004081,2026-10-08T05:10,13.0
TOS02004081,2026-10-08T05:15,13.0
TOS02004081,2026-10-08T05:20,13.0
TOS02004081,2026-10-08T05:25,13.0
TOS02004081,2026-10-08T05:30,13.0
TOS02004081,2026-10-08T05:35,13.0
TOS02004081,2026-10-08T05:40,13.0
TOS02004081,2026-10-08T05:45,13.0
TOS02004081,2026-10-08T05:50,13.0
TOS02004081,2026-10-08T05:55,13.0
TOS02004081,2026-10-08T06:00,13.0
TOS02004081,2026-10-08T06:05,13.0
TOS02004081,2026-10-08T06:10,13.0
TOS02004081,2026-10-08T06:15,13.0
TOS02004081,2026-10-08T06:20,13.0
TOS02004081,2026-10-08T06:25,13.0
TOS02004081,2026-10-08T06:30,13.0
TOS02004081,2026-10-08T06:35,13.0
TOS02004081,2026-10-08T06:40,13.0
TOS02004081,2026-10-08T06:45,13.0
TOS02004081,2026-10-08T06:50,13.0
TOS02004081,2026-10-08T06:55,13.0
TOS02004081,2026-10-08T07:00,13.0
TOS02004081,2026-10-08T07:05,13.0
TOS02004081,2026-10-08T07:10,13.0
TOS02004081,2026-10-08T07:15,13.0
TOS02004081,2026-10-08T07:20,13.0
TOS02004081,2026-10-08T07:25,13.0
TOS02004081,2026-10-08T07:30,13.0
TOS02004081,2026-10-08T07:35,13.0
TOS02004081,2026-10-08T07:40,13.0
TOS02004081,2026-10-08T07:45,13.0
TOS02004081,2026-10-08T07:50,13.0
TOS02004081,2026-10-08T07:55,13.0
TOS02004081,2026-10-08T08:00,13.0
TOS02004081,2026-10-08T08:05,13.0
TOS02004081,2026-10-08T08:10,13.0
TOS02004081,2026-10-08T08:15,13.0
TOS02004081,2026-10-08T08:20,13.0
TOS02004081,2026-10-08T08:25,13.0
TOS02004081,2026-10-08T08:30,13.0
TOS02004081,2026-10-08T08:35,13.0
TOS02004081,2026-10-08T08:40,13.0
TOS02004081,2026-10-08T08:45,13.0
TOS02004081,2026-10-08T08:50,13.0
TOS02004081,2026-10-08T08:55,13.0
TOS02004081,2026-10-08T09:00,13.0
TOS02004081,2026-10-08T09:05,13.0
TOS02004081,2026-10-08T09:10,13.0
TOS02004081,2026-10-08T09:15,13.0
TOS02004081,2026-10-08T09:20,13.0
TOS02004081,2026-10-08T09:25,13.0
TOS02004081,2026-10-08T09:30,13.0
TOS02004081,2026-10-08T09:35,13.0
TOS02004081,2026-10-08T09:40,13.2
TOS02004081,2026-10-08T09:45,14.0
TOS02004081,2026-10-08T09:50,16.5
TOS02004081,2026-10-08T09:55,17.9
TOS02004081,2026-10-08T10:00,23.1
TOS02004081,2026-10-08T10:05,29.6
TOS02004081,2026-10-08T10:10,31.9
TOS02004081,2026-10-08T10:15,32.5
TOS02004081,2026-10-08T10:20,32.5
TOS02004081,2026-10-08T10:25,32.7
TOS02004081,2026-10-08T10:30,33.3
TOS02004081,2026-10-08T10:35,33.7
TOS02004081,2026-10-08T10:40,33.9
TOS02004081,2026-10-08T10:45,33.9
TOS02004081,2026-10-08T10:50,33.9
TOS02004081,2026-10-08T10:55,33.9
TOS02004081,2026-10-08T11:00,33.9
TOS02004081,2026-10-08T11:05,33.9
TOS02004081,2026-10-08T11:10,36.0
TOS02004081,2026-10-08T11:15,36.4
TOS02004081,2026-10-08T11:20,36.6
TOS02004081,2026-10-08T11:25,37.4
TOS02004081,2026-10-08T11:30,37.4
TOS02004081,2026-10-08T11:35,37.4
TOS02004081,2026-10-08T11:40,37.4
TOS02004081,2026-10-08T11:45,37.4
TOS02004081,2026-10-08T11:50,37.4
TOS02004081,2026-10-08T11:55,37.6
TOS02004081,2026-10-08T12:00,37.6
TOS02004081,2026-10-08T12:05,37.6
TOS02004081,2026-10-08T12:10,37.6
TOS02004081,2026-10-08T12:15,37.6
TOS02004081,2026-10-08T12:20,37.6
TOS02004081,2026-10-08T12:25,37.6
TOS02004081,2026-10-08T12:30,37.6
TOS02004081,2026-10-08T12:35,37.6
TOS02004081,2026-10-08T12:40,37.6
TOS02004081,2026-10-08T12:45,37.6
TOS02004081,2026-10-08T12:50,37.6
TOS02004081,2026-10-08T12:55,37.6
TOS02004081,2026-10-08T13:00,37.6
TOS02004081,2026-10-08T13:05,37.6
TOS02004081,2026-10-08T13:10,37.6
TOS02004081,2026-10-08T13:15,37.6
TOS02004081,2026-10-08T13:20,37.6
TOS02004081,2026-10-08T13:25,37.6
TOS02004081,2026-10-08T13:30,37.6
TOS02004081,2026-10-08T13:35,37.6
TOS02004081,2026-10-08T13:40,37.6
TOS02004081,2026-10-08T13:45,37.6
TOS02004081,2026-10-08T13:50,37.6
TOS02004081,2026-10-08T13:55,37.6
TOS02004081,2026-10-08T14:00,37.6
TOS02004081,2026-10-08T14:05,37.6
TOS02004081,2026-10-08T14:10,37.6
TOS02004081,2026-10-08T14:15,37.6
TOS02004081,2026-10-08T14:20,37.6
TOS02004081,2026-10-08T14:25,37.6
TOS02004081,2026-10-08T14:30,37.6
TOS02004081,2026-10-08T14:35,37.6
TOS02004081,2026-10-08T14:40,37.6
TOS02004081,2026-10-08T14:45,37.6
TOS02004081,2026-10-08T14:50,37.6
TOS02004081,2026-10-08T14:55,37.6
TOS02004081,2026-10-08T15:00,37.6
TOS02004081,2026-10-08T15:05,37.6
TOS02004081,2026-10-08T15:10,37.6
TOS02004081,2026-10-08T15:15,37.6
TOS02004081,2026-10-08T15:20,37.6
TOS02004081,2026-10-08T15:25,37.6
TOS02004081,2026-10-08T15:30,37.6
TOS02004081,2026-10-08T15:35,37.8
TOS02004081,2026-10-08T15:40,37.8
TOS02004081,2026-10-08T15:45,37.8
TOS02004081,2026-10-08T15:50,37.8
TOS02004081,2026-10-08T15:55,37.8
TOS02004081,2026-10-08T16:00,37.8
TOS02004081,2026-10-08T16:05,37.8
TOS02004081,2026-10-08T16:10,37.8
TOS02004081,2026-10-08T16:15,37.8
TOS02004081,2026-10-08T16:20,37.8
TOS02004081,2026-10-08T16:25,37.8
TOS02004081,2026-10-08T16:30,37.8
TOS02004081,2026-10-08T16:35,37.8
TOS02004081,2026-10-08T16:40,37.8
TOS02004081,2026-10-08T16:45,37.8
TOS02004081,2026-10-08T16:50,37.8
TOS02004081,2026-10-08T16:55,37.8
TOS02004081,2026-10-08T17:00,37.8
TOS02004081,2026-10-08T17:05,37.8
TOS02004081,2026-10-08T17:10,37.8
TOS02004081,2026-10-08T17:15,37.8
TOS02004081,2026-10-08T17:20,37.8
TOS02004081,2026-10-08T17:25,37.8
TOS02004081,2026-10-08T17:30,37.8
TOS02004081,2026-10-08T17:35,37.8
TOS02004081,2026-10-08T17:40,37.8
TOS02004081,2026-10-08T17:45,37.8
TOS02004081,2026-10-08T17:50,37.8
TOS02004081,2026-10-08T17:55,37.8
TOS02004081,2026-10-08T18:00,37.8
TOS02004081,2026-10-08T18:05,37.8
TOS02004081,2026-10-08T18:10,37.8
TOS02004081,2026-10-08T18:15,37.8
TOS02004081,2026-10-08T18:20,37.8
TOS02004081,2026-10-08T18:25,37.8
TOS02004081,2026-10-08T18:30,37.8
TOS02004081,2026-10-08T18:35,37.8
TOS02004081,2026-10-08T18:40,37.8
TOS02004081,2026-10-08T18:45,37.8
TOS02004081,2026-10-08T18:50,37.8
TOS02004081,2026-10-08T18:55,37.8
TOS02004081,2026-10-08T19:00,37.8
TOS02004081,2026-10-08T19:05,37.8
TOS02004081,2026-10-08T19:10,37.8
TOS02004081,2026-10-08T19:15,37.8
TOS02004081,2026-10-08T19:20,37.8
TOS02004081,2026-10-08T19:25,37.8
TOS02004081,2026-10-08T19:30,37.8
TOS02004081,2026-10-08T19:35,37.8
TOS02004081,2026-10-08T19:40,37.8
TOS02004081,2026-10-08T19:45,37.8
TOS02004081,2026-10-08T19:50,37.8
TOS02004081,2026-10-08T19:55,37.8
TOS02004081,2026-10-08T20:00,37.8
TOS02004081,2026-10-08T20:05,37.8
TOS02004081,2026-10-08T20:10,37.8
TOS02004081,2026-10-08T20:15,37.8
TOS02004081,2026-10-08T20:20,37.8
TOS02004081,2026-10-08T20:25,37.8
TOS02004081,2026-10-08T20:30,37.8
TOS02004081,2026-10-08T20:35,37.8
TOS02004081,2026-10-08T20:40,37.8
TOS02004081,2026-10-08T20:45,37.8
TOS02004081,2026-10-08T20:50,37.8
TOS02004081,2026-10-08T20:55,37.8
TOS02004081,2026-10-08T21:00,37.8
TOS02004081,2026-10-08T21:05,37.8
TOS02004081,2026-10-08T21:10,37.8
TOS02004081,2026-10-08T21:15,37.8
TOS02004081,2026-10-08T21:20,37.8
TOS02004081,2026-10-08T21:25,37.8
TOS02004081,2026-10-08T21:30,37.8
TOS02004081,2026-10-08T21:35,37.8
TOS02004081,2026-10-08T21:40,37.8
TOS02004081,2026-10-08T21:45,37.8
TOS02004081,2026-10-08T21:50,37.8
TOS02004081,2026-10-08T21:55,37.8
TOS02004081,2026-10-08T22:00,37.8
TOS02004081,2026-10-08T22:05,37.8
TOS02004081,2026-10-08T22:10,37.8
TOS02004081,2026-10-08T22:15,37.8
TOS02004081,2026-10-08T22:20,37.8
TOS02004081,2026-10-08T22:25,37.8
TOS02004081,2026-10-08T22:30,37.8
TOS02004081,2026-10-08T22:35,37.8
TOS02004081,2026-10-08T22:40,37.8
TOS02004081,2026-10-08T22:45,37.8
TOS02004081,2026-10-08T22:50,37.8
TOS02004081,2026-10-08T22:55,37.8
TOS02004081,2026-10-08T23:00,38.2
TOS02004081,2026-10-08T23:05,38.4
TOS02004081,2026-10-08T23:10,38.6
TOS02004081,2026-10-08T23:15,38.6
TOS02004081,2026-10-08T23:20,38.6
TOS02004081,2026-10-08T23:25,38.6
TOS02004081,2026-10-08T23:30,38.6
TOS02004081,2026-10-08T23:35,38.6
TOS02004081,2026-10-08T23:40,38.6
TOS02004081,2026-10-08T23:45,38.6
TOS02004081,2026-10-08T23:50,38.6
TOS02004081,2026-10-08T23:55,38.6
TOS02004091,2026-10-08T00:05,1.0
TOS02004091,2026-10-08T00:10,2.2
TOS02004091,2026-10-08T00:15,2.4
TOS02004091,2026-10-08T00:20,2.6
TOS02004091,2026-10-08T00:25,3.2
TOS02004091,2026-10-08T00:30,4.8
TOS02004091,2026-10-08T00:35,6.9
TOS02004091,2026-10-08T00:40,6.9
TOS02004091,2026-10-08T00:45,7.5
TOS02004091,2026-10-08T00:50,7.5
TOS02004091,2026-10-08T00:55,7.5
TOS02004091,2026-10-08T01:00,7.5
TOS02004091,2026-10-08T01:05,7.5
TOS02004091,2026-10-08T01:10,7.5
TOS02004091,2026-10-08T01:15,7.5
TOS02004091,2026-10-08T01:20,7.5
TOS02004091,2026-10-08T01:25,7.5
TOS02004091,2026-10-08T01:30,7.5
TOS02004091,2026-10-08T01:35,7.5
TOS02004091,2026-10-08T01:40,7.5
TOS02004091,2026-10-08T01:45,8.5
TOS02004091,2026-10-08T01:50,8.5
TOS02004091,2026-10-08T01:55,8.5
TOS02004091,2026-10-08T02:00,8.5
TOS02004091,2026-10-08T02:05,8.5
TOS02004091,2026-10-08T02:10,8.5
TOS02004091,2026-10-08T02:15,8.5
TOS02004091,2026-10-08T02:20,8.5
TOS02004091,2026-10-08T02:25,8.5
TOS02004091,2026-10-08T02:30,8.7
TOS02004091,2026-10-08T02:35,9.5
TOS02004091,2026-10-08T02:40,9.5
TOS02004091,2026-10-08T02:45,9.5
TOS02004091,2026-10-08T02:50,9.9
TOS02004091,2026-10-08T02:55,9.9
TOS02004091,2026-10-08T03:00,9.9
TOS02004091,2026-10-08T03:05,10.1
TOS02004091,2026-10-08T03:10,10.1
TOS02004091,2026-10-08T03:15,10.7
TOS02004091,2026-10-08T03:20,10.7
TOS02004091,2026-10-08T03:25,10.9
TOS02004091,2026-10-08T03:30,11.3
TOS02004091,2026-10-08T03:35,11.5
TOS02004091,2026-10-08T03:40,11.5
TOS02004091,2026-10-08T03:45,11.5
TOS02004091,2026-10-08T03:50,11.7
TOS02004091,2026-10-08T03:55,11.9
TOS02004091,2026-10-08T04:00,12.1
TOS02004091,2026-10-08T04:05,12.3
TOS02004091,2026-10-08T04:10,13.3
TOS02004091,2026-10-08T04:15,17.0
TOS02004091,2026-10-08T04:20,21.0
TOS02004091,2026-10-08T04:25,21.4
TOS02004091,2026-10-08T04:30,21.8
TOS02004091,2026-10-08T04:35,22.0
TOS02004091,2026-10-08T04:40,22.2
TOS02004091,2026-10-08T04:45,22.4
TOS02004091,2026-10-08T04:50,22.6
TOS02004091,2026-10-08T04:55,22.6
TOS02004091,2026-10-08T05:00,22.6
TOS02004091,2026-10-08T05:05,22.6
TOS02004091,2026-10-08T05:10,22.6
TOS02004091,2026-10-08T05:15,22.6
TOS02004091,2026-10-08T05:20,22.6
TOS02004091,2026-10-08T05:25,22.6
TOS02004091,2026-10-08T05:30,22.6
TOS02004091,2026-10-08T05:35,22.6
TOS02004091,2026-10-08T05:40,22.6
TOS02004091,2026-10-08T05:45,22.6
TOS02004091,2026-10-08T05:50,22.6
TOS02004091,2026-10-08T05:55,22.6
TOS02004091,2026-10-08T06:00,22.6
TOS02004091,2026-10-08T06:05,22.6
TOS02004091,2026-10-08T06:10,22.6
TOS02004091,2026-10-08T06:15,22.6
TOS02004091,2026-10-08T06:20,22.6
TOS02004091,2026-10-08T06:25,22.6
TOS02004091,2026-10-08T06:30,22.6
TOS02004091,2026-10-08T06:35,22.6
TOS02004091,2026-10-08T06:40,22.6
TOS02004091,2026-10-08T06:45,22.6
TOS02004091,2026-10-08T06:50,22.6
TOS02004091,2026-10-08T06:55,22.6
TOS02004091,2026-10-08T07:00,22.6
TOS02004091,2026-10-08T07:05,22.6
TOS02004091,2026-10-08T07:10,22.6
TOS02004091,2026-10-08T07:15,22.6
TOS02004091,2026-10-08T07:20,22.6
TOS02004091,2026-10-08T07:25,22.6
TOS02004091,2026-10-08T07:30,22.6
TOS02004091,2026-10-08T07:35,22.6
TOS02004091,2026-10-08T07:40,22.6
TOS02004091,2026-10-08T07:45,22.6
TOS02004091,2026-10-08T07:50,22.6
TOS02004091,2026-10-08T07:55,22.6
TOS02004091,2026-10-08T08:00,22.6
TOS02004091,2026-10-08T08:05,22.6
TOS02004091,2026-10-08T08:10,22.6
TOS02004091,2026-10-08T08:15,22.6
TOS02004091,2026-10-08T08:20,22.6
TOS02004091,2026-10-08T08:25,22.6
TOS02004091,2026-10-08T08:30,22.6
TOS02004091,2026-10-08T08:35,22.6
TOS02004091,2026-10-08T08:40,22.6
TOS02004091,2026-10-08T08:45,22.6
TOS02004091,2026-10-08T08:50,22.6
TOS02004091,2026-10-08T08:55,22.6
TOS02004091,2026-10-08T09:00,22.6
TOS02004091,2026-10-08T09:05,22.6
TOS02004091,2026-10-08T09:10,22.6
TOS02004091,2026-10-08T09:15,22.6
TOS02004091,2026-10-08T09:20,22.6
TOS02004091,2026-10-08T09:25,22.6
TOS02004091,2026-10-08T09:30,22.6
TOS02004091,2026-10-08T09:35,22.8
TOS02004091,2026-10-08T09:40,23.4
TOS02004091,2026-10-08T09:45,25.2
TOS02004091,2026-10-08T09:50,25.4
TOS02004091,2026-10-08T09:55,27.2
TOS02004091,2026-10-08T10:00,27.6
TOS02004091,2026-10-08T10:05,27.8
TOS02004091,2026-10-08T10:10,27.8
TOS02004091,2026-10-08T10:15,27.8
TOS02004091,2026-10-08T10:20,27.8
TOS02004091,2026-10-08T10:25,27.8
TOS02004091,2026-10-08T10:30,27.8
TOS02004091,2026-10-08T10:35,27.8
TOS02004091,2026-10-08T10:40,27.8
TOS02004091,2026-10-08T10:45,27.8
TOS02004091,2026-10-08T10:50,27.8
TOS02004091,2026-10-08T10:55,27.8
TOS02004091,2026-10-08T11:00,28.0
TOS02004091,2026-10-08T11:05,28.8
TOS02004091,2026-10-08T11:10,29.2
TOS02004091,2026-10-08T11:15,29.2
TOS02004091,2026-10-08T11:20,29.2
TOS02004091,2026-10-08T11:25,29.2
TOS02004091,2026-10-08T11:30,29.2
TOS02004091,2026-10-08T11:35,29.2
TOS02004091,2026-10-08T11:40,29.2
TOS02004091,2026-10-08T11:45,29.2
TOS02004091,2026-10-08T11:50,29.2
TOS02004091,2026-10-08T11:55,29.2
TOS02004091,2026-10-08T12:00,29.2
TOS02004091,2026-10-08T12:05,29.2
TOS02004091,2026-10-08T12:10,29.2
TOS02004091,2026-10-08T12:15,29.2
TOS02004091,2026-10-08T12:20,29.2
TOS02004091,2026-10-08T12:25,29.2
TOS02004091,2026-10-08T12:30,29.2
TOS02004091,2026-10-08T12:35,29.2
TOS02004091,2026-10-08T12:40,29.2
TOS02004091,2026-10-08T12:45,29.2
TOS02004091,2026-10-08T12:50,29.2
TOS02004091,2026-10-08T12:55,29.2
TOS02004091,2026-10-08T13:00,29.2
TOS02004091,2026-10-08T13:05,29.2
TOS02004091,2026-10-08T13:10,29.2
TOS02004091,2026-10-08T13:15,29.2
TOS02004091,2026-10-08T13:20,29.2
TOS02004091,2026-10-08T13:25,29.2
TOS02004091,2026-10-08T13:30,29.2
TOS02004091,2026-10-08T13:35,29.2
TOS02004091,2026-10-08T13:40,29.2
TOS02004091,2026-10-08T13:45,29.2
TOS02004091,2026-10-08T13:50,29.2
TOS02004091,2026-10-08T13:55,29.2
TOS02004091,2026-10-08T14:00,29.2
TOS02004091,2026-10-08T14:05,29.2
TOS02004091,2026-10-08T14:10,29.2
TOS02004091,2026-10-08T14:15,29.2
TOS02004091,2026-10-08T14:20,29.2
TOS02004091,2026-10-08T14:25,29.2
TOS02004091,2026-10-08T14:30,29.2
TOS02004091,2026-10-08T14:35,29.2
TOS02004091,2026-10-08T14:40,29.2
TOS02004091,2026-10-08T14:45,29.2
TOS02004091,2026-10-08T14:50,29.2
TOS02004091,2026-10-08T14:55,29.2
TOS02004091,2026-10-08T15:00,29.2
TOS02004091,2026-10-08T15:05,29.2
TOS02004091,2026-10-08T15:10,29.2
TOS02004091,2026-10-08T15:15,29.2
TOS02004091,2026-10-08T15:20,29.2
TOS02004091,2026-10-08T15:25,29.2
TOS02004091,2026-10-08T15:30,29.2
TOS02004091,2026-10-08T15:35,29.8
TOS02004091,2026-10-08T15:40,30.0
TOS02004091,2026-10-08T15:45,30.0
TOS02004091,2026-10-08T15:50,30.0
TOS02004091,2026-10-08T15:55,30.0
TOS02004091,2026-10-08T16:00,30.0
TOS02004091,2026-10-08T16:05,30.0
TOS02004091,2026-10-08T16:10,30.0
TOS02004091,2026-10-08T16:15,30.0
TOS02004091,2026-10-08T16:20,30.0
TOS02004091,2026-10-08T16:25,30.0
TOS02004091,2026-10-08T16:30,30.0
TOS02004091,2026-10-08T16:35,30.0
TOS02004091,2026-10-08T16:40,30.0
TOS02004091,2026-10-08T16:45,30.0
TOS02004091,2026-10-08T16:50,30.0
TOS02004091,2026-10-08T16:55,30.0
TOS02004091,2026-10-08T17:00,30.0
TOS02004091,2026-10-08T17:05,30.0
TOS02004091,2026-10-08T17:10,30.0
TOS02004091,2026-10-08T17:15,30.0
TOS02004091,2026-10-08T17:20,30.0
TOS02004091,2026-10-08T17:25,30.0
TOS02004091,2026-10-08T17:30,30.0
TOS02004091,2026-10-08T17:35,30.0
TOS02004091,2026-10-08T17:40,30.0
TOS02004091,2026-10-08T17:45,30.0
TOS02004091,2026-10-08T17:50,30.0
TOS02004091,2026-10-08T17:55,30.0
TOS02004091,2026-10-08T18:00,30.0
TOS02004091,2026-10-08T18:05,30.0
TOS02004091,2026-10-08T18:10,30.0
TOS02004091,2026-10-08T18:15,30.0
TOS02004091,2026-10-08T18:20,30.0
TOS02004091,2026-10-08T18:25,30.0
TOS02004091,2026-10-08T18:30,30.0
TOS02004091,2026-10-08T18:35,30.0
TOS02004091,2026-10-08T18:40,30.0
TOS02004091,2026-10-08T18:45,30.0
TOS02004091,2026-10-08T18:50,30.0
TOS02004091,2026-10-08T18:55,30.0
TOS02004091,2026-10-08T19:00,30.0
TOS02004091,2026-10-08T19:05,30.0
TOS02004091,2026-10-08T19:10,30.0
TOS02004091,2026-10-08T19:15,30.0
TOS02004091,2026-10-08T19:20,30.0
TOS02004091,2026-10-08T19:25,30.0
TOS02004091,2026-10-08T19:30,30.0
TOS02004091,2026-10-08T19:35,30.0
TOS02004091,2026-10-08T19:40,30.0
TOS02004091,2026-10-08T19:45,30.0
TOS02004091,2026-10-08T19:50,30.0
TOS02004091,2026-10-08T19:55,30.0
TOS02004091,2026-10-08T20:00,30.0
TOS02004091,2026-10-08T20:05,30.0
TOS02004091,2026-10-08T20:10,30.0
TOS02004091,2026-10-08T20:15,30.0
TOS02004091,2026-10-08T20:20,30.0
TOS02004091,2026-10-08T20:25,30.0
TOS02004091,2026-10-08T20:30,30.0
TOS02004091,2026-10-08T20:35,30.0
TOS02004091,2026-10-08T20:40,30.0
TOS02004091,2026-10-08T20:45,30.0
TOS02004091,2026-10-08T20:50,30.0
TOS02004091,2026-10-08T20:55,30.0
TOS02004091,2026-10-08T21:00,30.0
TOS02004091,2026-10-08T21:05,30.0
TOS02004091,2026-10-08T21:10,30.0
TOS02004091,2026-10-08T21:15,30.0
TOS02004091,2026-10-08T21:20,30.0
TOS02004091,2026-10-08T21:25,30.0
TOS02004091,2026-10-08T21:30,30.0
TOS02004091,2026-10-08T21:35,30.0
TOS02004091,2026-10-08T21:40,30.0
TOS02004091,2026-10-08T21:45,30.0
TOS02004091,2026-10-08T21:50,30.0
TOS02004091,2026-10-08T21:55,30.0
TOS02004091,2026-10-08T22:00,30.0
TOS02004091,2026-10-08T22:05,30.0
TOS02004091,2026-10-08T22:10,30.0
TOS02004091,2026-10-08T22:15,30.0
TOS02004091,2026-10-08T22:20,30.0
TOS02004091,2026-10-08T22:25,30.0
TOS02004091,2026-10-08T22:30,30.0
TOS02004091,2026-10-08T22:35,30.2
TOS02004091,2026-10-08T22:40,30.4
TOS02004091,2026-10-08T22:45,30.6
TOS02004091,2026-10-08T22:50,30.6
TOS02004091,2026-10-08T22:55,30.6
TOS02004091,2026-10-08T23:00,30.6
TOS02004091,2026-10-08T23:05,30.6
TOS02004091,2026-10-08T23:10,30.6
TOS02004091,2026-10-08T23:15,30.6
TOS02004091,2026-10-08T23:20,30.6
TOS02004091,2026-10-08T23:25,30.8
TOS02004091,2026-10-08T23:30,30.8
TOS02004091,2026-10-08T23:35,30.8
TOS02004091,2026-10-08T23:40,30.8
TOS02004091,2026-10-08T23:45,30.8
TOS02004091,2026-10-08T23:50,30.8
TOS02004091,2026-10-08T23:55,31.0
TOS02004115,2026-10-08T00:40,0.2
TOS02004115,2026-10-08T00:45,0.8
TOS02004115,2026-10-08T00:50,1.2
TOS02004115,2026-10-08T00:55,1.8
TOS02004115,2026-10-08T01:00,2.4
TOS02004115,2026-10-08T01:05,2.9
TOS02004115,2026-10-08T01:10,3.3
TOS02004115,2026-10-08T01:15,3.7
TOS02004115,2026-10-08T01:20,3.7
TOS02004115,2026-10-08T01:25,3.7
TOS02004115,2026-10-08T01:30,3.9
TOS02004115,2026-10-08T01:35,3.9
TOS02004115,2026-10-08T01:40,4.7
TOS02004115,2026-10-08T01:45,4.9
TOS02004115,2026-10-08T01:50,5.3
TOS02004115,2026-10-08T01:55,6.1
TOS02004115,2026-10-08T02:00,6.3
TOS02004115,2026-10-08T02:05,6.3
TOS02004115,2026-10-08T02:10,6.5
TOS02004115,2026-10-08T02:15,6.7
TOS02004115,2026-10-08T02:20,6.7
TOS02004115,2026-10-08T02:25,6.7
TOS02004115,2026-10-08T02:30,6.7
TOS02004115,2026-10-08T02:35,6.7
TOS02004115,2026-10-08T02:40,6.7
TOS02004115,2026-10-08T02:45,6.7
TOS02004115,2026-10-08T02:50,6.9
TOS02004115,2026-10-08T02:55,6.9
TOS02004115,2026-10-08T03:00,6.9
TOS02004115,2026-10-08T03:05,6.9
TOS02004115,2026-10-08T03:10,7.1
TOS02004115,2026-10-08T03:15,7.1
TOS02004115,2026-10-08T03:20,7.1
TOS02004115,2026-10-08T03:25,7.1
TOS02004115,2026-10-08T03:30,7.3
TOS02004115,2026-10-08T03:35,7.3
TOS02004115,2026-10-08T03:40,7.3
TOS02004115,2026-10-08T03:45,7.3
TOS02004115,2026-10-08T03:50,7.3
TOS02004115,2026-10-08T03:55,7.5
TOS02004115,2026-10-08T04:00,7.7
TOS02004115,2026-10-08T04:05,8.1
TOS02004115,2026-10-08T04:10,8.3
TOS02004115,2026-10-08T04:15,8.7
TOS02004115,2026-10-08T04:20,9.3
TOS02004115,2026-10-08T04:25,10.3
TOS02004115,2026-10-08T04:30,11.9
TOS02004115,2026-10-08T04:35,12.9
TOS02004115,2026-10-08T04:40,14.5
TOS02004115,2026-10-08T04:45,15.9
TOS02004115,2026-10-08T04:50,17.1
TOS02004115,2026-10-08T04:55,17.5
TOS02004115,2026-10-08T05:00,17.9
TOS02004115,2026-10-08T05:05,18.3
TOS02004115,2026-10-08T05:10,18.7
TOS02004115,2026-10-08T05:15,18.7
TOS02004115,2026-10-08T05:20,18.7
TOS02004115,2026-10-08T05:25,18.7
TOS02004115,2026-10-08T05:30,18.7
TOS02004115,2026-10-08T05:35,18.7
TOS02004115,2026-10-08T05:40,18.7
TOS02004115,2026-10-08T05:45,18.7
TOS02004115,2026-10-08T05:50,18.7
TOS02004115,2026-10-08T05:55,18.7
TOS02004115,2026-10-08T06:00,18.7
TOS02004115,2026-10-08T06:05,18.7
TOS02004115,2026-10-08T06:10,18.7
TOS02004115,2026-10-08T06:15,18.7
TOS02004115,2026-10-08T06:20,18.7
TOS02004115,2026-10-08T06:25,18.7
TOS02004115,2026-10-08T06:30,18.7
TOS02004115,2026-10-08T06:35,18.7
TOS02004115,2026-10-08T06:40,18.7
TOS02004115,2026-10-08T06:45,18.9
TOS02004115,2026-10-08T06:50,18.9
TOS02004115,2026-10-08T06:55,19.1
TOS02004115,2026-10-08T07:00,19.3
TOS02004115,2026-10-08T07:05,19.3
TOS02004115,2026-10-08T07:10,19.3
TOS02004115,2026-10-08T07:15,19.5
TOS02004115,2026-10-08T07:20,19.5
TOS02004115,2026-10-08T07:25,19.7
TOS02004115,2026-10-08T07:30,19.7
TOS02004115,2026-10-08T07:35,19.7
TOS02004115,2026-10-08T07:40,19.7
TOS02004115,2026-10-08T07:45,19.7
TOS02004115,2026-10-08T07:50,19.7
TOS02004115,2026-10-08T07:55,19.9
TOS02004115,2026-10-08T08:00,20.5
TOS02004115,2026-10-08T08:05,20.7
TOS02004115,2026-10-08T08:10,20.7
TOS02004115,2026-10-08T08:15,20.7
TOS02004115,2026-10-08T08:20,20.7
TOS02004115,2026-10-08T08:25,20.7
TOS02004115,2026-10-08T08:30,20.7
TOS02004115,2026-10-08T08:35,20.9
TOS02004115,2026-10-08T08:40,20.9
TOS02004115,2026-10-08T08:45,20.9
TOS02004115,2026-10-08T08:50,20.9
TOS02004115,2026-10-08T08:55,20.9
TOS02004115,2026-10-08T09:00,20.9
TOS02004115,2026-10-08T09:05,20.9
TOS02004115,2026-10-08T09:10,20.9
TOS02004115,2026-10-08T09:15,20.9
TOS02004115,2026-10-08T09:20,20.9
TOS02004115,2026-10-08T09:25,20.9
TOS02004115,2026-10-08T09:30,21.1
TOS02004115,2026-10-08T09:35,21.3
TOS02004115,2026-10-08T09:40,21.7
TOS02004115,2026-10-08T09:45,21.9
TOS02004115,2026-10-08T09:50,23.7
TOS02004115,2026-10-08T09:55,24.1
TOS02004115,2026-10-08T10:00,25.1
TOS02004115,2026-10-08T10:05,25.7
TOS02004115,2026-10-08T10:10,26.3
TOS02004115,2026-10-08T10:15,26.3
TOS02004115,2026-10-08T10:20,26.3
TOS02004115,2026-10-08T10:25,26.5
TOS02004115,2026-10-08T10:30,26.7
TOS02004115,2026-10-08T10:35,26.9
TOS02004115,2026-10-08T10:40,26.9
TOS02004115,2026-10-08T10:45,26.9
TOS02004115,2026-10-08T10:50,26.9
TOS02004115,2026-10-08T10:55,28.1
TOS02004115,2026-10-08T11:00,28.1
TOS02004115,2026-10-08T11:05,28.1
TOS02004115,2026-10-08T11:10,28.1
TOS02004115,2026-10-08T11:15,28.1
TOS02004115,2026-10-08T11:20,28.1
TOS02004115,2026-10-08T11:25,28.1
TOS02004115,2026-10-08T11:30,28.1
TOS02004115,2026-10-08T11:35,28.1
TOS02004115,2026-10-08T11:40,28.1
TOS02004115,2026-10-08T11:45,28.1
TOS02004115,2026-10-08T11:50,28.1
TOS02004115,2026-10-08T11:55,28.1
TOS02004115,2026-10-08T12:00,28.1
TOS02004115,2026-10-08T12:05,28.1
TOS02004115,2026-10-08T12:10,28.3
TOS02004115,2026-10-08T12:15,28.3
TOS02004115,2026-10-08T12:20,28.3
TOS02004115,2026-10-08T12:25,28.5
TOS02004115,2026-10-08T12:30,28.5
TOS02004115,2026-10-08T12:35,28.7
TOS02004115,2026-10-08T12:40,28.7
TOS02004115,2026-10-08T12:45,28.7
TOS02004115,2026-10-08T12:50,28.7
TOS02004115,2026-10-08T12:55,28.7
TOS02004115,2026-10-08T13:00,28.9
TOS02004115,2026-10-08T13:05,28.9
TOS02004115,2026-10-08T13:10,29.1
TOS02004115,2026-10-08T13:15,29.3
TOS02004115,2026-10-08T13:20,29.3
TOS02004115,2026-10-08T13:25,29.3
TOS02004115,2026-10-08T13:30,29.3
TOS02004115,2026-10-08T13:35,29.3
TOS02004115,2026-10-08T13:40,29.3
TOS02004115,2026-10-08T13:45,29.3
TOS02004115,2026-10-08T13:50,29.3
TOS02004115,2026-10-08T13:55,29.5
TOS02004115,2026-10-08T14:00,30.6
TOS02004115,2026-10-08T14:05,31.0
TOS02004115,2026-10-08T14:10,31.0
TOS02004115,2026-10-08T14:15,31.0
TOS02004115,2026-10-08T14:20,31.2
TOS02004115,2026-10-08T14:25,31.4
TOS02004115,2026-10-08T14:30,31.6
TOS02004115,2026-10-08T14:35,31.8
TOS02004115,2026-10-08T14:40,32.0
TOS02004115,2026-10-08T14:45,32.0
TOS02004115,2026-10-08T14:50,32.0
TOS02004115,2026-10-08T14:55,32.0
TOS02004115,2026-10-08T15:00,32.0
TOS02004115,2026-10-08T15:05,32.0
TOS02004115,2026-10-08T15:10,32.2
TOS02004115,2026-10-08T15:15,32.2
TOS02004115,2026-10-08T15:20,32.2
TOS02004115,2026-10-08T15:25,32.2
TOS02004115,2026-10-08T15:30,32.4
TOS02004115,2026-10-08T15:35,32.4
TOS02004115,2026-10-08T15:40,32.4
TOS02004115,2026-10-08T15:45,32.4
TOS02004115,2026-10-08T15:50,32.4
TOS02004115,2026-10-08T15:55,32.6
TOS02004115,2026-10-08T16:00,32.8
TOS02004115,2026-10-08T16:05,32.8
TOS02004115,2026-10-08T16:10,33.2
TOS02004115,2026-10-08T16:15,35.7
TOS02004115,2026-10-08T16:20,38.1
TOS02004115,2026-10-08T16:25,39.3
TOS02004115,2026-10-08T16:30,39.7
TOS02004115,2026-10-08T16:35,39.7
TOS02004115,2026-10-08T16:40,39.7
TOS02004115,2026-10-08T16:45,39.9
TOS02004115,2026-10-08T16:50,39.9
TOS02004115,2026-10-08T16:55,41.7
TOS02004115,2026-10-08T17:00,43.8
TOS02004115,2026-10-08T17:05,45.0
TOS02004115,2026-10-08T17:10,46.0
TOS02004115,2026-10-08T17:15,47.8
TOS02004115,2026-10-08T17:20,48.4
TOS02004115,2026-10-08T17:25,48.8
TOS02004115,2026-10-08T17:30,49.2
TOS02004115,2026-10-08T17:35,49.8
TOS02004115,2026-10-08T17:40,49.8
TOS02004115,2026-10-08T17:45,50.0
TOS02004115,2026-10-08T17:50,50.0
TOS02004115,2026-10-08T17:55,50.0
TOS02004115,2026-10-08T18:00,50.2
TOS02004115,2026-10-08T18:05,50.2
TOS02004115,2026-10-08T18:10,50.2
TOS02004115,2026-10-08T18:15,50.2
TOS02004115,2026-10-08T18:20,50.4
TOS02004115,2026-10-08T18:25,50.6
TOS02004115,2026-10-08T18:30,51.4
TOS02004115,2026-10-08T18:35,51.8
TOS02004115,2026-10-08T18:40,52.0
TOS02004115,2026-10-08T18:45,52.2
TOS02004115,2026-10-08T18:50,52.2
TOS02004115,2026-10-08T18:55,52.2
TOS02004115,2026-10-08T19:00,52.4
TOS02004115,2026-10-08T19:05,52.4
TOS02004115,2026-10-08T19:10,52.4
TOS02004115,2026-10-08T19:15,52.4
TOS02004115,2026-10-08T19:20,52.6
TOS02004115,2026-10-08T19:25,52.8
TOS02004115,2026-10-08T19:30,52.8
TOS02004115,2026-10-08T19:35,52.8
TOS02004115,2026-10-08T19:40,52.8
TOS02004115,2026-10-08T19:45,52.8
TOS02004115,2026-10-08T19:50,52.8
TOS02004115,2026-10-08T19:55,52.8
TOS02004115,2026-10-08T20:00,52.8
TOS02004115,2026-10-08T20:05,52.8
TOS02004115,2026-10-08T20:10,52.8
TOS02004115,2026-10-08T20:15,52.8
TOS02004115,2026-10-08T20:20,52.8
TOS02004115,2026-10-08T20:25,52.8
TOS02004115,2026-10-08T20:30,52.8
TOS02004115,2026-10-08T20:35,52.8
TOS02004115,2026-10-08T20:40,53.0
TOS02004115,2026-10-08T20:45,53.0
TOS02004115,2026-10-08T20:50,53.0
TOS02004115,2026-10-08T20:55,53.0
TOS02004115,2026-10-08T21:00,53.6
TOS02004115,2026-10-08T21:05,53.6
TOS02004115,2026-10-08T21:10,53.6
TOS02004115,2026-10-08T21:15,53.8
TOS02004115,2026-10-08T21:20,53.8
TOS02004115,2026-10-08T21:25,53.8
TOS02004115,2026-10-08T21:30,54.2
TOS02004115,2026-10-08T21:35,54.2
TOS02004115,2026-10-08T21:40,54.4
TOS02004115,2026-10-08T21:45,54.6
TOS02004115,2026-10-08T21:50,54.8
TOS02004115,2026-10-08T21:55,55.2
TOS02004115,2026-10-08T22:00,55.4
TOS02004115,2026-10-08T22:05,55.4
TOS02004115,2026-10-08T22:10,55.6
TOS02004115,2026-10-08T22:15,55.6
TOS02004115,2026-10-08T22:20,55.6
TOS02004115,2026-10-08T22:25,55.6
TOS02004115,2026-10-08T22:30,55.6
TOS02004115,2026-10-08T22:35,55.6
TOS02004115,2026-10-08T22:40,55.6
TOS02004115,2026-10-08T22:45,55.6
TOS02004115,2026-10-08T22:50,55.6
TOS02004115,2026-10-08T22:55,55.6
TOS02004115,2026-10-08T23:00,55.6
TOS02004115,2026-10-08T23:05,55.8
TOS02004115,2026-10-08T23:10,55.8
TOS02004115,2026-10-08T23:15,56.0
TOS02004115,2026-10-08T23:20,56.0
TOS02004115,2026-10-08T23:25,56.0
TOS02004115,2026-10-08T23:30,56.2
TOS02004115,2026-10-08T23:35,56.2
TOS02004115,2026-10-08T23:40,56.2
TOS02004115,2026-10-08T23:45,56.2
TOS02004115,2026-10-08T23:50,56.2
TOS02004115,2026-10-08T23:55,56.2
TOS02004165,2026-10-08T00:10,0.2
TOS02004165,2026-10-08T00:15,0.2
TOS02004165,2026-10-08T00:20,0.4
TOS02004165,2026-10-08T00:25,0.6
TOS02004165,2026-10-08T00:30,0.6
TOS02004165,2026-10-08T00:35,0.6
TOS02004165,2026-10-08T00:40,1.0
TOS02004165,2026-10-08T00:45,1.0
TOS02004165,2026-10-08T00:50,1.0
TOS02004165,2026-10-08T00:55,1.2
TOS02004165,2026-10-08T01:00,1.4
TOS02004165,2026-10-08T01:05,2.4
TOS02004165,2026-10-08T01:10,2.6
TOS02004165,2026-10-08T01:15,2.8
TOS02004165,2026-10-08T01:20,3.8
TOS02004165,2026-10-08T01:25,5.9
TOS02004165,2026-10-08T01:30,6.7
TOS02004165,2026-10-08T01:35,8.3
TOS02004165,2026-10-08T01:40,8.9
TOS02004165,2026-10-08T01:45,9.1
TOS02004165,2026-10-08T01:50,9.1
TOS02004165,2026-10-08T01:55,9.1
TOS02004165,2026-10-08T02:00,9.1
TOS02004165,2026-10-08T02:05,9.1
TOS02004165,2026-10-08T02:10,9.1
TOS02004165,2026-10-08T02:15,9.1
TOS02004165,2026-10-08T02:20,9.1
TOS02004165,2026-10-08T02:25,9.3
TOS02004165,2026-10-08T02:30,9.5
TOS02004165,2026-10-08T02:35,9.5
TOS02004165,2026-10-08T02:40,9.5
TOS02004165,2026-10-08T02:45,9.7
TOS02004165,2026-10-08T02:50,9.7
TOS02004165,2026-10-08T02:55,9.7
TOS02004165,2026-10-08T03:00,9.7
TOS02004165,2026-10-08T03:05,9.7
TOS02004165,2026-10-08T03:10,9.7
TOS02004165,2026-10-08T03:15,9.7
TOS02004165,2026-10-08T03:20,9.7
TOS02004165,2026-10-08T03:25,9.7
TOS02004165,2026-10-08T03:30,9.7
TOS02004165,2026-10-08T03:35,9.7
TOS02004165,2026-10-08T03:40,10.3
TOS02004165,2026-10-08T03:45,16.8
TOS02004165,2026-10-08T03:50,17.6
TOS02004165,2026-10-08T03:55,18.6
TOS02004165,2026-10-08T04:00,21.1
TOS02004165,2026-10-08T04:05,21.9
TOS02004165,2026-10-08T04:10,22.7
TOS02004165,2026-10-08T04:15,23.3
TOS02004165,2026-10-08T04:20,24.7
TOS02004165,2026-10-08T04:25,28.2
TOS02004165,2026-10-08T04:30,29.4
TOS02004165,2026-10-08T04:35,30.2
TOS02004165,2026-10-08T04:40,33.1
TOS02004165,2026-10-08T04:45,37.7
TOS02004165,2026-10-08T04:50,39.9
TOS02004165,2026-10-08T04:55,40.3
TOS02004165,2026-10-08T05:00,40.5
TOS02004165,2026-10-08T05:05,40.7
TOS02004165,2026-10-08T05:10,40.9
TOS02004165,2026-10-08T05:15,40.9
TOS02004165,2026-10-08T05:20,40.9
TOS02004165,2026-10-08T05:25,40.9
TOS02004165,2026-10-08T05:30,40.9
TOS02004165,2026-10-08T05:35,40.9
TOS02004165,2026-10-08T05:40,40.9
TOS02004165,2026-10-08T05:45,40.9
TOS02004165,2026-10-08T05:50,41.1
TOS02004165,2026-10-08T05:55,41.1
TOS02004165,2026-10-08T06:00,41.1
TOS02004165,2026-10-08T06:05,41.1
TOS02004165,2026-10-08T06:10,41.1
TOS02004165,2026-10-08T06:15,41.1
TOS02004165,2026-10-08T06:20,41.1
TOS02004165,2026-10-08T06:25,41.1
TOS02004165,2026-10-08T06:30,41.1
TOS02004165,2026-10-08T06:35,41.1
TOS02004165,2026-10-08T06:40,41.3
TOS02004165,2026-10-08T06:45,41.3
TOS02004165,2026-10-08T06:50,41.3
TOS02004165,2026-10-08T06:55,41.3
TOS02004165,2026-10-08T07:00,41.3
TOS02004165,2026-10-08T07:05,41.3
TOS02004165,2026-10-08T07:10,41.3
TOS02004165,2026-10-08T07:15,41.3
TOS02004165,2026-10-08T07:20,41.3
TOS02004165,2026-10-08T07:25,41.3
TOS02004165,2026-10-08T07:30,41.3
TOS02004165,2026-10-08T07:35,41.3
TOS02004165,2026-10-08T07:40,41.3
TOS02004165,2026-10-08T07:45,43.3
TOS02004165,2026-10-08T07:50,43.5
TOS02004165,2026-10-08T07:55,43.5
TOS02004165,2026-10-08T08:00,43.5
TOS02004165,2026-10-08T08:05,43.5
TOS02004165,2026-10-08T08:10,43.5
TOS02004165,2026-10-08T08:15,43.5
TOS02004165,2026-10-08T08:20,43.5
TOS02004165,2026-10-08T08:25,43.5
TOS02004165,2026-10-08T08:30,43.5
TOS02004165,2026-10-08T08:35,43.5
TOS02004165,2026-10-08T08:40,43.5
TOS02004165,2026-10-08T08:45,43.5
TOS02004165,2026-10-08T08:50,43.5
TOS02004165,2026-10-08T08:55,43.5
TOS02004165,2026-10-08T09:00,43.5
TOS02004165,2026-10-08T09:05,43.7
TOS02004165,2026-10-08T09:10,43.7
TOS02004165,2026-10-08T09:15,43.7
TOS02004165,2026-10-08T09:20,43.7
TOS02004165,2026-10-08T09:25,43.7
TOS02004165,2026-10-08T09:30,43.7
TOS02004165,2026-10-08T09:35,43.7
TOS02004165,2026-10-08T09:40,43.7
TOS02004165,2026-10-08T09:45,43.7
TOS02004165,2026-10-08T09:50,45.2
TOS02004165,2026-10-08T09:55,45.6
TOS02004165,2026-10-08T10:00,45.8
TOS02004165,2026-10-08T10:05,46.2
TOS02004165,2026-10-08T10:10,46.6
TOS02004165,2026-10-08T10:15,47.0
TOS02004165,2026-10-08T10:20,47.6
TOS02004165,2026-10-08T10:25,47.8
TOS02004165,2026-10-08T10:30,49.2
TOS02004165,2026-10-08T10:35,49.4
TOS02004165,2026-10-08T10:40,49.4
TOS02004165,2026-10-08T10:45,49.6
TOS02004165,2026-10-08T10:50,49.6
TOS02004165,2026-10-08T10:55,49.8
TOS02004165,2026-10-08T11:00,49.8
TOS02004165,2026-10-08T11:05,49.8
TOS02004165,2026-10-08T11:10,49.8
TOS02004165,2026-10-08T11:15,49.8
TOS02004165,2026-10-08T11:20,49.8
TOS02004165,2026-10-08T11:25,49.8
TOS02004165,2026-10-08T11:30,50.0
TOS02004165,2026-10-08T11:35,50.0
TOS02004165,2026-10-08T11:40,50.0
TOS02004165,2026-10-08T11:45,50.0
TOS02004165,2026-10-08T11:50,50.0
TOS02004165,2026-10-08T11:55,50.0
TOS02004165,2026-10-08T12:00,50.8
TOS02004165,2026-10-08T12:05,51.0
TOS02004165,2026-10-08T12:10,51.0
TOS02004165,2026-10-08T12:15,51.0
TOS02004165,2026-10-08T12:20,51.0
TOS02004165,2026-10-08T12:25,51.0
TOS02004165,2026-10-08T12:30,51.0
TOS02004165,2026-10-08T12:35,51.0
TOS02004165,2026-10-08T12:40,51.0
TOS02004165,2026-10-08T12:45,51.0
TOS02004165,2026-10-08T12:50,51.2
TOS02004165,2026-10-08T12:55,51.2
TOS02004165,2026-10-08T13:00,51.2
TOS02004165,2026-10-08T13:05,51.2
TOS02004165,2026-10-08T13:10,51.2
TOS02004165,2026-10-08T13:15,51.2
TOS02004165,2026-10-08T13:20,51.2
TOS02004165,2026-10-08T13:25,51.8
TOS02004165,2026-10-08T13:30,53.4
TOS02004165,2026-10-08T13:35,54.6
TOS02004165,2026-10-08T13:40,54.8
TOS02004165,2026-10-08T13:45,54.8
TOS02004165,2026-10-08T13:50,54.8
TOS02004165,2026-10-08T13:55,54.8
TOS02004165,2026-10-08T14:00,54.8
TOS02004165,2026-10-08T14:05,54.8
TOS02004165,2026-10-08T14:10,54.8
TOS02004165,2026-10-08T14:15,54.8
TOS02004165,2026-10-08T14:20,54.8
TOS02004165,2026-10-08T14:25,54.8
TOS02004165,2026-10-08T14:30,54.8
TOS02004165,2026-10-08T14:35,54.8
TOS02004165,2026-10-08T14:40,54.8
TOS02004165,2026-10-08T14:45,54.8
TOS02004165,2026-10-08T14:50,54.8
TOS02004165,2026-10-08T14:55,54.8
TOS02004165,2026-10-08T15:00,54.8
TOS02004165,2026-10-08T15:05,54.8
TOS02004165,2026-10-08T15:10,54.8
TOS02004165,2026-10-08T15:15,54.8
TOS02004165,2026-10-08T15:20,54.8
TOS02004165,2026-10-08T15:25,54.8
TOS02004165,2026-10-08T15:30,54.8
TOS02004165,2026-10-08T15:35,54.8
TOS02004165,2026-10-08T15:40,54.8
TOS02004165,2026-10-08T15:45,55.0
TOS02004165,2026-10-08T15:50,55.0
TOS02004165,2026-10-08T15:55,55.0
TOS02004165,2026-10-08T16:00,55.6
TOS02004165,2026-10-08T16:05,56.4
TOS02004165,2026-10-08T16:10,57.6
TOS02004165,2026-10-08T16:15,58.4
TOS02004165,2026-10-08T16:20,58.8
TOS02004165,2026-10-08T16:25,58.8
TOS02004165,2026-10-08T16:30,58.8
TOS02004165,2026-10-08T16:35,58.8
TOS02004165,2026-10-08T16:40,58.8
TOS02004165,2026-10-08T16:45,59.0
TOS02004165,2026-10-08T16:50,60.0
TOS02004165,2026-10-08T16:55,61.5
TOS02004165,2026-10-08T17:00,61.9
TOS02004165,2026-10-08T17:05,62.3
TOS02004165,2026-10-08T17:10,62.7
TOS02004165,2026-10-08T17:15,63.7
TOS02004165,2026-10-08T17:20,64.5
TOS02004165,2026-10-08T17:25,65.7
TOS02004165,2026-10-08T17:30,66.1
TOS02004165,2026-10-08T17:35,66.3
TOS02004165,2026-10-08T17:40,66.3
TOS02004165,2026-10-08T17:45,66.3
TOS02004165,2026-10-08T17:50,66.3
TOS02004165,2026-10-08T17:55,66.3
TOS02004165,2026-10-08T18:00,66.3
TOS02004165,2026-10-08T18:05,66.5
TOS02004165,2026-10-08T18:10,66.7
TOS02004165,2026-10-08T18:15,67.1
TOS02004165,2026-10-08T18:20,67.3
TOS02004165,2026-10-08T18:25,67.3
TOS02004165,2026-10-08T18:30,67.7
TOS02004165,2026-10-08T18:35,68.7
TOS02004165,2026-10-08T18:40,68.9
TOS02004165,2026-10-08T18:45,68.9
TOS02004165,2026-10-08T18:50,68.9
TOS02004165,2026-10-08T18:55,68.9
TOS02004165,2026-10-08T19:00,69.1
TOS02004165,2026-10-08T19:05,69.1
TOS02004165,2026-10-08T19:10,69.1
TOS02004165,2026-10-08T19:15,69.3
TOS02004165,2026-10-08T19:20,69.3
TOS02004165,2026-10-08T19:25,69.3
TOS02004165,2026-10-08T19:30,69.3
TOS02004165,2026-10-08T19:35,69.3
TOS02004165,2026-10-08T19:40,69.3
TOS02004165,2026-10-08T19:45,69.3
TOS02004165,2026-10-08T19:50,69.3
TOS02004165,2026-10-08T19:55,69.3
TOS02004165,2026-10-08T20:00,69.3
TOS02004165,2026-10-08T20:05,69.3
TOS02004165,2026-10-08T20:10,69.3
TOS02004165,2026-10-08T20:15,69.3
TOS02004165,2026-10-08T20:20,69.3
TOS02004165,2026-10-08T20:25,69.3
TOS02004165,2026-10-08T20:30,69.3
TOS02004165,2026-10-08T20:35,69.3
TOS02004165,2026-10-08T20:40,69.3
TOS02004165,2026-10-08T20:45,69.5
TOS02004165,2026-10-08T20:50,69.5
TOS02004165,2026-10-08T20:55,69.5
TOS02004165,2026-10-08T21:00,69.5
TOS02004165,2026-10-08T21:05,69.5
TOS02004165,2026-10-08T21:10,69.7
TOS02004165,2026-10-08T21:15,70.3
TOS02004165,2026-10-08T21:20,70.3
TOS02004165,2026-10-08T21:25,70.3
TOS02004165,2026-10-08T21:30,70.7
TOS02004165,2026-10-08T21:35,71.1
TOS02004165,2026-10-08T21:40,71.9
TOS02004165,2026-10-08T21:45,72.5
TOS02004165,2026-10-08T21:50,73.5
TOS02004165,2026-10-08T21:55,73.5
TOS02004165,2026-10-08T22:00,73.7
TOS02004165,2026-10-08T22:05,73.7
TOS02004165,2026-10-08T22:10,73.7
TOS02004165,2026-10-08T22:15,73.7
TOS02004165,2026-10-08T22:20,73.7
TOS02004165,2026-10-08T22:25,73.7
TOS02004165,2026-10-08T22:30,73.7
TOS02004165,2026-10-08T22:35,73.7
TOS02004165,2026-10-08T22:40,73.7
TOS02004165,2026-10-08T22:45,73.7
TOS02004165,2026-10-08T22:50,73.7
TOS02004165,2026-10-08T22:55,73.7
TOS02004165,2026-10-08T23:00,73.7
TOS02004165,2026-10-08T23:05,73.7
TOS02004165,2026-10-08T23:10,73.7
TOS02004165,2026-10-08T23:15,73.9
TOS02004165,2026-10-08T23:20,73.9
TOS02004165,2026-10-08T23:25,73.9
TOS02004165,2026-10-08T23:30,74.1
TOS02004165,2026-10-08T23:35,74.1
TOS02004165,2026-10-08T23:40,74.1
TOS02004165,2026-10-08T23:45,74.1
TOS02004165,2026-10-08T23:50,74.1
TOS02004165,2026-10-08T23:55,74.1
TOS02004195,2026-10-08T00:05,0.4
TOS02004195,2026-10-08T00:10,0.6
TOS02004195,2026-10-08T00:15,1.0
TOS02004195,2026-10-08T00:20,1.0
TOS02004195,2026-10-08T00:25,1.0
TOS02004195,2026-10-08T00:30,1.0
TOS02004195,2026-10-08T00:35,1.4
TOS02004195,2026-10-08T00:40,1.6
TOS02004195,2026-10-08T00:45,5.4
TOS02004195,2026-10-08T00:50,11.0
TOS02004195,2026-10-08T00:55,11.6
TOS02004195,2026-10-08T01:00,12.0
TOS02004195,2026-10-08T01:05,12.2
TOS02004195,2026-10-08T01:10,12.4
TOS02004195,2026-10-08T01:15,12.4
TOS02004195,2026-10-08T01:20,12.4
TOS02004195,2026-10-08T01:25,12.4
TOS02004195,2026-10-08T01:30,12.6
TOS02004195,2026-10-08T01:35,12.6
TOS02004195,2026-10-08T01:40,12.6
TOS02004195,2026-10-08T01:45,12.6
TOS02004195,2026-10-08T01:50,12.6
TOS02004195,2026-10-08T01:55,12.8
TOS02004195,2026-10-08T02:00,13.2
TOS02004195,2026-10-08T02:05,13.6
TOS02004195,2026-10-08T02:10,13.6
TOS02004195,2026-10-08T02:15,13.6
TOS02004195,2026-10-08T02:20,13.8
TOS02004195,2026-10-08T02:25,13.8
TOS02004195,2026-10-08T02:30,14.0
TOS02004195,2026-10-08T02:35,15.1
TOS02004195,2026-10-08T02:40,15.5
TOS02004195,2026-10-08T02:45,15.7
TOS02004195,2026-10-08T02:50,16.1
TOS02004195,2026-10-08T02:55,17.7
TOS02004195,2026-10-08T03:00,19.7
TOS02004195,2026-10-08T03:05,21.3
TOS02004195,2026-10-08T03:10,27.2
TOS02004195,2026-10-08T03:15,29.5
TOS02004195,2026-10-08T03:20,32.2
TOS02004195,2026-10-08T03:25,35.2
TOS02004195,2026-10-08T03:30,35.6
TOS02004195,2026-10-08T03:35,35.8
TOS02004195,2026-10-08T03:40,36.4
TOS02004195,2026-10-08T03:45,36.6
TOS02004195,2026-10-08T03:50,36.8
TOS02004195,2026-10-08T03:55,36.8
TOS02004195,2026-10-08T04:00,37.2
TOS02004195,2026-10-08T04:05,37.9
TOS02004195,2026-10-08T04:10,38.3
TOS02004195,2026-10-08T04:15,38.3
TOS02004195,2026-10-08T04:20,38.7
TOS02004195,2026-10-08T04:25,38.9
TOS02004195,2026-10-08T04:30,40.9
TOS02004195,2026-10-08T04:35,41.5
TOS02004195,2026-10-08T04:40,42.7
TOS02004195,2026-10-08T04:45,44.9
TOS02004195,2026-10-08T04:50,48.0
TOS02004195,2026-10-08T04:55,49.3
TOS02004195,2026-10-08T05:00,49.5
TOS02004195,2026-10-08T05:05,49.9
TOS02004195,2026-10-08T05:10,50.1
TOS02004195,2026-10-08T05:15,50.1
TOS02004195,2026-10-08T05:20,50.1
TOS02004195,2026-10-08T05:25,50.1
TOS02004195,2026-10-08T05:30,50.1
TOS02004195,2026-10-08T05:35,50.1
TOS02004195,2026-10-08T05:40,50.1
TOS02004195,2026-10-08T05:45,50.1
TOS02004195,2026-10-08T05:50,50.1
TOS02004195,2026-10-08T05:55,50.1
TOS02004195,2026-10-08T06:00,50.1
TOS02004195,2026-10-08T06:05,50.1
TOS02004195,2026-10-08T06:10,50.1
TOS02004195,2026-10-08T06:15,50.1
TOS02004195,2026-10-08T06:20,50.1
TOS02004195,2026-10-08T06:25,50.1
TOS02004195,2026-10-08T06:30,50.1
TOS02004195,2026-10-08T06:35,50.1
TOS02004195,2026-10-08T06:40,50.1
TOS02004195,2026-10-08T06:45,50.1
TOS02004195,2026-10-08T06:50,50.1
TOS02004195,2026-10-08T06:55,50.1
TOS02004195,2026-10-08T07:00,50.1
TOS02004195,2026-10-08T07:05,50.1
TOS02004195,2026-10-08T07:10,50.1
TOS02004195,2026-10-08T07:15,50.1
TOS02004195,2026-10-08T07:20,50.7
TOS02004195,2026-10-08T07:25,51.1
TOS02004195,2026-10-08T07:30,51.1
TOS02004195,2026-10-08T07:35,51.1
TOS02004195,2026-10-08T07:40,51.1
TOS02004195,2026-10-08T07:45,51.1
TOS02004195,2026-10-08T07:50,51.1
TOS02004195,2026-10-08T07:55,51.1
TOS02004195,2026-10-08T08:00,51.3
TOS02004195,2026-10-08T08:05,51.3
TOS02004195,2026-10-08T08:10,51.3
TOS02004195,2026-10-08T08:15,51.3
TOS02004195,2026-10-08T08:20,51.3
TOS02004195,2026-10-08T08:25,51.3
TOS02004195,2026-10-08T08:30,51.3
TOS02004195,2026-10-08T08:35,51.3
TOS02004195,2026-10-08T08:40,51.3
TOS02004195,2026-10-08T08:45,51.3
TOS02004195,2026-10-08T08:50,51.3
TOS02004195,2026-10-08T08:55,51.3
TOS02004195,2026-10-08T09:00,51.3
TOS02004195,2026-10-08T09:05,51.3
TOS02004195,2026-10-08T09:10,51.3
TOS02004195,2026-10-08T09:15,51.3
TOS02004195,2026-10-08T09:20,51.3
TOS02004195,2026-10-08T09:25,51.3
TOS02004195,2026-10-08T09:30,51.3
TOS02004195,2026-10-08T09:35,51.3
TOS02004195,2026-10-08T09:40,51.3
TOS02004195,2026-10-08T09:45,51.3
TOS02004195,2026-10-08T09:50,51.3
TOS02004195,2026-10-08T09:55,51.3
TOS02004195,2026-10-08T10:00,51.3
TOS02004195,2026-10-08T10:05,51.5
TOS02004195,2026-10-08T10:10,52.3
TOS02004195,2026-10-08T10:15,52.5
TOS02004195,2026-10-08T10:20,52.9
TOS02004195,2026-10-08T10:25,53.1
TOS02004195,2026-10-08T10:30,53.1
TOS02004195,2026-10-08T10:35,53.3
TOS02004195,2026-10-08T10:40,53.3
TOS02004195,2026-10-08T10:45,53.3
TOS02004195,2026-10-08T10:50,53.3
TOS02004195,2026-10-08T10:55,53.3
TOS02004195,2026-10-08T11:00,53.3
TOS02004195,2026-10-08T11:05,53.3
TOS02004195,2026-10-08T11:10,53.3
TOS02004195,2026-10-08T11:15,53.3
TOS02004195,2026-10-08T11:20,53.3
TOS02004195,2026-10-08T11:25,53.3
TOS02004195,2026-10-08T11:30,53.3
TOS02004195,2026-10-08T11:35,53.5
TOS02004195,2026-10-08T11:40,53.5
TOS02004195,2026-10-08T11:45,53.5
TOS02004195,2026-10-08T11:50,53.5
TOS02004195,2026-10-08T11:55,53.5
TOS02004195,2026-10-08T12:00,53.5
TOS02004195,2026-10-08T12:05,53.5
TOS02004195,2026-10-08T12:10,53.5
TOS02004195,2026-10-08T12:15,53.5
TOS02004195,2026-10-08T12:20,53.5
TOS02004195,2026-10-08T12:25,53.5
TOS02004195,2026-10-08T12:30,53.5
TOS02004195,2026-10-08T12:35,53.9
TOS02004195,2026-10-08T12:40,53.9
TOS02004195,2026-10-08T12:45,53.9
TOS02004195,2026-10-08T12:50,53.9
TOS02004195,2026-10-08T12:55,53.9
TOS02004195,2026-10-08T13:00,53.9
TOS02004195,2026-10-08T13:05,53.9
TOS02004195,2026-10-08T13:10,53.9
TOS02004195,2026-10-08T13:15,53.9
TOS02004195,2026-10-08T13:20,53.9
TOS02004195,2026-10-08T13:25,53.9
TOS02004195,2026-10-08T13:30,54.1
TOS02004195,2026-10-08T13:35,54.1
TOS02004195,2026-10-08T13:40,54.1
TOS02004195,2026-10-08T13:45,54.1
TOS02004195,2026-10-08T13:50,54.1
TOS02004195,2026-10-08T13:55,54.3
TOS02004195,2026-10-08T14:00,54.5
TOS02004195,2026-10-08T14:05,54.5
TOS02004195,2026-10-08T14:10,54.5
TOS02004195,2026-10-08T14:15,54.5
TOS02004195,2026-10-08T14:20,54.5
TOS02004195,2026-10-08T14:25,54.7
TOS02004195,2026-10-08T14:30,54.7
TOS02004195,2026-10-08T14:35,54.7
TOS02004195,2026-10-08T14:40,54.7
TOS02004195,2026-10-08T14:45,54.7
TOS02004195,2026-10-08T14:50,54.7
TOS02004195,2026-10-08T14:55,54.7
TOS02004195,2026-10-08T15:00,54.7
TOS02004195,2026-10-08T15:05,54.7
TOS02004195,2026-10-08T15:10,54.7
TOS02004195,2026-10-08T15:15,54.7
TOS02004195,2026-10-08T15:20,54.9
TOS02004195,2026-10-08T15:25,55.1
TOS02004195,2026-10-08T15:30,55.1
TOS02004195,2026-10-08T15:35,55.5
TOS02004195,2026-10-08T15:40,55.5
TOS02004195,2026-10-08T15:45,55.5
TOS02004195,2026-10-08T15:50,55.5
TOS02004195,2026-10-08T15:55,56.0
TOS02004195,2026-10-08T16:00,56.4
TOS02004195,2026-10-08T16:05,57.4
TOS02004195,2026-10-08T16:10,60.3
TOS02004195,2026-10-08T16:15,60.3
TOS02004195,2026-10-08T16:20,61.1
TOS02004195,2026-10-08T16:25,61.3
TOS02004195,2026-10-08T16:30,61.3
TOS02004195,2026-10-08T16:35,61.3
TOS02004195,2026-10-08T16:40,61.5
TOS02004195,2026-10-08T16:45,61.5
TOS02004195,2026-10-08T16:50,63.3
TOS02004195,2026-10-08T16:55,64.1
TOS02004195,2026-10-08T17:00,64.1
TOS02004195,2026-10-08T17:05,65.4
TOS02004195,2026-10-08T17:10,65.8
TOS02004195,2026-10-08T17:15,69.6
TOS02004195,2026-10-08T17:20,71.2
TOS02004195,2026-10-08T17:25,71.4
TOS02004195,2026-10-08T17:30,71.8
TOS02004195,2026-10-08T17:35,71.8
TOS02004195,2026-10-08T17:40,71.8
TOS02004195,2026-10-08T17:45,72.0
TOS02004195,2026-10-08T17:50,72.0
TOS02004195,2026-10-08T17:55,72.0
TOS02004195,2026-10-08T18:00,72.0
TOS02004195,2026-10-08T18:05,72.0
TOS02004195,2026-10-08T18:10,72.0
TOS02004195,2026-10-08T18:15,72.0
TOS02004195,2026-10-08T18:20,72.0
TOS02004195,2026-10-08T18:25,72.0
TOS02004195,2026-10-08T18:30,72.0
TOS02004195,2026-10-08T18:35,72.0
TOS02004195,2026-10-08T18:40,72.0
TOS02004195,2026-10-08T18:45,72.0
TOS02004195,2026-10-08T18:50,72.0
TOS02004195,2026-10-08T18:55,72.0
TOS02004195,2026-10-08T19:00,72.0
TOS02004195,2026-10-08T19:05,72.0
TOS02004195,2026-10-08T19:10,72.2
TOS02004195,2026-10-08T19:15,72.2
TOS02004195,2026-10-08T19:20,72.2
TOS02004195,2026-10-08T19:25,72.2
TOS02004195,2026-10-08T19:30,72.2
TOS02004195,2026-10-08T19:35,72.2
TOS02004195,2026-10-08T19:40,72.2
TOS02004195,2026-10-08T19:45,72.2
TOS02004195,2026-10-08T19:50,72.2
TOS02004195,2026-10-08T19:55,72.2
TOS02004195,2026-10-08T20:00,72.2
TOS02004195,2026-10-08T20:05,72.2
TOS02004195,2026-10-08T20:10,72.2
TOS02004195,2026-10-08T20:15,72.2
TOS02004195,2026-10-08T20:20,72.2
TOS02004195,2026-10-08T20:25,72.2
TOS02004195,2026-10-08T20:30,72.2
TOS02004195,2026-10-08T20:35,72.2
TOS02004195,2026-10-08T20:40,72.2
TOS02004195,2026-10-08T20:45,72.2
TOS02004195,2026-10-08T20:50,72.2
TOS02004195,2026-10-08T20:55,72.2
TOS02004195,2026-10-08T21:00,72.2
TOS02004195,2026-10-08T21:05,72.2
TOS02004195,2026-10-08T21:10,72.2
TOS02004195,2026-10-08T21:15,72.2
TOS02004195,2026-10-08T21:20,73.1
TOS02004195,2026-10-08T21:25,73.3
TOS02004195,2026-10-08T21:30,73.3
TOS02004195,2026-10-08T21:35,73.8
TOS02004195,2026-10-08T21:40,74.7
TOS02004195,2026-10-08T21:45,77.1
TOS02004195,2026-10-08T21:50,77.1
TOS02004195,2026-10-08T21:55,77.1
TOS02004195,2026-10-08T22:00,77.1
TOS02004195,2026-10-08T22:05,77.1
TOS02004195,2026-10-08T22:10,77.1
TOS02004195,2026-10-08T22:15,77.1
TOS02004195,2026-10-08T22:20,77.1
TOS02004195,2026-10-08T22:25,77.3
TOS02004195,2026-10-08T22:30,77.3
TOS02004195,2026-10-08T22:35,77.3
TOS02004195,2026-10-08T22:40,77.3
TOS02004195,2026-10-08T22:45,77.3
TOS02004195,2026-10-08T22:50,77.3
TOS02004195,2026-10-08T22:55,77.3
TOS02004195,2026-10-08T23:00,77.3
TOS02004195,2026-10-08T23:05,77.3
TOS02004195,2026-10-08T23:10,77.3
TOS02004195,2026-10-08T23:15,77.3
TOS02004195,2026-10-08T23:20,77.5
TOS02004195,2026-10-08T23:25,77.5
TOS02004195,2026-10-08T23:30,77.5
TOS02004195,2026-10-08T23:35,77.7
TOS02004195,2026-10-08T23:40,77.7
TOS02004195,2026-10-08T23:45,77.7
TOS02004195,2026-10-08T23:50,77.7
TOS02004195,2026-10-08T23:55,77.9
TOS02004215,2026-10-08T00:05,1.2
TOS02004215,2026-10-08T00:10,2.8
TOS02004215,2026-10-08T00:15,3.8
TOS02004215,2026-10-08T00:20,4.2
TOS02004215,2026-10-08T00:25,5.0
TOS02004215,2026-10-08T00:30,6.0
TOS02004215,2026-10-08T00:35,6.6
TOS02004215,2026-10-08T00:40,6.8
TOS02004215,2026-10-08T00:45,7.0
TOS02004215,2026-10-08T00:50,7.0
TOS02004215,2026-10-08T00:55,7.2
TOS02004215,2026-10-08T01:00,8.7
TOS02004215,2026-10-08T01:05,9.9
TOS02004215,2026-10-08T01:10,11.5
TOS02004215,2026-10-08T01:15,11.7
TOS02004215,2026-10-08T01:20,11.9
TOS02004215,2026-10-08T01:25,12.3
TOS02004215,2026-10-08T01:30,13.3
TOS02004215,2026-10-08T01:35,13.5
TOS02004215,2026-10-08T01:40,13.9
TOS02004215,2026-10-08T01:45,14.1
TOS02004215,2026-10-08T01:50,14.1
TOS02004215,2026-10-08T01:55,14.7
TOS02004215,2026-10-08T02:00,16.1
TOS02004215,2026-10-08T02:05,16.8
TOS02004215,2026-10-08T02:10,17.2
TOS02004215,2026-10-08T02:15,17.8
TOS02004215,2026-10-08T02:20,19.6
TOS02004215,2026-10-08T02:25,20.0
TOS02004215,2026-10-08T02:30,20.6
TOS02004215,2026-10-08T02:35,21.0
TOS02004215,2026-10-08T02:40,21.4
TOS02004215,2026-10-08T02:45,21.4
TOS02004215,2026-10-08T02:50,21.6
TOS02004215,2026-10-08T02:55,21.8
TOS02004215,2026-10-08T03:00,22.0
TOS02004215,2026-10-08T03:05,22.2
TOS02004215,2026-10-08T03:10,22.8
TOS02004215,2026-10-08T03:15,23.0
TOS02004215,2026-10-08T03:20,23.2
TOS02004215,2026-10-08T03:25,23.8
TOS02004215,2026-10-08T03:30,24.0
TOS02004215,2026-10-08T03:35,24.0
TOS02004215,2026-10-08T03:40,24.2
TOS02004215,2026-10-08T03:45,24.2
TOS02004215,2026-10-08T03:50,24.2
TOS02004215,2026-10-08T03:55,24.2
TOS02004215,2026-10-08T04:00,24.2
TOS02004215,2026-10-08T04:05,25.0
TOS02004215,2026-10-08T04:10,25.2
TOS02004215,2026-10-08T04:15,25.4
TOS02004215,2026-10-08T04:20,25.8
TOS02004215,2026-10-08T04:25,25.8
TOS02004215,2026-10-08T04:30,26.0
TOS02004215,2026-10-08T04:35,26.2
TOS02004215,2026-10-08T04:40,27.0
TOS02004215,2026-10-08T04:45,29.7
TOS02004215,2026-10-08T04:50,30.5
TOS02004215,2026-10-08T04:55,31.5
TOS02004215,2026-10-08T05:00,33.1
TOS02004215,2026-10-08T05:05,34.9
TOS02004215,2026-10-08T05:10,37.8
TOS02004215,2026-10-08T05:15,39.0
TOS02004215,2026-10-08T05:20,39.8
TOS02004215,2026-10-08T05:25,40.4
TOS02004215,2026-10-08T05:30,40.8
TOS02004215,2026-10-08T05:35,40.8
TOS02004215,2026-10-08T05:40,40.8
TOS02004215,2026-10-08T05:45,41.0
TOS02004215,2026-10-08T05:50,41.0
TOS02004215,2026-10-08T05:55,41.0
TOS02004215,2026-10-08T06:00,41.0
TOS02004215,2026-10-08T06:05,41.0
TOS02004215,2026-10-08T06:10,41.0
TOS02004215,2026-10-08T06:15,41.0
TOS02004215,2026-10-08T06:20,41.0
TOS02004215,2026-10-08T06:25,41.0
TOS02004215,2026-10-08T06:30,41.0
TOS02004215,2026-10-08T06:35,41.0
TOS02004215,2026-10-08T06:40,41.0
TOS02004215,2026-10-08T06:45,41.0
TOS02004215,2026-10-08T06:50,41.0
TOS02004215,2026-10-08T06:55,41.0
TOS02004215,2026-10-08T07:00,41.0
TOS02004215,2026-10-08T07:05,41.0
TOS02004215,2026-10-08T07:10,41.0
TOS02004215,2026-10-08T07:15,41.0
TOS02004215,2026-10-08T07:20,41.0
TOS02004215,2026-10-08T07:25,41.0
TOS02004215,2026-10-08T07:30,41.0
TOS02004215,2026-10-08T07:35,41.4
TOS02004215,2026-10-08T07:40,41.4
TOS02004215,2026-10-08T07:45,41.4
TOS02004215,2026-10-08T07:50,41.4
TOS02004215,2026-10-08T07:55,41.4
TOS02004215,2026-10-08T08:00,41.4
TOS02004215,2026-10-08T08:05,41.4
TOS02004215,2026-10-08T08:10,41.4
TOS02004215,2026-10-08T08:15,41.4
TOS02004215,2026-10-08T08:20,41.4
TOS02004215,2026-10-08T08:25,41.4
TOS02004215,2026-10-08T08:30,41.4
TOS02004215,2026-10-08T08:35,41.4
TOS02004215,2026-10-08T08:40,41.4
TOS02004215,2026-10-08T08:45,41.4
TOS02004215,2026-10-08T08:50,41.4
TOS02004215,2026-10-08T08:55,41.4
TOS02004215,2026-10-08T09:00,41.4
TOS02004215,2026-10-08T09:05,41.4
TOS02004215,2026-10-08T09:10,41.6
TOS02004215,2026-10-08T09:15,41.6
TOS02004215,2026-10-08T09:20,41.6
TOS02004215,2026-10-08T09:25,41.6
TOS02004215,2026-10-08T09:30,41.6
TOS02004215,2026-10-08T09:35,41.6
TOS02004215,2026-10-08T09:40,41.6
TOS02004215,2026-10-08T09:45,41.6
TOS02004215,2026-10-08T09:50,41.6
TOS02004215,2026-10-08T09:55,41.6
TOS02004215,2026-10-08T10:00,41.6
TOS02004215,2026-10-08T10:05,41.6
TOS02004215,2026-10-08T10:10,41.6
TOS02004215,2026-10-08T10:15,41.8
TOS02004215,2026-10-08T10:20,42.2
TOS02004215,2026-10-08T10:25,42.8
TOS02004215,2026-10-08T10:30,43.4
TOS02004215,2026-10-08T10:35,43.6
TOS02004215,2026-10-08T10:40,43.6
TOS02004215,2026-10-08T10:45,43.6
TOS02004215,2026-10-08T10:50,43.6
TOS02004215,2026-10-08T10:55,43.6
TOS02004215,2026-10-08T11:00,43.8
TOS02004215,2026-10-08T11:05,43.8
TOS02004215,2026-10-08T11:10,43.8
TOS02004215,2026-10-08T11:15,43.8
TOS02004215,2026-10-08T11:20,43.8
TOS02004215,2026-10-08T11:25,43.8
TOS02004215,2026-10-08T11:30,43.8
TOS02004215,2026-10-08T11:35,43.8
TOS02004215,2026-10-08T11:40,43.8
TOS02004215,2026-10-08T11:45,43.8
TOS02004215,2026-10-08T11:50,44.0
TOS02004215,2026-10-08T11:55,44.0
TOS02004215,2026-10-08T12:00,44.0
TOS02004215,2026-10-08T12:05,44.0
TOS02004215,2026-10-08T12:10,44.0
TOS02004215,2026-10-08T12:15,44.0
TOS02004215,2026-10-08T12:20,44.0
TOS02004215,2026-10-08T12:25,44.0
TOS02004215,2026-10-08T12:30,44.0
TOS02004215,2026-10-08T12:35,44.0
TOS02004215,2026-10-08T12:40,44.0
TOS02004215,2026-10-08T12:45,44.0
TOS02004215,2026-10-08T12:50,44.6
TOS02004215,2026-10-08T12:55,44.8
TOS02004215,2026-10-08T13:00,45.0
TOS02004215,2026-10-08T13:05,45.0
TOS02004215,2026-10-08T13:10,45.0
TOS02004215,2026-10-08T13:15,45.0
TOS02004215,2026-10-08T13:20,45.0
TOS02004215,2026-10-08T13:25,45.0
TOS02004215,2026-10-08T13:30,45.0
TOS02004215,2026-10-08T13:35,45.0
TOS02004215,2026-10-08T13:40,45.0
TOS02004215,2026-10-08T13:45,45.2
TOS02004215,2026-10-08T13:50,45.4
TOS02004215,2026-10-08T13:55,45.6
TOS02004215,2026-10-08T14:00,45.6
TOS02004215,2026-10-08T14:05,45.6
TOS02004215,2026-10-08T14:10,45.8
TOS02004215,2026-10-08T14:15,46.0
TOS02004215,2026-10-08T14:20,46.0
TOS02004215,2026-10-08T14:25,46.0
TOS02004215,2026-10-08T14:30,46.0
TOS02004215,2026-10-08T14:35,46.0
TOS02004215,2026-10-08T14:40,46.0
TOS02004215,2026-10-08T14:45,46.0
TOS02004215,2026-10-08T14:50,46.0
TOS02004215,2026-10-08T14:55,46.0
TOS02004215,2026-10-08T15:00,46.0
TOS02004215,2026-10-08T15:05,46.0
TOS02004215,2026-10-08T15:10,46.2
TOS02004215,2026-10-08T15:15,46.6
TOS02004215,2026-10-08T15:20,47.0
TOS02004215,2026-10-08T15:25,47.2
TOS02004215,2026-10-08T15:30,47.6
TOS02004215,2026-10-08T15:35,47.6
TOS02004215,2026-10-08T15:40,47.6
TOS02004215,2026-10-08T15:45,47.6
TOS02004215,2026-10-08T15:50,47.6
TOS02004215,2026-10-08T15:55,47.6
TOS02004215,2026-10-08T16:00,47.6
TOS02004215,2026-10-08T16:05,47.6
TOS02004215,2026-10-08T16:10,47.6
TOS02004215,2026-10-08T16:15,47.6
TOS02004215,2026-10-08T16:20,47.6
TOS02004215,2026-10-08T16:25,47.6
TOS02004215,2026-10-08T16:30,47.6
TOS02004215,2026-10-08T16:35,48.6
TOS02004215,2026-10-08T16:40,50.9
TOS02004215,2026-10-08T16:45,52.5
TOS02004215,2026-10-08T16:50,52.5
TOS02004215,2026-10-08T16:55,52.5
TOS02004215,2026-10-08T17:00,52.5
TOS02004215,2026-10-08T17:05,52.7
TOS02004215,2026-10-08T17:10,54.1
TOS02004215,2026-10-08T17:15,54.1
TOS02004215,2026-10-08T17:20,54.3
TOS02004215,2026-10-08T17:25,54.3
TOS02004215,2026-10-08T17:30,54.7
TOS02004215,2026-10-08T17:35,55.3
TOS02004215,2026-10-08T17:40,56.5
TOS02004215,2026-10-08T17:45,62.2
TOS02004215,2026-10-08T17:50,63.4
TOS02004215,2026-10-08T17:55,63.4
TOS02004215,2026-10-08T18:00,63.4
TOS02004215,2026-10-08T18:05,63.4
TOS02004215,2026-10-08T18:10,63.4
TOS02004215,2026-10-08T18:15,63.4
TOS02004215,2026-10-08T18:20,63.4
TOS02004215,2026-10-08T18:25,63.4
TOS02004215,2026-10-08T18:30,63.4
TOS02004215,2026-10-08T18:35,63.4
TOS02004215,2026-10-08T18:40,63.4
TOS02004215,2026-10-08T18:45,63.4
TOS02004215,2026-10-08T18:50,63.4
TOS02004215,2026-10-08T18:55,63.4
TOS02004215,2026-10-08T19:00,63.4
TOS02004215,2026-10-08T19:05,63.4
TOS02004215,2026-10-08T19:10,63.4
TOS02004215,2026-10-08T19:15,63.4
TOS02004215,2026-10-08T19:20,63.4
TOS02004215,2026-10-08T19:25,63.4
TOS02004215,2026-10-08T19:30,63.4
TOS02004215,2026-10-08T19:35,63.4
TOS02004215,2026-10-08T19:40,63.4
TOS02004215,2026-10-08T19:45,63.4
TOS02004215,2026-10-08T19:50,63.4
TOS02004215,2026-10-08T19:55,63.4
TOS02004215,2026-10-08T20:00,63.4
TOS02004215,2026-10-08T20:05,63.4
TOS02004215,2026-10-08T20:10,63.4
TOS02004215,2026-10-08T20:15,63.4
TOS02004215,2026-10-08T20:20,63.4
TOS02004215,2026-10-08T20:25,63.4
TOS02004215,2026-10-08T20:30,63.4
TOS02004215,2026-10-08T20:35,63.4
TOS02004215,2026-10-08T20:40,63.4
TOS02004215,2026-10-08T20:45,63.4
TOS02004215,2026-10-08T20:50,63.4
TOS02004215,2026-10-08T20:55,63.4
TOS02004215,2026-10-08T21:00,63.4
TOS02004215,2026-10-08T21:05,63.4
TOS02004215,2026-10-08T21:10,63.4
TOS02004215,2026-10-08T21:15,63.4
TOS02004215,2026-10-08T21:20,63.4
TOS02004215,2026-10-08T21:25,63.4
TOS02004215,2026-10-08T21:30,63.4
TOS02004215,2026-10-08T21:35,63.4
TOS02004215,2026-10-08T21:40,63.4
TOS02004215,2026-10-08T21:45,63.4
TOS02004215,2026-10-08T21:50,63.4
TOS02004215,2026-10-08T21:55,63.6
TOS02004215,2026-10-08T22:00,64.4
TOS02004215,2026-10-08T22:05,64.8
TOS02004215,2026-10-08T22:10,65.4
TOS02004215,2026-10-08T22:15,67.4
TOS02004215,2026-10-08T22:20,67.4
TOS02004215,2026-10-08T22:25,67.4
TOS02004215,2026-10-08T22:30,67.4
TOS02004215,2026-10-08T22:35,67.4
TOS02004215,2026-10-08T22:40,67.4
TOS02004215,2026-10-08T22:45,67.4
TOS02004215,2026-10-08T22:50,67.4
TOS02004215,2026-10-08T22:55,67.4
TOS02004215,2026-10-08T23:00,67.4
TOS02004215,2026-10-08T23:05,67.6
TOS02004215,2026-10-08T23:10,67.6
TOS02004215,2026-10-08T23:15,67.6
TOS02004215,2026-10-08T23:20,67.6
TOS02004215,2026-10-08T23:25,67.6
TOS02004215,2026-10-08T23:30,67.6
TOS02004215,2026-10-08T23:35,67.6
TOS02004215,2026-10-08T23:40,67.6
TOS02004215,2026-10-08T23:45,67.6
TOS02004215,2026-10-08T23:50,67.6
TOS02004215,2026-10-08T23:55,67.6
TOS02004231,2026-10-08T00:15,0.6
TOS02004231,2026-10-08T00:30,0.8
TOS02004231,2026-10-08T00:45,0.8
TOS02004231,2026-10-08T01:00,8.7
TOS02004231,2026-10-08T01:15,12.3
TOS02004231,2026-10-08T01:30,21.4
TOS02004231,2026-10-08T01:45,29.9
TOS02004231,2026-10-08T02:00,31.3
TOS02004231,2026-10-08T02:15,33.1
TOS02004231,2026-10-08T02:30,36.1
TOS02004231,2026-10-08T02:45,38.4
TOS02004231,2026-10-08T03:00,38.4
TOS02004231,2026-10-08T03:15,38.6
TOS02004231,2026-10-08T03:30,39.0
TOS02004231,2026-10-08T03:45,39.2
TOS02004231,2026-10-08T04:00,39.2
TOS02004231,2026-10-08T04:15,39.4
TOS02004231,2026-10-08T04:30,40.0
TOS02004231,2026-10-08T04:45,41.2
TOS02004231,2026-10-08T05:00,45.0
TOS02004231,2026-10-08T05:15,48.9
TOS02004231,2026-10-08T05:30,49.9
TOS02004231,2026-10-08T05:45,50.1
TOS02004231,2026-10-08T06:00,50.1
TOS02004231,2026-10-08T06:15,50.1
TOS02004231,2026-10-08T06:30,50.1
TOS02004231,2026-10-08T06:45,50.1
TOS02004231,2026-10-08T07:00,50.1
TOS02004231,2026-10-08T07:15,50.1
TOS02004231,2026-10-08T07:30,50.1
TOS02004231,2026-10-08T07:45,50.1
TOS02004231,2026-10-08T08:00,50.1
TOS02004231,2026-10-08T08:15,50.1
TOS02004231,2026-10-08T08:30,50.1
TOS02004231,2026-10-08T08:45,50.1
TOS02004231,2026-10-08T09:00,50.1
TOS02004231,2026-10-08T09:15,50.1
TOS02004231,2026-10-08T09:30,50.1
TOS02004231,2026-10-08T09:45,50.1
TOS02004231,2026-10-08T10:00,50.1
TOS02004231,2026-10-08T10:15,50.5
TOS02004231,2026-10-08T10:30,51.1
TOS02004231,2026-10-08T10:45,52.5
TOS02004231,2026-10-08T11:00,52.5
TOS02004231,2026-10-08T11:15,52.7
TOS02004231,2026-10-08T11:30,52.7
TOS02004231,2026-10-08T11:45,52.9
TOS02004231,2026-10-08T12:00,52.9
TOS02004231,2026-10-08T12:15,52.9
TOS02004231,2026-10-08T12:30,52.9
TOS02004231,2026-10-08T12:45,53.1
TOS02004231,2026-10-08T13:00,55.1
TOS02004231,2026-10-08T13:15,55.1
TOS02004231,2026-10-08T13:30,55.1
TOS02004231,2026-10-08T13:45,55.1
TOS02004231,2026-10-08T14:00,55.1
TOS02004231,2026-10-08T14:15,55.9
TOS02004231,2026-10-08T14:30,55.9
TOS02004231,2026-10-08T14:45,55.9
TOS02004231,2026-10-08T15:00,56.1
TOS02004231,2026-10-08T15:15,57.5
TOS02004231,2026-10-08T15:30,58.9
TOS02004231,2026-10-08T15:45,58.9
TOS02004231,2026-10-08T16:00,58.9
TOS02004231,2026-10-08T16:15,58.9
TOS02004231,2026-10-08T16:30,59.3
TOS02004231,2026-10-08T16:45,59.5
TOS02004231,2026-10-08T17:00,59.5
TOS02004231,2026-10-08T17:15,59.5
TOS02004231,2026-10-08T17:30,59.7
TOS02004231,2026-10-08T17:45,61.5
TOS02004231,2026-10-08T18:00,63.4
TOS02004231,2026-10-08T18:15,63.8
TOS02004231,2026-10-08T18:30,63.8
TOS02004231,2026-10-08T18:45,63.8
TOS02004231,2026-10-08T19:00,63.8
TOS02004231,2026-10-08T19:15,63.8
TOS02004231,2026-10-08T19:30,64.0
TOS02004231,2026-10-08T19:45,64.0
TOS02004231,2026-10-08T20:00,64.0
TOS02004231,2026-10-08T20:15,64.0
TOS02004231,2026-10-08T20:30,64.0
TOS02004231,2026-10-08T20:45,64.0
TOS02004231,2026-10-08T21:00,64.0
TOS02004231,2026-10-08T21:15,64.0
TOS02004231,2026-10-08T21:30,64.0
TOS02004231,2026-10-08T21:45,64.0
TOS02004231,2026-10-08T22:00,66.6
TOS02004231,2026-10-08T22:15,67.2
TOS02004231,2026-10-08T22:30,67.2
TOS02004231,2026-10-08T22:45,67.2
TOS02004231,2026-10-08T23:00,67.2
TOS02004231,2026-10-08T23:15,67.2
TOS02004231,2026-10-08T23:30,67.2
TOS02004231,2026-10-08T23:45,67.2
TOS02004255,2026-10-08T00:05,0.4
TOS02004255,2026-10-08T00:10,0.6
TOS02004255,2026-10-08T00:15,0.8
TOS02004255,2026-10-08T00:20,1.0
TOS02004255,2026-10-08T00:25,1.0
TOS02004255,2026-10-08T00:30,1.0
TOS02004255,2026-10-08T00:35,2.7
TOS02004255,2026-10-08T00:40,3.7
TOS02004255,2026-10-08T00:45,7.4
TOS02004255,2026-10-08T00:50,8.7
TOS02004255,2026-10-08T00:55,9.1
TOS02004255,2026-10-08T01:00,10.1
TOS02004255,2026-10-08T01:05,12.5
TOS02004255,2026-10-08T01:10,16.4
TOS02004255,2026-10-08T01:15,20.2
TOS02004255,2026-10-08T01:20,20.8
TOS02004255,2026-10-08T01:25,21.2
TOS02004255,2026-10-08T01:30,22.0
TOS02004255,2026-10-08T01:35,23.0
TOS02004255,2026-10-08T01:40,23.4
TOS02004255,2026-10-08T01:45,23.8
TOS02004255,2026-10-08T01:50,24.0
TOS02004255,2026-10-08T01:55,24.0
TOS02004255,2026-10-08T02:00,24.0
TOS02004255,2026-10-08T02:05,24.0
TOS02004255,2026-10-08T02:10,24.2
TOS02004255,2026-10-08T02:15,24.4
TOS02004255,2026-10-08T02:20,24.4
TOS02004255,2026-10-08T02:25,24.4
TOS02004255,2026-10-08T02:30,24.4
TOS02004255,2026-10-08T02:35,25.0
TOS02004255,2026-10-08T02:40,25.8
TOS02004255,2026-10-08T02:45,27.2
TOS02004255,2026-10-08T02:50,30.1
TOS02004255,2026-10-08T02:55,31.7
TOS02004255,2026-10-08T03:00,33.5
TOS02004255,2026-10-08T03:05,34.7
TOS02004255,2026-10-08T03:10,35.1
TOS02004255,2026-10-08T03:15,35.1
TOS02004255,2026-10-08T03:20,35.1
TOS02004255,2026-10-08T03:25,35.5
TOS02004255,2026-10-08T03:30,35.5
TOS02004255,2026-10-08T03:35,35.5
TOS02004255,2026-10-08T03:40,35.5
TOS02004255,2026-10-08T03:45,35.5
TOS02004255,2026-10-08T03:50,35.9
TOS02004255,2026-10-08T03:55,36.1
TOS02004255,2026-10-08T04:00,36.1
TOS02004255,2026-10-08T04:05,36.1
TOS02004255,2026-10-08T04:10,36.3
TOS02004255,2026-10-08T04:15,36.3
TOS02004255,2026-10-08T04:20,36.7
TOS02004255,2026-10-08T04:25,37.1
TOS02004255,2026-10-08T04:30,37.3
TOS02004255,2026-10-08T04:35,37.7
TOS02004255,2026-10-08T04:40,39.8
TOS02004255,2026-10-08T04:45,41.6
TOS02004255,2026-10-08T04:50,42.8
TOS02004255,2026-10-08T04:55,44.6
TOS02004255,2026-10-08T05:00,45.0
TOS02004255,2026-10-08T05:05,45.4
TOS02004255,2026-10-08T05:10,45.8
TOS02004255,2026-10-08T05:15,46.0
TOS02004255,2026-10-08T05:20,46.0
TOS02004255,2026-10-08T05:25,46.0
TOS02004255,2026-10-08T05:30,46.0
TOS02004255,2026-10-08T05:35,46.0
TOS02004255,2026-10-08T05:40,46.0
TOS02004255,2026-10-08T05:45,46.0
TOS02004255,2026-10-08T05:50,46.0
TOS02004255,2026-10-08T05:55,46.0
TOS02004255,2026-10-08T06:00,46.0
TOS02004255,2026-10-08T06:05,46.0
TOS02004255,2026-10-08T06:10,46.0
TOS02004255,2026-10-08T06:15,46.0
TOS02004255,2026-10-08T06:20,46.0
TOS02004255,2026-10-08T06:25,46.0
TOS02004255,2026-10-08T06:30,46.0
TOS02004255,2026-10-08T06:35,46.0
TOS02004255,2026-10-08T06:40,46.0
TOS02004255,2026-10-08T06:45,46.0
TOS02004255,2026-10-08T06:50,46.0
TOS02004255,2026-10-08T06:55,46.0
TOS02004255,2026-10-08T07:00,46.0
TOS02004255,2026-10-08T07:05,46.0
TOS02004255,2026-10-08T07:10,46.0
TOS02004255,2026-10-08T07:15,46.0
TOS02004255,2026-10-08T07:20,46.0
TOS02004255,2026-10-08T07:25,46.0
TOS02004255,2026-10-08T07:30,46.0
TOS02004255,2026-10-08T07:35,46.0
TOS02004255,2026-10-08T07:40,46.0
TOS02004255,2026-10-08T07:45,46.0
TOS02004255,2026-10-08T07:50,46.0
TOS02004255,2026-10-08T07:55,46.0
TOS02004255,2026-10-08T08:00,46.0
TOS02004255,2026-10-08T08:05,46.0
TOS02004255,2026-10-08T08:10,46.0
TOS02004255,2026-10-08T08:15,46.0
TOS02004255,2026-10-08T08:20,46.0
TOS02004255,2026-10-08T08:25,46.0
TOS02004255,2026-10-08T08:30,46.0
TOS02004255,2026-10-08T08:35,46.0
TOS02004255,2026-10-08T08:40,46.0
TOS02004255,2026-10-08T08:45,46.0
TOS02004255,2026-10-08T08:50,46.0
TOS02004255,2026-10-08T08:55,46.0
TOS02004255,2026-10-08T09:00,46.0
TOS02004255,2026-10-08T09:05,46.0
TOS02004255,2026-10-08T09:10,46.0
TOS02004255,2026-10-08T09:15,46.0
TOS02004255,2026-10-08T09:20,46.0
TOS02004255,2026-10-08T09:25,46.0
TOS02004255,2026-10-08T09:30,46.0
TOS02004255,2026-10-08T09:35,46.0
TOS02004255,2026-10-08T09:40,46.0
TOS02004255,2026-10-08T09:45,46.0
TOS02004255,2026-10-08T09:50,46.0
TOS02004255,2026-10-08T09:55,46.0
TOS02004255,2026-10-08T10:00,46.8
TOS02004255,2026-10-08T10:05,47.4
TOS02004255,2026-10-08T10:10,48.0
TOS02004255,2026-10-08T10:15,48.0
TOS02004255,2026-10-08T10:20,48.0
TOS02004255,2026-10-08T10:25,48.4
TOS02004255,2026-10-08T10:30,48.4
TOS02004255,2026-10-08T10:35,48.4
TOS02004255,2026-10-08T10:40,48.4
TOS02004255,2026-10-08T10:45,48.4
TOS02004255,2026-10-08T10:50,48.6
TOS02004255,2026-10-08T10:55,48.6
TOS02004255,2026-10-08T11:00,48.6
TOS02004255,2026-10-08T11:05,48.6
TOS02004255,2026-10-08T11:10,48.6
TOS02004255,2026-10-08T11:15,48.6
TOS02004255,2026-10-08T11:20,48.6
TOS02004255,2026-10-08T11:25,48.6
TOS02004255,2026-10-08T11:30,48.8
TOS02004255,2026-10-08T11:35,49.0
TOS02004255,2026-10-08T11:40,49.2
TOS02004255,2026-10-08T11:45,49.2
TOS02004255,2026-10-08T11:50,49.2
TOS02004255,2026-10-08T11:55,49.2
TOS02004255,2026-10-08T12:00,49.2
TOS02004255,2026-10-08T12:05,49.2
TOS02004255,2026-10-08T12:10,49.2
TOS02004255,2026-10-08T12:15,49.2
TOS02004255,2026-10-08T12:20,49.2
TOS02004255,2026-10-08T12:25,49.2
TOS02004255,2026-10-08T12:30,49.6
TOS02004255,2026-10-08T12:35,50.0
TOS02004255,2026-10-08T12:40,50.2
TOS02004255,2026-10-08T12:45,50.2
TOS02004255,2026-10-08T12:50,50.2
TOS02004255,2026-10-08T12:55,50.2
TOS02004255,2026-10-08T13:00,50.2
TOS02004255,2026-10-08T13:05,50.2
TOS02004255,2026-10-08T13:10,50.2
TOS02004255,2026-10-08T13:15,50.2
TOS02004255,2026-10-08T13:20,50.2
TOS02004255,2026-10-08T13:25,50.2
TOS02004255,2026-10-08T13:30,50.4
TOS02004255,2026-10-08T13:35,50.4
TOS02004255,2026-10-08T13:40,50.4
TOS02004255,2026-10-08T13:45,50.4
TOS02004255,2026-10-08T13:50,50.6
TOS02004255,2026-10-08T13:55,51.0
TOS02004255,2026-10-08T14:00,51.0
TOS02004255,2026-10-08T14:05,51.0
TOS02004255,2026-10-08T14:10,51.2
TOS02004255,2026-10-08T14:15,51.2
TOS02004255,2026-10-08T14:20,51.2
TOS02004255,2026-10-08T14:25,51.2
TOS02004255,2026-10-08T14:30,51.2
TOS02004255,2026-10-08T14:35,51.2
TOS02004255,2026-10-08T14:40,51.4
TOS02004255,2026-10-08T14:45,51.8
TOS02004255,2026-10-08T14:50,52.2
TOS02004255,2026-10-08T14:55,53.2
TOS02004255,2026-10-08T15:00,53.4
TOS02004255,2026-10-08T15:05,53.4
TOS02004255,2026-10-08T15:10,53.4
TOS02004255,2026-10-08T15:15,53.4
TOS02004255,2026-10-08T15:20,54.0
TOS02004255,2026-10-08T15:25,54.0
TOS02004255,2026-10-08T15:30,54.0
TOS02004255,2026-10-08T15:35,54.2
TOS02004255,2026-10-08T15:40,54.2
TOS02004255,2026-10-08T15:45,54.2
TOS02004255,2026-10-08T15:50,54.2
TOS02004255,2026-10-08T15:55,54.2
TOS02004255,2026-10-08T16:00,54.4
TOS02004255,2026-10-08T16:05,54.6
TOS02004255,2026-10-08T16:10,56.7
TOS02004255,2026-10-08T16:15,57.9
TOS02004255,2026-10-08T16:20,57.9
TOS02004255,2026-10-08T16:25,57.9
TOS02004255,2026-10-08T16:30,57.9
TOS02004255,2026-10-08T16:35,57.9
TOS02004255,2026-10-08T16:40,57.9
TOS02004255,2026-10-08T16:45,58.1
TOS02004255,2026-10-08T16:50,58.3
TOS02004255,2026-10-08T16:55,58.3
TOS02004255,2026-10-08T17:00,58.5
TOS02004255,2026-10-08T17:05,58.5
TOS02004255,2026-10-08T17:10,58.5
TOS02004255,2026-10-08T17:15,58.5
TOS02004255,2026-10-08T17:20,59.1
TOS02004255,2026-10-08T17:25,59.9
TOS02004255,2026-10-08T17:30,59.9
TOS02004255,2026-10-08T17:35,60.1
TOS02004255,2026-10-08T17:40,60.1
TOS02004255,2026-10-08T17:45,60.1
TOS02004255,2026-10-08T17:50,60.1
TOS02004255,2026-10-08T17:55,60.1
TOS02004255,2026-10-08T18:00,60.1
TOS02004255,2026-10-08T18:05,60.1
TOS02004255,2026-10-08T18:10,60.1
TOS02004255,2026-10-08T18:15,60.1
TOS02004255,2026-10-08T18:20,60.1
TOS02004255,2026-10-08T18:25,60.1
TOS02004255,2026-10-08T18:30,60.1
TOS02004255,2026-10-08T18:35,60.1
TOS02004255,2026-10-08T18:40,60.1
TOS02004255,2026-10-08T18:45,60.1
TOS02004255,2026-10-08T18:50,60.1
TOS02004255,2026-10-08T18:55,60.1
TOS02004255,2026-10-08T19:00,60.1
TOS02004255,2026-10-08T19:05,60.1
TOS02004255,2026-10-08T19:10,60.1
TOS02004255,2026-10-08T19:15,60.1
TOS02004255,2026-10-08T19:20,60.1
TOS02004255,2026-10-08T19:25,60.1
TOS02004255,2026-10-08T19:30,60.1
TOS02004255,2026-10-08T19:35,60.1
TOS02004255,2026-10-08T19:40,60.1
TOS02004255,2026-10-08T19:45,60.1
TOS02004255,2026-10-08T19:50,60.1
TOS02004255,2026-10-08T19:55,60.1
TOS02004255,2026-10-08T20:00,60.1
TOS02004255,2026-10-08T20:05,60.1
TOS02004255,2026-10-08T20:10,60.1
TOS02004255,2026-10-08T20:15,60.1
TOS02004255,2026-10-08T20:20,60.1
TOS02004255,2026-10-08T20:25,60.1
TOS02004255,2026-10-08T20:30,60.1
TOS02004255,2026-10-08T20:35,60.1
TOS02004255,2026-10-08T20:40,60.1
TOS02004255,2026-10-08T20:45,60.1
TOS02004255,2026-10-08T20:50,60.1
TOS02004255,2026-10-08T20:55,60.1
TOS02004255,2026-10-08T21:00,60.1
TOS02004255,2026-10-08T21:05,60.1
TOS02004255,2026-10-08T21:10,60.1
TOS02004255,2026-10-08T21:15,60.1
TOS02004255,2026-10-08T21:20,60.3
TOS02004255,2026-10-08T21:25,60.3
TOS02004255,2026-10-08T21:30,60.3
TOS02004255,2026-10-08T21:35,60.5
TOS02004255,2026-10-08T21:40,60.5
TOS02004255,2026-10-08T21:45,60.7
TOS02004255,2026-10-08T21:50,60.7
TOS02004255,2026-10-08T21:55,60.9
TOS02004255,2026-10-08T22:00,60.9
TOS02004255,2026-10-08T22:05,60.9
TOS02004255,2026-10-08T22:10,60.9
TOS02004255,2026-10-08T22:15,60.9
TOS02004255,2026-10-08T22:20,60.9
TOS02004255,2026-10-08T22:25,60.9
TOS02004255,2026-10-08T22:30,60.9
TOS02004255,2026-10-08T22:35,60.9
TOS02004255,2026-10-08T22:40,60.9
TOS02004255,2026-10-08T22:45,60.9
TOS02004255,2026-10-08T22:50,60.9
TOS02004255,2026-10-08T22:55,60.9
TOS02004255,2026-10-08T23:00,60.9
TOS02004255,2026-10-08T23:05,60.9
TOS02004255,2026-10-08T23:10,60.9
TOS02004255,2026-10-08T23:15,60.9
TOS02004255,2026-10-08T23:20,60.9
TOS02004255,2026-10-08T23:25,60.9
TOS02004255,2026-10-08T23:30,61.1
TOS02004255,2026-10-08T23:35,61.3
TOS02004255,2026-10-08T23:40,61.3
TOS02004255,2026-10-08T23:45,61.5
TOS02004255,2026-10-08T23:50,61.5
TOS02004255,2026-10-08T23:55,61.7
TOS02004271,2026-10-08T00:05,0.2
TOS02004271,2026-10-08T00:10,0.2
TOS02004271,2026-10-08T00:15,0.2
TOS02004271,2026-10-08T00:20,0.2
TOS02004271,2026-10-08T00:25,0.2
TOS02004271,2026-10-08T00:30,0.8
TOS02004271,2026-10-08T00:35,2.8
TOS02004271,2026-10-08T00:40,4.7
TOS02004271,2026-10-08T00:45,5.5
TOS02004271,2026-10-08T00:50,5.7
TOS02004271,2026-10-08T00:55,6.1
TOS02004271,2026-10-08T01:00,9.6
TOS02004271,2026-10-08T01:05,11.8
TOS02004271,2026-10-08T01:10,16.4
TOS02004271,2026-10-08T01:15,21.2
TOS02004271,2026-10-08T01:20,22.2
TOS02004271,2026-10-08T01:25,23.4
TOS02004271,2026-10-08T01:30,23.4
TOS02004271,2026-10-08T01:35,23.8
TOS02004271,2026-10-08T01:40,24.8
TOS02004271,2026-10-08T01:45,26.0
TOS02004271,2026-10-08T01:50,26.2
TOS02004271,2026-10-08T01:55,26.4
TOS02004271,2026-10-08T02:00,27.2
TOS02004271,2026-10-08T02:05,28.3
TOS02004271,2026-10-08T02:10,29.7
TOS02004271,2026-10-08T02:15,30.1
TOS02004271,2026-10-08T02:20,30.1
TOS02004271,2026-10-08T02:25,30.1
TOS02004271,2026-10-08T02:30,30.1
TOS02004271,2026-10-08T02:35,30.3
TOS02004271,2026-10-08T02:40,30.5
TOS02004271,2026-10-08T02:45,30.5
TOS02004271,2026-10-08T02:50,31.5
TOS02004271,2026-10-08T02:55,31.9
TOS02004271,2026-10-08T03:00,33.7
TOS02004271,2026-10-08T03:05,33.9
TOS02004271,2026-10-08T03:10,33.9
TOS02004271,2026-10-08T03:15,33.9
TOS02004271,2026-10-08T03:20,33.9
TOS02004271,2026-10-08T03:25,33.9
TOS02004271,2026-10-08T03:30,33.9
TOS02004271,2026-10-08T03:35,33.9
TOS02004271,2026-10-08T03:40,33.9
TOS02004271,2026-10-08T03:45,34.1
TOS02004271,2026-10-08T03:50,34.3
TOS02004271,2026-10-08T03:55,34.3
TOS02004271,2026-10-08T04:00,34.3
TOS02004271,2026-10-08T04:05,34.3
TOS02004271,2026-10-08T04:10,34.3
TOS02004271,2026-10-08T04:15,34.5
TOS02004271,2026-10-08T04:20,35.3
TOS02004271,2026-10-08T04:25,35.5
TOS02004271,2026-10-08T04:30,35.9
TOS02004271,2026-10-08T04:35,36.7
TOS02004271,2026-10-08T04:40,37.7
TOS02004271,2026-10-08T04:45,41.7
TOS02004271,2026-10-08T04:50,42.3
TOS02004271,2026-10-08T04:55,42.3
TOS02004271,2026-10-08T05:00,42.7
TOS02004271,2026-10-08T05:05,43.1
TOS02004271,2026-10-08T05:10,43.5
TOS02004271,2026-10-08T05:15,43.5
TOS02004271,2026-10-08T05:20,43.5
TOS02004271,2026-10-08T05:25,43.5
TOS02004271,2026-10-08T05:30,43.5
TOS02004271,2026-10-08T05:35,43.7
TOS02004271,2026-10-08T05:40,43.7
TOS02004271,2026-10-08T05:45,43.7
TOS02004271,2026-10-08T05:50,43.7
TOS02004271,2026-10-08T05:55,43.7
TOS02004271,2026-10-08T06:00,43.7
TOS02004271,2026-10-08T06:05,43.7
TOS02004271,2026-10-08T06:10,43.7
TOS02004271,2026-10-08T06:15,43.7
TOS02004271,2026-10-08T06:20,43.7
TOS02004271,2026-10-08T06:25,43.7
TOS02004271,2026-10-08T06:30,43.7
TOS02004271,2026-10-08T06:35,43.7
TOS02004271,2026-10-08T06:40,43.7
TOS02004271,2026-10-08T06:45,43.7
TOS02004271,2026-10-08T06:50,43.7
TOS02004271,2026-10-08T06:55,43.7
TOS02004271,2026-10-08T07:00,43.7
TOS02004271,2026-10-08T07:05,43.7
TOS02004271,2026-10-08T07:10,43.7
TOS02004271,2026-10-08T07:15,43.7
TOS02004271,2026-10-08T07:20,43.7
TOS02004271,2026-10-08T07:25,43.7
TOS02004271,2026-10-08T07:30,43.7
TOS02004271,2026-10-08T07:35,43.7
TOS02004271,2026-10-08T07:40,43.7
TOS02004271,2026-10-08T07:45,43.7
TOS02004271,2026-10-08T07:50,43.7
TOS02004271,2026-10-08T07:55,43.7
TOS02004271,2026-10-08T08:00,43.7
TOS02004271,2026-10-08T08:05,43.7
TOS02004271,2026-10-08T08:10,43.7
TOS02004271,2026-10-08T08:15,43.7
TOS02004271,2026-10-08T08:20,43.7
TOS02004271,2026-10-08T08:25,43.7
TOS02004271,2026-10-08T08:30,43.7
TOS02004271,2026-10-08T08:35,43.7
TOS02004271,2026-10-08T08:40,43.7
TOS02004271,2026-10-08T08:45,43.7
TOS02004271,2026-10-08T08:50,43.7
TOS02004271,2026-10-08T08:55,43.7
TOS02004271,2026-10-08T09:00,43.7
TOS02004271,2026-10-08T09:05,43.7
TOS02004271,2026-10-08T09:10,43.7
TOS02004271,2026-10-08T09:15,43.7
TOS02004271,2026-10-08T09:20,43.7
TOS02004271,2026-10-08T09:25,43.7
TOS02004271,2026-10-08T09:30,43.7
TOS02004271,2026-10-08T09:35,43.7
TOS02004271,2026-10-08T09:40,43.7
TOS02004271,2026-10-08T09:45,43.7
TOS02004271,2026-10-08T09:50,43.7
TOS02004271,2026-10-08T09:55,44.9
TOS02004271,2026-10-08T10:00,45.7
TOS02004271,2026-10-08T10:05,46.3
TOS02004271,2026-10-08T10:10,46.5
TOS02004271,2026-10-08T10:15,46.7
TOS02004271,2026-10-08T10:20,46.9
TOS02004271,2026-10-08T10:25,47.1
TOS02004271,2026-10-08T10:30,47.3
TOS02004271,2026-10-08T10:35,47.3
TOS02004271,2026-10-08T10:40,47.3
TOS02004271,2026-10-08T10:45,47.3
TOS02004271,2026-10-08T10:50,47.5
TOS02004271,2026-10-08T10:55,47.5
TOS02004271,2026-10-08T11:00,47.5
TOS02004271,2026-10-08T11:05,47.5
TOS02004271,2026-10-08T11:10,47.5
TOS02004271,2026-10-08T11:15,47.5
TOS02004271,2026-10-08T11:20,47.5
TOS02004271,2026-10-08T11:25,47.9
TOS02004271,2026-10-08T11:30,48.5
TOS02004271,2026-10-08T11:35,48.9
TOS02004271,2026-10-08T11:40,48.9
TOS02004271,2026-10-08T11:45,48.9
TOS02004271,2026-10-08T11:50,48.9
TOS02004271,2026-10-08T11:55,48.9
TOS02004271,2026-10-08T12:00,48.9
TOS02004271,2026-10-08T12:05,48.9
TOS02004271,2026-10-08T12:10,48.9
TOS02004271,2026-10-08T12:15,48.9
TOS02004271,2026-10-08T12:20,48.9
TOS02004271,2026-10-08T12:25,48.9
TOS02004271,2026-10-08T12:30,48.9
TOS02004271,2026-10-08T12:35,50.7
TOS02004271,2026-10-08T12:40,50.7
TOS02004271,2026-10-08T12:45,50.9
TOS02004271,2026-10-08T12:50,50.9
TOS02004271,2026-10-08T12:55,50.9
TOS02004271,2026-10-08T13:00,50.9
TOS02004271,2026-10-08T13:05,50.9
TOS02004271,2026-10-08T13:10,50.9
TOS02004271,2026-10-08T13:15,50.9
TOS02004271,2026-10-08T13:20,50.9
TOS02004271,2026-10-08T13:25,50.9
TOS02004271,2026-10-08T13:30,50.9
TOS02004271,2026-10-08T13:35,50.9
TOS02004271,2026-10-08T13:40,50.9
TOS02004271,2026-10-08T13:45,50.9
TOS02004271,2026-10-08T13:50,51.3
TOS02004271,2026-10-08T13:55,51.9
TOS02004271,2026-10-08T14:00,52.3
TOS02004271,2026-10-08T14:05,52.3
TOS02004271,2026-10-08T14:10,52.3
TOS02004271,2026-10-08T14:15,52.3
TOS02004271,2026-10-08T14:20,53.3
TOS02004271,2026-10-08T14:25,53.5
TOS02004271,2026-10-08T14:30,53.5
TOS02004271,2026-10-08T14:35,53.5
TOS02004271,2026-10-08T14:40,53.5
TOS02004271,2026-10-08T14:45,53.5
TOS02004271,2026-10-08T14:50,53.7
TOS02004271,2026-10-08T14:55,57.5
TOS02004271,2026-10-08T15:00,58.9
TOS02004271,2026-10-08T15:05,58.9
TOS02004271,2026-10-08T15:10,58.9
TOS02004271,2026-10-08T15:15,58.9
TOS02004271,2026-10-08T15:20,58.9
TOS02004271,2026-10-08T15:25,58.9
TOS02004271,2026-10-08T15:30,58.9
TOS02004271,2026-10-08T15:35,58.9
TOS02004271,2026-10-08T15:40,58.9
TOS02004271,2026-10-08T15:45,58.9
TOS02004271,2026-10-08T15:50,58.9
TOS02004271,2026-10-08T15:55,58.9
TOS02004271,2026-10-08T16:00,58.9
TOS02004271,2026-10-08T16:05,58.9
TOS02004271,2026-10-08T16:10,59.1
TOS02004271,2026-10-08T16:15,59.1
TOS02004271,2026-10-08T16:20,59.1
TOS02004271,2026-10-08T16:25,59.1
TOS02004271,2026-10-08T16:30,59.1
TOS02004271,2026-10-08T16:35,59.1
TOS02004271,2026-10-08T16:40,59.1
TOS02004271,2026-10-08T16:45,59.3
TOS02004271,2026-10-08T16:50,59.3
TOS02004271,2026-10-08T16:55,59.3
TOS02004271,2026-10-08T17:00,59.3
TOS02004271,2026-10-08T17:05,59.5
TOS02004271,2026-10-08T17:10,59.5
TOS02004271,2026-10-08T17:15,60.1
TOS02004271,2026-10-08T17:20,60.3
TOS02004271,2026-10-08T17:25,60.7
TOS02004271,2026-10-08T17:30,60.9
TOS02004271,2026-10-08T17:35,60.9
TOS02004271,2026-10-08T17:40,60.9
TOS02004271,2026-10-08T17:45,61.3
TOS02004271,2026-10-08T17:50,61.3
TOS02004271,2026-10-08T17:55,61.3
TOS02004271,2026-10-08T18:00,61.3
TOS02004271,2026-10-08T18:05,61.3
TOS02004271,2026-10-08T18:10,61.3
TOS02004271,2026-10-08T18:15,61.3
TOS02004271,2026-10-08T18:20,61.3
TOS02004271,2026-10-08T18:25,61.3
TOS02004271,2026-10-08T18:30,61.3
TOS02004271,2026-10-08T18:35,61.3
TOS02004271,2026-10-08T18:40,61.3
TOS02004271,2026-10-08T18:45,61.3
TOS02004271,2026-10-08T18:50,61.3
TOS02004271,2026-10-08T18:55,61.3
TOS02004271,2026-10-08T19:00,61.3
TOS02004271,2026-10-08T19:05,61.5
TOS02004271,2026-10-08T19:10,61.5
TOS02004271,2026-10-08T19:15,61.5
TOS02004271,2026-10-08T19:20,61.5
TOS02004271,2026-10-08T19:25,61.5
TOS02004271,2026-10-08T19:30,61.5
TOS02004271,2026-10-08T19:35,61.5
TOS02004271,2026-10-08T19:40,61.5
TOS02004271,2026-10-08T19:45,61.5
TOS02004271,2026-10-08T19:50,61.5
TOS02004271,2026-10-08T19:55,61.5
TOS02004271,2026-10-08T20:00,61.5
TOS02004271,2026-10-08T20:05,61.5
TOS02004271,2026-10-08T20:10,61.5
TOS02004271,2026-10-08T20:15,61.5
TOS02004271,2026-10-08T20:20,61.5
TOS02004271,2026-10-08T20:25,61.5
TOS02004271,2026-10-08T20:30,61.5
TOS02004271,2026-10-08T20:35,61.5
TOS02004271,2026-10-08T20:40,61.5
TOS02004271,2026-10-08T20:45,61.5
TOS02004271,2026-10-08T20:50,61.5
TOS02004271,2026-10-08T20:55,61.5
TOS02004271,2026-10-08T21:00,61.5
TOS02004271,2026-10-08T21:05,61.5
TOS02004271,2026-10-08T21:10,61.5
TOS02004271,2026-10-08T21:15,61.5
TOS02004271,2026-10-08T21:20,61.7
TOS02004271,2026-10-08T21:25,61.7
TOS02004271,2026-10-08T21:30,61.7
TOS02004271,2026-10-08T21:35,61.9
TOS02004271,2026-10-08T21:40,62.7
TOS02004271,2026-10-08T21:45,62.7
TOS02004271,2026-10-08T21:50,62.7
TOS02004271,2026-10-08T21:55,62.7
TOS02004271,2026-10-08T22:00,62.7
TOS02004271,2026-10-08T22:05,62.7
TOS02004271,2026-10-08T22:10,62.7
TOS02004271,2026-10-08T22:15,62.7
TOS02004271,2026-10-08T22:20,62.7
TOS02004271,2026-10-08T22:25,62.7
TOS02004271,2026-10-08T22:30,62.7
TOS02004271,2026-10-08T22:35,62.7
TOS02004271,2026-10-08T22:40,62.7
TOS02004271,2026-10-08T22:45,62.7
TOS02004271,2026-10-08T22:50,62.7
TOS02004271,2026-10-08T22:55,62.7
TOS02004271,2026-10-08T23:00,62.7
TOS02004271,2026-10-08T23:05,62.7
TOS02004271,2026-10-08T23:10,62.7
TOS02004271,2026-10-08T23:15,62.7
TOS02004271,2026-10-08T23:20,62.7
TOS02004271,2026-10-08T23:25,62.9
TOS02004271,2026-10-08T23:30,62.9
TOS02004271,2026-10-08T23:35,63.1
TOS02004271,2026-10-08T23:40,63.3
TOS02004271,2026-10-08T23:45,63.3
TOS02004271,2026-10-08T23:50,63.3
TOS02004271,2026-10-08T23:55,63.5
TOS02004284,2026-10-08T00:10,0.6
TOS02004284,2026-10-08T00:15,0.8
TOS02004284,2026-10-08T00:20,0.8
TOS02004284,2026-10-08T00:25,2.2
TOS02004284,2026-10-08T00:30,3.7
TOS02004284,2026-10-08T00:35,3.9
TOS02004284,2026-10-08T00:40,4.1
TOS02004284,2026-10-08T00:45,4.3
TOS02004284,2026-10-08T00:50,4.3
TOS02004284,2026-10-08T00:55,4.3
TOS02004284,2026-10-08T01:00,4.5
TOS02004284,2026-10-08T01:05,4.7
TOS02004284,2026-10-08T01:10,5.5
TOS02004284,2026-10-08T01:15,6.1
TOS02004284,2026-10-08T01:20,6.1
TOS02004284,2026-10-08T01:25,6.1
TOS02004284,2026-10-08T01:30,6.1
TOS02004284,2026-10-08T01:35,6.1
TOS02004284,2026-10-08T01:40,6.1
TOS02004284,2026-10-08T01:45,6.3
TOS02004284,2026-10-08T01:50,6.7
TOS02004284,2026-10-08T01:55,6.9
TOS02004284,2026-10-08T02:00,8.1
TOS02004284,2026-10-08T02:05,8.1
TOS02004284,2026-10-08T02:10,8.9
TOS02004284,2026-10-08T02:15,9.7
TOS02004284,2026-10-08T02:20,9.9
TOS02004284,2026-10-08T02:25,9.9
TOS02004284,2026-10-08T02:30,10.1
TOS02004284,2026-10-08T02:35,10.1
TOS02004284,2026-10-08T02:40,10.3
TOS02004284,2026-10-08T02:45,10.5
TOS02004284,2026-10-08T02:50,10.5
TOS02004284,2026-10-08T02:55,10.5
TOS02004284,2026-10-08T03:00,10.7
TOS02004284,2026-10-08T03:05,10.7
TOS02004284,2026-10-08T03:10,10.7
TOS02004284,2026-10-08T03:15,10.7
TOS02004284,2026-10-08T03:20,10.7
TOS02004284,2026-10-08T03:25,10.7
TOS02004284,2026-10-08T03:30,10.7
TOS02004284,2026-10-08T03:35,10.7
TOS02004284,2026-10-08T03:40,10.7
TOS02004284,2026-10-08T03:45,10.7
TOS02004284,2026-10-08T03:50,10.7
TOS02004284,2026-10-08T03:55,10.7
TOS02004284,2026-10-08T04:00,10.7
TOS02004284,2026-10-08T04:05,10.9
TOS02004284,2026-10-08T04:10,11.1
TOS02004284,2026-10-08T04:15,11.3
TOS02004284,2026-10-08T04:20,11.5
TOS02004284,2026-10-08T04:25,12.1
TOS02004284,2026-10-08T04:30,12.5
TOS02004284,2026-10-08T04:35,15.2
TOS02004284,2026-10-08T04:40,18.4
TOS02004284,2026-10-08T04:45,18.4
TOS02004284,2026-10-08T04:50,18.8
TOS02004284,2026-10-08T04:55,19.2
TOS02004284,2026-10-08T05:00,19.4
TOS02004284,2026-10-08T05:05,19.8
TOS02004284,2026-10-08T05:10,19.8
TOS02004284,2026-10-08T05:15,19.8
TOS02004284,2026-10-08T05:20,20.0
TOS02004284,2026-10-08T05:25,20.0
TOS02004284,2026-10-08T05:30,20.0
TOS02004284,2026-10-08T05:35,20.0
TOS02004284,2026-10-08T05:40,20.0
TOS02004284,2026-10-08T05:45,20.0
TOS02004284,2026-10-08T05:50,20.0
TOS02004284,2026-10-08T05:55,20.0
TOS02004284,2026-10-08T06:00,20.0
TOS02004284,2026-10-08T06:05,20.0
TOS02004284,2026-10-08T06:10,20.0
TOS02004284,2026-10-08T06:15,20.0
TOS02004284,2026-10-08T06:20,20.0
TOS02004284,2026-10-08T06:25,20.0
TOS02004284,2026-10-08T06:30,20.0
TOS02004284,2026-10-08T06:35,20.0
TOS02004284,2026-10-08T06:40,20.0
TOS02004284,2026-10-08T06:45,20.0
TOS02004284,2026-10-08T06:50,20.0
TOS02004284,2026-10-08T06:55,20.0
TOS02004284,2026-10-08T07:00,20.0
TOS02004284,2026-10-08T07:05,20.0
TOS02004284,2026-10-08T07:10,20.0
TOS02004284,2026-10-08T07:15,20.0
TOS02004284,2026-10-08T07:20,20.0
TOS02004284,2026-10-08T07:25,20.0
TOS02004284,2026-10-08T07:30,20.0
TOS02004284,2026-10-08T07:35,20.0
TOS02004284,2026-10-08T07:40,20.0
TOS02004284,2026-10-08T07:45,20.0
TOS02004284,2026-10-08T07:50,20.0
TOS02004284,2026-10-08T07:55,20.0
TOS02004284,2026-10-08T08:00,20.0
TOS02004284,2026-10-08T08:05,20.0
TOS02004284,2026-10-08T08:10,20.0
TOS02004284,2026-10-08T08:15,20.0
TOS02004284,2026-10-08T08:20,20.0
TOS02004284,2026-10-08T08:25,20.0
TOS02004284,2026-10-08T08:30,20.0
TOS02004284,2026-10-08T08:35,20.0
TOS02004284,2026-10-08T08:40,20.0
TOS02004284,2026-10-08T08:45,20.0
TOS02004284,2026-10-08T08:50,20.0
TOS02004284,2026-10-08T08:55,20.0
TOS02004284,2026-10-08T09:00,20.0
TOS02004284,2026-10-08T09:05,20.0
TOS02004284,2026-10-08T09:10,20.0
TOS02004284,2026-10-08T09:15,20.0
TOS02004284,2026-10-08T09:20,20.0
TOS02004284,2026-10-08T09:25,20.0
TOS02004284,2026-10-08T09:30,20.0
TOS02004284,2026-10-08T09:35,20.0
TOS02004284,2026-10-08T09:40,20.0
TOS02004284,2026-10-08T09:45,20.0
TOS02004284,2026-10-08T09:50,20.0
TOS02004284,2026-10-08T09:55,20.2
TOS02004284,2026-10-08T10:00,20.6
TOS02004284,2026-10-08T10:05,20.8
TOS02004284,2026-10-08T10:10,21.0
TOS02004284,2026-10-08T10:15,22.2
TOS02004284,2026-10-08T10:20,24.9
TOS02004284,2026-10-08T10:25,25.7
TOS02004284,2026-10-08T10:30,25.9
TOS02004284,2026-10-08T10:35,25.9
TOS02004284,2026-10-08T10:40,25.9
TOS02004284,2026-10-08T10:45,25.9
TOS02004284,2026-10-08T10:50,25.9
TOS02004284,2026-10-08T10:55,25.9
TOS02004284,2026-10-08T11:00,25.9
TOS02004284,2026-10-08T11:05,25.9
TOS02004284,2026-10-08T11:10,25.9
TOS02004284,2026-10-08T11:15,26.5
TOS02004284,2026-10-08T11:20,26.5
TOS02004284,2026-10-08T11:25,26.5
TOS02004284,2026-10-08T11:30,26.7
TOS02004284,2026-10-08T11:35,26.7
TOS02004284,2026-10-08T11:40,26.7
TOS02004284,2026-10-08T11:45,26.7
TOS02004284,2026-10-08T11:50,26.7
TOS02004284,2026-10-08T11:55,26.7
TOS02004284,2026-10-08T12:00,26.7
TOS02004284,2026-10-08T12:05,26.7
TOS02004284,2026-10-08T12:10,26.7
TOS02004284,2026-10-08T12:15,26.7
TOS02004284,2026-10-08T12:20,26.7
TOS02004284,2026-10-08T12:25,26.7
TOS02004284,2026-10-08T12:30,26.7
TOS02004284,2026-10-08T12:35,26.7
TOS02004284,2026-10-08T12:40,26.7
TOS02004284,2026-10-08T12:45,26.7
TOS02004284,2026-10-08T12:50,26.7
TOS02004284,2026-10-08T12:55,26.7
TOS02004284,2026-10-08T13:00,26.7
TOS02004284,2026-10-08T13:05,26.7
TOS02004284,2026-10-08T13:10,26.7
TOS02004284,2026-10-08T13:15,26.7
TOS02004284,2026-10-08T13:20,26.7
TOS02004284,2026-10-08T13:25,26.7
TOS02004284,2026-10-08T13:30,26.7
TOS02004284,2026-10-08T13:35,26.7
TOS02004284,2026-10-08T13:40,26.7
TOS02004284,2026-10-08T13:45,26.7
TOS02004284,2026-10-08T13:50,26.7
TOS02004284,2026-10-08T13:55,26.7
TOS02004284,2026-10-08T14:00,26.7
TOS02004284,2026-10-08T14:05,26.7
TOS02004284,2026-10-08T14:10,26.7
TOS02004284,2026-10-08T14:15,26.7
TOS02004284,2026-10-08T14:20,26.7
TOS02004284,2026-10-08T14:25,26.7
TOS02004284,2026-10-08T14:30,26.7
TOS02004284,2026-10-08T14:35,26.7
TOS02004284,2026-10-08T14:40,26.7
TOS02004284,2026-10-08T14:45,26.7
TOS02004284,2026-10-08T14:50,26.7
TOS02004284,2026-10-08T14:55,27.7
TOS02004284,2026-10-08T15:00,27.7
TOS02004284,2026-10-08T15:05,28.9
TOS02004284,2026-10-08T15:10,29.1
TOS02004284,2026-10-08T15:15,29.1
TOS02004284,2026-10-08T15:20,29.1
TOS02004284,2026-10-08T15:25,29.1
TOS02004284,2026-10-08T15:30,29.1
TOS02004284,2026-10-08T15:35,29.1
TOS02004284,2026-10-08T15:40,29.1
TOS02004284,2026-10-08T15:45,29.1
TOS02004284,2026-10-08T15:50,29.1
TOS02004284,2026-10-08T15:55,29.1
TOS02004284,2026-10-08T16:00,29.1
TOS02004284,2026-10-08T16:05,29.1
TOS02004284,2026-10-08T16:10,29.1
TOS02004284,2026-10-08T16:15,29.1
TOS02004284,2026-10-08T16:20,29.1
TOS02004284,2026-10-08T16:25,29.1
TOS02004284,2026-10-08T16:30,29.1
TOS02004284,2026-10-08T16:35,29.1
TOS02004284,2026-10-08T16:40,29.1
TOS02004284,2026-10-08T16:45,29.1
TOS02004284,2026-10-08T16:50,29.1
TOS02004284,2026-10-08T16:55,29.1
TOS02004284,2026-10-08T17:00,29.1
TOS02004284,2026-10-08T17:05,29.1
TOS02004284,2026-10-08T17:10,29.1
TOS02004284,2026-10-08T17:15,29.1
TOS02004284,2026-10-08T17:20,29.1
TOS02004284,2026-10-08T17:25,29.1
TOS02004284,2026-10-08T17:30,29.1
TOS02004284,2026-10-08T17:35,29.1
TOS02004284,2026-10-08T17:40,29.1
TOS02004284,2026-10-08T17:45,29.1
TOS02004284,2026-10-08T17:50,29.1
TOS02004284,2026-10-08T17:55,29.1
TOS02004284,2026-10-08T18:00,29.1
TOS02004284,2026-10-08T18:05,29.1
TOS02004284,2026-10-08T18:10,29.1
TOS02004284,2026-10-08T18:15,29.1
TOS02004284,2026-10-08T18:20,29.1
TOS02004284,2026-10-08T18:25,29.1
TOS02004284,2026-10-08T18:30,29.1
TOS02004284,2026-10-08T18:35,29.1
TOS02004284,2026-10-08T18:40,29.1
TOS02004284,2026-10-08T18:45,29.1
TOS02004284,2026-10-08T18:50,29.1
TOS02004284,2026-10-08T18:55,29.1
TOS02004284,2026-10-08T19:00,29.1
TOS02004284,2026-10-08T19:05,29.1
TOS02004284,2026-10-08T19:10,29.1
TOS02004284,2026-10-08T19:15,29.1
TOS02004284,2026-10-08T19:20,29.1
TOS02004284,2026-10-08T19:25,29.1
TOS02004284,2026-10-08T19:30,29.1
TOS02004284,2026-10-08T19:35,29.1
TOS02004284,2026-10-08T19:40,29.1
TOS02004284,2026-10-08T19:45,29.1
TOS02004284,2026-10-08T19:50,29.1
TOS02004284,2026-10-08T19:55,29.1
TOS02004284,2026-10-08T20:00,29.1
TOS02004284,2026-10-08T20:05,29.1
TOS02004284,2026-10-08T20:10,29.1
TOS02004284,2026-10-08T20:15,29.1
TOS02004284,2026-10-08T20:20,29.1
TOS02004284,2026-10-08T20:25,29.1
TOS02004284,2026-10-08T20:30,29.1
TOS02004284,2026-10-08T20:35,29.1
TOS02004284,2026-10-08T20:40,29.1
TOS02004284,2026-10-08T20:45,29.1
TOS02004284,2026-10-08T20:50,29.1
TOS02004284,2026-10-08T20:55,29.1
TOS02004284,2026-10-08T21:00,29.1
TOS02004284,2026-10-08T21:05,29.1
TOS02004284,2026-10-08T21:10,29.1
TOS02004284,2026-10-08T21:15,29.1
TOS02004284,2026-10-08T21:20,29.1
TOS02004284,2026-10-08T21:25,29.3
TOS02004284,2026-10-08T21:30,29.5
TOS02004284,2026-10-08T21:35,31.6
TOS02004284,2026-10-08T21:40,31.6
TOS02004284,2026-10-08T21:45,31.6
TOS02004284,2026-10-08T21:50,31.6
TOS02004284,2026-10-08T21:55,31.6
TOS02004284,2026-10-08T22:00,31.6
TOS02004284,2026-10-08T22:05,31.6
TOS02004284,2026-10-08T22:10,31.6
TOS02004284,2026-10-08T22:15,31.6
TOS02004284,2026-10-08T22:20,31.6
TOS02004284,2026-10-08T22:25,31.6
TOS02004284,2026-10-08T22:30,31.6
TOS02004284,2026-10-08T22:35,31.6
TOS02004284,2026-10-08T22:40,31.6
TOS02004284,2026-10-08T22:45,31.6
TOS02004284,2026-10-08T22:50,31.6
TOS02004284,2026-10-08T22:55,31.6
TOS02004284,2026-10-08T23:00,31.6
TOS02004284,2026-10-08T23:05,31.6
TOS02004284,2026-10-08T23:10,31.6
TOS02004284,2026-10-08T23:15,31.6
TOS02004284,2026-10-08T23:20,31.6
TOS02004284,2026-10-08T23:25,32.0
TOS02004284,2026-10-08T23:30,32.2
TOS02004284,2026-10-08T23:35,32.2
TOS02004284,2026-10-08T23:40,32.2
TOS02004284,2026-10-08T23:45,32.4
TOS02004284,2026-10-08T23:50,32.6
TOS02004284,2026-10-08T23:55,32.6
TOS02004286,2026-10-08T00:05,0.2
TOS02004286,2026-10-08T00:10,0.4
TOS02004286,2026-10-08T00:15,1.2
TOS02004286,2026-10-08T00:20,1.2
TOS02004286,2026-10-08T00:25,1.2
TOS02004286,2026-10-08T00:30,1.2
TOS02004286,2026-10-08T00:35,1.4
TOS02004286,2026-10-08T00:40,1.6
TOS02004286,2026-10-08T00:45,1.6
TOS02004286,2026-10-08T00:50,1.6
TOS02004286,2026-10-08T00:55,1.6
TOS02004286,2026-10-08T01:00,1.6
TOS02004286,2026-10-08T01:05,1.6
TOS02004286,2026-10-08T01:10,1.6
TOS02004286,2026-10-08T01:15,1.6
TOS02004286,2026-10-08T01:20,1.6
TOS02004286,2026-10-08T01:25,1.6
TOS02004286,2026-10-08T01:30,1.6
TOS02004286,2026-10-08T01:35,1.6
TOS02004286,2026-10-08T01:40,1.6
TOS02004286,2026-10-08T01:45,1.6
TOS02004286,2026-10-08T01:50,1.6
TOS02004286,2026-10-08T01:55,1.8
TOS02004286,2026-10-08T02:00,1.8
TOS02004286,2026-10-08T02:05,1.8
TOS02004286,2026-10-08T02:10,1.8
TOS02004286,2026-10-08T02:15,1.8
TOS02004286,2026-10-08T02:20,1.8
TOS02004286,2026-10-08T02:25,2.0
TOS02004286,2026-10-08T02:30,2.0
TOS02004286,2026-10-08T02:35,2.0
TOS02004286,2026-10-08T02:40,2.0
TOS02004286,2026-10-08T02:45,2.2
TOS02004286,2026-10-08T02:50,2.2
TOS02004286,2026-10-08T02:55,2.2
TOS02004286,2026-10-08T03:00,2.2
TOS02004286,2026-10-08T03:05,2.2
TOS02004286,2026-10-08T03:10,2.2
TOS02004286,2026-10-08T03:15,2.2
TOS02004286,2026-10-08T03:20,2.2
TOS02004286,2026-10-08T03:25,2.2
TOS02004286,2026-10-08T03:30,2.2
TOS02004286,2026-10-08T03:35,2.4
TOS02004286,2026-10-08T03:40,2.4
TOS02004286,2026-10-08T03:45,2.4
TOS02004286,2026-10-08T03:50,2.4
TOS02004286,2026-10-08T03:55,2.4
TOS02004286,2026-10-08T04:00,2.6
TOS02004286,2026-10-08T04:05,2.8
TOS02004286,2026-10-08T04:10,3.0
TOS02004286,2026-10-08T04:15,3.2
TOS02004286,2026-10-08T04:20,3.4
TOS02004286,2026-10-08T04:25,3.6
TOS02004286,2026-10-08T04:30,5.5
TOS02004286,2026-10-08T04:35,6.9
TOS02004286,2026-10-08T04:40,7.5
TOS02004286,2026-10-08T04:45,7.7
TOS02004286,2026-10-08T04:50,7.9
TOS02004286,2026-10-08T04:55,8.1
TOS02004286,2026-10-08T05:00,8.5
TOS02004286,2026-10-08T05:05,8.9
TOS02004286,2026-10-08T05:10,8.9
TOS02004286,2026-10-08T05:15,9.1
TOS02004286,2026-10-08T05:20,9.1
TOS02004286,2026-10-08T05:25,9.1
TOS02004286,2026-10-08T05:30,9.1
TOS02004286,2026-10-08T05:35,9.1
TOS02004286,2026-10-08T05:40,9.1
TOS02004286,2026-10-08T05:45,9.1
TOS02004286,2026-10-08T05:50,9.1
TOS02004286,2026-10-08T05:55,9.1
TOS02004286,2026-10-08T06:00,9.1
TOS02004286,2026-10-08T06:05,9.1
TOS02004286,2026-10-08T06:10,9.1
TOS02004286,2026-10-08T06:15,9.1
TOS02004286,2026-10-08T06:20,9.1
TOS02004286,2026-10-08T06:25,9.1
TOS02004286,2026-10-08T06:30,9.1
TOS02004286,2026-10-08T06:35,9.1
TOS02004286,2026-10-08T06:40,9.1
TOS02004286,2026-10-08T06:45,9.1
TOS02004286,2026-10-08T06:50,9.1
TOS02004286,2026-10-08T06:55,9.1
TOS02004286,2026-10-08T07:00,9.1
TOS02004286,2026-10-08T07:05,9.1
TOS02004286,2026-10-08T07:10,9.1
TOS02004286,2026-10-08T07:15,9.1
TOS02004286,2026-10-08T07:20,9.1
TOS02004286,2026-10-08T07:25,9.1
TOS02004286,2026-10-08T07:30,9.1
TOS02004286,2026-10-08T07:35,9.1
TOS02004286,2026-10-08T07:40,9.1
TOS02004286,2026-10-08T07:45,9.1
TOS02004286,2026-10-08T07:50,9.1
TOS02004286,2026-10-08T07:55,9.1
TOS02004286,2026-10-08T08:00,9.1
TOS02004286,2026-10-08T08:05,9.1
TOS02004286,2026-10-08T08:10,9.1
TOS02004286,2026-10-08T08:15,9.1
TOS02004286,2026-10-08T08:20,9.1
TOS02004286,2026-10-08T08:25,9.1
TOS02004286,2026-10-08T08:30,9.1
TOS02004286,2026-10-08T08:35,9.1
TOS02004286,2026-10-08T08:40,9.1
TOS02004286,2026-10-08T08:45,9.1
TOS02004286,2026-10-08T08:50,9.1
TOS02004286,2026-10-08T08:55,9.1
TOS02004286,2026-10-08T09:00,9.1
TOS02004286,2026-10-08T09:05,9.1
TOS02004286,2026-10-08T09:10,9.1
TOS02004286,2026-10-08T09:15,9.1
TOS02004286,2026-10-08T09:20,9.1
TOS02004286,2026-10-08T09:25,9.1
TOS02004286,2026-10-08T09:30,9.1
TOS02004286,2026-10-08T09:35,9.1
TOS02004286,2026-10-08T09:40,9.1
TOS02004286,2026-10-08T09:45,9.1
TOS02004286,2026-10-08T09:50,9.1
TOS02004286,2026-10-08T09:55,9.3
TOS02004286,2026-10-08T10:00,9.5
TOS02004286,2026-10-08T10:05,9.5
TOS02004286,2026-10-08T10:10,9.7
TOS02004286,2026-10-08T10:15,13.5
TOS02004286,2026-10-08T10:20,14.9
TOS02004286,2026-10-08T10:25,15.1
TOS02004286,2026-10-08T10:30,15.3
TOS02004286,2026-10-08T10:35,15.3
TOS02004286,2026-10-08T10:40,15.7
TOS02004286,2026-10-08T10:45,17.0
TOS02004286,2026-10-08T10:50,17.0
TOS02004286,2026-10-08T10:55,17.4
TOS02004286,2026-10-08T11:00,17.6
TOS02004286,2026-10-08T11:05,17.6
TOS02004286,2026-10-08T11:10,17.6
TOS02004286,2026-10-08T11:15,17.6
TOS02004286,2026-10-08T11:20,17.6
TOS02004286,2026-10-08T11:25,17.6
TOS02004286,2026-10-08T11:30,17.6
TOS02004286,2026-10-08T11:35,17.8
TOS02004286,2026-10-08T11:40,18.0
TOS02004286,2026-10-08T11:45,18.0
TOS02004286,2026-10-08T11:50,18.0
TOS02004286,2026-10-08T11:55,18.0
TOS02004286,2026-10-08T12:00,18.0
TOS02004286,2026-10-08T12:05,18.0
TOS02004286,2026-10-08T12:10,18.0
TOS02004286,2026-10-08T12:15,18.0
TOS02004286,2026-10-08T12:20,18.0
TOS02004286,2026-10-08T12:25,18.0
TOS02004286,2026-10-08T12:30,18.0
TOS02004286,2026-10-08T12:35,18.0
TOS02004286,2026-10-08T12:40,18.0
TOS02004286,2026-10-08T12:45,18.0
TOS02004286,2026-10-08T12:50,18.0
TOS02004286,2026-10-08T12:55,18.0
TOS02004286,2026-10-08T13:00,18.0
TOS02004286,2026-10-08T13:05,18.2
TOS02004286,2026-10-08T13:10,18.4
TOS02004286,2026-10-08T13:15,18.4
TOS02004286,2026-10-08T13:20,18.4
TOS02004286,2026-10-08T13:25,18.6
TOS02004286,2026-10-08T13:30,18.6
TOS02004286,2026-10-08T13:35,18.6
TOS02004286,2026-10-08T13:40,18.6
TOS02004286,2026-10-08T13:45,18.6
TOS02004286,2026-10-08T13:50,18.6
TOS02004286,2026-10-08T13:55,18.6
TOS02004286,2026-10-08T14:00,18.6
TOS02004286,2026-10-08T14:05,18.6
TOS02004286,2026-10-08T14:10,18.6
TOS02004286,2026-10-08T14:15,18.6
TOS02004286,2026-10-08T14:20,18.6
TOS02004286,2026-10-08T14:25,18.6
TOS02004286,2026-10-08T14:30,18.6
TOS02004286,2026-10-08T14:35,18.6
TOS02004286,2026-10-08T14:40,18.6
TOS02004286,2026-10-08T14:45,18.6
TOS02004286,2026-10-08T14:50,18.6
TOS02004286,2026-10-08T14:55,18.6
TOS02004286,2026-10-08T15:00,18.6
TOS02004286,2026-10-08T15:05,18.6
TOS02004286,2026-10-08T15:10,18.6
TOS02004286,2026-10-08T15:15,18.6
TOS02004286,2026-10-08T15:20,18.6
TOS02004286,2026-10-08T15:25,18.6
TOS02004286,2026-10-08T15:30,18.6
TOS02004286,2026-10-08T15:35,18.6
TOS02004286,2026-10-08T15:40,18.6
TOS02004286,2026-10-08T15:45,18.6
TOS02004286,2026-10-08T15:50,18.6
TOS02004286,2026-10-08T15:55,18.6
TOS02004286,2026-10-08T16:00,18.6
TOS02004286,2026-10-08T16:05,18.6
TOS02004286,2026-10-08T16:10,18.6
TOS02004286,2026-10-08T16:15,18.6
TOS02004286,2026-10-08T16:20,18.6
TOS02004286,2026-10-08T16:25,18.6
TOS02004286,2026-10-08T16:30,18.6
TOS02004286,2026-10-08T16:35,18.6
TOS02004286,2026-10-08T16:40,18.6
TOS02004286,2026-10-08T16:45,18.6
TOS02004286,2026-10-08T16:50,18.6
TOS02004286,2026-10-08T16:55,18.6
TOS02004286,2026-10-08T17:00,18.6
TOS02004286,2026-10-08T17:05,18.6
TOS02004286,2026-10-08T17:10,18.6
TOS02004286,2026-10-08T17:15,18.6
TOS02004286,2026-10-08T17:20,18.6
TOS02004286,2026-10-08T17:25,18.6
TOS02004286,2026-10-08T17:30,18.6
TOS02004286,2026-10-08T17:35,18.6
TOS02004286,2026-10-08T17:40,18.6
TOS02004286,2026-10-08T17:45,18.6
TOS02004286,2026-10-08T17:50,18.6
TOS02004286,2026-10-08T17:55,18.6
TOS02004286,2026-10-08T18:00,18.6
TOS02004286,2026-10-08T18:05,18.6
TOS02004286,2026-10-08T18:10,18.6
TOS02004286,2026-10-08T18:15,18.6
TOS02004286,2026-10-08T18:20,18.6
TOS02004286,2026-10-08T18:25,18.6
TOS02004286,2026-10-08T18:30,18.6
TOS02004286,2026-10-08T18:35,18.6
TOS02004286,2026-10-08T18:40,18.6
TOS02004286,2026-10-08T18:45,18.6
TOS02004286,2026-10-08T18:50,18.6
TOS02004286,2026-10-08T18:55,18.6
TOS02004286,2026-10-08T19:00,18.6
TOS02004286,2026-10-08T19:05,18.6
TOS02004286,2026-10-08T19:10,18.6
TOS02004286,2026-10-08T19:15,18.6
TOS02004286,2026-10-08T19:20,18.6
TOS02004286,2026-10-08T19:25,18.6
TOS02004286,2026-10-08T19:30,18.6
TOS02004286,2026-10-08T19:35,18.6
TOS02004286,2026-10-08T19:40,18.6
TOS02004286,2026-10-08T19:45,18.6
TOS02004286,2026-10-08T19:50,18.6
TOS02004286,2026-10-08T19:55,18.6
TOS02004286,2026-10-08T20:00,18.6
TOS02004286,2026-10-08T20:05,18.6
TOS02004286,2026-10-08T20:10,18.6
TOS02004286,2026-10-08T20:15,18.6
TOS02004286,2026-10-08T20:20,18.6
TOS02004286,2026-10-08T20:25,18.6
TOS02004286,2026-10-08T20:30,18.6
TOS02004286,2026-10-08T20:35,18.6
TOS02004286,2026-10-08T20:40,18.6
TOS02004286,2026-10-08T20:45,18.6
TOS02004286,2026-10-08T20:50,18.6
TOS02004286,2026-10-08T20:55,18.6
TOS02004286,2026-10-08T21:00,18.6
TOS02004286,2026-10-08T21:05,18.6
TOS02004286,2026-10-08T21:10,18.6
TOS02004286,2026-10-08T21:15,18.6
TOS02004286,2026-10-08T21:20,18.6
TOS02004286,2026-10-08T21:25,18.8
TOS02004286,2026-10-08T21:30,19.2
TOS02004286,2026-10-08T21:35,19.4
TOS02004286,2026-10-08T21:40,19.4
TOS02004286,2026-10-08T21:45,19.4
TOS02004286,2026-10-08T21:50,19.4
TOS02004286,2026-10-08T21:55,19.4
TOS02004286,2026-10-08T22:00,19.4
TOS02004286,2026-10-08T22:05,19.4
TOS02004286,2026-10-08T22:10,19.4
TOS02004286,2026-10-08T22:15,19.4
TOS02004286,2026-10-08T22:20,19.4
TOS02004286,2026-10-08T22:25,19.4
TOS02004286,2026-10-08T22:30,19.4
TOS02004286,2026-10-08T22:35,19.4
TOS02004286,2026-10-08T22:40,19.4
TOS02004286,2026-10-08T22:45,19.4
TOS02004286,2026-10-08T22:50,19.4
TOS02004286,2026-10-08T22:55,19.4
TOS02004286,2026-10-08T23:00,19.4
TOS02004286,2026-10-08T23:05,19.4
TOS02004286,2026-10-08T23:10,19.4
TOS02004286,2026-10-08T23:15,19.6
TOS02004286,2026-10-08T23:20,19.6
TOS02004286,2026-10-08T23:25,19.8
TOS02004286,2026-10-08T23:30,19.8
TOS02004286,2026-10-08T23:35,20.0
TOS02004286,2026-10-08T23:40,20.0
TOS02004286,2026-10-08T23:45,20.2
TOS02004286,2026-10-08T23:50,20.4
TOS02004286,2026-10-08T23:55,20.8
TOS02004305,2026-10-08T00:05,0.4
TOS02004305,2026-10-08T00:10,0.8
TOS02004305,2026-10-08T00:15,1.0
TOS02004305,2026-10-08T00:20,1.0
TOS02004305,2026-10-08T00:25,1.0
TOS02004305,2026-10-08T00:30,1.0
TOS02004305,2026-10-08T00:35,1.2
TOS02004305,2026-10-08T00:40,1.2
TOS02004305,2026-10-08T00:45,1.2
TOS02004305,2026-10-08T00:50,1.2
TOS02004305,2026-10-08T00:55,1.2
TOS02004305,2026-10-08T01:00,1.2
TOS02004305,2026-10-08T01:05,1.2
TOS02004305,2026-10-08T01:10,1.4
TOS02004305,2026-10-08T01:15,1.4
TOS02004305,2026-10-08T01:20,1.4
TOS02004305,2026-10-08T01:25,1.4
TOS02004305,2026-10-08T01:30,1.4
TOS02004305,2026-10-08T01:35,1.4
TOS02004305,2026-10-08T01:40,1.4
TOS02004305,2026-10-08T01:45,1.4
TOS02004305,2026-10-08T01:50,1.4
TOS02004305,2026-10-08T01:55,1.6
TOS02004305,2026-10-08T02:00,1.6
TOS02004305,2026-10-08T02:05,1.6
TOS02004305,2026-10-08T02:10,1.6
TOS02004305,2026-10-08T02:15,1.6
TOS02004305,2026-10-08T02:20,1.8
TOS02004305,2026-10-08T02:25,2.0
TOS02004305,2026-10-08T02:30,2.0
TOS02004305,2026-10-08T02:35,2.0
TOS02004305,2026-10-08T02:40,2.0
TOS02004305,2026-10-08T02:45,2.0
TOS02004305,2026-10-08T02:50,2.0
TOS02004305,2026-10-08T02:55,2.0
TOS02004305,2026-10-08T03:00,2.0
TOS02004305,2026-10-08T03:05,2.0
TOS02004305,2026-10-08T03:10,2.0
TOS02004305,2026-10-08T03:15,2.0
TOS02004305,2026-10-08T03:20,2.0
TOS02004305,2026-10-08T03:25,2.2
TOS02004305,2026-10-08T03:30,2.4
TOS02004305,2026-10-08T03:35,2.4
TOS02004305,2026-10-08T03:40,2.4
TOS02004305,2026-10-08T03:45,2.4
TOS02004305,2026-10-08T03:50,2.4
TOS02004305,2026-10-08T03:55,2.4
TOS02004305,2026-10-08T04:00,2.6
TOS02004305,2026-10-08T04:05,2.8
TOS02004305,2026-10-08T04:10,3.0
TOS02004305,2026-10-08T04:15,3.2
TOS02004305,2026-10-08T04:20,3.6
TOS02004305,2026-10-08T04:25,6.8
TOS02004305,2026-10-08T04:30,8.4
TOS02004305,2026-10-08T04:35,8.8
TOS02004305,2026-10-08T04:40,9.2
TOS02004305,2026-10-08T04:45,9.4
TOS02004305,2026-10-08T04:50,9.6
TOS02004305,2026-10-08T04:55,9.8
TOS02004305,2026-10-08T05:00,10.2
TOS02004305,2026-10-08T05:05,10.2
TOS02004305,2026-10-08T05:10,10.2
TOS02004305,2026-10-08T05:15,10.4
TOS02004305,2026-10-08T05:20,10.4
TOS02004305,2026-10-08T05:25,10.4
TOS02004305,2026-10-08T05:30,10.4
TOS02004305,2026-10-08T05:35,10.4
TOS02004305,2026-10-08T05:40,10.4
TOS02004305,2026-10-08T05:45,10.4
TOS02004305,2026-10-08T05:50,10.4
TOS02004305,2026-10-08T05:55,10.4
TOS02004305,2026-10-08T06:00,10.4
TOS02004305,2026-10-08T06:05,10.4
TOS02004305,2026-10-08T06:10,10.4
TOS02004305,2026-10-08T06:15,10.4
TOS02004305,2026-10-08T06:20,10.4
TOS02004305,2026-10-08T06:25,10.4
TOS02004305,2026-10-08T06:30,10.4
TOS02004305,2026-10-08T06:35,10.4
TOS02004305,2026-10-08T06:40,10.4
TOS02004305,2026-10-08T06:45,10.4
TOS02004305,2026-10-08T06:50,10.4
TOS02004305,2026-10-08T06:55,10.4
TOS02004305,2026-10-08T07:00,10.4
TOS02004305,2026-10-08T07:05,10.4
TOS02004305,2026-10-08T07:10,10.4
TOS02004305,2026-10-08T07:15,10.4
TOS02004305,2026-10-08T07:20,10.4
TOS02004305,2026-10-08T07:25,10.4
TOS02004305,2026-10-08T07:30,10.4
TOS02004305,2026-10-08T07:35,10.4
TOS02004305,2026-10-08T07:40,10.4
TOS02004305,2026-10-08T07:45,10.4
TOS02004305,2026-10-08T07:50,10.4
TOS02004305,2026-10-08T07:55,10.4
TOS02004305,2026-10-08T08:00,10.4
TOS02004305,2026-10-08T08:05,10.4
TOS02004305,2026-10-08T08:10,10.4
TOS02004305,2026-10-08T08:15,10.4
TOS02004305,2026-10-08T08:20,10.4
TOS02004305,2026-10-08T08:25,10.4
TOS02004305,2026-10-08T08:30,10.4
TOS02004305,2026-10-08T08:35,10.4
TOS02004305,2026-10-08T08:40,10.4
TOS02004305,2026-10-08T08:45,10.4
TOS02004305,2026-10-08T08:50,10.4
TOS02004305,2026-10-08T08:55,10.4
TOS02004305,2026-10-08T09:00,10.4
TOS02004305,2026-10-08T09:05,10.4
TOS02004305,2026-10-08T09:10,10.4
TOS02004305,2026-10-08T09:15,10.4
TOS02004305,2026-10-08T09:20,10.4
TOS02004305,2026-10-08T09:25,10.4
TOS02004305,2026-10-08T09:30,10.4
TOS02004305,2026-10-08T09:35,10.4
TOS02004305,2026-10-08T09:40,10.4
TOS02004305,2026-10-08T09:45,10.4
TOS02004305,2026-10-08T09:50,10.4
TOS02004305,2026-10-08T09:55,10.6
TOS02004305,2026-10-08T10:00,10.8
TOS02004305,2026-10-08T10:05,10.8
TOS02004305,2026-10-08T10:10,15.2
TOS02004305,2026-10-08T10:15,18.8
TOS02004305,2026-10-08T10:20,19.4
TOS02004305,2026-10-08T10:25,19.6
TOS02004305,2026-10-08T10:30,19.6
TOS02004305,2026-10-08T10:35,20.2
TOS02004305,2026-10-08T10:40,20.4
TOS02004305,2026-10-08T10:45,20.6
TOS02004305,2026-10-08T10:50,21.6
TOS02004305,2026-10-08T10:55,21.8
TOS02004305,2026-10-08T11:00,21.8
TOS02004305,2026-10-08T11:05,21.8
TOS02004305,2026-10-08T11:10,21.8
TOS02004305,2026-10-08T11:15,21.8
TOS02004305,2026-10-08T11:20,21.8
TOS02004305,2026-10-08T11:25,22.0
TOS02004305,2026-10-08T11:30,22.6
TOS02004305,2026-10-08T11:35,23.0
TOS02004305,2026-10-08T11:40,23.0
TOS02004305,2026-10-08T11:45,23.0
TOS02004305,2026-10-08T11:50,23.0
TOS02004305,2026-10-08T11:55,23.0
TOS02004305,2026-10-08T12:00,23.0
TOS02004305,2026-10-08T12:05,23.0
TOS02004305,2026-10-08T12:10,23.0
TOS02004305,2026-10-08T12:15,23.0
TOS02004305,2026-10-08T12:20,23.0
TOS02004305,2026-10-08T12:25,23.0
TOS02004305,2026-10-08T12:30,23.0
TOS02004305,2026-10-08T12:35,23.0
TOS02004305,2026-10-08T12:40,23.0
TOS02004305,2026-10-08T12:45,23.0
TOS02004305,2026-10-08T12:50,23.0
TOS02004305,2026-10-08T12:55,23.0
TOS02004305,2026-10-08T13:00,23.4
TOS02004305,2026-10-08T13:05,23.8
TOS02004305,2026-10-08T13:10,23.8
TOS02004305,2026-10-08T13:15,23.8
TOS02004305,2026-10-08T13:20,23.8
TOS02004305,2026-10-08T13:25,23.8
TOS02004305,2026-10-08T13:30,24.0
TOS02004305,2026-10-08T13:35,24.0
TOS02004305,2026-10-08T13:40,24.0
TOS02004305,2026-10-08T13:45,24.0
TOS02004305,2026-10-08T13:50,24.0
TOS02004305,2026-10-08T13:55,24.0
TOS02004305,2026-10-08T14:00,24.0
TOS02004305,2026-10-08T14:05,24.0
TOS02004305,2026-10-08T14:10,24.0
TOS02004305,2026-10-08T14:15,24.0
TOS02004305,2026-10-08T14:20,24.0
TOS02004305,2026-10-08T14:25,24.0
TOS02004305,2026-10-08T14:30,24.0
TOS02004305,2026-10-08T14:35,24.0
TOS02004305,2026-10-08T14:40,24.0
TOS02004305,2026-10-08T14:45,24.0
TOS02004305,2026-10-08T14:50,24.0
TOS02004305,2026-10-08T14:55,24.0
TOS02004305,2026-10-08T15:00,24.0
TOS02004305,2026-10-08T15:05,24.0
TOS02004305,2026-10-08T15:10,24.0
TOS02004305,2026-10-08T15:15,24.0
TOS02004305,2026-10-08T15:20,24.0
TOS02004305,2026-10-08T15:25,24.0
TOS02004305,2026-10-08T15:30,24.0
TOS02004305,2026-10-08T15:35,24.0
TOS02004305,2026-10-08T15:40,24.0
TOS02004305,2026-10-08T15:45,24.0
TOS02004305,2026-10-08T15:50,24.0
TOS02004305,2026-10-08T15:55,24.0
TOS02004305,2026-10-08T16:00,24.0
TOS02004305,2026-10-08T16:05,24.0
TOS02004305,2026-10-08T16:10,24.0
TOS02004305,2026-10-08T16:15,24.0
TOS02004305,2026-10-08T16:20,24.0
TOS02004305,2026-10-08T16:25,24.0
TOS02004305,2026-10-08T16:30,24.0
TOS02004305,2026-10-08T16:35,24.0
TOS02004305,2026-10-08T16:40,24.0
TOS02004305,2026-10-08T16:45,24.0
TOS02004305,2026-10-08T16:50,24.0
TOS02004305,2026-10-08T16:55,24.0
TOS02004305,2026-10-08T17:00,24.0
TOS02004305,2026-10-08T17:05,24.0
TOS02004305,2026-10-08T17:10,24.0
TOS02004305,2026-10-08T17:15,24.0
TOS02004305,2026-10-08T17:20,24.0
TOS02004305,2026-10-08T17:25,24.0
TOS02004305,2026-10-08T17:30,24.0
TOS02004305,2026-10-08T17:35,24.0
TOS02004305,2026-10-08T17:40,24.0
TOS02004305,2026-10-08T17:45,24.0
TOS02004305,2026-10-08T17:50,24.0
TOS02004305,2026-10-08T17:55,24.0
TOS02004305,2026-10-08T18:00,24.0
TOS02004305,2026-10-08T18:05,24.0
TOS02004305,2026-10-08T18:10,24.0
TOS02004305,2026-10-08T18:15,24.0
TOS02004305,2026-10-08T18:20,24.0
TOS02004305,2026-10-08T18:25,24.0
TOS02004305,2026-10-08T18:30,24.0
TOS02004305,2026-10-08T18:35,24.0
TOS02004305,2026-10-08T18:40,24.0
TOS02004305,2026-10-08T18:45,24.0
TOS02004305,2026-10-08T18:50,24.0
TOS02004305,2026-10-08T18:55,24.0
TOS02004305,2026-10-08T19:00,24.0
TOS02004305,2026-10-08T19:05,24.0
TOS02004305,2026-10-08T19:10,24.0
TOS02004305,2026-10-08T19:15,24.0
TOS02004305,2026-10-08T19:20,24.0
TOS02004305,2026-10-08T19:25,24.0
TOS02004305,2026-10-08T19:30,24.0
TOS02004305,2026-10-08T19:35,24.0
TOS02004305,2026-10-08T19:40,24.0
TOS02004305,2026-10-08T19:45,24.0
TOS02004305,2026-10-08T19:50,24.0
TOS02004305,2026-10-08T19:55,24.0
TOS02004305,2026-10-08T20:00,24.0
TOS02004305,2026-10-08T20:05,24.0
TOS02004305,2026-10-08T20:10,24.0
TOS02004305,2026-10-08T20:15,24.0
TOS02004305,2026-10-08T20:20,24.0
TOS02004305,2026-10-08T20:25,24.0
TOS02004305,2026-10-08T20:30,24.0
TOS02004305,2026-10-08T20:35,24.0
TOS02004305,2026-10-08T20:40,24.0
TOS02004305,2026-10-08T20:45,24.0
TOS02004305,2026-10-08T20:50,24.0
TOS02004305,2026-10-08T20:55,24.0
TOS02004305,2026-10-08T21:00,24.0
TOS02004305,2026-10-08T21:05,24.0
TOS02004305,2026-10-08T21:10,24.0
TOS02004305,2026-10-08T21:15,24.0
TOS02004305,2026-10-08T21:20,24.0
TOS02004305,2026-10-08T21:25,24.0
TOS02004305,2026-10-08T21:30,24.0
TOS02004305,2026-10-08T21:35,24.0
TOS02004305,2026-10-08T21:40,24.0
TOS02004305,2026-10-08T21:45,24.0
TOS02004305,2026-10-08T21:50,24.0
TOS02004305,2026-10-08T21:55,24.0
TOS02004305,2026-10-08T22:00,24.0
TOS02004305,2026-10-08T22:05,24.0
TOS02004305,2026-10-08T22:10,24.0
TOS02004305,2026-10-08T22:15,24.0
TOS02004305,2026-10-08T22:20,24.0
TOS02004305,2026-10-08T22:25,24.0
TOS02004305,2026-10-08T22:30,24.0
TOS02004305,2026-10-08T22:35,24.0
TOS02004305,2026-10-08T22:40,24.0
TOS02004305,2026-10-08T22:45,24.0
TOS02004305,2026-10-08T22:50,24.0
TOS02004305,2026-10-08T22:55,24.0
TOS02004305,2026-10-08T23:00,24.0
TOS02004305,2026-10-08T23:05,24.2
TOS02004305,2026-10-08T23:10,24.6
TOS02004305,2026-10-08T23:15,25.0
TOS02004305,2026-10-08T23:20,25.0
TOS02004305,2026-10-08T23:25,25.0
TOS02004305,2026-10-08T23:30,25.2
TOS02004305,2026-10-08T23:35,25.8
TOS02004305,2026-10-08T23:40,26.2
TOS02004305,2026-10-08T23:45,26.2
TOS02004305,2026-10-08T23:50,26.2
TOS02004305,2026-10-08T23:55,26.2
TOS02004311,2026-10-08T03:20,0.2
TOS02004311,2026-10-08T03:25,0.2
TOS02004311,2026-10-08T03:30,0.2
TOS02004311,2026-10-08T03:35,0.2
TOS02004311,2026-10-08T03:40,0.2
TOS02004311,2026-10-08T03:45,0.2
TOS02004311,2026-10-08T03:50,0.2
TOS02004311,2026-10-08T03:55,0.6
TOS02004311,2026-10-08T04:00,0.8
TOS02004311,2026-10-08T04:05,0.8
TOS02004311,2026-10-08T04:10,1.0
TOS02004311,2026-10-08T04:15,1.2
TOS02004311,2026-10-08T04:20,1.6
TOS02004311,2026-10-08T04:25,5.2
TOS02004311,2026-10-08T04:30,6.8
TOS02004311,2026-10-08T04:35,7.0
TOS02004311,2026-10-08T04:40,7.4
TOS02004311,2026-10-08T04:45,7.8
TOS02004311,2026-10-08T04:50,8.2
TOS02004311,2026-10-08T04:55,8.4
TOS02004311,2026-10-08T05:00,8.6
TOS02004311,2026-10-08T05:05,8.6
TOS02004311,2026-10-08T05:10,8.6
TOS02004311,2026-10-08T05:15,8.6
TOS02004311,2026-10-08T05:20,8.6
TOS02004311,2026-10-08T05:25,8.6
TOS02004311,2026-10-08T05:30,8.6
TOS02004311,2026-10-08T05:35,8.6
TOS02004311,2026-10-08T05:40,8.6
TOS02004311,2026-10-08T05:45,8.6
TOS02004311,2026-10-08T05:50,8.6
TOS02004311,2026-10-08T05:55,8.6
TOS02004311,2026-10-08T06:00,8.6
TOS02004311,2026-10-08T06:05,8.6
TOS02004311,2026-10-08T06:10,8.6
TOS02004311,2026-10-08T06:15,8.6
TOS02004311,2026-10-08T06:20,8.6
TOS02004311,2026-10-08T06:25,8.6
TOS02004311,2026-10-08T06:30,8.6
TOS02004311,2026-10-08T06:35,8.6
TOS02004311,2026-10-08T06:40,8.6
TOS02004311,2026-10-08T06:45,8.6
TOS02004311,2026-10-08T06:50,8.6
TOS02004311,2026-10-08T06:55,8.6
TOS02004311,2026-10-08T07:00,8.6
TOS02004311,2026-10-08T07:05,8.6
TOS02004311,2026-10-08T07:10,8.6
TOS02004311,2026-10-08T07:15,8.6
TOS02004311,2026-10-08T07:20,8.6
TOS02004311,2026-10-08T07:25,8.6
TOS02004311,2026-10-08T07:30,8.6
TOS02004311,2026-10-08T07:35,8.6
TOS02004311,2026-10-08T07:40,8.6
TOS02004311,2026-10-08T07:45,8.6
TOS02004311,2026-10-08T07:50,8.6
TOS02004311,2026-10-08T07:55,8.6
TOS02004311,2026-10-08T08:00,8.6
TOS02004311,2026-10-08T08:05,8.6
TOS02004311,2026-10-08T08:10,8.6
TOS02004311,2026-10-08T08:15,8.6
TOS02004311,2026-10-08T08:20,8.6
TOS02004311,2026-10-08T08:25,8.6
TOS02004311,2026-10-08T08:30,8.6
TOS02004311,2026-10-08T08:35,8.6
TOS02004311,2026-10-08T08:40,8.6
TOS02004311,2026-10-08T08:45,8.6
TOS02004311,2026-10-08T08:50,8.6
TOS02004311,2026-10-08T08:55,8.6
TOS02004311,2026-10-08T09:00,8.6
TOS02004311,2026-10-08T09:05,8.6
TOS02004311,2026-10-08T09:10,8.6
TOS02004311,2026-10-08T09:15,8.6
TOS02004311,2026-10-08T09:20,8.6
TOS02004311,2026-10-08T09:25,8.6
TOS02004311,2026-10-08T09:30,8.6
TOS02004311,2026-10-08T09:35,8.6
TOS02004311,2026-10-08T09:40,8.6
TOS02004311,2026-10-08T09:45,8.6
TOS02004311,2026-10-08T09:50,9.0
TOS02004311,2026-10-08T09:55,9.2
TOS02004311,2026-10-08T10:00,9.4
TOS02004311,2026-10-08T10:05,11.2
TOS02004311,2026-10-08T10:10,11.8
TOS02004311,2026-10-08T10:15,12.0
TOS02004311,2026-10-08T10:20,12.0
TOS02004311,2026-10-08T10:25,12.0
TOS02004311,2026-10-08T10:30,12.0
TOS02004311,2026-10-08T10:35,12.0
TOS02004311,2026-10-08T10:40,12.0
TOS02004311,2026-10-08T10:45,12.0
TOS02004311,2026-10-08T10:50,13.2
TOS02004311,2026-10-08T10:55,14.4
TOS02004311,2026-10-08T11:00,14.8
TOS02004311,2026-10-08T11:05,15.0
TOS02004311,2026-10-08T11:10,15.0
TOS02004311,2026-10-08T11:15,15.0
TOS02004311,2026-10-08T11:20,15.2
TOS02004311,2026-10-08T11:25,15.9
TOS02004311,2026-10-08T11:30,16.1
TOS02004311,2026-10-08T11:35,16.1
TOS02004311,2026-10-08T11:40,16.3
TOS02004311,2026-10-08T11:45,16.3
TOS02004311,2026-10-08T11:50,16.5
TOS02004311,2026-10-08T11:55,16.5
TOS02004311,2026-10-08T12:00,16.5
TOS02004311,2026-10-08T12:05,16.5
TOS02004311,2026-10-08T12:10,16.5
TOS02004311,2026-10-08T12:15,16.5
TOS02004311,2026-10-08T12:20,16.5
TOS02004311,2026-10-08T12:25,16.5
TOS02004311,2026-10-08T12:30,16.5
TOS02004311,2026-10-08T12:35,16.5
TOS02004311,2026-10-08T12:40,16.5
TOS02004311,2026-10-08T12:45,16.5
TOS02004311,2026-10-08T12:50,16.5
TOS02004311,2026-10-08T12:55,16.5
TOS02004311,2026-10-08T13:00,16.5
TOS02004311,2026-10-08T13:05,16.5
TOS02004311,2026-10-08T13:10,16.5
TOS02004311,2026-10-08T13:15,16.5
TOS02004311,2026-10-08T13:20,16.5
TOS02004311,2026-10-08T13:25,16.5
TOS02004311,2026-10-08T13:30,16.5
TOS02004311,2026-10-08T13:35,16.5
TOS02004311,2026-10-08T13:40,16.5
TOS02004311,2026-10-08T13:45,16.5
TOS02004311,2026-10-08T13:50,16.5
TOS02004311,2026-10-08T13:55,16.5
TOS02004311,2026-10-08T14:00,16.5
TOS02004311,2026-10-08T14:05,16.5
TOS02004311,2026-10-08T14:10,16.5
TOS02004311,2026-10-08T14:15,16.5
TOS02004311,2026-10-08T14:20,16.5
TOS02004311,2026-10-08T14:25,16.5
TOS02004311,2026-10-08T14:30,16.5
TOS02004311,2026-10-08T14:35,16.5
TOS02004311,2026-10-08T14:40,16.5
TOS02004311,2026-10-08T14:45,16.5
TOS02004311,2026-10-08T14:50,16.5
TOS02004311,2026-10-08T14:55,16.5
TOS02004311,2026-10-08T15:00,16.5
TOS02004311,2026-10-08T15:05,16.5
TOS02004311,2026-10-08T15:10,16.5
TOS02004311,2026-10-08T15:15,16.5
TOS02004311,2026-10-08T15:20,16.5
TOS02004311,2026-10-08T15:25,16.5
TOS02004311,2026-10-08T15:30,16.5
TOS02004311,2026-10-08T15:35,16.5
TOS02004311,2026-10-08T15:40,16.5
TOS02004311,2026-10-08T15:45,16.5
TOS02004311,2026-10-08T15:50,16.5
TOS02004311,2026-10-08T15:55,16.5
TOS02004311,2026-10-08T16:00,16.5
TOS02004311,2026-10-08T16:05,16.5
TOS02004311,2026-10-08T16:10,16.5
TOS02004311,2026-10-08T16:15,16.5
TOS02004311,2026-10-08T16:20,16.5
TOS02004311,2026-10-08T16:25,16.5
TOS02004311,2026-10-08T16:30,16.5
TOS02004311,2026-10-08T16:35,16.5
TOS02004311,2026-10-08T16:40,16.5
TOS02004311,2026-10-08T16:45,16.5
TOS02004311,2026-10-08T16:50,16.5
TOS02004311,2026-10-08T16:55,16.5
TOS02004311,2026-10-08T17:00,16.5
TOS02004311,2026-10-08T17:05,16.5
TOS02004311,2026-10-08T17:10,16.5
TOS02004311,2026-10-08T17:15,16.5
TOS02004311,2026-10-08T17:20,16.5
TOS02004311,2026-10-08T17:25,16.5
TOS02004311,2026-10-08T17:30,16.5
TOS02004311,2026-10-08T17:35,16.5
TOS02004311,2026-10-08T17:40,16.5
TOS02004311,2026-10-08T17:45,16.5
TOS02004311,2026-10-08T17:50,16.5
TOS02004311,2026-10-08T17:55,16.5
TOS02004311,2026-10-08T18:00,16.5
TOS02004311,2026-10-08T18:05,16.5
TOS02004311,2026-10-08T18:10,16.5
TOS02004311,2026-10-08T18:15,16.5
TOS02004311,2026-10-08T18:20,16.5
TOS02004311,2026-10-08T18:25,16.5
TOS02004311,2026-10-08T18:30,16.5
TOS02004311,2026-10-08T18:35,16.5
TOS02004311,2026-10-08T18:40,16.5
TOS02004311,2026-10-08T18:45,16.5
TOS02004311,2026-10-08T18:50,16.5
TOS02004311,2026-10-08T18:55,16.5
TOS02004311,2026-10-08T19:00,16.5
TOS02004311,2026-10-08T19:05,16.5
TOS02004311,2026-10-08T19:10,16.5
TOS02004311,2026-10-08T19:15,16.5
TOS02004311,2026-10-08T19:20,16.5
TOS02004311,2026-10-08T19:25,16.5
TOS02004311,2026-10-08T19:30,16.5
TOS02004311,2026-10-08T19:35,16.5
TOS02004311,2026-10-08T19:40,16.5
TOS02004311,2026-10-08T19:45,16.5
TOS02004311,2026-10-08T19:50,16.5
TOS02004311,2026-10-08T19:55,16.5
TOS02004311,2026-10-08T20:00,16.5
TOS02004311,2026-10-08T20:05,16.5
TOS02004311,2026-10-08T20:10,16.5
TOS02004311,2026-10-08T20:15,16.5
TOS02004311,2026-10-08T20:20,16.5
TOS02004311,2026-10-08T20:25,16.5
TOS02004311,2026-10-08T20:30,16.5
TOS02004311,2026-10-08T20:35,16.5
TOS02004311,2026-10-08T20:40,16.5
TOS02004311,2026-10-08T20:45,16.5
TOS02004311,2026-10-08T20:50,16.5
TOS02004311,2026-10-08T20:55,16.5
TOS02004311,2026-10-08T21:00,16.5
TOS02004311,2026-10-08T21:05,16.5
TOS02004311,2026-10-08T21:10,16.5
TOS02004311,2026-10-08T21:15,16.5
TOS02004311,2026-10-08T21:20,16.5
TOS02004311,2026-10-08T21:25,16.5
TOS02004311,2026-10-08T21:30,16.5
TOS02004311,2026-10-08T21:35,16.5
TOS02004311,2026-10-08T21:40,16.5
TOS02004311,2026-10-08T21:45,16.5
TOS02004311,2026-10-08T21:50,16.5
TOS02004311,2026-10-08T21:55,16.5
TOS02004311,2026-10-08T22:00,16.5
TOS02004311,2026-10-08T22:05,16.5
TOS02004311,2026-10-08T22:10,16.5
TOS02004311,2026-10-08T22:15,16.5
TOS02004311,2026-10-08T22:20,16.5
TOS02004311,2026-10-08T22:25,16.5
TOS02004311,2026-10-08T22:30,16.5
TOS02004311,2026-10-08T22:35,16.5
TOS02004311,2026-10-08T22:40,16.5
TOS02004311,2026-10-08T22:45,16.5
TOS02004311,2026-10-08T22:50,16.5
TOS02004311,2026-10-08T22:55,16.5
TOS02004311,2026-10-08T23:00,16.5
TOS02004311,2026-10-08T23:05,16.5
TOS02004311,2026-10-08T23:10,16.5
TOS02004311,2026-10-08T23:15,16.5
TOS02004311,2026-10-08T23:20,16.5
TOS02004311,2026-10-08T23:25,16.9
TOS02004311,2026-10-08T23:30,17.7
TOS02004311,2026-10-08T23:35,17.9
TOS02004311,2026-10-08T23:40,17.9
TOS02004311,2026-10-08T23:45,17.9
TOS02004311,2026-10-08T23:50,18.1
TOS02004311,2026-10-08T23:55,18.1
TOS02004315,2026-10-08T00:05,0.2
TOS02004315,2026-10-08T00:10,0.2
TOS02004315,2026-10-08T00:15,0.2
TOS02004315,2026-10-08T00:20,0.2
TOS02004315,2026-10-08T00:25,0.2
TOS02004315,2026-10-08T00:30,0.2
TOS02004315,2026-10-08T00:35,0.2
TOS02004315,2026-10-08T00:40,0.2
TOS02004315,2026-10-08T00:45,0.2
TOS02004315,2026-10-08T00:50,0.2
TOS02004315,2026-10-08T00:55,0.2
TOS02004315,2026-10-08T01:00,0.2
TOS02004315,2026-10-08T01:05,0.2
TOS02004315,2026-10-08T01:10,0.2
TOS02004315,2026-10-08T01:15,0.2
TOS02004315,2026-10-08T01:20,0.2
TOS02004315,2026-10-08T01:25,0.2
TOS02004315,2026-10-08T01:30,0.2
TOS02004315,2026-10-08T01:35,0.4
TOS02004315,2026-10-08T01:40,0.4
TOS02004315,2026-10-08T01:45,0.4
TOS02004315,2026-10-08T01:50,0.4
TOS02004315,2026-10-08T01:55,0.4
TOS02004315,2026-10-08T02:00,0.4
TOS02004315,2026-10-08T02:05,0.4
TOS02004315,2026-10-08T02:10,0.4
TOS02004315,2026-10-08T02:15,0.6
TOS02004315,2026-10-08T02:20,0.8
TOS02004315,2026-10-08T02:25,1.0
TOS02004315,2026-10-08T02:30,1.0
TOS02004315,2026-10-08T02:35,1.0
TOS02004315,2026-10-08T02:40,1.0
TOS02004315,2026-10-08T02:45,1.0
TOS02004315,2026-10-08T02:50,1.0
TOS02004315,2026-10-08T02:55,1.0
TOS02004315,2026-10-08T03:00,1.0
TOS02004315,2026-10-08T03:05,1.0
TOS02004315,2026-10-08T03:10,1.0
TOS02004315,2026-10-08T03:15,1.0
TOS02004315,2026-10-08T03:20,1.0
TOS02004315,2026-10-08T03:25,1.0
TOS02004315,2026-10-08T03:30,1.0
TOS02004315,2026-10-08T03:35,1.0
TOS02004315,2026-10-08T03:40,1.0
TOS02004315,2026-10-08T03:45,1.0
TOS02004315,2026-10-08T03:50,1.0
TOS02004315,2026-10-08T03:55,1.2
TOS02004315,2026-10-08T04:00,1.4
TOS02004315,2026-10-08T04:05,1.6
TOS02004315,2026-10-08T04:10,1.8
TOS02004315,2026-10-08T04:15,2.0
TOS02004315,2026-10-08T04:20,2.4
TOS02004315,2026-10-08T04:25,3.0
TOS02004315,2026-10-08T04:30,5.9
TOS02004315,2026-10-08T04:35,6.7
TOS02004315,2026-10-08T04:40,7.3
TOS02004315,2026-10-08T04:45,7.9
TOS02004315,2026-10-08T04:50,8.7
TOS02004315,2026-10-08T04:55,9.3
TOS02004315,2026-10-08T05:00,9.7
TOS02004315,2026-10-08T05:05,9.7
TOS02004315,2026-10-08T05:10,9.9
TOS02004315,2026-10-08T05:15,9.9
TOS02004315,2026-10-08T05:20,9.9
TOS02004315,2026-10-08T05:25,9.9
TOS02004315,2026-10-08T05:30,9.9
TOS02004315,2026-10-08T05:35,9.9
TOS02004315,2026-10-08T05:40,9.9
TOS02004315,2026-10-08T05:45,9.9
TOS02004315,2026-10-08T05:50,9.9
TOS02004315,2026-10-08T05:55,9.9
TOS02004315,2026-10-08T06:00,9.9
TOS02004315,2026-10-08T06:05,9.9
TOS02004315,2026-10-08T06:10,9.9
TOS02004315,2026-10-08T06:15,9.9
TOS02004315,2026-10-08T06:20,9.9
TOS02004315,2026-10-08T06:25,9.9
TOS02004315,2026-10-08T06:30,9.9
TOS02004315,2026-10-08T06:35,9.9
TOS02004315,2026-10-08T06:40,9.9
TOS02004315,2026-10-08T06:45,9.9
TOS02004315,2026-10-08T06:50,9.9
TOS02004315,2026-10-08T06:55,9.9
TOS02004315,2026-10-08T07:00,9.9
TOS02004315,2026-10-08T07:05,9.9
TOS02004315,2026-10-08T07:10,9.9
TOS02004315,2026-10-08T07:15,9.9
TOS02004315,2026-10-08T07:20,9.9
TOS02004315,2026-10-08T07:25,9.9
TOS02004315,2026-10-08T07:30,9.9
TOS02004315,2026-10-08T07:35,9.9
TOS02004315,2026-10-08T07:40,9.9
TOS02004315,2026-10-08T07:45,9.9
TOS02004315,2026-10-08T07:50,9.9
TOS02004315,2026-10-08T07:55,9.9
TOS02004315,2026-10-08T08:00,9.9
TOS02004315,2026-10-08T08:05,9.9
TOS02004315,2026-10-08T08:10,9.9
TOS02004315,2026-10-08T08:15,9.9
TOS02004315,2026-10-08T08:20,9.9
TOS02004315,2026-10-08T08:25,9.9
TOS02004315,2026-10-08T08:30,9.9
TOS02004315,2026-10-08T08:35,9.9
TOS02004315,2026-10-08T08:40,9.9
TOS02004315,2026-10-08T08:45,9.9
TOS02004315,2026-10-08T08:50,9.9
TOS02004315,2026-10-08T08:55,9.9
TOS02004315,2026-10-08T09:00,9.9
TOS02004315,2026-10-08T09:05,9.9
TOS02004315,2026-10-08T09:10,9.9
TOS02004315,2026-10-08T09:15,9.9
TOS02004315,2026-10-08T09:20,9.9
TOS02004315,2026-10-08T09:25,9.9
TOS02004315,2026-10-08T09:30,9.9
TOS02004315,2026-10-08T09:35,9.9
TOS02004315,2026-10-08T09:40,9.9
TOS02004315,2026-10-08T09:45,9.9
TOS02004315,2026-10-08T09:50,9.9
TOS02004315,2026-10-08T09:55,10.1
TOS02004315,2026-10-08T10:00,10.3
TOS02004315,2026-10-08T10:05,11.1
TOS02004315,2026-10-08T10:10,11.7
TOS02004315,2026-10-08T10:15,12.1
TOS02004315,2026-10-08T10:20,12.3
TOS02004315,2026-10-08T10:25,12.3
TOS02004315,2026-10-08T10:30,12.3
TOS02004315,2026-10-08T10:35,12.3
TOS02004315,2026-10-08T10:40,12.3
TOS02004315,2026-10-08T10:45,12.3
TOS02004315,2026-10-08T10:50,12.5
TOS02004315,2026-10-08T10:55,13.3
TOS02004315,2026-10-08T11:00,15.6
TOS02004315,2026-10-08T11:05,15.8
TOS02004315,2026-10-08T11:10,16.0
TOS02004315,2026-10-08T11:15,16.0
TOS02004315,2026-10-08T11:20,16.0
TOS02004315,2026-10-08T11:25,16.0
TOS02004315,2026-10-08T11:30,16.4
TOS02004315,2026-10-08T11:35,16.6
TOS02004315,2026-10-08T11:40,16.6
TOS02004315,2026-10-08T11:45,16.6
TOS02004315,2026-10-08T11:50,16.8
TOS02004315,2026-10-08T11:55,17.0
TOS02004315,2026-10-08T12:00,17.0
TOS02004315,2026-10-08T12:05,17.0
TOS02004315,2026-10-08T12:10,17.0
TOS02004315,2026-10-08T12:15,17.0
TOS02004315,2026-10-08T12:20,17.0
TOS02004315,2026-10-08T12:25,17.0
TOS02004315,2026-10-08T12:30,17.0
TOS02004315,2026-10-08T12:35,17.0
TOS02004315,2026-10-08T12:40,17.0
TOS02004315,2026-10-08T12:45,17.0
TOS02004315,2026-10-08T12:50,17.0
TOS02004315,2026-10-08T12:55,17.0
TOS02004315,2026-10-08T13:00,17.0
TOS02004315,2026-10-08T13:05,17.0
TOS02004315,2026-10-08T13:10,17.0
TOS02004315,2026-10-08T13:15,17.0
TOS02004315,2026-10-08T13:20,17.0
TOS02004315,2026-10-08T13:25,17.0
TOS02004315,2026-10-08T13:30,17.0
TOS02004315,2026-10-08T13:35,17.0
TOS02004315,2026-10-08T13:40,17.0
TOS02004315,2026-10-08T13:45,17.0
TOS02004315,2026-10-08T13:50,17.0
TOS02004315,2026-10-08T13:55,17.0
TOS02004315,2026-10-08T14:00,17.0
TOS02004315,2026-10-08T14:05,17.0
TOS02004315,2026-10-08T14:10,17.0
TOS02004315,2026-10-08T14:15,17.0
TOS02004315,2026-10-08T14:20,17.0
TOS02004315,2026-10-08T14:25,17.0
TOS02004315,2026-10-08T14:30,17.0
TOS02004315,2026-10-08T14:35,17.0
TOS02004315,2026-10-08T14:40,17.0
TOS02004315,2026-10-08T14:45,17.0
TOS02004315,2026-10-08T14:50,17.0
TOS02004315,2026-10-08T14:55,17.0
TOS02004315,2026-10-08T15:00,17.0
TOS02004315,2026-10-08T15:05,17.0
TOS02004315,2026-10-08T15:10,17.0
TOS02004315,2026-10-08T15:15,17.0
TOS02004315,2026-10-08T15:20,17.0
TOS02004315,2026-10-08T15:25,17.0
TOS02004315,2026-10-08T15:30,17.0
TOS02004315,2026-10-08T15:35,17.0
TOS02004315,2026-10-08T15:40,17.0
TOS02004315,2026-10-08T15:45,17.0
TOS02004315,2026-10-08T15:50,17.0
TOS02004315,2026-10-08T15:55,17.0
TOS02004315,2026-10-08T16:00,17.0
TOS02004315,2026-10-08T16:05,17.0
TOS02004315,2026-10-08T16:10,17.0
TOS02004315,2026-10-08T16:15,17.0
TOS02004315,2026-10-08T16:20,17.0
TOS02004315,2026-10-08T16:25,17.0
TOS02004315,2026-10-08T16:30,17.0
TOS02004315,2026-10-08T16:35,17.0
TOS02004315,2026-10-08T16:40,17.0
TOS02004315,2026-10-08T16:45,17.0
TOS02004315,2026-10-08T16:50,17.0
TOS02004315,2026-10-08T16:55,17.0
TOS02004315,2026-10-08T17:00,17.0
TOS02004315,2026-10-08T17:05,17.0
TOS02004315,2026-10-08T17:10,17.0
TOS02004315,2026-10-08T17:15,17.0
TOS02004315,2026-10-08T17:20,17.0
TOS02004315,2026-10-08T17:25,17.0
TOS02004315,2026-10-08T17:30,17.0
TOS02004315,2026-10-08T17:35,17.0
TOS02004315,2026-10-08T17:40,17.0
TOS02004315,2026-10-08T17:45,17.0
TOS02004315,2026-10-08T17:50,17.0
TOS02004315,2026-10-08T17:55,17.0
TOS02004315,2026-10-08T18:00,17.0
TOS02004315,2026-10-08T18:05,17.0
TOS02004315,2026-10-08T18:10,17.0
TOS02004315,2026-10-08T18:15,17.0
TOS02004315,2026-10-08T18:20,17.0
TOS02004315,2026-10-08T18:25,17.0
TOS02004315,2026-10-08T18:30,17.0
TOS02004315,2026-10-08T18:35,17.0
TOS02004315,2026-10-08T18:40,17.0
TOS02004315,2026-10-08T18:45,17.0
TOS02004315,2026-10-08T18:50,17.0
TOS02004315,2026-10-08T18:55,17.0
TOS02004315,2026-10-08T19:00,17.0
TOS02004315,2026-10-08T19:05,17.0
TOS02004315,2026-10-08T19:10,17.0
TOS02004315,2026-10-08T19:15,17.0
TOS02004315,2026-10-08T19:20,17.0
TOS02004315,2026-10-08T19:25,17.0
TOS02004315,2026-10-08T19:30,17.0
TOS02004315,2026-10-08T19:35,17.0
TOS02004315,2026-10-08T19:40,17.0
TOS02004315,2026-10-08T19:45,17.0
TOS02004315,2026-10-08T19:50,17.0
TOS02004315,2026-10-08T19:55,17.0
TOS02004315,2026-10-08T20:00,17.0
TOS02004315,2026-10-08T20:05,17.0
TOS02004315,2026-10-08T20:10,17.0
TOS02004315,2026-10-08T20:15,17.0
TOS02004315,2026-10-08T20:20,17.0
TOS02004315,2026-10-08T20:25,17.0
TOS02004315,2026-10-08T20:30,17.0
TOS02004315,2026-10-08T20:35,17.0
TOS02004315,2026-10-08T20:40,17.0
TOS02004315,2026-10-08T20:45,17.0
TOS02004315,2026-10-08T20:50,17.0
TOS02004315,2026-10-08T20:55,17.0
TOS02004315,2026-10-08T21:00,17.0
TOS02004315,2026-10-08T21:05,17.0
TOS02004315,2026-10-08T21:10,17.0
TOS02004315,2026-10-08T21:15,17.0
TOS02004315,2026-10-08T21:20,17.0
TOS02004315,2026-10-08T21:25,17.0
TOS02004315,2026-10-08T21:30,17.0
TOS02004315,2026-10-08T21:35,17.0
TOS02004315,2026-10-08T21:40,17.0
TOS02004315,2026-10-08T21:45,17.0
TOS02004315,2026-10-08T21:50,17.0
TOS02004315,2026-10-08T21:55,17.0
TOS02004315,2026-10-08T22:00,17.0
TOS02004315,2026-10-08T22:05,17.0
TOS02004315,2026-10-08T22:10,17.0
TOS02004315,2026-10-08T22:15,17.0
TOS02004315,2026-10-08T22:20,17.0
TOS02004315,2026-10-08T22:25,17.0
TOS02004315,2026-10-08T22:30,17.0
TOS02004315,2026-10-08T22:35,17.0
TOS02004315,2026-10-08T22:40,17.0
TOS02004315,2026-10-08T22:45,17.0
TOS02004315,2026-10-08T22:50,17.0
TOS02004315,2026-10-08T22:55,17.0
TOS02004315,2026-10-08T23:00,17.0
TOS02004315,2026-10-08T23:05,17.0
TOS02004315,2026-10-08T23:10,17.0
TOS02004315,2026-10-08T23:15,17.0
TOS02004315,2026-10-08T23:20,17.0
TOS02004315,2026-10-08T23:25,17.0
TOS02004315,2026-10-08T23:30,17.8
TOS02004315,2026-10-08T23:35,18.4
TOS02004315,2026-10-08T23:40,18.4
TOS02004315,2026-10-08T23:45,18.6
TOS02004315,2026-10-08T23:50,18.8
TOS02004315,2026-10-08T23:55,18.8
TOS02004365,2026-10-08T02:00,0.2
TOS02004365,2026-10-08T02:05,0.2
TOS02004365,2026-10-08T02:10,0.2
TOS02004365,2026-10-08T02:15,0.2
TOS02004365,2026-10-08T02:20,0.2
TOS02004365,2026-10-08T02:25,0.2
TOS02004365,2026-10-08T02:30,0.2
TOS02004365,2026-10-08T02:35,0.2
TOS02004365,2026-10-08T02:40,0.2
TOS02004365,2026-10-08T02:45,0.2
TOS02004365,2026-10-08T02:50,0.2
TOS02004365,2026-10-08T02:55,0.2
TOS02004365,2026-10-08T03:00,0.2
TOS02004365,2026-10-08T03:05,0.2
TOS02004365,2026-10-08T03:10,0.2
TOS02004365,2026-10-08T03:15,0.2
TOS02004365,2026-10-08T03:20,0.2
TOS02004365,2026-10-08T03:25,0.2
TOS02004365,2026-10-08T03:30,0.2
TOS02004365,2026-10-08T03:35,0.2
TOS02004365,2026-10-08T03:40,0.2
TOS02004365,2026-10-08T03:45,0.4
TOS02004365,2026-10-08T03:50,0.6
TOS02004365,2026-10-08T03:55,0.6
TOS02004365,2026-10-08T04:00,0.8
TOS02004365,2026-10-08T04:05,0.8
TOS02004365,2026-10-08T04:10,1.2
TOS02004365,2026-10-08T04:15,1.6
TOS02004365,2026-10-08T04:20,2.8
TOS02004365,2026-10-08T04:25,4.8
TOS02004365,2026-10-08T04:30,5.8
TOS02004365,2026-10-08T04:35,6.8
TOS02004365,2026-10-08T04:40,7.4
TOS02004365,2026-10-08T04:45,8.4
TOS02004365,2026-10-08T04:50,8.8
TOS02004365,2026-10-08T04:55,8.8
TOS02004365,2026-10-08T05:00,8.8
TOS02004365,2026-10-08T05:05,9.0
TOS02004365,2026-10-08T05:10,9.0
TOS02004365,2026-10-08T05:15,9.0
TOS02004365,2026-10-08T05:20,9.0
TOS02004365,2026-10-08T05:25,9.0
TOS02004365,2026-10-08T05:30,9.0
TOS02004365,2026-10-08T05:35,9.0
TOS02004365,2026-10-08T05:40,9.0
TOS02004365,2026-10-08T05:45,9.0
TOS02004365,2026-10-08T05:50,9.0
TOS02004365,2026-10-08T05:55,9.0
TOS02004365,2026-10-08T06:00,9.0
TOS02004365,2026-10-08T06:05,9.0
TOS02004365,2026-10-08T06:10,9.0
TOS02004365,2026-10-08T06:15,9.0
TOS02004365,2026-10-08T06:20,9.0
TOS02004365,2026-10-08T06:25,9.0
TOS02004365,2026-10-08T06:30,9.0
TOS02004365,2026-10-08T06:35,9.0
TOS02004365,2026-10-08T06:40,9.0
TOS02004365,2026-10-08T06:45,9.0
TOS02004365,2026-10-08T06:50,9.0
TOS02004365,2026-10-08T06:55,9.0
TOS02004365,2026-10-08T07:00,9.0
TOS02004365,2026-10-08T07:05,9.0
TOS02004365,2026-10-08T07:10,9.0
TOS02004365,2026-10-08T07:15,9.0
TOS02004365,2026-10-08T07:20,9.0
TOS02004365,2026-10-08T07:25,9.0
TOS02004365,2026-10-08T07:30,9.0
TOS02004365,2026-10-08T07:35,9.0
TOS02004365,2026-10-08T07:40,9.0
TOS02004365,2026-10-08T07:45,9.0
TOS02004365,2026-10-08T07:50,9.0
TOS02004365,2026-10-08T07:55,9.0
TOS02004365,2026-10-08T08:00,9.0
TOS02004365,2026-10-08T08:05,9.0
TOS02004365,2026-10-08T08:10,9.0
TOS02004365,2026-10-08T08:15,9.0
TOS02004365,2026-10-08T08:20,9.0
TOS02004365,2026-10-08T08:25,9.0
TOS02004365,2026-10-08T08:30,9.0
TOS02004365,2026-10-08T08:35,9.0
TOS02004365,2026-10-08T08:40,9.0
TOS02004365,2026-10-08T08:45,9.0
TOS02004365,2026-10-08T08:50,9.0
TOS02004365,2026-10-08T08:55,9.0
TOS02004365,2026-10-08T09:00,9.0
TOS02004365,2026-10-08T09:05,9.0
TOS02004365,2026-10-08T09:10,9.0
TOS02004365,2026-10-08T09:15,9.0
TOS02004365,2026-10-08T09:20,9.0
TOS02004365,2026-10-08T09:25,9.0
TOS02004365,2026-10-08T09:30,9.0
TOS02004365,2026-10-08T09:35,9.0
TOS02004365,2026-10-08T09:40,9.0
TOS02004365,2026-10-08T09:45,9.0
TOS02004365,2026-10-08T09:50,9.2
TOS02004365,2026-10-08T09:55,10.8
TOS02004365,2026-10-08T10:00,13.9
TOS02004365,2026-10-08T10:05,14.9
TOS02004365,2026-10-08T10:10,14.9
TOS02004365,2026-10-08T10:15,14.9
TOS02004365,2026-10-08T10:20,14.9
TOS02004365,2026-10-08T10:25,14.9
TOS02004365,2026-10-08T10:30,14.9
TOS02004365,2026-10-08T10:35,14.9
TOS02004365,2026-10-08T10:40,15.3
TOS02004365,2026-10-08T10:45,15.5
TOS02004365,2026-10-08T10:50,15.5
TOS02004365,2026-10-08T10:55,15.7
TOS02004365,2026-10-08T11:00,15.7
TOS02004365,2026-10-08T11:05,15.7
TOS02004365,2026-10-08T11:10,15.7
TOS02004365,2026-10-08T11:15,15.7
TOS02004365,2026-10-08T11:20,15.7
TOS02004365,2026-10-08T11:25,16.1
TOS02004365,2026-10-08T11:30,16.5
TOS02004365,2026-10-08T11:35,16.5
TOS02004365,2026-10-08T11:40,17.1
TOS02004365,2026-10-08T11:45,17.5
TOS02004365,2026-10-08T11:50,17.7
TOS02004365,2026-10-08T11:55,17.9
TOS02004365,2026-10-08T12:00,17.9
TOS02004365,2026-10-08T12:05,17.9
TOS02004365,2026-10-08T12:10,17.9
TOS02004365,2026-10-08T12:15,17.9
TOS02004365,2026-10-08T12:20,17.9
TOS02004365,2026-10-08T12:25,17.9
TOS02004365,2026-10-08T12:30,17.9
TOS02004365,2026-10-08T12:35,17.9
TOS02004365,2026-10-08T12:40,17.9
TOS02004365,2026-10-08T12:45,17.9
TOS02004365,2026-10-08T12:50,17.9
TOS02004365,2026-10-08T12:55,17.9
TOS02004365,2026-10-08T13:00,17.9
TOS02004365,2026-10-08T13:05,17.9
TOS02004365,2026-10-08T13:10,17.9
TOS02004365,2026-10-08T13:15,17.9
TOS02004365,2026-10-08T13:20,17.9
TOS02004365,2026-10-08T13:25,17.9
TOS02004365,2026-10-08T13:30,18.1
TOS02004365,2026-10-08T13:35,18.1
TOS02004365,2026-10-08T13:40,18.1
TOS02004365,2026-10-08T13:45,18.1
TOS02004365,2026-10-08T13:50,18.1
TOS02004365,2026-10-08T13:55,18.1
TOS02004365,2026-10-08T14:00,18.1
TOS02004365,2026-10-08T14:05,18.1
TOS02004365,2026-10-08T14:10,18.1
TOS02004365,2026-10-08T14:15,18.1
TOS02004365,2026-10-08T14:20,18.1
TOS02004365,2026-10-08T14:25,18.1
TOS02004365,2026-10-08T14:30,18.1
TOS02004365,2026-10-08T14:35,18.1
TOS02004365,2026-10-08T14:40,18.1
TOS02004365,2026-10-08T14:45,18.1
TOS02004365,2026-10-08T14:50,18.1
TOS02004365,2026-10-08T14:55,18.1
TOS02004365,2026-10-08T15:00,18.1
TOS02004365,2026-10-08T15:05,18.1
TOS02004365,2026-10-08T15:10,18.1
TOS02004365,2026-10-08T15:15,18.1
TOS02004365,2026-10-08T15:20,18.1
TOS02004365,2026-10-08T15:25,18.1
TOS02004365,2026-10-08T15:30,18.1
TOS02004365,2026-10-08T15:35,18.1
TOS02004365,2026-10-08T15:40,18.1
TOS02004365,2026-10-08T15:45,18.1
TOS02004365,2026-10-08T15:50,18.1
TOS02004365,2026-10-08T15:55,18.1
TOS02004365,2026-10-08T16:00,18.1
TOS02004365,2026-10-08T16:05,18.1
TOS02004365,2026-10-08T16:10,18.1
TOS02004365,2026-10-08T16:15,18.1
TOS02004365,2026-10-08T16:20,18.1
TOS02004365,2026-10-08T16:25,18.1
TOS02004365,2026-10-08T16:30,18.1
TOS02004365,2026-10-08T16:35,18.1
TOS02004365,2026-10-08T16:40,18.1
TOS02004365,2026-10-08T16:45,18.1
TOS02004365,2026-10-08T16:50,18.1
TOS02004365,2026-10-08T16:55,18.1
TOS02004365,2026-10-08T17:00,18.1
TOS02004365,2026-10-08T17:05,18.1
TOS02004365,2026-10-08T17:10,18.1
TOS02004365,2026-10-08T17:15,18.1
TOS02004365,2026-10-08T17:20,18.1
TOS02004365,2026-10-08T17:25,18.1
TOS02004365,2026-10-08T17:30,18.1
TOS02004365,2026-10-08T17:35,18.1
TOS02004365,2026-10-08T17:40,18.1
TOS02004365,2026-10-08T17:45,18.1
TOS02004365,2026-10-08T17:50,18.1
TOS02004365,2026-10-08T17:55,18.1
TOS02004365,2026-10-08T18:00,18.1
TOS02004365,2026-10-08T18:05,18.1
TOS02004365,2026-10-08T18:10,18.1
TOS02004365,2026-10-08T18:15,18.1
TOS02004365,2026-10-08T18:20,18.1
TOS02004365,2026-10-08T18:25,18.1
TOS02004365,2026-10-08T18:30,18.1
TOS02004365,2026-10-08T18:35,18.1
TOS02004365,2026-10-08T18:40,18.1
TOS02004365,2026-10-08T18:45,18.1
TOS02004365,2026-10-08T18:50,18.1
TOS02004365,2026-10-08T18:55,18.1
TOS02004365,2026-10-08T19:00,18.1
TOS02004365,2026-10-08T19:05,18.1
TOS02004365,2026-10-08T19:10,18.1
TOS02004365,2026-10-08T19:15,18.1
TOS02004365,2026-10-08T19:20,18.1
TOS02004365,2026-10-08T19:25,18.1
TOS02004365,2026-10-08T19:30,18.1
TOS02004365,2026-10-08T19:35,18.1
TOS02004365,2026-10-08T19:40,18.1
TOS02004365,2026-10-08T19:45,18.1
TOS02004365,2026-10-08T19:50,18.1
TOS02004365,2026-10-08T19:55,18.1
TOS02004365,2026-10-08T20:00,18.1
TOS02004365,2026-10-08T20:05,18.1
TOS02004365,2026-10-08T20:10,18.1
TOS02004365,2026-10-08T20:15,18.1
TOS02004365,2026-10-08T20:20,18.1
TOS02004365,2026-10-08T20:25,18.1
TOS02004365,2026-10-08T20:30,18.1
TOS02004365,2026-10-08T20:35,18.1
TOS02004365,2026-10-08T20:40,18.1
TOS02004365,2026-10-08T20:45,18.1
TOS02004365,2026-10-08T20:50,18.1
TOS02004365,2026-10-08T20:55,18.1
TOS02004365,2026-10-08T21:00,18.1
TOS02004365,2026-10-08T21:05,18.1
TOS02004365,2026-10-08T21:10,18.1
TOS02004365,2026-10-08T21:15,18.1
TOS02004365,2026-10-08T21:20,18.1
TOS02004365,2026-10-08T21:25,18.1
TOS02004365,2026-10-08T21:30,18.1
TOS02004365,2026-10-08T21:35,18.1
TOS02004365,2026-10-08T21:40,18.1
TOS02004365,2026-10-08T21:45,18.1
TOS02004365,2026-10-08T21:50,18.1
TOS02004365,2026-10-08T21:55,18.1
TOS02004365,2026-10-08T22:00,18.1
TOS02004365,2026-10-08T22:05,18.1
TOS02004365,2026-10-08T22:10,18.1
TOS02004365,2026-10-08T22:15,18.1
TOS02004365,2026-10-08T22:20,18.1
TOS02004365,2026-10-08T22:25,18.1
TOS02004365,2026-10-08T22:30,18.1
TOS02004365,2026-10-08T22:35,18.1
TOS02004365,2026-10-08T22:40,18.1
TOS02004365,2026-10-08T22:45,18.1
TOS02004365,2026-10-08T22:50,18.1
TOS02004365,2026-10-08T22:55,18.1
TOS02004365,2026-10-08T23:00,18.1
TOS02004365,2026-10-08T23:05,18.1
TOS02004365,2026-10-08T23:10,18.1
TOS02004365,2026-10-08T23:15,18.1
TOS02004365,2026-10-08T23:20,18.5
TOS02004365,2026-10-08T23:25,18.7
TOS02004365,2026-10-08T23:30,18.9
TOS02004365,2026-10-08T23:35,18.9
TOS02004365,2026-10-08T23:40,19.3
TOS02004365,2026-10-08T23:45,19.3
TOS02004365,2026-10-08T23:50,19.5
TOS02004365,2026-10-08T23:55,19.5
TOS02004369,2026-10-08T03:15,0.2
TOS02004369,2026-10-08T03:30,0.2
TOS02004369,2026-10-08T03:45,0.6
TOS02004369,2026-10-08T04:00,1.0
TOS02004369,2026-10-08T04:15,7.6
TOS02004369,2026-10-08T04:30,11.0
TOS02004369,2026-10-08T04:45,13.6
TOS02004369,2026-10-08T05:00,13.8
TOS02004369,2026-10-08T05:15,13.8
TOS02004369,2026-10-08T05:30,13.8
TOS02004369,2026-10-08T05:45,13.8
TOS02004369,2026-10-08T06:00,13.8
TOS02004369,2026-10-08T06:15,13.8
TOS02004369,2026-10-08T06:30,13.8
TOS02004369,2026-10-08T06:45,13.8
TOS02004369,2026-10-08T07:00,13.8
TOS02004369,2026-10-08T07:15,13.8
TOS02004369,2026-10-08T07:30,13.8
TOS02004369,2026-10-08T07:45,13.8
TOS02004369,2026-10-08T08:00,13.8
TOS02004369,2026-10-08T08:15,13.8
TOS02004369,2026-10-08T08:30,13.8
TOS02004369,2026-10-08T08:45,13.8
TOS02004369,2026-10-08T09:00,13.8
TOS02004369,2026-10-08T09:15,13.8
TOS02004369,2026-10-08T09:30,13.8
TOS02004369,2026-10-08T09:45,14.4
TOS02004369,2026-10-08T10:00,16.5
TOS02004369,2026-10-08T10:15,18.1
TOS02004369,2026-10-08T10:30,20.9
TOS02004369,2026-10-08T10:45,23.0
TOS02004369,2026-10-08T11:00,23.0
TOS02004369,2026-10-08T11:15,25.6
TOS02004369,2026-10-08T11:30,26.2
TOS02004369,2026-10-08T11:45,26.6
TOS02004369,2026-10-08T12:00,26.6
TOS02004369,2026-10-08T12:15,26.6
TOS02004369,2026-10-08T12:30,26.6
TOS02004369,2026-10-08T12:45,26.6
TOS02004369,2026-10-08T13:00,26.6
TOS02004369,2026-10-08T13:15,26.6
TOS02004369,2026-10-08T13:30,26.6
TOS02004369,2026-10-08T13:45,26.6
TOS02004369,2026-10-08T14:00,26.6
TOS02004369,2026-10-08T14:15,26.6
TOS02004369,2026-10-08T14:30,26.6
TOS02004369,2026-10-08T14:45,26.6
TOS02004369,2026-10-08T15:00,26.6
TOS02004369,2026-10-08T15:15,26.6
TOS02004369,2026-10-08T15:30,26.6
TOS02004369,2026-10-08T15:45,26.6
TOS02004369,2026-10-08T16:00,26.6
TOS02004369,2026-10-08T16:15,26.6
TOS02004369,2026-10-08T16:30,26.6
TOS02004369,2026-10-08T16:45,26.6
TOS02004369,2026-10-08T17:00,26.6
TOS02004369,2026-10-08T17:15,26.6
TOS02004369,2026-10-08T17:30,26.6
TOS02004369,2026-10-08T17:45,26.6
TOS02004369,2026-10-08T18:00,26.6
TOS02004369,2026-10-08T18:15,26.6
TOS02004369,2026-10-08T18:30,26.6
TOS02004369,2026-10-08T18:45,26.6
TOS02004369,2026-10-08T19:00,26.6
TOS02004369,2026-10-08T19:15,26.6
TOS02004369,2026-10-08T19:30,26.6
TOS02004369,2026-10-08T19:45,26.6
TOS02004369,2026-10-08T20:00,26.6
TOS02004369,2026-10-08T20:15,26.6
TOS02004369,2026-10-08T20:30,26.6
TOS02004369,2026-10-08T20:45,26.6
TOS02004369,2026-10-08T21:00,26.6
TOS02004369,2026-10-08T21:15,26.6
TOS02004369,2026-10-08T21:30,26.6
TOS02004369,2026-10-08T21:45,26.6
TOS02004369,2026-10-08T22:00,26.6
TOS02004369,2026-10-08T22:15,26.6
TOS02004369,2026-10-08T22:30,26.6
TOS02004369,2026-10-08T22:45,26.6
TOS02004369,2026-10-08T23:00,27.2
TOS02004369,2026-10-08T23:15,27.2
TOS02004369,2026-10-08T23:30,27.2
TOS02004369,2026-10-08T23:45,27.2
TOS03000091,2026-10-08T00:05,1.4
TOS03000091,2026-10-08T00:10,6.5
TOS03000091,2026-10-08T00:15,10.0
TOS03000091,2026-10-08T00:20,13.8
TOS03000091,2026-10-08T00:25,14.4
TOS03000091,2026-10-08T00:30,15.2
TOS03000091,2026-10-08T00:35,16.8
TOS03000091,2026-10-08T00:40,18.0
TOS03000091,2026-10-08T00:45,18.6
TOS03000091,2026-10-08T00:50,18.6
TOS03000091,2026-10-08T00:55,18.6
TOS03000091,2026-10-08T01:00,18.6
TOS03000091,2026-10-08T01:05,18.6
TOS03000091,2026-10-08T01:10,18.6
TOS03000091,2026-10-08T01:15,18.6
TOS03000091,2026-10-08T01:20,18.6
TOS03000091,2026-10-08T01:25,18.6
TOS03000091,2026-10-08T01:30,18.8
TOS03000091,2026-10-08T01:35,18.8
TOS03000091,2026-10-08T01:40,18.8
TOS03000091,2026-10-08T01:45,18.8
TOS03000091,2026-10-08T01:50,18.8
TOS03000091,2026-10-08T01:55,18.8
TOS03000091,2026-10-08T02:00,18.8
TOS03000091,2026-10-08T02:05,19.0
TOS03000091,2026-10-08T02:10,19.0
TOS03000091,2026-10-08T02:15,19.0
TOS03000091,2026-10-08T02:20,19.0
TOS03000091,2026-10-08T02:25,19.0
TOS03000091,2026-10-08T02:30,19.0
TOS03000091,2026-10-08T02:35,19.0
TOS03000091,2026-10-08T02:40,19.0
TOS03000091,2026-10-08T02:45,19.0
TOS03000091,2026-10-08T02:50,19.0
TOS03000091,2026-10-08T02:55,19.0
TOS03000091,2026-10-08T03:00,19.2
TOS03000091,2026-10-08T03:05,19.4
TOS03000091,2026-10-08T03:10,19.4
TOS03000091,2026-10-08T03:15,22.1
TOS03000091,2026-10-08T03:20,26.9
TOS03000091,2026-10-08T03:25,27.1
TOS03000091,2026-10-08T03:30,27.1
TOS03000091,2026-10-08T03:35,27.3
TOS03000091,2026-10-08T03:40,30.0
TOS03000091,2026-10-08T03:45,30.6
TOS03000091,2026-10-08T03:50,31.2
TOS03000091,2026-10-08T03:55,34.3
TOS03000091,2026-10-08T04:00,40.6
TOS03000091,2026-10-08T04:05,52.3
TOS03000091,2026-10-08T04:10,63.2
TOS03000091,2026-10-08T04:15,65.9
TOS03000091,2026-10-08T04:20,67.1
TOS03000091,2026-10-08T04:25,67.7
TOS03000091,2026-10-08T04:30,67.9
TOS03000091,2026-10-08T04:35,67.9
TOS03000091,2026-10-08T04:40,68.1
TOS03000091,2026-10-08T04:45,68.3
TOS03000091,2026-10-08T04:50,68.5
TOS03000091,2026-10-08T04:55,68.7
TOS03000091,2026-10-08T05:00,68.7
TOS03000091,2026-10-08T05:05,68.7
TOS03000091,2026-10-08T05:10,68.7
TOS03000091,2026-10-08T05:15,68.7
TOS03000091,2026-10-08T05:20,68.7
TOS03000091,2026-10-08T05:25,68.7
TOS03000091,2026-10-08T05:30,68.7
TOS03000091,2026-10-08T05:35,68.7
TOS03000091,2026-10-08T05:40,68.7
TOS03000091,2026-10-08T05:45,68.7
TOS03000091,2026-10-08T05:50,68.7
TOS03000091,2026-10-08T05:55,68.7
TOS03000091,2026-10-08T06:00,68.7
TOS03000091,2026-10-08T06:05,68.7
TOS03000091,2026-10-08T06:10,68.7
TOS03000091,2026-10-08T06:15,68.7
TOS03000091,2026-10-08T06:20,68.7
TOS03000091,2026-10-08T06:25,68.7
TOS03000091,2026-10-08T06:30,68.7
TOS03000091,2026-10-08T06:35,68.7
TOS03000091,2026-10-08T06:40,68.7
TOS03000091,2026-10-08T06:45,68.7
TOS03000091,2026-10-08T06:50,68.7
TOS03000091,2026-10-08T06:55,68.7
TOS03000091,2026-10-08T07:00,68.7
TOS03000091,2026-10-08T07:05,68.7
TOS03000091,2026-10-08T07:10,68.7
TOS03000091,2026-10-08T07:15,68.7
TOS03000091,2026-10-08T07:20,68.7
TOS03000091,2026-10-08T07:25,68.7
TOS03000091,2026-10-08T07:30,68.7
TOS03000091,2026-10-08T07:35,68.7
TOS03000091,2026-10-08T07:40,68.7
TOS03000091,2026-10-08T07:45,68.7
TOS03000091,2026-10-08T07:50,68.7
TOS03000091,2026-10-08T07:55,68.7
TOS03000091,2026-10-08T08:00,68.7
TOS03000091,2026-10-08T08:05,68.7
TOS03000091,2026-10-08T08:10,68.7
TOS03000091,2026-10-08T08:15,68.7
TOS03000091,2026-10-08T08:20,68.7
TOS03000091,2026-10-08T08:25,68.7
TOS03000091,2026-10-08T08:30,68.7
TOS03000091,2026-10-08T08:35,68.7
TOS03000091,2026-10-08T08:40,68.7
TOS03000091,2026-10-08T08:45,68.7
TOS03000091,2026-10-08T08:50,68.7
TOS03000091,2026-10-08T08:55,68.7
TOS03000091,2026-10-08T09:00,68.7
TOS03000091,2026-10-08T09:05,68.7
TOS03000091,2026-10-08T09:10,68.7
TOS03000091,2026-10-08T09:15,68.7
TOS03000091,2026-10-08T09:20,68.7
TOS03000091,2026-10-08T09:25,68.7
TOS03000091,2026-10-08T09:30,68.7
TOS03000091,2026-10-08T09:35,68.7
TOS03000091,2026-10-08T09:40,68.9
TOS03000091,2026-10-08T09:45,69.1
TOS03000091,2026-10-08T09:50,69.7
TOS03000091,2026-10-08T09:55,70.1
TOS03000091,2026-10-08T10:00,70.3
TOS03000091,2026-10-08T10:05,70.3
TOS03000091,2026-10-08T10:10,70.3
TOS03000091,2026-10-08T10:15,70.9
TOS03000091,2026-10-08T10:20,71.1
TOS03000091,2026-10-08T10:25,72.1
TOS03000091,2026-10-08T10:30,72.3
TOS03000091,2026-10-08T10:35,72.3
TOS03000091,2026-10-08T10:40,72.3
TOS03000091,2026-10-08T10:45,72.3
TOS03000091,2026-10-08T10:50,72.5
TOS03000091,2026-10-08T10:55,72.9
TOS03000091,2026-10-08T11:00,72.9
TOS03000091,2026-10-08T11:05,72.9
TOS03000091,2026-10-08T11:10,73.1
TOS03000091,2026-10-08T11:15,73.1
TOS03000091,2026-10-08T11:20,73.1
TOS03000091,2026-10-08T11:25,73.1
TOS03000091,2026-10-08T11:30,73.1
TOS03000091,2026-10-08T11:35,73.1
TOS03000091,2026-10-08T11:40,73.1
TOS03000091,2026-10-08T11:45,73.1
TOS03000091,2026-10-08T11:50,73.1
TOS03000091,2026-10-08T11:55,73.1
TOS03000091,2026-10-08T12:00,73.1
TOS03000091,2026-10-08T12:05,73.1
TOS03000091,2026-10-08T12:10,73.5
TOS03000091,2026-10-08T12:15,73.9
TOS03000091,2026-10-08T12:20,73.9
TOS03000091,2026-10-08T12:25,73.9
TOS03000091,2026-10-08T12:30,73.9
TOS03000091,2026-10-08T12:35,73.9
TOS03000091,2026-10-08T12:40,73.9
TOS03000091,2026-10-08T12:45,73.9
TOS03000091,2026-10-08T12:50,73.9
TOS03000091,2026-10-08T12:55,73.9
TOS03000091,2026-10-08T13:00,73.9
TOS03000091,2026-10-08T13:05,73.9
TOS03000091,2026-10-08T13:10,73.9
TOS03000091,2026-10-08T13:15,74.9
TOS03000091,2026-10-08T13:20,78.4
TOS03000091,2026-10-08T13:25,78.6
TOS03000091,2026-10-08T13:30,78.6
TOS03000091,2026-10-08T13:35,78.6
TOS03000091,2026-10-08T13:40,78.6
TOS03000091,2026-10-08T13:45,78.6
TOS03000091,2026-10-08T13:50,78.6
TOS03000091,2026-10-08T13:55,78.6
TOS03000091,2026-10-08T14:00,78.6
TOS03000091,2026-10-08T14:05,78.6
TOS03000091,2026-10-08T14:10,78.6
TOS03000091,2026-10-08T14:15,78.6
TOS03000091,2026-10-08T14:20,78.6
TOS03000091,2026-10-08T14:25,78.6
TOS03000091,2026-10-08T14:30,78.6
TOS03000091,2026-10-08T14:35,78.6
TOS03000091,2026-10-08T14:40,78.6
TOS03000091,2026-10-08T14:45,78.6
TOS03000091,2026-10-08T14:50,78.6
TOS03000091,2026-10-08T14:55,78.6
TOS03000091,2026-10-08T15:00,78.6
TOS03000091,2026-10-08T15:05,78.8
TOS03000091,2026-10-08T15:10,78.8
TOS03000091,2026-10-08T15:15,78.8
TOS03000091,2026-10-08T15:20,78.8
TOS03000091,2026-10-08T15:25,78.8
TOS03000091,2026-10-08T15:30,78.8
TOS03000091,2026-10-08T15:35,78.8
TOS03000091,2026-10-08T15:40,79.0
TOS03000091,2026-10-08T15:45,81.7
TOS03000091,2026-10-08T15:50,82.5
TOS03000091,2026-10-08T15:55,82.5
TOS03000091,2026-10-08T16:00,82.5
TOS03000091,2026-10-08T16:05,82.5
TOS03000091,2026-10-08T16:10,82.5
TOS03000091,2026-10-08T16:15,82.5
TOS03000091,2026-10-08T16:20,84.1
TOS03000091,2026-10-08T16:25,86.8
TOS03000091,2026-10-08T16:30,87.2
TOS03000091,2026-10-08T16:35,87.2
TOS03000091,2026-10-08T16:40,88.0
TOS03000091,2026-10-08T16:45,88.8
TOS03000091,2026-10-08T16:50,89.0
TOS03000091,2026-10-08T16:55,89.0
TOS03000091,2026-10-08T17:00,89.0
TOS03000091,2026-10-08T17:05,89.0
TOS03000091,2026-10-08T17:10,89.0
TOS03000091,2026-10-08T17:15,89.0
TOS03000091,2026-10-08T17:20,89.0
TOS03000091,2026-10-08T17:25,89.0
TOS03000091,2026-10-08T17:30,89.0
TOS03000091,2026-10-08T17:35,89.0
TOS03000091,2026-10-08T17:40,89.0
TOS03000091,2026-10-08T17:45,89.0
TOS03000091,2026-10-08T17:50,89.0
TOS03000091,2026-10-08T17:55,89.0
TOS03000091,2026-10-08T18:00,89.0
TOS03000091,2026-10-08T18:05,89.0
TOS03000091,2026-10-08T18:10,89.0
TOS03000091,2026-10-08T18:15,89.0
TOS03000091,2026-10-08T18:20,89.0
TOS03000091,2026-10-08T18:25,89.0
TOS03000091,2026-10-08T18:30,89.0
TOS03000091,2026-10-08T18:35,89.0
TOS03000091,2026-10-08T18:40,89.0
TOS03000091,2026-10-08T18:45,89.0
TOS03000091,2026-10-08T18:50,89.0
TOS03000091,2026-10-08T18:55,89.0
TOS03000091,2026-10-08T19:00,89.0
TOS03000091,2026-10-08T19:05,89.0
TOS03000091,2026-10-08T19:10,89.0
TOS03000091,2026-10-08T19:15,89.0
TOS03000091,2026-10-08T19:20,89.0
TOS03000091,2026-10-08T19:25,89.0
TOS03000091,2026-10-08T19:30,89.0
TOS03000091,2026-10-08T19:35,89.0
TOS03000091,2026-10-08T19:40,89.0
TOS03000091,2026-10-08T19:45,89.0
TOS03000091,2026-10-08T19:50,89.0
TOS03000091,2026-10-08T19:55,89.0
TOS03000091,2026-10-08T20:00,89.0
TOS03000091,2026-10-08T20:05,89.0
TOS03000091,2026-10-08T20:10,89.0
TOS03000091,2026-10-08T20:15,89.0
TOS03000091,2026-10-08T20:20,89.0
TOS03000091,2026-10-08T20:25,89.0
TOS03000091,2026-10-08T20:30,89.0
TOS03000091,2026-10-08T20:35,89.0
TOS03000091,2026-10-08T20:40,89.0
TOS03000091,2026-10-08T20:45,89.0
TOS03000091,2026-10-08T20:50,89.0
TOS03000091,2026-10-08T20:55,89.0
TOS03000091,2026-10-08T21:00,89.0
TOS03000091,2026-10-08T21:05,89.0
TOS03000091,2026-10-08T21:10,89.0
TOS03000091,2026-10-08T21:15,89.0
TOS03000091,2026-10-08T21:20,89.0
TOS03000091,2026-10-08T21:25,89.0
TOS03000091,2026-10-08T21:30,89.0
TOS03000091,2026-10-08T21:35,89.0
TOS03000091,2026-10-08T21:40,89.0
TOS03000091,2026-10-08T21:45,89.0
TOS03000091,2026-10-08T21:50,89.0
TOS03000091,2026-10-08T21:55,89.0
TOS03000091,2026-10-08T22:00,89.0
TOS03000091,2026-10-08T22:05,89.0
TOS03000091,2026-10-08T22:10,89.0
TOS03000091,2026-10-08T22:15,89.0
TOS03000091,2026-10-08T22:20,89.0
TOS03000091,2026-10-08T22:25,89.4
TOS03000091,2026-10-08T22:30,89.6
TOS03000091,2026-10-08T22:35,89.6
TOS03000091,2026-10-08T22:40,89.6
TOS03000091,2026-10-08T22:45,89.8
TOS03000091,2026-10-08T22:50,90.0
TOS03000091,2026-10-08T22:55,90.0
TOS03000091,2026-10-08T23:00,90.0
TOS03000091,2026-10-08T23:05,90.0
TOS03000091,2026-10-08T23:10,90.0
TOS03000091,2026-10-08T23:15,90.0
TOS03000091,2026-10-08T23:20,90.0
TOS03000091,2026-10-08T23:25,90.0
TOS03000091,2026-10-08T23:30,90.0
TOS03000091,2026-10-08T23:35,90.0
TOS03000091,2026-10-08T23:40,90.0
TOS03000091,2026-10-08T23:45,90.0
TOS03000091,2026-10-08T23:50,90.0
TOS03000091,2026-10-08T23:55,90.2
TOS03000109,2026-10-08T01:00,0.2
TOS03000109,2026-10-08T01:15,0.2
TOS03000109,2026-10-08T01:30,0.2
TOS03000109,2026-10-08T01:45,0.2
TOS03000109,2026-10-08T02:00,0.2
TOS03000109,2026-10-08T02:15,0.4
TOS03000109,2026-10-08T02:30,0.4
TOS03000109,2026-10-08T02:45,0.4
TOS03000109,2026-10-08T03:00,0.4
TOS03000109,2026-10-08T03:15,0.4
TOS03000109,2026-10-08T03:30,0.4
TOS03000109,2026-10-08T03:45,0.4
TOS03000109,2026-10-08T04:00,0.4
TOS03000109,2026-10-08T04:15,1.0
TOS03000109,2026-10-08T04:30,2.0
TOS03000109,2026-10-08T04:45,3.2
TOS03000109,2026-10-08T05:00,3.8
TOS03000109,2026-10-08T05:15,3.8
TOS03000109,2026-10-08T05:30,3.8
TOS03000109,2026-10-08T05:45,3.8
TOS03000109,2026-10-08T06:00,3.8
TOS03000109,2026-10-08T06:15,3.8
TOS03000109,2026-10-08T06:30,3.8
TOS03000109,2026-10-08T06:45,4.0
TOS03000109,2026-10-08T07:00,4.0
TOS03000109,2026-10-08T07:15,4.0
TOS03000109,2026-10-08T07:30,4.0
TOS03000109,2026-10-08T07:45,4.0
TOS03000109,2026-10-08T08:00,4.0
TOS03000109,2026-10-08T08:15,4.0
TOS03000109,2026-10-08T08:30,4.0
TOS03000109,2026-10-08T08:45,4.2
TOS03000109,2026-10-08T09:00,4.6
TOS03000109,2026-10-08T09:15,4.6
TOS03000109,2026-10-08T09:30,16.0
TOS03000109,2026-10-08T09:45,18.8
TOS03000109,2026-10-08T10:00,18.8
TOS03000109,2026-10-08T10:15,18.8
TOS03000109,2026-10-08T10:30,18.8
TOS03000109,2026-10-08T10:45,18.8
TOS03000109,2026-10-08T11:00,18.8
TOS03000109,2026-10-08T11:15,19.0
TOS03000109,2026-10-08T11:30,19.0
TOS03000109,2026-10-08T11:45,19.0
TOS03000109,2026-10-08T12:00,19.0
TOS03000109,2026-10-08T12:15,19.0
TOS03000109,2026-10-08T12:30,19.0
TOS03000109,2026-10-08T12:45,19.0
TOS03000109,2026-10-08T13:00,19.0
TOS03000109,2026-10-08T13:15,19.0
TOS03000109,2026-10-08T13:30,19.0
TOS03000109,2026-10-08T13:45,19.0
TOS03000109,2026-10-08T14:00,19.4
TOS03000109,2026-10-08T14:15,23.4
TOS03000109,2026-10-08T14:30,23.4
TOS03000109,2026-10-08T14:45,23.4
TOS03000109,2026-10-08T15:00,23.4
TOS03000109,2026-10-08T15:15,23.4
TOS03000109,2026-10-08T15:30,23.4
TOS03000109,2026-10-08T15:45,23.4
TOS03000109,2026-10-08T16:00,25.0
TOS03000109,2026-10-08T16:15,26.4
TOS03000109,2026-10-08T16:30,26.4
TOS03000109,2026-10-08T16:45,26.4
TOS03000109,2026-10-08T17:00,26.8
TOS03000109,2026-10-08T17:15,30.2
TOS03000109,2026-10-08T17:30,30.4
TOS03000109,2026-10-08T17:45,30.8
TOS03000109,2026-10-08T18:00,31.6
TOS03000109,2026-10-08T18:15,31.8
TOS03000109,2026-10-08T18:30,32.0
TOS03000109,2026-10-08T18:45,32.0
TOS03000109,2026-10-08T19:00,32.0
TOS03000109,2026-10-08T19:15,32.0
TOS03000109,2026-10-08T19:30,32.0
TOS03000109,2026-10-08T19:45,32.0
TOS03000109,2026-10-08T20:00,32.0
TOS03000109,2026-10-08T20:15,32.0
TOS03000109,2026-10-08T20:30,32.0
TOS03000109,2026-10-08T20:45,33.2
TOS03000109,2026-10-08T21:00,33.4
TOS03000109,2026-10-08T21:15,33.8
TOS03000109,2026-10-08T21:30,33.8
TOS03000109,2026-10-08T21:45,33.8
TOS03000109,2026-10-08T22:00,33.8
TOS03000109,2026-10-08T22:15,33.8
TOS03000109,2026-10-08T22:30,33.8
TOS03000109,2026-10-08T22:45,34.0
TOS03000109,2026-10-08T23:00,34.0
TOS03000109,2026-10-08T23:15,34.0
TOS03000109,2026-10-08T23:30,34.0
TOS03000109,2026-10-08T23:45,34.0
TOS03000278,2026-10-08T00:05,0.2
TOS03000278,2026-10-08T00:10,0.8
TOS03000278,2026-10-08T00:15,2.0
TOS03000278,2026-10-08T00:20,2.2
TOS03000278,2026-10-08T00:25,2.4
TOS03000278,2026-10-08T00:30,2.4
TOS03000278,2026-10-08T00:35,2.6
TOS03000278,2026-10-08T00:40,2.6
TOS03000278,2026-10-08T00:45,2.8
TOS03000278,2026-10-08T00:50,3.0
TOS03000278,2026-10-08T00:55,3.0
TOS03000278,2026-10-08T01:00,3.0
TOS03000278,2026-10-08T01:05,3.2
TOS03000278,2026-10-08T01:10,3.6
TOS03000278,2026-10-08T01:15,3.8
TOS03000278,2026-10-08T01:20,3.8
TOS03000278,2026-10-08T01:25,4.4
TOS03000278,2026-10-08T01:30,5.0
TOS03000278,2026-10-08T01:35,5.4
TOS03000278,2026-10-08T01:40,6.2
TOS03000278,2026-10-08T01:45,6.6
TOS03000278,2026-10-08T01:50,6.8
TOS03000278,2026-10-08T01:55,6.8
TOS03000278,2026-10-08T02:00,6.8
TOS03000278,2026-10-08T02:05,6.8
TOS03000278,2026-10-08T02:10,6.8
TOS03000278,2026-10-08T02:15,6.8
TOS03000278,2026-10-08T02:20,6.8
TOS03000278,2026-10-08T02:25,6.8
TOS03000278,2026-10-08T02:30,6.8
TOS03000278,2026-10-08T02:35,6.8
TOS03000278,2026-10-08T02:40,7.0
TOS03000278,2026-10-08T02:45,7.0
TOS03000278,2026-10-08T02:50,7.0
TOS03000278,2026-10-08T02:55,7.0
TOS03000278,2026-10-08T03:00,7.0
TOS03000278,2026-10-08T03:05,7.0
TOS03000278,2026-10-08T03:10,7.0
TOS03000278,2026-10-08T03:15,7.0
TOS03000278,2026-10-08T03:20,7.0
TOS03000278,2026-10-08T03:25,7.0
TOS03000278,2026-10-08T03:30,7.0
TOS03000278,2026-10-08T03:35,7.6
TOS03000278,2026-10-08T03:40,9.0
TOS03000278,2026-10-08T03:45,10.0
TOS03000278,2026-10-08T03:50,13.5
TOS03000278,2026-10-08T03:55,13.9
TOS03000278,2026-10-08T04:00,13.9
TOS03000278,2026-10-08T04:05,15.0
TOS03000278,2026-10-08T04:10,17.8
TOS03000278,2026-10-08T04:15,18.6
TOS03000278,2026-10-08T04:20,19.0
TOS03000278,2026-10-08T04:25,20.2
TOS03000278,2026-10-08T04:30,21.4
TOS03000278,2026-10-08T04:35,23.1
TOS03000278,2026-10-08T04:40,24.7
TOS03000278,2026-10-08T04:45,25.9
TOS03000278,2026-10-08T04:50,28.8
TOS03000278,2026-10-08T04:55,32.1
TOS03000278,2026-10-08T05:00,32.9
TOS03000278,2026-10-08T05:05,33.3
TOS03000278,2026-10-08T05:10,33.9
TOS03000278,2026-10-08T05:15,34.1
TOS03000278,2026-10-08T05:20,34.1
TOS03000278,2026-10-08T05:25,34.1
TOS03000278,2026-10-08T05:30,34.1
TOS03000278,2026-10-08T05:35,34.1
TOS03000278,2026-10-08T05:40,34.1
TOS03000278,2026-10-08T05:45,34.1
TOS03000278,2026-10-08T05:50,34.1
TOS03000278,2026-10-08T05:55,34.1
TOS03000278,2026-10-08T06:00,34.1
TOS03000278,2026-10-08T06:05,34.1
TOS03000278,2026-10-08T06:10,34.1
TOS03000278,2026-10-08T06:15,34.1
TOS03000278,2026-10-08T06:20,34.1
TOS03000278,2026-10-08T06:25,34.1
TOS03000278,2026-10-08T06:30,34.1
TOS03000278,2026-10-08T06:35,34.3
TOS03000278,2026-10-08T06:40,34.3
TOS03000278,2026-10-08T06:45,34.5
TOS03000278,2026-10-08T06:50,34.5
TOS03000278,2026-10-08T06:55,34.5
TOS03000278,2026-10-08T07:00,34.5
TOS03000278,2026-10-08T07:05,34.5
TOS03000278,2026-10-08T07:10,34.5
TOS03000278,2026-10-08T07:15,34.5
TOS03000278,2026-10-08T07:20,34.5
TOS03000278,2026-10-08T07:25,34.5
TOS03000278,2026-10-08T07:30,34.7
TOS03000278,2026-10-08T07:35,35.1
TOS03000278,2026-10-08T07:40,35.5
TOS03000278,2026-10-08T07:45,36.3
TOS03000278,2026-10-08T07:50,36.7
TOS03000278,2026-10-08T07:55,36.7
TOS03000278,2026-10-08T08:00,36.7
TOS03000278,2026-10-08T08:05,36.7
TOS03000278,2026-10-08T08:10,36.7
TOS03000278,2026-10-08T08:15,36.7
TOS03000278,2026-10-08T08:20,36.7
TOS03000278,2026-10-08T08:25,36.7
TOS03000278,2026-10-08T08:30,37.7
TOS03000278,2026-10-08T08:35,37.7
TOS03000278,2026-10-08T08:40,37.9
TOS03000278,2026-10-08T08:45,38.3
TOS03000278,2026-10-08T08:50,38.5
TOS03000278,2026-10-08T08:55,38.5
TOS03000278,2026-10-08T09:00,38.9
TOS03000278,2026-10-08T09:05,38.9
TOS03000278,2026-10-08T09:10,38.9
TOS03000278,2026-10-08T09:15,39.1
TOS03000278,2026-10-08T09:20,39.1
TOS03000278,2026-10-08T09:25,39.1
TOS03000278,2026-10-08T09:30,39.1
TOS03000278,2026-10-08T09:35,39.1
TOS03000278,2026-10-08T09:40,39.1
TOS03000278,2026-10-08T09:45,39.3
TOS03000278,2026-10-08T09:50,39.9
TOS03000278,2026-10-08T09:55,40.1
TOS03000278,2026-10-08T10:00,40.1
TOS03000278,2026-10-08T10:05,40.3
TOS03000278,2026-10-08T10:10,41.9
TOS03000278,2026-10-08T10:15,43.5
TOS03000278,2026-10-08T10:20,44.5
TOS03000278,2026-10-08T10:25,45.1
TOS03000278,2026-10-08T10:30,45.3
TOS03000278,2026-10-08T10:35,45.7
TOS03000278,2026-10-08T10:40,46.7
TOS03000278,2026-10-08T10:45,46.7
TOS03000278,2026-10-08T10:50,46.7
TOS03000278,2026-10-08T10:55,47.1
TOS03000278,2026-10-08T11:00,47.3
TOS03000278,2026-10-08T11:05,47.3
TOS03000278,2026-10-08T11:10,47.3
TOS03000278,2026-10-08T11:15,47.3
TOS03000278,2026-10-08T11:20,47.3
TOS03000278,2026-10-08T11:25,47.3
TOS03000278,2026-10-08T11:30,47.5
TOS03000278,2026-10-08T11:35,47.7
TOS03000278,2026-10-08T11:40,47.7
TOS03000278,2026-10-08T11:45,47.7
TOS03000278,2026-10-08T11:50,47.7
TOS03000278,2026-10-08T11:55,47.7
TOS03000278,2026-10-08T12:00,47.7
TOS03000278,2026-10-08T12:05,47.9
TOS03000278,2026-10-08T12:10,47.9
TOS03000278,2026-10-08T12:15,47.9
TOS03000278,2026-10-08T12:20,47.9
TOS03000278,2026-10-08T12:25,47.9
TOS03000278,2026-10-08T12:30,47.9
TOS03000278,2026-10-08T12:35,47.9
TOS03000278,2026-10-08T12:40,47.9
TOS03000278,2026-10-08T12:45,47.9
TOS03000278,2026-10-08T12:50,48.1
TOS03000278,2026-10-08T12:55,48.1
TOS03000278,2026-10-08T13:00,48.1
TOS03000278,2026-10-08T13:05,48.1
TOS03000278,2026-10-08T13:10,48.1
TOS03000278,2026-10-08T13:15,48.1
TOS03000278,2026-10-08T13:20,48.1
TOS03000278,2026-10-08T13:25,48.3
TOS03000278,2026-10-08T13:30,48.7
TOS03000278,2026-10-08T13:35,50.3
TOS03000278,2026-10-08T13:40,51.3
TOS03000278,2026-10-08T13:45,52.1
TOS03000278,2026-10-08T13:50,52.1
TOS03000278,2026-10-08T13:55,52.1
TOS03000278,2026-10-08T14:00,52.1
TOS03000278,2026-10-08T14:05,52.1
TOS03000278,2026-10-08T14:10,52.1
TOS03000278,2026-10-08T14:15,52.1
TOS03000278,2026-10-08T14:20,52.1
TOS03000278,2026-10-08T14:25,52.1
TOS03000278,2026-10-08T14:30,52.1
TOS03000278,2026-10-08T14:35,52.3
TOS03000278,2026-10-08T14:40,52.5
TOS03000278,2026-10-08T14:45,52.5
TOS03000278,2026-10-08T14:50,52.5
TOS03000278,2026-10-08T14:55,52.5
TOS03000278,2026-10-08T15:00,52.5
TOS03000278,2026-10-08T15:05,52.5
TOS03000278,2026-10-08T15:10,52.5
TOS03000278,2026-10-08T15:15,52.5
TOS03000278,2026-10-08T15:20,52.5
TOS03000278,2026-10-08T15:25,52.5
TOS03000278,2026-10-08T15:30,52.5
TOS03000278,2026-10-08T15:35,52.5
TOS03000278,2026-10-08T15:40,52.5
TOS03000278,2026-10-08T15:45,53.3
TOS03000278,2026-10-08T15:50,53.3
TOS03000278,2026-10-08T15:55,53.3
TOS03000278,2026-10-08T16:00,53.5
TOS03000278,2026-10-08T16:05,54.1
TOS03000278,2026-10-08T16:10,55.0
TOS03000278,2026-10-08T16:15,56.4
TOS03000278,2026-10-08T16:20,58.2
TOS03000278,2026-10-08T16:25,58.4
TOS03000278,2026-10-08T16:30,58.4
TOS03000278,2026-10-08T16:35,58.4
TOS03000278,2026-10-08T16:40,58.4
TOS03000278,2026-10-08T16:45,58.4
TOS03000278,2026-10-08T16:50,58.4
TOS03000278,2026-10-08T16:55,59.0
TOS03000278,2026-10-08T17:00,59.8
TOS03000278,2026-10-08T17:05,60.4
TOS03000278,2026-10-08T17:10,61.0
TOS03000278,2026-10-08T17:15,61.8
TOS03000278,2026-10-08T17:20,61.8
TOS03000278,2026-10-08T17:25,62.0
TOS03000278,2026-10-08T17:30,62.2
TOS03000278,2026-10-08T17:35,63.0
TOS03000278,2026-10-08T17:40,63.6
TOS03000278,2026-10-08T17:45,63.6
TOS03000278,2026-10-08T17:50,63.6
TOS03000278,2026-10-08T17:55,63.6
TOS03000278,2026-10-08T18:00,63.6
TOS03000278,2026-10-08T18:05,63.6
TOS03000278,2026-10-08T18:10,63.6
TOS03000278,2026-10-08T18:15,63.6
TOS03000278,2026-10-08T18:20,63.6
TOS03000278,2026-10-08T18:25,63.8
TOS03000278,2026-10-08T18:30,63.8
TOS03000278,2026-10-08T18:35,63.8
TOS03000278,2026-10-08T18:40,63.8
TOS03000278,2026-10-08T18:45,64.2
TOS03000278,2026-10-08T18:50,64.2
TOS03000278,2026-10-08T18:55,64.4
TOS03000278,2026-10-08T19:00,64.4
TOS03000278,2026-10-08T19:05,64.4
TOS03000278,2026-10-08T19:10,64.4
TOS03000278,2026-10-08T19:15,64.4
TOS03000278,2026-10-08T19:20,64.4
TOS03000278,2026-10-08T19:25,64.4
TOS03000278,2026-10-08T19:30,64.4
TOS03000278,2026-10-08T19:35,64.4
TOS03000278,2026-10-08T19:40,64.4
TOS03000278,2026-10-08T19:45,64.4
TOS03000278,2026-10-08T19:50,64.4
TOS03000278,2026-10-08T19:55,64.4
TOS03000278,2026-10-08T20:00,64.4
TOS03000278,2026-10-08T20:05,64.4
TOS03000278,2026-10-08T20:10,64.4
TOS03000278,2026-10-08T20:15,64.4
TOS03000278,2026-10-08T20:20,64.4
TOS03000278,2026-10-08T20:25,64.4
TOS03000278,2026-10-08T20:30,64.4
TOS03000278,2026-10-08T20:35,64.4
TOS03000278,2026-10-08T20:40,64.4
TOS03000278,2026-10-08T20:45,64.4
TOS03000278,2026-10-08T20:50,64.4
TOS03000278,2026-10-08T20:55,64.4
TOS03000278,2026-10-08T21:00,64.4
TOS03000278,2026-10-08T21:05,64.4
TOS03000278,2026-10-08T21:10,64.4
TOS03000278,2026-10-08T21:15,64.4
TOS03000278,2026-10-08T21:20,64.4
TOS03000278,2026-10-08T21:25,64.6
TOS03000278,2026-10-08T21:30,64.6
TOS03000278,2026-10-08T21:35,64.8
TOS03000278,2026-10-08T21:40,65.6
TOS03000278,2026-10-08T21:45,66.4
TOS03000278,2026-10-08T21:50,66.8
TOS03000278,2026-10-08T21:55,68.1
TOS03000278,2026-10-08T22:00,68.3
TOS03000278,2026-10-08T22:05,68.5
TOS03000278,2026-10-08T22:10,68.5
TOS03000278,2026-10-08T22:15,68.5
TOS03000278,2026-10-08T22:20,68.7
TOS03000278,2026-10-08T22:25,68.7
TOS03000278,2026-10-08T22:30,68.7
TOS03000278,2026-10-08T22:35,68.7
TOS03000278,2026-10-08T22:40,68.7
TOS03000278,2026-10-08T22:45,68.7
TOS03000278,2026-10-08T22:50,68.7
TOS03000278,2026-10-08T22:55,68.7
TOS03000278,2026-10-08T23:00,68.7
TOS03000278,2026-10-08T23:05,68.7
TOS03000278,2026-10-08T23:10,68.7
TOS03000278,2026-10-08T23:15,68.7
TOS03000278,2026-10-08T23:20,68.7
TOS03000278,2026-10-08T23:25,68.7
TOS03000278,2026-10-08T23:30,68.9
TOS03000278,2026-10-08T23:35,68.9
TOS03000278,2026-10-08T23:40,68.9
TOS03000278,2026-10-08T23:45,69.1
TOS03000278,2026-10-08T23:50,69.1
TOS03000278,2026-10-08T23:55,69.1
TOS03000335,2026-10-08T00:15,1.2
TOS03000335,2026-10-08T00:30,3.0
TOS03000335,2026-10-08T00:45,5.5
TOS03000335,2026-10-08T01:00,6.5
TOS03000335,2026-10-08T01:15,6.9
TOS03000335,2026-10-08T01:30,9.1
TOS03000335,2026-10-08T01:45,10.9
TOS03000335,2026-10-08T02:00,11.1
TOS03000335,2026-10-08T02:15,11.3
TOS03000335,2026-10-08T02:30,11.3
TOS03000335,2026-10-08T02:45,11.5
TOS03000335,2026-10-08T03:00,11.5
TOS03000335,2026-10-08T03:15,12.7
TOS03000335,2026-10-08T03:30,14.1
TOS03000335,2026-10-08T03:45,17.2
TOS03000335,2026-10-08T04:00,21.3
TOS03000335,2026-10-08T04:15,21.9
TOS03000335,2026-10-08T04:30,25.5
TOS03000335,2026-10-08T04:45,30.0
TOS03000335,2026-10-08T05:00,37.4
TOS03000335,2026-10-08T05:15,39.0
TOS03000335,2026-10-08T05:30,39.0
TOS03000335,2026-10-08T05:45,39.0
TOS03000335,2026-10-08T06:00,39.0
TOS03000335,2026-10-08T06:15,39.0
TOS03000335,2026-10-08T06:30,39.0
TOS03000335,2026-10-08T06:45,39.0
TOS03000335,2026-10-08T07:00,39.2
TOS03000335,2026-10-08T07:15,39.2
TOS03000335,2026-10-08T07:30,39.4
TOS03000335,2026-10-08T07:45,40.0
TOS03000335,2026-10-08T08:00,40.0
TOS03000335,2026-10-08T08:15,40.2
TOS03000335,2026-10-08T08:30,40.4
TOS03000335,2026-10-08T08:45,40.4
TOS03000335,2026-10-08T09:00,40.6
TOS03000335,2026-10-08T09:15,40.6
TOS03000335,2026-10-08T09:30,40.6
TOS03000335,2026-10-08T09:45,40.6
TOS03000335,2026-10-08T10:00,41.6
TOS03000335,2026-10-08T10:15,43.4
TOS03000335,2026-10-08T10:30,51.4
TOS03000335,2026-10-08T10:45,52.6
TOS03000335,2026-10-08T11:00,54.2
TOS03000335,2026-10-08T11:15,54.2
TOS03000335,2026-10-08T11:30,54.2
TOS03000335,2026-10-08T11:45,54.4
TOS03000335,2026-10-08T12:00,54.6
TOS03000335,2026-10-08T12:15,54.6
TOS03000335,2026-10-08T12:30,54.6
TOS03000335,2026-10-08T12:45,54.6
TOS03000335,2026-10-08T13:00,54.6
TOS03000335,2026-10-08T13:15,54.6
TOS03000335,2026-10-08T13:30,54.8
TOS03000335,2026-10-08T13:45,55.6
TOS03000335,2026-10-08T14:00,56.2
TOS03000335,2026-10-08T14:15,56.2
TOS03000335,2026-10-08T14:30,56.2
TOS03000335,2026-10-08T14:45,56.8
TOS03000335,2026-10-08T15:00,57.6
TOS03000335,2026-10-08T15:15,57.6
TOS03000335,2026-10-08T15:30,57.6
TOS03000335,2026-10-08T15:45,57.6
TOS03000335,2026-10-08T16:00,58.4
TOS03000335,2026-10-08T16:15,60.5
TOS03000335,2026-10-08T16:30,63.3
TOS03000335,2026-10-08T16:45,63.3
TOS03000335,2026-10-08T17:00,63.7
TOS03000335,2026-10-08T17:15,67.1
TOS03000335,2026-10-08T17:30,70.2
TOS03000335,2026-10-08T17:45,71.2
TOS03000335,2026-10-08T18:00,71.2
TOS03000335,2026-10-08T18:15,71.2
TOS03000335,2026-10-08T18:30,71.2
TOS03000335,2026-10-08T18:45,71.2
TOS03000335,2026-10-08T19:00,71.2
TOS03000335,2026-10-08T19:15,71.2
TOS03000335,2026-10-08T19:30,71.2
TOS03000335,2026-10-08T19:45,71.2
TOS03000335,2026-10-08T20:00,71.2
TOS03000335,2026-10-08T20:15,71.2
TOS03000335,2026-10-08T20:30,71.2
TOS03000335,2026-10-08T20:45,71.2
TOS03000335,2026-10-08T21:00,71.2
TOS03000335,2026-10-08T21:15,71.2
TOS03000335,2026-10-08T21:30,71.2
TOS03000335,2026-10-08T21:45,71.4
TOS03000335,2026-10-08T22:00,72.0
TOS03000335,2026-10-08T22:15,72.0
TOS03000335,2026-10-08T22:30,72.4
TOS03000335,2026-10-08T22:45,73.8
TOS03000335,2026-10-08T23:00,74.0
TOS03000335,2026-10-08T23:15,74.0
TOS03000335,2026-10-08T23:30,74.4
TOS03000335,2026-10-08T23:45,75.0
TOS03000481,2026-10-08T00:15,0.4
TOS03000481,2026-10-08T00:30,2.6
TOS03000481,2026-10-08T00:45,3.2
TOS03000481,2026-10-08T01:00,3.4
TOS03000481,2026-10-08T01:15,3.4
TOS03000481,2026-10-08T01:30,3.4
TOS03000481,2026-10-08T01:45,3.6
TOS03000481,2026-10-08T02:00,4.0
TOS03000481,2026-10-08T02:15,4.0
TOS03000481,2026-10-08T02:30,5.0
TOS03000481,2026-10-08T02:45,5.2
TOS03000481,2026-10-08T03:00,7.4
TOS03000481,2026-10-08T03:15,9.0
TOS03000481,2026-10-08T03:30,10.0
TOS03000481,2026-10-08T03:45,10.8
TOS03000481,2026-10-08T04:00,11.2
TOS03000481,2026-10-08T04:15,13.2
TOS03000481,2026-10-08T04:30,15.7
TOS03000481,2026-10-08T04:45,16.1
TOS03000481,2026-10-08T05:00,16.3
TOS03000481,2026-10-08T05:15,16.3
TOS03000481,2026-10-08T05:30,16.3
TOS03000481,2026-10-08T05:45,16.3
TOS03000481,2026-10-08T06:00,16.3
TOS03000481,2026-10-08T06:15,16.3
TOS03000481,2026-10-08T06:30,16.3
TOS03000481,2026-10-08T06:45,16.3
TOS03000481,2026-10-08T07:00,16.3
TOS03000481,2026-10-08T07:15,16.3
TOS03000481,2026-10-08T07:30,16.3
TOS03000481,2026-10-08T07:45,16.3
TOS03000481,2026-10-08T08:00,16.3
TOS03000481,2026-10-08T08:15,16.3
TOS03000481,2026-10-08T08:30,16.3
TOS03000481,2026-10-08T08:45,16.3
TOS03000481,2026-10-08T09:00,16.3
TOS03000481,2026-10-08T09:15,16.3
TOS03000481,2026-10-08T09:30,16.3
TOS03000481,2026-10-08T09:45,17.9
TOS03000481,2026-10-08T10:00,20.1
TOS03000481,2026-10-08T10:15,20.3
TOS03000481,2026-10-08T10:30,20.3
TOS03000481,2026-10-08T10:45,20.3
TOS03000481,2026-10-08T11:00,21.5
TOS03000481,2026-10-08T11:15,22.9
TOS03000481,2026-10-08T11:30,22.9
TOS03000481,2026-10-08T11:45,22.9
TOS03000481,2026-10-08T12:00,23.3
TOS03000481,2026-10-08T12:15,23.3
TOS03000481,2026-10-08T12:30,23.3
TOS03000481,2026-10-08T12:45,23.3
TOS03000481,2026-10-08T13:00,23.3
TOS03000481,2026-10-08T13:15,23.3
TOS03000481,2026-10-08T13:30,23.3
TOS03000481,2026-10-08T13:45,23.3
TOS03000481,2026-10-08T14:00,23.3
TOS03000481,2026-10-08T14:15,23.3
TOS03000481,2026-10-08T14:30,23.3
TOS03000481,2026-10-08T14:45,23.3
TOS03000481,2026-10-08T15:00,23.3
TOS03000481,2026-10-08T15:15,23.3
TOS03000481,2026-10-08T15:30,23.3
TOS03000481,2026-10-08T15:45,24.8
TOS03000481,2026-10-08T16:00,24.8
TOS03000481,2026-10-08T16:15,24.8
TOS03000481,2026-10-08T16:30,24.8
TOS03000481,2026-10-08T16:45,25.0
TOS03000481,2026-10-08T17:00,25.0
TOS03000481,2026-10-08T17:15,25.0
TOS03000481,2026-10-08T17:30,25.0
TOS03000481,2026-10-08T17:45,25.0
TOS03000481,2026-10-08T18:00,25.0
TOS03000481,2026-10-08T18:15,25.0
TOS03000481,2026-10-08T18:30,25.0
TOS03000481,2026-10-08T18:45,25.0
TOS03000481,2026-10-08T19:00,25.0
TOS03000481,2026-10-08T19:15,25.0
TOS03000481,2026-10-08T19:30,25.0
TOS03000481,2026-10-08T19:45,25.0
TOS03000481,2026-10-08T20:00,25.0
TOS03000481,2026-10-08T20:15,25.0
TOS03000481,2026-10-08T20:30,25.0
TOS03000481,2026-10-08T20:45,25.0
TOS03000481,2026-10-08T21:00,25.0
TOS03000481,2026-10-08T21:15,25.0
TOS03000481,2026-10-08T21:30,25.0
TOS03000481,2026-10-08T21:45,25.0
TOS03000481,2026-10-08T22:00,25.0
TOS03000481,2026-10-08T22:15,25.0
TOS03000481,2026-10-08T22:30,25.0
TOS03000481,2026-10-08T22:45,25.6
TOS03000481,2026-10-08T23:00,25.6
TOS03000481,2026-10-08T23:15,25.6
TOS03000481,2026-10-08T23:30,25.6
TOS03000481,2026-10-08T23:45,25.6
TOS03000513,2026-10-08T04:00,0.4
TOS03000513,2026-10-08T04:15,0.8
TOS03000513,2026-10-08T04:30,1.6
TOS03000513,2026-10-08T04:45,5.1
TOS03000513,2026-10-08T05:00,6.7
TOS03000513,2026-10-08T05:15,7.1
TOS03000513,2026-10-08T05:30,7.3
TOS03000513,2026-10-08T05:45,7.3
TOS03000513,2026-10-08T06:00,7.3
TOS03000513,2026-10-08T06:15,7.3
TOS03000513,2026-10-08T06:30,7.3
TOS03000513,2026-10-08T06:45,7.3
TOS03000513,2026-10-08T07:00,7.3
TOS03000513,2026-10-08T07:15,7.3
TOS03000513,2026-10-08T07:30,7.3
TOS03000513,2026-10-08T07:45,7.3
TOS03000513,2026-10-08T08:00,7.3
TOS03000513,2026-10-08T08:15,7.3
TOS03000513,2026-10-08T08:30,7.3
TOS03000513,2026-10-08T08:45,7.3
TOS03000513,2026-10-08T09:00,7.3
TOS03000513,2026-10-08T09:15,7.3
TOS03000513,2026-10-08T09:30,7.3
TOS03000513,2026-10-08T09:45,7.3
TOS03000513,2026-10-08T10:00,7.3
TOS03000513,2026-10-08T10:15,7.7
TOS03000513,2026-10-08T10:30,7.9
TOS03000513,2026-10-08T10:45,8.5
TOS03000513,2026-10-08T11:00,10.7
TOS03000513,2026-10-08T11:15,12.1
TOS03000513,2026-10-08T11:30,12.1
TOS03000513,2026-10-08T11:45,12.7
TOS03000513,2026-10-08T12:00,12.9
TOS03000513,2026-10-08T12:15,12.9
TOS03000513,2026-10-08T12:30,12.9
TOS03000513,2026-10-08T12:45,12.9
TOS03000513,2026-10-08T13:00,12.9
TOS03000513,2026-10-08T13:15,12.9
TOS03000513,2026-10-08T13:30,12.9
TOS03000513,2026-10-08T13:45,13.1
TOS03000513,2026-10-08T14:00,13.1
TOS03000513,2026-10-08T14:15,13.1
TOS03000513,2026-10-08T14:30,13.1
TOS03000513,2026-10-08T14:45,13.1
TOS03000513,2026-10-08T15:00,13.1
TOS03000513,2026-10-08T15:15,13.1
TOS03000513,2026-10-08T15:30,13.1
TOS03000513,2026-10-08T15:45,13.1
TOS03000513,2026-10-08T16:00,13.1
TOS03000513,2026-10-08T16:15,13.1
TOS03000513,2026-10-08T16:30,13.1
TOS03000513,2026-10-08T16:45,13.1
TOS03000513,2026-10-08T17:00,13.1
TOS03000513,2026-10-08T17:15,13.1
TOS03000513,2026-10-08T17:30,13.1
TOS03000513,2026-10-08T17:45,13.1
TOS03000513,2026-10-08T18:00,13.1
TOS03000513,2026-10-08T18:15,13.1
TOS03000513,2026-10-08T18:30,13.1
TOS03000513,2026-10-08T18:45,13.1
TOS03000513,2026-10-08T19:00,13.1
TOS03000513,2026-10-08T19:15,13.1
TOS03000513,2026-10-08T19:30,13.1
TOS03000513,2026-10-08T19:45,13.1
TOS03000513,2026-10-08T20:00,13.1
TOS03000513,2026-10-08T20:15,13.1
TOS03000513,2026-10-08T20:30,13.1
TOS03000513,2026-10-08T20:45,13.1
TOS03000513,2026-10-08T21:00,13.1
TOS03000513,2026-10-08T21:15,13.1
TOS03000513,2026-10-08T21:30,13.1
TOS03000513,2026-10-08T21:45,13.3
TOS03000513,2026-10-08T22:00,13.3
TOS03000513,2026-10-08T22:15,13.5
TOS03000513,2026-10-08T22:30,13.5
TOS03000513,2026-10-08T22:45,13.5
TOS03000513,2026-10-08T23:00,13.5
TOS03000513,2026-10-08T23:15,13.5
TOS03000513,2026-10-08T23:30,14.3
TOS03000513,2026-10-08T23:45,15.1
TOS03001241,2026-10-08T00:10,0.6
TOS03001241,2026-10-08T00:15,0.6
TOS03001241,2026-10-08T00:20,1.0
TOS03001241,2026-10-08T00:25,1.2
TOS03001241,2026-10-08T00:30,1.6
TOS03001241,2026-10-08T00:35,2.0
TOS03001241,2026-10-08T00:40,2.4
TOS03001241,2026-10-08T00:45,3.0
TOS03001241,2026-10-08T00:50,3.2
TOS03001241,2026-10-08T00:55,3.4
TOS03001241,2026-10-08T01:00,3.8
TOS03001241,2026-10-08T01:05,4.2
TOS03001241,2026-10-08T01:10,4.6
TOS03001241,2026-10-08T01:15,5.8
TOS03001241,2026-10-08T01:20,6.0
TOS03001241,2026-10-08T01:25,6.4
TOS03001241,2026-10-08T01:30,6.6
TOS03001241,2026-10-08T01:35,7.0
TOS03001241,2026-10-08T01:40,7.4
TOS03001241,2026-10-08T01:45,7.4
TOS03001241,2026-10-08T01:50,7.4
TOS03001241,2026-10-08T01:55,7.6
TOS03001241,2026-10-08T02:00,7.6
TOS03001241,2026-10-08T02:05,7.6
TOS03001241,2026-10-08T02:10,7.8
TOS03001241,2026-10-08T02:15,7.8
TOS03001241,2026-10-08T02:20,7.8
TOS03001241,2026-10-08T02:25,7.8
TOS03001241,2026-10-08T02:30,7.8
TOS03001241,2026-10-08T02:35,8.0
TOS03001241,2026-10-08T02:40,8.2
TOS03001241,2026-10-08T02:45,8.4
TOS03001241,2026-10-08T02:50,8.4
TOS03001241,2026-10-08T02:55,8.6
TOS03001241,2026-10-08T03:00,8.6
TOS03001241,2026-10-08T03:05,8.6
TOS03001241,2026-10-08T03:10,8.8
TOS03001241,2026-10-08T03:15,8.8
TOS03001241,2026-10-08T03:20,8.8
TOS03001241,2026-10-08T03:25,8.8
TOS03001241,2026-10-08T03:30,8.8
TOS03001241,2026-10-08T03:35,9.0
TOS03001241,2026-10-08T03:40,9.0
TOS03001241,2026-10-08T03:45,9.0
TOS03001241,2026-10-08T03:50,9.0
TOS03001241,2026-10-08T03:55,9.2
TOS03001241,2026-10-08T04:00,9.2
TOS03001241,2026-10-08T04:05,9.2
TOS03001241,2026-10-08T04:10,9.2
TOS03001241,2026-10-08T04:15,9.2
TOS03001241,2026-10-08T04:20,9.2
TOS03001241,2026-10-08T04:25,9.2
TOS03001241,2026-10-08T04:30,9.2
TOS03001241,2026-10-08T04:35,9.4
TOS03001241,2026-10-08T04:40,9.6
TOS03001241,2026-10-08T04:45,10.0
TOS03001241,2026-10-08T04:50,10.4
TOS03001241,2026-10-08T04:55,10.8
TOS03001241,2026-10-08T05:00,11.2
TOS03001241,2026-10-08T05:05,11.6
TOS03001241,2026-10-08T05:10,12.8
TOS03001241,2026-10-08T05:15,14.2
TOS03001241,2026-10-08T05:20,16.4
TOS03001241,2026-10-08T05:25,17.7
TOS03001241,2026-10-08T05:30,17.9
TOS03001241,2026-10-08T05:35,18.3
TOS03001241,2026-10-08T05:40,18.7
TOS03001241,2026-10-08T05:45,19.3
TOS03001241,2026-10-08T05:50,19.5
TOS03001241,2026-10-08T05:55,19.7
TOS03001241,2026-10-08T06:00,19.7
TOS03001241,2026-10-08T06:05,19.7
TOS03001241,2026-10-08T06:10,19.7
TOS03001241,2026-10-08T06:15,19.7
TOS03001241,2026-10-08T06:20,19.7
TOS03001241,2026-10-08T06:25,19.7
TOS03001241,2026-10-08T06:30,19.7
TOS03001241,2026-10-08T06:35,19.7
TOS03001241,2026-10-08T06:40,19.7
TOS03001241,2026-10-08T06:45,19.7
TOS03001241,2026-10-08T06:50,19.7
TOS03001241,2026-10-08T06:55,19.7
TOS03001241,2026-10-08T07:00,19.7
TOS03001241,2026-10-08T07:05,19.7
TOS03001241,2026-10-08T07:10,19.7
TOS03001241,2026-10-08T07:15,19.7
TOS03001241,2026-10-08T07:20,19.7
TOS03001241,2026-10-08T07:25,19.7
TOS03001241,2026-10-08T07:30,19.7
TOS03001241,2026-10-08T07:35,19.7
TOS03001241,2026-10-08T07:40,19.7
TOS03001241,2026-10-08T07:45,19.7
TOS03001241,2026-10-08T07:50,19.7
TOS03001241,2026-10-08T07:55,19.7
TOS03001241,2026-10-08T08:00,19.7
TOS03001241,2026-10-08T08:05,19.7
TOS03001241,2026-10-08T08:10,19.7
TOS03001241,2026-10-08T08:15,19.7
TOS03001241,2026-10-08T08:20,19.7
TOS03001241,2026-10-08T08:25,19.7
TOS03001241,2026-10-08T08:30,19.7
TOS03001241,2026-10-08T08:35,19.7
TOS03001241,2026-10-08T08:40,19.7
TOS03001241,2026-10-08T08:45,19.7
TOS03001241,2026-10-08T08:50,19.7
TOS03001241,2026-10-08T08:55,19.7
TOS03001241,2026-10-08T09:00,19.7
TOS03001241,2026-10-08T09:05,19.7
TOS03001241,2026-10-08T09:10,19.7
TOS03001241,2026-10-08T09:15,19.7
TOS03001241,2026-10-08T09:20,19.7
TOS03001241,2026-10-08T09:25,19.7
TOS03001241,2026-10-08T09:30,19.7
TOS03001241,2026-10-08T09:35,19.7
TOS03001241,2026-10-08T09:40,19.7
TOS03001241,2026-10-08T09:45,19.7
TOS03001241,2026-10-08T09:50,19.7
TOS03001241,2026-10-08T09:55,19.7
TOS03001241,2026-10-08T10:00,19.7
TOS03001241,2026-10-08T10:05,19.7
TOS03001241,2026-10-08T10:10,19.7
TOS03001241,2026-10-08T10:15,19.7
TOS03001241,2026-10-08T10:20,19.7
TOS03001241,2026-10-08T10:25,19.7
TOS03001241,2026-10-08T10:30,19.7
TOS03001241,2026-10-08T10:35,19.7
TOS03001241,2026-10-08T10:40,19.7
TOS03001241,2026-10-08T10:45,19.9
TOS03001241,2026-10-08T10:50,19.9
TOS03001241,2026-10-08T10:55,20.1
TOS03001241,2026-10-08T11:00,20.7
TOS03001241,2026-10-08T11:05,21.1
TOS03001241,2026-10-08T11:10,21.3
TOS03001241,2026-10-08T11:15,21.3
TOS03001241,2026-10-08T11:20,21.3
TOS03001241,2026-10-08T11:25,21.3
TOS03001241,2026-10-08T11:30,21.3
TOS03001241,2026-10-08T11:35,21.3
TOS03001241,2026-10-08T11:40,21.3
TOS03001241,2026-10-08T11:45,21.3
TOS03001241,2026-10-08T11:50,21.3
TOS03001241,2026-10-08T11:55,21.5
TOS03001241,2026-10-08T12:00,21.5
TOS03001241,2026-10-08T12:05,21.5
TOS03001241,2026-10-08T12:10,21.5
TOS03001241,2026-10-08T12:15,21.5
TOS03001241,2026-10-08T12:20,21.5
TOS03001241,2026-10-08T12:25,21.5
TOS03001241,2026-10-08T12:30,21.5
TOS03001241,2026-10-08T12:35,21.5
TOS03001241,2026-10-08T12:40,21.5
TOS03001241,2026-10-08T12:45,21.5
TOS03001241,2026-10-08T12:50,21.5
TOS03001241,2026-10-08T12:55,21.5
TOS03001241,2026-10-08T13:00,21.5
TOS03001241,2026-10-08T13:05,21.5
TOS03001241,2026-10-08T13:10,21.5
TOS03001241,2026-10-08T13:15,21.5
TOS03001241,2026-10-08T13:20,21.5
TOS03001241,2026-10-08T13:25,21.5
TOS03001241,2026-10-08T13:30,21.5
TOS03001241,2026-10-08T13:35,21.5
TOS03001241,2026-10-08T13:40,21.5
TOS03001241,2026-10-08T13:45,21.5
TOS03001241,2026-10-08T13:50,21.5
TOS03001241,2026-10-08T13:55,21.5
TOS03001241,2026-10-08T14:00,21.7
TOS03001241,2026-10-08T14:05,21.7
TOS03001241,2026-10-08T14:10,21.7
TOS03001241,2026-10-08T14:15,21.7
TOS03001241,2026-10-08T14:20,21.7
TOS03001241,2026-10-08T14:25,21.7
TOS03001241,2026-10-08T14:30,21.7
TOS03001241,2026-10-08T14:35,21.7
TOS03001241,2026-10-08T14:40,21.7
TOS03001241,2026-10-08T14:45,21.7
TOS03001241,2026-10-08T14:50,21.7
TOS03001241,2026-10-08T14:55,21.7
TOS03001241,2026-10-08T15:00,21.7
TOS03001241,2026-10-08T15:05,21.7
TOS03001241,2026-10-08T15:10,21.7
TOS03001241,2026-10-08T15:15,21.7
TOS03001241,2026-10-08T15:20,21.7
TOS03001241,2026-10-08T15:25,21.7
TOS03001241,2026-10-08T15:30,21.7
TOS03001241,2026-10-08T15:35,21.7
TOS03001241,2026-10-08T15:40,21.7
TOS03001241,2026-10-08T15:45,21.7
TOS03001241,2026-10-08T15:50,21.7
TOS03001241,2026-10-08T15:55,21.7
TOS03001241,2026-10-08T16:00,21.7
TOS03001241,2026-10-08T16:05,21.7
TOS03001241,2026-10-08T16:10,21.7
TOS03001241,2026-10-08T16:15,21.7
TOS03001241,2026-10-08T16:20,21.7
TOS03001241,2026-10-08T16:25,21.7
TOS03001241,2026-10-08T16:30,21.7
TOS03001241,2026-10-08T16:35,21.7
TOS03001241,2026-10-08T16:40,21.7
TOS03001241,2026-10-08T16:45,21.7
TOS03001241,2026-10-08T16:50,21.7
TOS03001241,2026-10-08T16:55,21.9
TOS03001241,2026-10-08T17:00,21.9
TOS03001241,2026-10-08T17:05,22.1
TOS03001241,2026-10-08T17:10,22.3
TOS03001241,2026-10-08T17:15,22.3
TOS03001241,2026-10-08T17:20,22.3
TOS03001241,2026-10-08T17:25,22.3
TOS03001241,2026-10-08T17:30,22.3
TOS03001241,2026-10-08T17:35,22.3
TOS03001241,2026-10-08T17:40,22.3
TOS03001241,2026-10-08T17:45,22.3
TOS03001241,2026-10-08T17:50,22.5
TOS03001241,2026-10-08T17:55,22.7
TOS03001241,2026-10-08T18:00,22.7
TOS03001241,2026-10-08T18:05,22.7
TOS03001241,2026-10-08T18:10,22.7
TOS03001241,2026-10-08T18:15,22.7
TOS03001241,2026-10-08T18:20,22.7
TOS03001241,2026-10-08T18:25,22.7
TOS03001241,2026-10-08T18:30,22.7
TOS03001241,2026-10-08T18:35,22.7
TOS03001241,2026-10-08T18:40,22.7
TOS03001241,2026-10-08T18:45,22.7
TOS03001241,2026-10-08T18:50,22.7
TOS03001241,2026-10-08T18:55,22.7
TOS03001241,2026-10-08T19:00,22.7
TOS03001241,2026-10-08T19:05,22.7
TOS03001241,2026-10-08T19:10,22.7
TOS03001241,2026-10-08T19:15,22.7
TOS03001241,2026-10-08T19:20,22.7
TOS03001241,2026-10-08T19:25,22.7
TOS03001241,2026-10-08T19:30,22.7
TOS03001241,2026-10-08T19:35,22.7
TOS03001241,2026-10-08T19:40,22.7
TOS03001241,2026-10-08T19:45,22.7
TOS03001241,2026-10-08T19:50,22.7
TOS03001241,2026-10-08T19:55,22.7
TOS03001241,2026-10-08T20:00,22.7
TOS03001241,2026-10-08T20:05,22.7
TOS03001241,2026-10-08T20:10,22.7
TOS03001241,2026-10-08T20:15,22.7
TOS03001241,2026-10-08T20:20,22.7
TOS03001241,2026-10-08T20:25,22.7
TOS03001241,2026-10-08T20:30,22.7
TOS03001241,2026-10-08T20:35,22.7
TOS03001241,2026-10-08T20:40,22.7
TOS03001241,2026-10-08T20:45,22.7
TOS03001241,2026-10-08T20:50,22.7
TOS03001241,2026-10-08T20:55,22.7
TOS03001241,2026-10-08T21:00,22.7
TOS03001241,2026-10-08T21:05,22.7
TOS03001241,2026-10-08T21:10,22.7
TOS03001241,2026-10-08T21:15,22.7
TOS03001241,2026-10-08T21:20,22.7
TOS03001241,2026-10-08T21:25,22.7
TOS03001241,2026-10-08T21:30,22.7
TOS03001241,2026-10-08T21:35,22.7
TOS03001241,2026-10-08T21:40,22.7
TOS03001241,2026-10-08T21:45,22.7
TOS03001241,2026-10-08T21:50,22.7
TOS03001241,2026-10-08T21:55,22.7
TOS03001241,2026-10-08T22:00,22.7
TOS03001241,2026-10-08T22:05,22.7
TOS03001241,2026-10-08T22:10,22.7
TOS03001241,2026-10-08T22:15,22.9
TOS03001241,2026-10-08T22:20,23.3
TOS03001241,2026-10-08T22:25,23.7
TOS03001241,2026-10-08T22:30,25.1
TOS03001241,2026-10-08T22:35,29.2
TOS03001241,2026-10-08T22:40,31.9
TOS03001241,2026-10-08T22:45,32.1
TOS03001241,2026-10-08T22:50,32.3
TOS03001241,2026-10-08T22:55,32.3
TOS03001241,2026-10-08T23:00,32.3
TOS03001241,2026-10-08T23:05,32.3
TOS03001241,2026-10-08T23:10,32.3
TOS03001241,2026-10-08T23:15,32.3
TOS03001241,2026-10-08T23:20,32.3
TOS03001241,2026-10-08T23:25,32.3
TOS03001241,2026-10-08T23:30,32.3
TOS03001241,2026-10-08T23:35,32.3
TOS03001241,2026-10-08T23:40,32.5
TOS03001241,2026-10-08T23:45,32.9
TOS03001241,2026-10-08T23:50,33.5
TOS03001241,2026-10-08T23:55,33.9
TOS03001580,2026-10-08T00:05,0.2
TOS03001580,2026-10-08T00:10,0.2
TOS03001580,2026-10-08T00:15,0.6
TOS03001580,2026-10-08T00:20,0.6
TOS03001580,2026-10-08T00:25,0.6
TOS03001580,2026-10-08T00:30,0.6
TOS03001580,2026-10-08T00:35,0.6
TOS03001580,2026-10-08T00:40,0.6
TOS03001580,2026-10-08T00:45,0.6
TOS03001580,2026-10-08T00:50,0.6
TOS03001580,2026-10-08T00:55,0.6
TOS03001580,2026-10-08T01:00,0.6
TOS03001580,2026-10-08T01:05,0.6
TOS03001580,2026-10-08T01:10,0.6
TOS03001580,2026-10-08T01:15,0.6
TOS03001580,2026-10-08T01:20,0.6
TOS03001580,2026-10-08T01:25,0.6
TOS03001580,2026-10-08T01:30,0.6
TOS03001580,2026-10-08T01:35,0.6
TOS03001580,2026-10-08T01:40,0.6
TOS03001580,2026-10-08T01:45,0.6
TOS03001580,2026-10-08T01:50,0.6
TOS03001580,2026-10-08T01:55,0.6
TOS03001580,2026-10-08T02:00,0.6
TOS03001580,2026-10-08T02:05,0.6
TOS03001580,2026-10-08T02:10,0.6
TOS03001580,2026-10-08T02:15,0.6
TOS03001580,2026-10-08T02:20,0.6
TOS03001580,2026-10-08T02:25,0.6
TOS03001580,2026-10-08T02:30,0.6
TOS03001580,2026-10-08T02:35,0.6
TOS03001580,2026-10-08T02:40,0.6
TOS03001580,2026-10-08T02:45,0.6
TOS03001580,2026-10-08T02:50,0.6
TOS03001580,2026-10-08T02:55,0.6
TOS03001580,2026-10-08T03:00,0.6
TOS03001580,2026-10-08T03:05,0.6
TOS03001580,2026-10-08T03:10,0.6
TOS03001580,2026-10-08T03:15,0.6
TOS03001580,2026-10-08T03:20,0.6
TOS03001580,2026-10-08T03:25,0.6
TOS03001580,2026-10-08T03:30,0.6
TOS03001580,2026-10-08T03:35,0.6
TOS03001580,2026-10-08T03:40,0.6
TOS03001580,2026-10-08T03:45,0.6
TOS03001580,2026-10-08T03:50,0.6
TOS03001580,2026-10-08T03:55,0.6
TOS03001580,2026-10-08T04:00,0.6
TOS03001580,2026-10-08T04:05,0.6
TOS03001580,2026-10-08T04:10,0.6
TOS03001580,2026-10-08T04:15,0.8
TOS03001580,2026-10-08T04:20,0.8
TOS03001580,2026-10-08T04:25,1.0
TOS03001580,2026-10-08T04:30,1.0
TOS03001580,2026-10-08T04:35,1.0
TOS03001580,2026-10-08T04:40,1.6
TOS03001580,2026-10-08T04:45,3.0
TOS03001580,2026-10-08T04:50,3.8
TOS03001580,2026-10-08T04:55,4.6
TOS03001580,2026-10-08T05:00,5.0
TOS03001580,2026-10-08T05:05,5.4
TOS03001580,2026-10-08T05:10,5.6
TOS03001580,2026-10-08T05:15,6.0
TOS03001580,2026-10-08T05:20,6.4
TOS03001580,2026-10-08T05:25,6.4
TOS03001580,2026-10-08T05:30,6.6
TOS03001580,2026-10-08T05:35,6.8
TOS03001580,2026-10-08T05:40,6.8
TOS03001580,2026-10-08T05:45,6.8
TOS03001580,2026-10-08T05:50,6.8
TOS03001580,2026-10-08T05:55,6.8
TOS03001580,2026-10-08T06:00,6.8
TOS03001580,2026-10-08T06:05,6.8
TOS03001580,2026-10-08T06:10,6.8
TOS03001580,2026-10-08T06:15,6.8
TOS03001580,2026-10-08T06:20,6.8
TOS03001580,2026-10-08T06:25,6.8
TOS03001580,2026-10-08T06:30,6.8
TOS03001580,2026-10-08T06:35,6.8
TOS03001580,2026-10-08T06:40,6.8
TOS03001580,2026-10-08T06:45,6.8
TOS03001580,2026-10-08T06:50,6.8
TOS03001580,2026-10-08T06:55,6.8
TOS03001580,2026-10-08T07:00,6.8
TOS03001580,2026-10-08T07:05,6.8
TOS03001580,2026-10-08T07:10,6.8
TOS03001580,2026-10-08T07:15,6.8
TOS03001580,2026-10-08T07:20,6.8
TOS03001580,2026-10-08T07:25,6.8
TOS03001580,2026-10-08T07:30,6.8
TOS03001580,2026-10-08T07:35,6.8
TOS03001580,2026-10-08T07:40,6.8
TOS03001580,2026-10-08T07:45,6.8
TOS03001580,2026-10-08T07:50,6.8
TOS03001580,2026-10-08T07:55,6.8
TOS03001580,2026-10-08T08:00,6.8
TOS03001580,2026-10-08T08:05,6.8
TOS03001580,2026-10-08T08:10,6.8
TOS03001580,2026-10-08T08:15,6.8
TOS03001580,2026-10-08T08:20,6.8
TOS03001580,2026-10-08T08:25,6.8
TOS03001580,2026-10-08T08:30,6.8
TOS03001580,2026-10-08T08:35,6.8
TOS03001580,2026-10-08T08:40,6.8
TOS03001580,2026-10-08T08:45,6.8
TOS03001580,2026-10-08T08:50,6.8
TOS03001580,2026-10-08T08:55,6.8
TOS03001580,2026-10-08T09:00,6.8
TOS03001580,2026-10-08T09:05,6.8
TOS03001580,2026-10-08T09:10,6.8
TOS03001580,2026-10-08T09:15,6.8
TOS03001580,2026-10-08T09:20,6.8
TOS03001580,2026-10-08T09:25,6.8
TOS03001580,2026-10-08T09:30,6.8
TOS03001580,2026-10-08T09:35,6.8
TOS03001580,2026-10-08T09:40,6.8
TOS03001580,2026-10-08T09:45,6.8
TOS03001580,2026-10-08T09:50,6.8
TOS03001580,2026-10-08T09:55,6.8
TOS03001580,2026-10-08T10:00,6.8
TOS03001580,2026-10-08T10:05,6.8
TOS03001580,2026-10-08T10:10,6.8
TOS03001580,2026-10-08T10:15,6.8
TOS03001580,2026-10-08T10:20,6.8
TOS03001580,2026-10-08T10:25,6.8
TOS03001580,2026-10-08T10:30,7.0
TOS03001580,2026-10-08T10:35,7.6
TOS03001580,2026-10-08T10:40,8.4
TOS03001580,2026-10-08T10:45,12.6
TOS03001580,2026-10-08T10:50,15.7
TOS03001580,2026-10-08T10:55,16.1
TOS03001580,2026-10-08T11:00,16.3
TOS03001580,2026-10-08T11:05,17.1
TOS03001580,2026-10-08T11:10,17.9
TOS03001580,2026-10-08T11:15,18.1
TOS03001580,2026-10-08T11:20,18.5
TOS03001580,2026-10-08T11:25,18.5
TOS03001580,2026-10-08T11:30,18.5
TOS03001580,2026-10-08T11:35,18.5
TOS03001580,2026-10-08T11:40,18.5
TOS03001580,2026-10-08T11:45,18.5
TOS03001580,2026-10-08T11:50,18.5
TOS03001580,2026-10-08T11:55,18.5
TOS03001580,2026-10-08T12:00,18.5
TOS03001580,2026-10-08T12:05,18.5
TOS03001580,2026-10-08T12:10,18.5
TOS03001580,2026-10-08T12:15,18.5
TOS03001580,2026-10-08T12:20,18.5
TOS03001580,2026-10-08T12:25,18.7
TOS03001580,2026-10-08T12:30,18.7
TOS03001580,2026-10-08T12:35,18.7
TOS03001580,2026-10-08T12:40,18.7
TOS03001580,2026-10-08T12:45,18.7
TOS03001580,2026-10-08T12:50,18.7
TOS03001580,2026-10-08T12:55,18.7
TOS03001580,2026-10-08T13:00,18.7
TOS03001580,2026-10-08T13:05,18.7
TOS03001580,2026-10-08T13:10,18.7
TOS03001580,2026-10-08T13:15,18.7
TOS03001580,2026-10-08T13:20,18.7
TOS03001580,2026-10-08T13:25,18.7
TOS03001580,2026-10-08T13:30,18.7
TOS03001580,2026-10-08T13:35,18.7
TOS03001580,2026-10-08T13:40,18.7
TOS03001580,2026-10-08T13:45,18.7
TOS03001580,2026-10-08T13:50,18.7
TOS03001580,2026-10-08T13:55,18.7
TOS03001580,2026-10-08T14:00,18.7
TOS03001580,2026-10-08T14:05,18.7
TOS03001580,2026-10-08T14:10,18.7
TOS03001580,2026-10-08T14:15,18.7
TOS03001580,2026-10-08T14:20,18.7
TOS03001580,2026-10-08T14:25,18.7
TOS03001580,2026-10-08T14:30,18.7
TOS03001580,2026-10-08T14:35,18.7
TOS03001580,2026-10-08T14:40,18.7
TOS03001580,2026-10-08T14:45,18.7
TOS03001580,2026-10-08T14:50,18.7
TOS03001580,2026-10-08T14:55,18.7
TOS03001580,2026-10-08T15:00,18.7
TOS03001580,2026-10-08T15:05,18.7
TOS03001580,2026-10-08T15:10,18.7
TOS03001580,2026-10-08T15:15,18.7
TOS03001580,2026-10-08T15:20,18.7
TOS03001580,2026-10-08T15:25,18.7
TOS03001580,2026-10-08T15:30,18.7
TOS03001580,2026-10-08T15:35,18.7
TOS03001580,2026-10-08T15:40,18.7
TOS03001580,2026-10-08T15:45,18.7
TOS03001580,2026-10-08T15:50,18.7
TOS03001580,2026-10-08T15:55,18.7
TOS03001580,2026-10-08T16:00,18.7
TOS03001580,2026-10-08T16:05,18.7
TOS03001580,2026-10-08T16:10,18.7
TOS03001580,2026-10-08T16:15,18.7
TOS03001580,2026-10-08T16:20,18.7
TOS03001580,2026-10-08T16:25,18.7
TOS03001580,2026-10-08T16:30,18.7
TOS03001580,2026-10-08T16:35,18.7
TOS03001580,2026-10-08T16:40,18.7
TOS03001580,2026-10-08T16:45,18.7
TOS03001580,2026-10-08T16:50,18.7
TOS03001580,2026-10-08T16:55,18.7
TOS03001580,2026-10-08T17:00,18.7
TOS03001580,2026-10-08T17:05,18.7
TOS03001580,2026-10-08T17:10,18.9
TOS03001580,2026-10-08T17:15,18.9
TOS03001580,2026-10-08T17:20,18.9
TOS03001580,2026-10-08T17:25,18.9
TOS03001580,2026-10-08T17:30,18.9
TOS03001580,2026-10-08T17:35,18.9
TOS03001580,2026-10-08T17:40,18.9
TOS03001580,2026-10-08T17:45,18.9
TOS03001580,2026-10-08T17:50,18.9
TOS03001580,2026-10-08T17:55,18.9
TOS03001580,2026-10-08T18:00,18.9
TOS03001580,2026-10-08T18:05,18.9
TOS03001580,2026-10-08T18:10,18.9
TOS03001580,2026-10-08T18:15,18.9
TOS03001580,2026-10-08T18:20,18.9
TOS03001580,2026-10-08T18:25,18.9
TOS03001580,2026-10-08T18:30,18.9
TOS03001580,2026-10-08T18:35,18.9
TOS03001580,2026-10-08T18:40,18.9
TOS03001580,2026-10-08T18:45,18.9
TOS03001580,2026-10-08T18:50,18.9
TOS03001580,2026-10-08T18:55,18.9
TOS03001580,2026-10-08T19:00,18.9
TOS03001580,2026-10-08T19:05,18.9
TOS03001580,2026-10-08T19:10,18.9
TOS03001580,2026-10-08T19:15,18.9
TOS03001580,2026-10-08T19:20,18.9
TOS03001580,2026-10-08T19:25,18.9
TOS03001580,2026-10-08T19:30,18.9
TOS03001580,2026-10-08T19:35,18.9
TOS03001580,2026-10-08T19:40,18.9
TOS03001580,2026-10-08T19:45,18.9
TOS03001580,2026-10-08T19:50,18.9
TOS03001580,2026-10-08T19:55,18.9
TOS03001580,2026-10-08T20:00,18.9
TOS03001580,2026-10-08T20:05,18.9
TOS03001580,2026-10-08T20:10,18.9
TOS03001580,2026-10-08T20:15,18.9
TOS03001580,2026-10-08T20:20,18.9
TOS03001580,2026-10-08T20:25,18.9
TOS03001580,2026-10-08T20:30,18.9
TOS03001580,2026-10-08T20:35,18.9
TOS03001580,2026-10-08T20:40,18.9
TOS03001580,2026-10-08T20:45,18.9
TOS03001580,2026-10-08T20:50,18.9
TOS03001580,2026-10-08T20:55,18.9
TOS03001580,2026-10-08T21:00,18.9
TOS03001580,2026-10-08T21:05,18.9
TOS03001580,2026-10-08T21:10,18.9
TOS03001580,2026-10-08T21:15,18.9
TOS03001580,2026-10-08T21:20,18.9
TOS03001580,2026-10-08T21:25,18.9
TOS03001580,2026-10-08T21:30,18.9
TOS03001580,2026-10-08T21:35,18.9
TOS03001580,2026-10-08T21:40,19.1
TOS03001580,2026-10-08T21:45,19.3
TOS03001580,2026-10-08T21:50,19.7
TOS03001580,2026-10-08T21:55,20.9
TOS03001580,2026-10-08T22:00,21.1
TOS03001580,2026-10-08T22:05,21.1
TOS03001580,2026-10-08T22:10,21.1
TOS03001580,2026-10-08T22:15,21.1
TOS03001580,2026-10-08T22:20,21.1
TOS03001580,2026-10-08T22:25,21.1
TOS03001580,2026-10-08T22:30,21.1
TOS03001580,2026-10-08T22:35,21.1
TOS03001580,2026-10-08T22:40,21.3
TOS03001580,2026-10-08T22:45,21.3
TOS03001580,2026-10-08T22:50,21.3
TOS03001580,2026-10-08T22:55,21.3
TOS03001580,2026-10-08T23:00,21.3
TOS03001580,2026-10-08T23:05,21.3
TOS03001580,2026-10-08T23:10,21.3
TOS03001580,2026-10-08T23:15,21.3
TOS03001580,2026-10-08T23:20,21.3
TOS03001580,2026-10-08T23:25,21.3
TOS03001580,2026-10-08T23:30,21.3
TOS03001580,2026-10-08T23:35,21.3
TOS03001580,2026-10-08T23:40,21.7
TOS03001580,2026-10-08T23:45,22.1
TOS03001580,2026-10-08T23:50,22.1
TOS03001580,2026-10-08T23:55,22.1
TOS03001802,2026-10-08T00:15,0.2
TOS03001802,2026-10-08T00:30,0.2
TOS03001802,2026-10-08T00:45,0.2
TOS03001802,2026-10-08T01:00,0.2
TOS03001802,2026-10-08T01:15,0.2
TOS03001802,2026-10-08T01:30,0.2
TOS03001802,2026-10-08T01:45,0.2
TOS03001802,2026-10-08T02:00,0.2
TOS03001802,2026-10-08T02:15,0.2
TOS03001802,2026-10-08T02:30,0.2
TOS03001802,2026-10-08T02:45,0.2
TOS03001802,2026-10-08T03:00,0.2
TOS03001802,2026-10-08T03:15,0.2
TOS03001802,2026-10-08T03:30,0.2
TOS03001802,2026-10-08T03:45,0.2
TOS03001802,2026-10-08T04:00,0.6
TOS03001802,2026-10-08T04:15,1.0
TOS03001802,2026-10-08T04:30,1.2
TOS03001802,2026-10-08T04:45,2.3
TOS03001802,2026-10-08T05:00,4.5
TOS03001802,2026-10-08T05:15,4.7
TOS03001802,2026-10-08T05:30,4.7
TOS03001802,2026-10-08T05:45,4.7
TOS03001802,2026-10-08T06:00,4.7
TOS03001802,2026-10-08T06:15,4.7
TOS03001802,2026-10-08T06:30,4.7
TOS03001802,2026-10-08T06:45,4.7
TOS03001802,2026-10-08T07:00,4.7
TOS03001802,2026-10-08T07:15,4.7
TOS03001802,2026-10-08T07:30,4.7
TOS03001802,2026-10-08T07:45,4.7
TOS03001802,2026-10-08T08:00,4.7
TOS03001802,2026-10-08T08:15,4.7
TOS03001802,2026-10-08T08:30,4.7
TOS03001802,2026-10-08T08:45,4.7
TOS03001802,2026-10-08T09:00,4.7
TOS03001802,2026-10-08T09:15,4.7
TOS03001802,2026-10-08T09:30,4.7
TOS03001802,2026-10-08T09:45,4.7
TOS03001802,2026-10-08T10:00,4.7
TOS03001802,2026-10-08T10:15,5.1
TOS03001802,2026-10-08T10:30,5.7
TOS03001802,2026-10-08T10:45,6.1
TOS03001802,2026-10-08T11:00,7.1
TOS03001802,2026-10-08T11:15,7.1
TOS03001802,2026-10-08T11:30,7.1
TOS03001802,2026-10-08T11:45,7.1
TOS03001802,2026-10-08T12:00,7.1
TOS03001802,2026-10-08T12:15,7.5
TOS03001802,2026-10-08T12:30,7.5
TOS03001802,2026-10-08T12:45,7.5
TOS03001802,2026-10-08T13:00,7.5
TOS03001802,2026-10-08T13:15,7.5
TOS03001802,2026-10-08T13:30,7.5
TOS03001802,2026-10-08T13:45,7.5
TOS03001802,2026-10-08T14:00,7.5
TOS03001802,2026-10-08T14:15,7.5
TOS03001802,2026-10-08T14:30,7.5
TOS03001802,2026-10-08T14:45,7.5
TOS03001802,2026-10-08T15:00,7.5
TOS03001802,2026-10-08T15:15,7.5
TOS03001802,2026-10-08T15:30,7.5
TOS03001802,2026-10-08T15:45,7.5
TOS03001802,2026-10-08T16:00,7.5
TOS03001802,2026-10-08T16:15,7.5
TOS03001802,2026-10-08T16:30,7.5
TOS03001802,2026-10-08T16:45,7.5
TOS03001802,2026-10-08T17:00,7.5
TOS03001802,2026-10-08T17:15,7.5
TOS03001802,2026-10-08T17:30,7.5
TOS03001802,2026-10-08T17:45,7.5
TOS03001802,2026-10-08T18:00,7.5
TOS03001802,2026-10-08T18:15,7.5
TOS03001802,2026-10-08T18:30,7.5
TOS03001802,2026-10-08T18:45,7.5
TOS03001802,2026-10-08T19:00,7.5
TOS03001802,2026-10-08T19:15,7.5
TOS03001802,2026-10-08T19:30,7.5
TOS03001802,2026-10-08T19:45,7.5
TOS03001802,2026-10-08T20:00,7.5
TOS03001802,2026-10-08T20:15,7.5
TOS03001802,2026-10-08T20:30,7.5
TOS03001802,2026-10-08T20:45,7.5
TOS03001802,2026-10-08T21:00,7.5
TOS03001802,2026-10-08T21:15,7.5
TOS03001802,2026-10-08T21:30,7.7
TOS03001802,2026-10-08T21:45,7.7
TOS03001802,2026-10-08T22:00,7.7
TOS03001802,2026-10-08T22:15,7.7
TOS03001802,2026-10-08T22:30,7.7
TOS03001802,2026-10-08T22:45,7.7
TOS03001802,2026-10-08T23:00,7.7
TOS03001802,2026-10-08T23:15,8.3
TOS03001802,2026-10-08T23:30,8.3
TOS03001802,2026-10-08T23:45,8.3
TOS03001841,2026-10-08T00:05,0.2
TOS03001841,2026-10-08T00:10,1.8
TOS03001841,2026-10-08T00:15,2.4
TOS03001841,2026-10-08T00:20,2.8
TOS03001841,2026-10-08T00:25,3.0
TOS03001841,2026-10-08T00:30,3.6
TOS03001841,2026-10-08T00:35,3.8
TOS03001841,2026-10-08T00:40,3.8
TOS03001841,2026-10-08T00:45,4.0
TOS03001841,2026-10-08T00:50,4.0
TOS03001841,2026-10-08T00:55,4.2
TOS03001841,2026-10-08T01:00,4.4
TOS03001841,2026-10-08T01:05,4.4
TOS03001841,2026-10-08T01:10,4.4
TOS03001841,2026-10-08T01:15,4.4
TOS03001841,2026-10-08T01:20,4.6
TOS03001841,2026-10-08T01:25,4.8
TOS03001841,2026-10-08T01:30,4.8
TOS03001841,2026-10-08T01:35,4.8
TOS03001841,2026-10-08T01:40,4.8
TOS03001841,2026-10-08T01:45,4.8
TOS03001841,2026-10-08T01:50,4.8
TOS03001841,2026-10-08T01:55,4.8
TOS03001841,2026-10-08T02:00,5.0
TOS03001841,2026-10-08T02:05,5.0
TOS03001841,2026-10-08T02:10,5.0
TOS03001841,2026-10-08T02:15,5.0
TOS03001841,2026-10-08T02:20,5.2
TOS03001841,2026-10-08T02:25,5.2
TOS03001841,2026-10-08T02:30,5.2
TOS03001841,2026-10-08T02:35,5.6
TOS03001841,2026-10-08T02:40,6.0
TOS03001841,2026-10-08T02:45,6.0
TOS03001841,2026-10-08T02:50,6.0
TOS03001841,2026-10-08T02:55,6.0
TOS03001841,2026-10-08T03:00,6.0
TOS03001841,2026-10-08T03:05,6.0
TOS03001841,2026-10-08T03:10,6.0
TOS03001841,2026-10-08T03:15,6.0
TOS03001841,2026-10-08T03:20,6.0
TOS03001841,2026-10-08T03:25,6.0
TOS03001841,2026-10-08T03:30,6.0
TOS03001841,2026-10-08T03:35,6.0
TOS03001841,2026-10-08T03:40,6.2
TOS03001841,2026-10-08T03:45,6.2
TOS03001841,2026-10-08T03:50,6.2
TOS03001841,2026-10-08T03:55,6.2
TOS03001841,2026-10-08T04:00,6.2
TOS03001841,2026-10-08T04:05,6.2
TOS03001841,2026-10-08T04:10,6.4
TOS03001841,2026-10-08T04:15,6.6
TOS03001841,2026-10-08T04:20,6.6
TOS03001841,2026-10-08T04:25,6.8
TOS03001841,2026-10-08T04:30,7.0
TOS03001841,2026-10-08T04:35,7.4
TOS03001841,2026-10-08T04:40,8.4
TOS03001841,2026-10-08T04:45,9.6
TOS03001841,2026-10-08T04:50,10.0
TOS03001841,2026-10-08T04:55,10.4
TOS03001841,2026-10-08T05:00,10.6
TOS03001841,2026-10-08T05:05,10.8
TOS03001841,2026-10-08T05:10,11.2
TOS03001841,2026-10-08T05:15,11.4
TOS03001841,2026-10-08T05:20,11.6
TOS03001841,2026-10-08T05:25,11.6
TOS03001841,2026-10-08T05:30,11.6
TOS03001841,2026-10-08T05:35,11.8
TOS03001841,2026-10-08T05:40,11.8
TOS03001841,2026-10-08T05:45,11.8
TOS03001841,2026-10-08T05:50,11.8
TOS03001841,2026-10-08T05:55,11.8
TOS03001841,2026-10-08T06:00,11.8
TOS03001841,2026-10-08T06:05,11.8
TOS03001841,2026-10-08T06:10,11.8
TOS03001841,2026-10-08T06:15,11.8
TOS03001841,2026-10-08T06:20,11.8
TOS03001841,2026-10-08T06:25,11.8
TOS03001841,2026-10-08T06:30,11.8
TOS03001841,2026-10-08T06:35,11.8
TOS03001841,2026-10-08T06:40,11.8
TOS03001841,2026-10-08T06:45,11.8
TOS03001841,2026-10-08T06:50,11.8
TOS03001841,2026-10-08T06:55,11.8
TOS03001841,2026-10-08T07:00,11.8
TOS03001841,2026-10-08T07:05,11.8
TOS03001841,2026-10-08T07:10,11.8
TOS03001841,2026-10-08T07:15,11.8
TOS03001841,2026-10-08T07:20,11.8
TOS03001841,2026-10-08T07:25,11.8
TOS03001841,2026-10-08T07:30,11.8
TOS03001841,2026-10-08T07:35,11.8
TOS03001841,2026-10-08T07:40,11.8
TOS03001841,2026-10-08T07:45,11.8
TOS03001841,2026-10-08T07:50,11.8
TOS03001841,2026-10-08T07:55,11.8
TOS03001841,2026-10-08T08:00,11.8
TOS03001841,2026-10-08T08:05,11.8
TOS03001841,2026-10-08T08:10,11.8
TOS03001841,2026-10-08T08:15,11.8
TOS03001841,2026-10-08T08:20,11.8
TOS03001841,2026-10-08T08:25,11.8
TOS03001841,2026-10-08T08:30,11.8
TOS03001841,2026-10-08T08:35,11.8
TOS03001841,2026-10-08T08:40,11.8
TOS03001841,2026-10-08T08:45,11.8
TOS03001841,2026-10-08T08:50,11.8
TOS03001841,2026-10-08T08:55,11.8
TOS03001841,2026-10-08T09:00,11.8
TOS03001841,2026-10-08T09:05,11.8
TOS03001841,2026-10-08T09:10,11.8
TOS03001841,2026-10-08T09:15,11.8
TOS03001841,2026-10-08T09:20,11.8
TOS03001841,2026-10-08T09:25,11.8
TOS03001841,2026-10-08T09:30,11.8
TOS03001841,2026-10-08T09:35,11.8
TOS03001841,2026-10-08T09:40,11.8
TOS03001841,2026-10-08T09:45,11.8
TOS03001841,2026-10-08T09:50,11.8
TOS03001841,2026-10-08T09:55,11.8
TOS03001841,2026-10-08T10:00,11.8
TOS03001841,2026-10-08T10:05,12.0
TOS03001841,2026-10-08T10:10,12.0
TOS03001841,2026-10-08T10:15,12.0
TOS03001841,2026-10-08T10:20,12.4
TOS03001841,2026-10-08T10:25,15.8
TOS03001841,2026-10-08T10:30,16.2
TOS03001841,2026-10-08T10:35,16.4
TOS03001841,2026-10-08T10:40,16.4
TOS03001841,2026-10-08T10:45,16.4
TOS03001841,2026-10-08T10:50,16.8
TOS03001841,2026-10-08T10:55,17.0
TOS03001841,2026-10-08T11:00,17.2
TOS03001841,2026-10-08T11:05,17.4
TOS03001841,2026-10-08T11:10,17.4
TOS03001841,2026-10-08T11:15,17.4
TOS03001841,2026-10-08T11:20,17.4
TOS03001841,2026-10-08T11:25,17.4
TOS03001841,2026-10-08T11:30,17.4
TOS03001841,2026-10-08T11:35,17.6
TOS03001841,2026-10-08T11:40,17.6
TOS03001841,2026-10-08T11:45,17.6
TOS03001841,2026-10-08T11:50,17.6
TOS03001841,2026-10-08T11:55,17.6
TOS03001841,2026-10-08T12:00,17.6
TOS03001841,2026-10-08T12:05,17.6
TOS03001841,2026-10-08T12:10,17.6
TOS03001841,2026-10-08T12:15,17.6
TOS03001841,2026-10-08T12:20,17.6
TOS03001841,2026-10-08T12:25,17.8
TOS03001841,2026-10-08T12:30,17.8
TOS03001841,2026-10-08T12:35,17.8
TOS03001841,2026-10-08T12:40,18.0
TOS03001841,2026-10-08T12:45,18.0
TOS03001841,2026-10-08T12:50,18.0
TOS03001841,2026-10-08T12:55,18.0
TOS03001841,2026-10-08T13:00,18.0
TOS03001841,2026-10-08T13:05,18.0
TOS03001841,2026-10-08T13:10,18.0
TOS03001841,2026-10-08T13:15,18.0
TOS03001841,2026-10-08T13:20,18.0
TOS03001841,2026-10-08T13:25,18.0
TOS03001841,2026-10-08T13:30,18.0
TOS03001841,2026-10-08T13:35,18.0
TOS03001841,2026-10-08T13:40,18.0
TOS03001841,2026-10-08T13:45,18.0
TOS03001841,2026-10-08T13:50,18.0
TOS03001841,2026-10-08T13:55,18.0
TOS03001841,2026-10-08T14:00,18.0
TOS03001841,2026-10-08T14:05,18.0
TOS03001841,2026-10-08T14:10,18.0
TOS03001841,2026-10-08T14:15,18.0
TOS03001841,2026-10-08T14:20,18.0
TOS03001841,2026-10-08T14:25,18.0
TOS03001841,2026-10-08T14:30,18.0
TOS03001841,2026-10-08T14:35,18.0
TOS03001841,2026-10-08T14:40,18.0
TOS03001841,2026-10-08T14:45,18.0
TOS03001841,2026-10-08T14:50,18.0
TOS03001841,2026-10-08T14:55,18.0
TOS03001841,2026-10-08T15:00,18.0
TOS03001841,2026-10-08T15:05,18.0
TOS03001841,2026-10-08T15:10,18.0
TOS03001841,2026-10-08T15:15,18.0
TOS03001841,2026-10-08T15:20,18.0
TOS03001841,2026-10-08T15:25,18.0
TOS03001841,2026-10-08T15:30,18.0
TOS03001841,2026-10-08T15:35,18.0
TOS03001841,2026-10-08T15:40,18.0
TOS03001841,2026-10-08T15:45,18.0
TOS03001841,2026-10-08T15:50,18.0
TOS03001841,2026-10-08T15:55,18.0
TOS03001841,2026-10-08T16:00,18.0
TOS03001841,2026-10-08T16:05,18.0
TOS03001841,2026-10-08T16:10,18.0
TOS03001841,2026-10-08T16:15,18.8
TOS03001841,2026-10-08T16:20,18.8
TOS03001841,2026-10-08T16:25,18.8
TOS03001841,2026-10-08T16:30,18.8
TOS03001841,2026-10-08T16:35,18.8
TOS03001841,2026-10-08T16:40,18.8
TOS03001841,2026-10-08T16:45,18.8
TOS03001841,2026-10-08T16:50,18.8
TOS03001841,2026-10-08T16:55,18.8
TOS03001841,2026-10-08T17:00,18.8
TOS03001841,2026-10-08T17:05,18.8
TOS03001841,2026-10-08T17:10,18.8
TOS03001841,2026-10-08T17:15,19.4
TOS03001841,2026-10-08T17:20,20.2
TOS03001841,2026-10-08T17:25,20.4
TOS03001841,2026-10-08T17:30,20.4
TOS03001841,2026-10-08T17:35,20.4
TOS03001841,2026-10-08T17:40,20.6
TOS03001841,2026-10-08T17:45,20.6
TOS03001841,2026-10-08T17:50,20.6
TOS03001841,2026-10-08T17:55,20.6
TOS03001841,2026-10-08T18:00,20.6
TOS03001841,2026-10-08T18:05,20.6
TOS03001841,2026-10-08T18:10,20.6
TOS03001841,2026-10-08T18:15,20.6
TOS03001841,2026-10-08T18:20,20.6
TOS03001841,2026-10-08T18:25,20.6
TOS03001841,2026-10-08T18:30,20.6
TOS03001841,2026-10-08T18:35,20.6
TOS03001841,2026-10-08T18:40,20.6
TOS03001841,2026-10-08T18:45,20.6
TOS03001841,2026-10-08T18:50,20.6
TOS03001841,2026-10-08T18:55,20.6
TOS03001841,2026-10-08T19:00,20.6
TOS03001841,2026-10-08T19:05,20.6
TOS03001841,2026-10-08T19:10,20.6
TOS03001841,2026-10-08T19:15,20.6
TOS03001841,2026-10-08T19:20,20.6
TOS03001841,2026-10-08T19:25,20.6
TOS03001841,2026-10-08T19:30,20.6
TOS03001841,2026-10-08T19:35,20.6
TOS03001841,2026-10-08T19:40,20.6
TOS03001841,2026-10-08T19:45,20.6
TOS03001841,2026-10-08T19:50,20.6
TOS03001841,2026-10-08T19:55,20.6
TOS03001841,2026-10-08T20:00,20.6
TOS03001841,2026-10-08T20:05,20.6
TOS03001841,2026-10-08T20:10,20.6
TOS03001841,2026-10-08T20:15,20.6
TOS03001841,2026-10-08T20:20,20.6
TOS03001841,2026-10-08T20:25,20.6
TOS03001841,2026-10-08T20:30,20.6
TOS03001841,2026-10-08T20:35,20.6
TOS03001841,2026-10-08T20:40,20.6
TOS03001841,2026-10-08T20:45,20.6
TOS03001841,2026-10-08T20:50,20.6
TOS03001841,2026-10-08T20:55,20.6
TOS03001841,2026-10-08T21:00,20.6
TOS03001841,2026-10-08T21:05,20.6
TOS03001841,2026-10-08T21:10,20.6
TOS03001841,2026-10-08T21:15,20.6
TOS03001841,2026-10-08T21:20,20.6
TOS03001841,2026-10-08T21:25,20.6
TOS03001841,2026-10-08T21:30,20.6
TOS03001841,2026-10-08T21:35,20.6
TOS03001841,2026-10-08T21:40,22.4
TOS03001841,2026-10-08T21:45,22.4
TOS03001841,2026-10-08T21:50,22.6
TOS03001841,2026-10-08T21:55,22.6
TOS03001841,2026-10-08T22:00,22.6
TOS03001841,2026-10-08T22:05,22.6
TOS03001841,2026-10-08T22:10,22.6
TOS03001841,2026-10-08T22:15,22.6
TOS03001841,2026-10-08T22:20,22.6
TOS03001841,2026-10-08T22:25,22.6
TOS03001841,2026-10-08T22:30,22.6
TOS03001841,2026-10-08T22:35,22.6
TOS03001841,2026-10-08T22:40,22.6
TOS03001841,2026-10-08T22:45,22.6
TOS03001841,2026-10-08T22:50,22.6
TOS03001841,2026-10-08T22:55,22.6
TOS03001841,2026-10-08T23:00,22.6
TOS03001841,2026-10-08T23:05,22.6
TOS03001841,2026-10-08T23:10,22.6
TOS03001841,2026-10-08T23:15,22.6
TOS03001841,2026-10-08T23:20,22.6
TOS03001841,2026-10-08T23:25,22.6
TOS03001841,2026-10-08T23:30,22.6
TOS03001841,2026-10-08T23:35,22.6
TOS03001841,2026-10-08T23:40,22.6
TOS03001841,2026-10-08T23:45,22.6
TOS03001841,2026-10-08T23:50,22.6
TOS03001841,2026-10-08T23:55,22.6
TOS03004003,2026-10-08T00:30,0.2
TOS03004003,2026-10-08T00:45,0.2
TOS03004003,2026-10-08T01:00,0.2
TOS03004003,2026-10-08T01:15,0.2
TOS03004003,2026-10-08T01:30,1.2
TOS03004003,2026-10-08T01:45,1.2
TOS03004003,2026-10-08T02:00,1.2
TOS03004003,2026-10-08T02:15,1.2
TOS03004003,2026-10-08T02:30,1.2
TOS03004003,2026-10-08T02:45,1.2
TOS03004003,2026-10-08T03:00,1.2
TOS03004003,2026-10-08T03:15,1.2
TOS03004003,2026-10-08T03:30,1.2
TOS03004003,2026-10-08T03:45,1.2
TOS03004003,2026-10-08T04:00,1.2
TOS03004003,2026-10-08T04:15,1.8
TOS03004003,2026-10-08T04:30,7.6
TOS03004003,2026-10-08T04:45,9.6
TOS03004003,2026-10-08T05:00,9.8
TOS03004003,2026-10-08T05:15,9.8
TOS03004003,2026-10-08T05:30,9.8
TOS03004003,2026-10-08T05:45,10.0
TOS03004003,2026-10-08T06:00,10.0
TOS03004003,2026-10-08T06:15,10.0
TOS03004003,2026-10-08T06:30,10.4
TOS03004003,2026-10-08T06:45,10.4
TOS03004003,2026-10-08T07:00,10.4
TOS03004003,2026-10-08T07:15,10.4
TOS03004003,2026-10-08T07:30,10.4
TOS03004003,2026-10-08T07:45,10.4
TOS03004003,2026-10-08T08:00,10.4
TOS03004003,2026-10-08T08:15,10.8
TOS03004003,2026-10-08T08:30,11.0
TOS03004003,2026-10-08T08:45,11.0
TOS03004003,2026-10-08T09:00,11.0
TOS03004003,2026-10-08T09:15,11.0
TOS03004003,2026-10-08T09:30,11.4
TOS03004003,2026-10-08T09:45,11.4
TOS03004003,2026-10-08T10:00,11.4
TOS03004003,2026-10-08T10:15,11.4
TOS03004003,2026-10-08T10:30,11.6
TOS03004003,2026-10-08T10:45,11.8
TOS03004003,2026-10-08T11:00,11.8
TOS03004003,2026-10-08T11:15,11.8
TOS03004003,2026-10-08T11:30,11.8
TOS03004003,2026-10-08T11:45,11.8
TOS03004003,2026-10-08T12:00,11.8
TOS03004003,2026-10-08T12:15,11.8
TOS03004003,2026-10-08T12:30,11.8
TOS03004003,2026-10-08T12:45,14.1
TOS03004003,2026-10-08T13:00,16.7
TOS03004003,2026-10-08T13:15,16.7
TOS03004003,2026-10-08T13:30,17.3
TOS03004003,2026-10-08T13:45,17.3
TOS03004003,2026-10-08T14:00,17.3
TOS03004003,2026-10-08T14:15,17.3
TOS03004003,2026-10-08T14:30,17.3
TOS03004003,2026-10-08T14:45,17.3
TOS03004003,2026-10-08T15:00,17.3
TOS03004003,2026-10-08T15:15,17.3
TOS03004003,2026-10-08T15:30,17.3
TOS03004003,2026-10-08T15:45,20.4
TOS03004003,2026-10-08T16:00,33.9
TOS03004003,2026-10-08T16:15,33.9
TOS03004003,2026-10-08T16:30,34.7
TOS03004003,2026-10-08T16:45,36.0
TOS03004003,2026-10-08T17:00,36.2
TOS03004003,2026-10-08T17:15,36.2
TOS03004003,2026-10-08T17:30,36.2
TOS03004003,2026-10-08T17:45,36.4
TOS03004003,2026-10-08T18:00,36.4
TOS03004003,2026-10-08T18:15,36.4
TOS03004003,2026-10-08T18:30,36.4
TOS03004003,2026-10-08T18:45,36.4
TOS03004003,2026-10-08T19:00,36.4
TOS03004003,2026-10-08T19:15,36.4
TOS03004003,2026-10-08T19:30,36.4
TOS03004003,2026-10-08T19:45,36.4
TOS03004003,2026-10-08T20:00,36.4
TOS03004003,2026-10-08T20:15,36.4
TOS03004003,2026-10-08T20:30,36.4
TOS03004003,2026-10-08T20:45,36.4
TOS03004003,2026-10-08T21:00,36.4
TOS03004003,2026-10-08T21:15,36.6
TOS03004003,2026-10-08T21:30,36.6
TOS03004003,2026-10-08T21:45,36.6
TOS03004003,2026-10-08T22:00,36.6
TOS03004003,2026-10-08T22:15,36.6
TOS03004003,2026-10-08T22:30,37.0
TOS03004003,2026-10-08T22:45,37.2
TOS03004003,2026-10-08T23:00,37.2
TOS03004003,2026-10-08T23:15,37.2
TOS03004003,2026-10-08T23:30,37.2
TOS03004003,2026-10-08T23:45,37.2
TOS09000015,2026-10-08T01:55,0.2
TOS09000015,2026-10-08T02:00,0.2
TOS09000015,2026-10-08T02:05,0.2
TOS09000015,2026-10-08T02:10,0.4
TOS09000015,2026-10-08T02:15,0.6
TOS09000015,2026-10-08T02:20,0.6
TOS09000015,2026-10-08T02:25,0.6
TOS09000015,2026-10-08T02:30,0.6
TOS09000015,2026-10-08T02:35,1.0
TOS09000015,2026-10-08T02:40,1.2
TOS09000015,2026-10-08T02:45,1.2
TOS09000015,2026-10-08T02:50,1.2
TOS09000015,2026-10-08T02:55,1.2
TOS09000015,2026-10-08T03:00,1.2
TOS09000015,2026-10-08T03:05,1.2
TOS09000015,2026-10-08T03:10,1.2
TOS09000015,2026-10-08T03:15,1.2
TOS09000015,2026-10-08T03:20,1.2
TOS09000015,2026-10-08T03:25,1.2
TOS09000015,2026-10-08T03:30,1.2
TOS09000015,2026-10-08T03:35,1.2
TOS09000015,2026-10-08T03:40,1.4
TOS09000015,2026-10-08T03:45,1.4
TOS09000015,2026-10-08T03:50,1.4
TOS09000015,2026-10-08T03:55,1.4
TOS09000015,2026-10-08T04:00,1.4
TOS09000015,2026-10-08T04:05,1.4
TOS09000015,2026-10-08T04:10,1.4
TOS09000015,2026-10-08T04:15,1.4
TOS09000015,2026-10-08T04:20,1.4
TOS09000015,2026-10-08T04:25,1.6
TOS09000015,2026-10-08T04:30,1.8
TOS09000015,2026-10-08T04:35,1.8
TOS09000015,2026-10-08T04:40,2.0
TOS09000015,2026-10-08T04:45,2.2
TOS09000015,2026-10-08T04:50,2.2
TOS09000015,2026-10-08T04:55,2.2
TOS09000015,2026-10-08T05:00,2.2
TOS09000015,2026-10-08T05:05,2.2
TOS09000015,2026-10-08T05:10,2.2
TOS09000015,2026-10-08T05:15,2.2
TOS09000015,2026-10-08T05:20,2.2
TOS09000015,2026-10-08T05:25,2.2
TOS09000015,2026-10-08T05:30,2.2
TOS09000015,2026-10-08T05:35,2.2
TOS09000015,2026-10-08T05:40,2.2
TOS09000015,2026-10-08T05:45,2.2
TOS09000015,2026-10-08T05:50,2.2
TOS09000015,2026-10-08T05:55,2.2
TOS09000015,2026-10-08T06:00,2.2
TOS09000015,2026-10-08T06:05,2.2
TOS09000015,2026-10-08T06:10,2.2
TOS09000015,2026-10-08T06:15,2.2
TOS09000015,2026-10-08T06:20,2.2
TOS09000015,2026-10-08T06:25,2.2
TOS09000015,2026-10-08T06:30,2.2
TOS09000015,2026-10-08T06:35,2.2
TOS09000015,2026-10-08T06:40,2.2
TOS09000015,2026-10-08T06:45,2.2
TOS09000015,2026-10-08T06:50,2.2
TOS09000015,2026-10-08T06:55,2.2
TOS09000015,2026-10-08T07:00,2.2
TOS09000015,2026-10-08T07:05,2.2
TOS09000015,2026-10-08T07:10,2.2
TOS09000015,2026-10-08T07:15,2.4
TOS09000015,2026-10-08T07:20,2.6
TOS09000015,2026-10-08T07:25,2.8
TOS09000015,2026-10-08T07:30,3.0
TOS09000015,2026-10-08T07:35,3.0
TOS09000015,2026-10-08T07:40,3.2
TOS09000015,2026-10-08T07:45,3.2
TOS09000015,2026-10-08T07:50,3.4
TOS09000015,2026-10-08T07:55,4.8
TOS09000015,2026-10-08T08:00,5.4
TOS09000015,2026-10-08T08:05,5.8
TOS09000015,2026-10-08T08:10,6.2
TOS09000015,2026-10-08T08:15,6.8
TOS09000015,2026-10-08T08:20,7.6
TOS09000015,2026-10-08T08:25,8.6
TOS09000015,2026-10-08T08:30,11.7
TOS09000015,2026-10-08T08:35,15.0
TOS09000015,2026-10-08T08:40,15.6
TOS09000015,2026-10-08T08:45,16.0
TOS09000015,2026-10-08T08:50,17.7
TOS09000015,2026-10-08T08:55,21.8
TOS09000015,2026-10-08T09:00,22.4
TOS09000015,2026-10-08T09:05,22.8
TOS09000015,2026-10-08T09:10,23.4
TOS09000015,2026-10-08T09:15,23.6
TOS09000015,2026-10-08T09:20,25.1
TOS09000015,2026-10-08T09:25,27.3
TOS09000015,2026-10-08T09:30,28.1
TOS09000015,2026-10-08T09:35,29.1
TOS09000015,2026-10-08T09:40,29.5
TOS09000015,2026-10-08T09:45,29.5
TOS09000015,2026-10-08T09:50,29.5
TOS09000015,2026-10-08T09:55,29.7
TOS09000015,2026-10-08T10:00,29.9
TOS09000015,2026-10-08T10:05,29.9
TOS09000015,2026-10-08T10:10,29.9
TOS09000015,2026-10-08T10:15,29.9
TOS09000015,2026-10-08T10:20,29.9
TOS09000015,2026-10-08T10:25,29.9
TOS09000015,2026-10-08T10:30,29.9
TOS09000015,2026-10-08T10:35,29.9
TOS09000015,2026-10-08T10:40,29.9
TOS09000015,2026-10-08T10:45,29.9
TOS09000015,2026-10-08T10:50,29.9
TOS09000015,2026-10-08T10:55,29.9
TOS09000015,2026-10-08T11:00,30.1
TOS09000015,2026-10-08T11:05,30.5
TOS09000015,2026-10-08T11:10,30.5
TOS09000015,2026-10-08T11:15,30.7
TOS09000015,2026-10-08T11:20,30.7
TOS09000015,2026-10-08T11:25,30.7
TOS09000015,2026-10-08T11:30,30.7
TOS09000015,2026-10-08T11:35,30.7
TOS09000015,2026-10-08T11:40,30.7
TOS09000015,2026-10-08T11:45,30.9
TOS09000015,2026-10-08T11:50,30.9
TOS09000015,2026-10-08T11:55,30.9
TOS09000015,2026-10-08T12:00,30.9
TOS09000015,2026-10-08T12:05,30.9
TOS09000015,2026-10-08T12:10,30.9
TOS09000015,2026-10-08T12:15,31.1
TOS09000015,2026-10-08T12:20,31.1
TOS09000015,2026-10-08T12:25,31.1
TOS09000015,2026-10-08T12:30,31.1
TOS09000015,2026-10-08T12:35,31.1
TOS09000015,2026-10-08T12:40,31.1
TOS09000015,2026-10-08T12:45,31.1
TOS09000015,2026-10-08T12:50,31.1
TOS09000015,2026-10-08T12:55,31.1
TOS09000015,2026-10-08T13:00,31.1
TOS09000015,2026-10-08T13:05,31.1
TOS09000015,2026-10-08T13:10,31.1
TOS09000015,2026-10-08T13:15,31.1
TOS09000015,2026-10-08T13:20,31.1
TOS09000015,2026-10-08T13:25,31.1
TOS09000015,2026-10-08T13:30,31.1
TOS09000015,2026-10-08T13:35,31.1
TOS09000015,2026-10-08T13:40,31.1
TOS09000015,2026-10-08T13:45,31.1
TOS09000015,2026-10-08T13:50,31.1
TOS09000015,2026-10-08T13:55,31.1
TOS09000015,2026-10-08T14:00,31.1
TOS09000015,2026-10-08T14:05,31.1
TOS09000015,2026-10-08T14:10,31.5
TOS09000015,2026-10-08T14:15,31.5
TOS09000015,2026-10-08T14:20,31.5
TOS09000015,2026-10-08T14:25,31.5
TOS09000015,2026-10-08T14:30,31.5
TOS09000015,2026-10-08T14:35,31.5
TOS09000015,2026-10-08T14:40,31.5
TOS09000015,2026-10-08T14:45,31.5
TOS09000015,2026-10-08T14:50,31.5
TOS09000015,2026-10-08T14:55,31.5
TOS09000015,2026-10-08T15:00,31.5
TOS09000015,2026-10-08T15:05,31.5
TOS09000015,2026-10-08T15:10,31.5
TOS09000015,2026-10-08T15:15,31.5
TOS09000015,2026-10-08T15:20,31.5
TOS09000015,2026-10-08T15:25,31.5
TOS09000015,2026-10-08T15:30,31.5
TOS09000015,2026-10-08T15:35,31.5
TOS09000015,2026-10-08T15:40,31.5
TOS09000015,2026-10-08T15:45,31.5
TOS09000015,2026-10-08T15:50,31.5
TOS09000015,2026-10-08T15:55,31.5
TOS09000015,2026-10-08T16:00,31.5
TOS09000015,2026-10-08T16:05,31.5
TOS09000015,2026-10-08T16:10,31.5
TOS09000015,2026-10-08T16:15,31.5
TOS09000015,2026-10-08T16:20,31.7
TOS09000015,2026-10-08T16:25,31.9
TOS09000015,2026-10-08T16:30,32.3
TOS09000015,2026-10-08T16:35,32.7
TOS09000015,2026-10-08T16:40,32.7
TOS09000015,2026-10-08T16:45,32.9
TOS09000015,2026-10-08T16:50,33.5
TOS09000015,2026-10-08T16:55,34.1
TOS09000015,2026-10-08T17:00,34.1
TOS09000015,2026-10-08T17:05,34.1
TOS09000015,2026-10-08T17:10,34.1
TOS09000015,2026-10-08T17:15,34.1
TOS09000015,2026-10-08T17:20,34.1
TOS09000015,2026-10-08T17:25,34.1
TOS09000015,2026-10-08T17:30,34.7
TOS09000015,2026-10-08T17:35,34.9
TOS09000015,2026-10-08T17:40,34.9
TOS09000015,2026-10-08T17:45,34.9
TOS09000015,2026-10-08T17:50,34.9
TOS09000015,2026-10-08T17:55,34.9
TOS09000015,2026-10-08T18:00,35.5
TOS09000015,2026-10-08T18:05,35.9
TOS09000015,2026-10-08T18:10,35.9
TOS09000015,2026-10-08T18:15,36.1
TOS09000015,2026-10-08T18:20,36.7
TOS09000015,2026-10-08T18:25,37.7
TOS09000015,2026-10-08T18:30,37.7
TOS09000015,2026-10-08T18:35,37.7
TOS09000015,2026-10-08T18:40,37.7
TOS09000015,2026-10-08T18:45,37.7
TOS09000015,2026-10-08T18:50,37.7
TOS09000015,2026-10-08T18:55,37.7
TOS09000015,2026-10-08T19:00,37.7
TOS09000015,2026-10-08T19:05,37.7
TOS09000015,2026-10-08T19:10,39.0
TOS09000015,2026-10-08T19:15,43.6
TOS09000015,2026-10-08T19:20,44.6
TOS09000015,2026-10-08T19:25,46.6
TOS09000015,2026-10-08T19:30,49.1
TOS09000015,2026-10-08T19:35,49.1
TOS09000015,2026-10-08T19:40,49.1
TOS09000015,2026-10-08T19:45,49.1
TOS09000015,2026-10-08T19:50,49.1
TOS09000015,2026-10-08T19:55,49.1
TOS09000015,2026-10-08T20:00,49.1
TOS09000015,2026-10-08T20:05,49.1
TOS09000015,2026-10-08T20:10,49.1
TOS09000015,2026-10-08T20:15,49.1
TOS09000015,2026-10-08T20:20,49.1
TOS09000015,2026-10-08T20:25,49.1
TOS09000015,2026-10-08T20:30,49.3
TOS09000015,2026-10-08T20:35,49.3
TOS09000015,2026-10-08T20:40,49.3
TOS09000015,2026-10-08T20:45,49.3
TOS09000015,2026-10-08T20:50,49.3
TOS09000015,2026-10-08T20:55,49.3
TOS09000015,2026-10-08T21:00,49.7
TOS09000015,2026-10-08T21:05,54.0
TOS09000015,2026-10-08T21:10,54.2
TOS09000015,2026-10-08T21:15,54.2
TOS09000015,2026-10-08T21:20,54.4
TOS09000015,2026-10-08T21:25,54.4
TOS09000015,2026-10-08T21:30,54.4
TOS09000015,2026-10-08T21:35,54.4
TOS09000015,2026-10-08T21:40,54.4
TOS09000015,2026-10-08T21:45,54.4
TOS09000015,2026-10-08T21:50,54.4
TOS09000015,2026-10-08T21:55,54.4
TOS09000015,2026-10-08T22:00,54.4
TOS09000015,2026-10-08T22:05,54.4
TOS09000015,2026-10-08T22:10,54.4
TOS09000015,2026-10-08T22:15,54.4
TOS09000015,2026-10-08T22:20,54.4
TOS09000015,2026-10-08T22:25,54.4
TOS09000015,2026-10-08T22:30,54.4
TOS09000015,2026-10-08T22:35,54.4
TOS09000015,2026-10-08T22:40,54.4
TOS09000015,2026-10-08T22:45,54.4
TOS09000015,2026-10-08T22:50,54.4
TOS09000015,2026-10-08T22:55,54.4
TOS09000015,2026-10-08T23:00,54.4
TOS09000015,2026-10-08T23:05,54.4
TOS09000015,2026-10-08T23:10,54.4
TOS09000015,2026-10-08T23:15,54.4
TOS09000015,2026-10-08T23:20,54.4
TOS09000015,2026-10-08T23:25,54.4
TOS09000015,2026-10-08T23:30,54.4
TOS09000015,2026-10-08T23:35,54.4
TOS09000015,2026-10-08T23:40,54.4
TOS09000015,2026-10-08T23:45,54.4
TOS09000015,2026-10-08T23:50,54.4
TOS09000015,2026-10-08T23:55,54.4
TOS09000021,2026-10-08T00:05,0.4
TOS09000021,2026-10-08T00:10,0.4
TOS09000021,2026-10-08T00:15,0.4
TOS09000021,2026-10-08T00:20,0.4
TOS09000021,2026-10-08T00:25,0.4
TOS09000021,2026-10-08T00:30,0.4
TOS09000021,2026-10-08T00:35,0.4
TOS09000021,2026-10-08T00:40,0.4
TOS09000021,2026-10-08T00:45,0.4
TOS09000021,2026-10-08T00:50,0.4
TOS09000021,2026-10-08T00:55,0.4
TOS09000021,2026-10-08T01:00,0.4
TOS09000021,2026-10-08T01:05,0.4
TOS09000021,2026-10-08T01:10,0.4
TOS09000021,2026-10-08T01:15,0.4
TOS09000021,2026-10-08T01:20,0.4
TOS09000021,2026-10-08T01:25,0.4
TOS09000021,2026-10-08T01:30,0.4
TOS09000021,2026-10-08T01:35,0.4
TOS09000021,2026-10-08T01:40,0.4
TOS09000021,2026-10-08T01:45,0.4
TOS09000021,2026-10-08T01:50,0.4
TOS09000021,2026-10-08T01:55,0.4
TOS09000021,2026-10-08T02:00,0.4
TOS09000021,2026-10-08T02:05,0.4
TOS09000021,2026-10-08T02:10,0.4
TOS09000021,2026-10-08T02:15,0.4
TOS09000021,2026-10-08T02:20,0.4
TOS09000021,2026-10-08T02:25,0.4
TOS09000021,2026-10-08T02:30,0.4
TOS09000021,2026-10-08T02:35,0.4
TOS09000021,2026-10-08T02:40,0.4
TOS09000021,2026-10-08T02:45,0.4
TOS09000021,2026-10-08T02:50,0.4
TOS09000021,2026-10-08T02:55,0.4
TOS09000021,2026-10-08T03:00,0.4
TOS09000021,2026-10-08T03:05,0.4
TOS09000021,2026-10-08T03:10,0.4
TOS09000021,2026-10-08T03:15,0.4
TOS09000021,2026-10-08T03:20,0.4
TOS09000021,2026-10-08T03:25,0.4
TOS09000021,2026-10-08T03:30,0.4
TOS09000021,2026-10-08T03:35,0.6
TOS09000021,2026-10-08T03:40,0.6
TOS09000021,2026-10-08T03:45,0.6
TOS09000021,2026-10-08T03:50,0.6
TOS09000021,2026-10-08T03:55,0.6
TOS09000021,2026-10-08T04:00,0.6
TOS09000021,2026-10-08T04:05,0.6
TOS09000021,2026-10-08T04:10,0.6
TOS09000021,2026-10-08T04:15,0.6
TOS09000021,2026-10-08T04:20,0.8
TOS09000021,2026-10-08T04:25,1.0
TOS09000021,2026-10-08T04:30,1.4
TOS09000021,2026-10-08T04:35,1.6
TOS09000021,2026-10-08T04:40,1.8
TOS09000021,2026-10-08T04:45,2.2
TOS09000021,2026-10-08T04:50,2.4
TOS09000021,2026-10-08T04:55,2.4
TOS09000021,2026-10-08T05:00,2.6
TOS09000021,2026-10-08T05:05,2.6
TOS09000021,2026-10-08T05:10,2.6
TOS09000021,2026-10-08T05:15,2.6
TOS09000021,2026-10-08T05:20,2.6
TOS09000021,2026-10-08T05:25,2.6
TOS09000021,2026-10-08T05:30,2.6
TOS09000021,2026-10-08T05:35,2.6
TOS09000021,2026-10-08T05:40,2.6
TOS09000021,2026-10-08T05:45,2.6
TOS09000021,2026-10-08T05:50,2.6
TOS09000021,2026-10-08T05:55,2.6
TOS09000021,2026-10-08T06:00,2.6
TOS09000021,2026-10-08T06:05,2.6
TOS09000021,2026-10-08T06:10,2.6
TOS09000021,2026-10-08T06:15,2.6
TOS09000021,2026-10-08T06:20,2.6
TOS09000021,2026-10-08T06:25,2.6
TOS09000021,2026-10-08T06:30,2.6
TOS09000021,2026-10-08T06:35,2.6
TOS09000021,2026-10-08T06:40,2.6
TOS09000021,2026-10-08T06:45,2.6
TOS09000021,2026-10-08T06:50,2.6
TOS09000021,2026-10-08T06:55,2.6
TOS09000021,2026-10-08T07:00,2.8
TOS09000021,2026-10-08T07:05,2.8
TOS09000021,2026-10-08T07:10,3.2
TOS09000021,2026-10-08T07:15,3.2
TOS09000021,2026-10-08T07:20,3.4
TOS09000021,2026-10-08T07:25,3.4
TOS09000021,2026-10-08T07:30,3.4
TOS09000021,2026-10-08T07:35,3.4
TOS09000021,2026-10-08T07:40,3.6
TOS09000021,2026-10-08T07:45,3.6
TOS09000021,2026-10-08T07:50,3.6
TOS09000021,2026-10-08T07:55,3.8
TOS09000021,2026-10-08T08:00,4.0
TOS09000021,2026-10-08T08:05,4.2
TOS09000021,2026-10-08T08:10,4.4
TOS09000021,2026-10-08T08:15,4.6
TOS09000021,2026-10-08T08:20,4.6
TOS09000021,2026-10-08T08:25,4.6
TOS09000021,2026-10-08T08:30,4.6
TOS09000021,2026-10-08T08:35,4.6
TOS09000021,2026-10-08T08:40,4.6
TOS09000021,2026-10-08T08:45,5.0
TOS09000021,2026-10-08T08:50,6.0
TOS09000021,2026-10-08T08:55,8.4
TOS09000021,2026-10-08T09:00,9.6
TOS09000021,2026-10-08T09:05,11.2
TOS09000021,2026-10-08T09:10,14.6
TOS09000021,2026-10-08T09:15,18.2
TOS09000021,2026-10-08T09:20,21.4
TOS09000021,2026-10-08T09:25,26.2
TOS09000021,2026-10-08T09:30,28.8
TOS09000021,2026-10-08T09:35,28.8
TOS09000021,2026-10-08T09:40,28.8
TOS09000021,2026-10-08T09:45,28.8
TOS09000021,2026-10-08T09:50,28.8
TOS09000021,2026-10-08T09:55,28.8
TOS09000021,2026-10-08T10:00,29.0
TOS09000021,2026-10-08T10:05,29.0
TOS09000021,2026-10-08T10:10,29.0
TOS09000021,2026-10-08T10:15,29.2
TOS09000021,2026-10-08T10:20,29.6
TOS09000021,2026-10-08T10:25,29.8
TOS09000021,2026-10-08T10:30,30.0
TOS09000021,2026-10-08T10:35,30.0
TOS09000021,2026-10-08T10:40,30.0
TOS09000021,2026-10-08T10:45,30.2
TOS09000021,2026-10-08T10:50,30.2
TOS09000021,2026-10-08T10:55,30.2
TOS09000021,2026-10-08T11:00,30.2
TOS09000021,2026-10-08T11:05,30.2
TOS09000021,2026-10-08T11:10,30.2
TOS09000021,2026-10-08T11:15,30.2
TOS09000021,2026-10-08T11:20,30.2
TOS09000021,2026-10-08T11:25,30.2
TOS09000021,2026-10-08T11:30,30.2
TOS09000021,2026-10-08T11:35,30.2
TOS09000021,2026-10-08T11:40,30.2
TOS09000021,2026-10-08T11:45,30.2
TOS09000021,2026-10-08T11:50,30.2
TOS09000021,2026-10-08T11:55,30.2
TOS09000021,2026-10-08T12:00,30.4
TOS09000021,2026-10-08T12:05,31.2
TOS09000021,2026-10-08T12:10,31.2
TOS09000021,2026-10-08T12:15,31.4
TOS09000021,2026-10-08T12:20,31.6
TOS09000021,2026-10-08T12:25,32.0
TOS09000021,2026-10-08T12:30,32.8
TOS09000021,2026-10-08T12:35,32.8
TOS09000021,2026-10-08T12:40,32.8
TOS09000021,2026-10-08T12:45,32.8
TOS09000021,2026-10-08T12:50,32.8
TOS09000021,2026-10-08T12:55,33.2
TOS09000021,2026-10-08T13:00,34.0
TOS09000021,2026-10-08T13:05,34.2
TOS09000021,2026-10-08T13:10,37.4
TOS09000021,2026-10-08T13:15,39.8
TOS09000021,2026-10-08T13:20,39.8
TOS09000021,2026-10-08T13:25,39.8
TOS09000021,2026-10-08T13:30,39.8
TOS09000021,2026-10-08T13:35,39.8
TOS09000021,2026-10-08T13:40,39.8
TOS09000021,2026-10-08T13:45,39.8
TOS09000021,2026-10-08T13:50,40.0
TOS09000021,2026-10-08T13:55,40.2
TOS09000021,2026-10-08T14:00,41.4
TOS09000021,2026-10-08T14:05,41.6
TOS09000021,2026-10-08T14:10,41.6
TOS09000021,2026-10-08T14:15,41.6
TOS09000021,2026-10-08T14:20,41.6
TOS09000021,2026-10-08T14:25,41.6
TOS09000021,2026-10-08T14:30,41.6
TOS09000021,2026-10-08T14:35,41.6
TOS09000021,2026-10-08T14:40,41.6
TOS09000021,2026-10-08T14:45,41.6
TOS09000021,2026-10-08T14:50,41.6
TOS09000021,2026-10-08T14:55,41.6
TOS09000021,2026-10-08T15:00,41.6
TOS09000021,2026-10-08T15:05,41.6
TOS09000021,2026-10-08T15:10,41.6
TOS09000021,2026-10-08T15:15,41.6
TOS09000021,2026-10-08T15:20,41.6
TOS09000021,2026-10-08T15:25,41.6
TOS09000021,2026-10-08T15:30,41.6
TOS09000021,2026-10-08T15:35,41.6
TOS09000021,2026-10-08T15:40,41.6
TOS09000021,2026-10-08T15:45,41.6
TOS09000021,2026-10-08T15:50,41.6
TOS09000021,2026-10-08T15:55,41.6
TOS09000021,2026-10-08T16:00,41.6
TOS09000021,2026-10-08T16:05,41.6
TOS09000021,2026-10-08T16:10,41.6
TOS09000021,2026-10-08T16:15,41.6
TOS09000021,2026-10-08T16:20,41.6
TOS09000021,2026-10-08T16:25,41.6
TOS09000021,2026-10-08T16:30,41.6
TOS09000021,2026-10-08T16:35,41.6
TOS09000021,2026-10-08T16:40,41.6
TOS09000021,2026-10-08T16:45,41.6
TOS09000021,2026-10-08T16:50,41.6
TOS09000021,2026-10-08T16:55,41.6
TOS09000021,2026-10-08T17:00,41.6
TOS09000021,2026-10-08T17:05,41.6
TOS09000021,2026-10-08T17:10,41.6
TOS09000021,2026-10-08T17:15,41.8
TOS09000021,2026-10-08T17:20,42.2
TOS09000021,2026-10-08T17:25,42.2
TOS09000021,2026-10-08T17:30,42.2
TOS09000021,2026-10-08T17:35,42.2
TOS09000021,2026-10-08T17:40,42.2
TOS09000021,2026-10-08T17:45,43.2
TOS09000021,2026-10-08T17:50,44.4
TOS09000021,2026-10-08T17:55,44.4
TOS09000021,2026-10-08T18:00,44.4
TOS09000021,2026-10-08T18:05,44.4
TOS09000021,2026-10-08T18:10,44.4
TOS09000021,2026-10-08T18:15,44.4
TOS09000021,2026-10-08T18:20,44.6
TOS09000021,2026-10-08T18:25,44.6
TOS09000021,2026-10-08T18:30,44.6
TOS09000021,2026-10-08T18:35,44.6
TOS09000021,2026-10-08T18:40,44.6
TOS09000021,2026-10-08T18:45,44.6
TOS09000021,2026-10-08T18:50,44.6
TOS09000021,2026-10-08T18:55,44.8
TOS09000021,2026-10-08T19:00,44.8
TOS09000021,2026-10-08T19:05,45.0
TOS09000021,2026-10-08T19:10,45.0
TOS09000021,2026-10-08T19:15,45.0
TOS09000021,2026-10-08T19:20,45.0
TOS09000021,2026-10-08T19:25,45.0
TOS09000021,2026-10-08T19:30,45.0
TOS09000021,2026-10-08T19:35,45.0
TOS09000021,2026-10-08T19:40,45.0
TOS09000021,2026-10-08T19:45,45.0
TOS09000021,2026-10-08T19:50,45.0
TOS09000021,2026-10-08T19:55,45.0
TOS09000021,2026-10-08T20:00,45.0
TOS09000021,2026-10-08T20:05,45.0
TOS09000021,2026-10-08T20:10,45.0
TOS09000021,2026-10-08T20:15,45.0
TOS09000021,2026-10-08T20:20,45.0
TOS09000021,2026-10-08T20:25,45.0
TOS09000021,2026-10-08T20:30,45.0
TOS09000021,2026-10-08T20:35,45.4
TOS09000021,2026-10-08T20:40,45.8
TOS09000021,2026-10-08T20:45,45.8
TOS09000021,2026-10-08T20:50,45.8
TOS09000021,2026-10-08T20:55,45.8
TOS09000021,2026-10-08T21:00,46.2
TOS09000021,2026-10-08T21:05,46.4
TOS09000021,2026-10-08T21:10,46.4
TOS09000021,2026-10-08T21:15,46.4
TOS09000021,2026-10-08T21:20,46.4
TOS09000021,2026-10-08T21:25,46.4
TOS09000021,2026-10-08T21:30,46.4
TOS09000021,2026-10-08T21:35,46.4
TOS09000021,2026-10-08T21:40,46.4
TOS09000021,2026-10-08T21:45,46.4
TOS09000021,2026-10-08T21:50,46.4
TOS09000021,2026-10-08T21:55,46.4
TOS09000021,2026-10-08T22:00,46.4
TOS09000021,2026-10-08T22:05,46.4
TOS09000021,2026-10-08T22:10,46.4
TOS09000021,2026-10-08T22:15,46.4
TOS09000021,2026-10-08T22:20,46.4
TOS09000021,2026-10-08T22:25,46.4
TOS09000021,2026-10-08T22:30,46.4
TOS09000021,2026-10-08T22:35,46.4
TOS09000021,2026-10-08T22:40,46.4
TOS09000021,2026-10-08T22:45,46.4
TOS09000021,2026-10-08T22:50,46.4
TOS09000021,2026-10-08T22:55,46.4
TOS09000021,2026-10-08T23:00,46.4
TOS09000021,2026-10-08T23:05,46.4
TOS09000021,2026-10-08T23:10,46.4
TOS09000021,2026-10-08T23:15,46.4
TOS09000021,2026-10-08T23:20,46.4
TOS09000021,2026-10-08T23:25,46.4
TOS09000021,2026-10-08T23:30,46.4
TOS09000021,2026-10-08T23:35,46.6
TOS09000021,2026-10-08T23:40,46.6
TOS09000021,2026-10-08T23:45,46.6
TOS09000021,2026-10-08T23:50,46.6
TOS09000021,2026-10-08T23:55,46.6
TOS09001053,2026-10-08T02:35,0.2
TOS09001053,2026-10-08T02:40,0.2
TOS09001053,2026-10-08T02:45,0.2
TOS09001053,2026-10-08T02:50,0.2
TOS09001053,2026-10-08T02:55,0.4
TOS09001053,2026-10-08T03:00,0.4
TOS09001053,2026-10-08T03:05,0.4
TOS09001053,2026-10-08T03:10,0.4
TOS09001053,2026-10-08T03:15,0.4
TOS09001053,2026-10-08T03:20,0.6
TOS09001053,2026-10-08T03:25,0.6
TOS09001053,2026-10-08T03:30,0.6
TOS09001053,2026-10-08T03:35,0.6
TOS09001053,2026-10-08T03:40,0.6
TOS09001053,2026-10-08T03:45,0.6
TOS09001053,2026-10-08T03:50,0.6
TOS09001053,2026-10-08T03:55,0.6
TOS09001053,2026-10-08T04:00,1.2
TOS09001053,2026-10-08T04:05,1.4
TOS09001053,2026-10-08T04:10,1.4
TOS09001053,2026-10-08T04:15,1.4
TOS09001053,2026-10-08T04:20,1.6
TOS09001053,2026-10-08T04:25,1.8
TOS09001053,2026-10-08T04:30,1.8
TOS09001053,2026-10-08T04:35,1.8
TOS09001053,2026-10-08T04:40,1.8
TOS09001053,2026-10-08T04:45,1.8
TOS09001053,2026-10-08T04:50,1.8
TOS09001053,2026-10-08T04:55,1.8
TOS09001053,2026-10-08T05:00,2.0
TOS09001053,2026-10-08T05:05,2.0
TOS09001053,2026-10-08T05:10,2.0
TOS09001053,2026-10-08T05:15,2.0
TOS09001053,2026-10-08T05:20,2.0
TOS09001053,2026-10-08T05:25,2.0
TOS09001053,2026-10-08T05:30,2.0
TOS09001053,2026-10-08T05:35,2.0
TOS09001053,2026-10-08T05:40,2.0
TOS09001053,2026-10-08T05:45,2.0
TOS09001053,2026-10-08T05:50,2.0
TOS09001053,2026-10-08T05:55,2.0
TOS09001053,2026-10-08T06:00,2.0
TOS09001053,2026-10-08T06:05,2.0
TOS09001053,2026-10-08T06:10,2.0
TOS09001053,2026-10-08T06:15,2.0
TOS09001053,2026-10-08T06:20,2.0
TOS09001053,2026-10-08T06:25,2.0
TOS09001053,2026-10-08T06:30,2.0
TOS09001053,2026-10-08T06:35,2.0
TOS09001053,2026-10-08T06:40,2.0
TOS09001053,2026-10-08T06:45,2.0
TOS09001053,2026-10-08T06:50,2.0
TOS09001053,2026-10-08T06:55,2.0
TOS09001053,2026-10-08T07:00,2.0
TOS09001053,2026-10-08T07:05,2.0
TOS09001053,2026-10-08T07:10,2.0
TOS09001053,2026-10-08T07:15,2.0
TOS09001053,2026-10-08T07:20,2.0
TOS09001053,2026-10-08T07:25,2.2
TOS09001053,2026-10-08T07:30,2.2
TOS09001053,2026-10-08T07:35,2.4
TOS09001053,2026-10-08T07:40,2.4
TOS09001053,2026-10-08T07:45,2.4
TOS09001053,2026-10-08T07:50,2.4
TOS09001053,2026-10-08T07:55,2.4
TOS09001053,2026-10-08T08:00,2.4
TOS09001053,2026-10-08T08:05,2.6
TOS09001053,2026-10-08T08:10,2.8
TOS09001053,2026-10-08T08:15,3.0
TOS09001053,2026-10-08T08:20,3.0
TOS09001053,2026-10-08T08:25,3.0
TOS09001053,2026-10-08T08:30,3.0
TOS09001053,2026-10-08T08:35,3.2
TOS09001053,2026-10-08T08:40,3.6
TOS09001053,2026-10-08T08:45,3.8
TOS09001053,2026-10-08T08:50,4.4
TOS09001053,2026-10-08T08:55,4.4
TOS09001053,2026-10-08T09:00,4.6
TOS09001053,2026-10-08T09:05,4.6
TOS09001053,2026-10-08T09:10,5.0
TOS09001053,2026-10-08T09:15,6.0
TOS09001053,2026-10-08T09:20,6.6
TOS09001053,2026-10-08T09:25,9.2
TOS09001053,2026-10-08T09:30,13.2
TOS09001053,2026-10-08T09:35,14.4
TOS09001053,2026-10-08T09:40,14.4
TOS09001053,2026-10-08T09:45,14.4
TOS09001053,2026-10-08T09:50,15.0
TOS09001053,2026-10-08T09:55,17.7
TOS09001053,2026-10-08T10:00,19.5
TOS09001053,2026-10-08T10:05,21.9
TOS09001053,2026-10-08T10:10,23.4
TOS09001053,2026-10-08T10:15,24.6
TOS09001053,2026-10-08T10:20,24.6
TOS09001053,2026-10-08T10:25,24.6
TOS09001053,2026-10-08T10:30,24.6
TOS09001053,2026-10-08T10:35,24.6
TOS09001053,2026-10-08T10:40,24.8
TOS09001053,2026-10-08T10:45,24.8
TOS09001053,2026-10-08T10:50,24.8
TOS09001053,2026-10-08T10:55,24.8
TOS09001053,2026-10-08T11:00,24.8
TOS09001053,2026-10-08T11:05,24.8
TOS09001053,2026-10-08T11:10,24.8
TOS09001053,2026-10-08T11:15,24.8
TOS09001053,2026-10-08T11:20,24.8
TOS09001053,2026-10-08T11:25,24.8
TOS09001053,2026-10-08T11:30,24.8
TOS09001053,2026-10-08T11:35,24.8
TOS09001053,2026-10-08T11:40,24.8
TOS09001053,2026-10-08T11:45,24.8
TOS09001053,2026-10-08T11:50,24.8
TOS09001053,2026-10-08T11:55,25.0
TOS09001053,2026-10-08T12:00,25.0
TOS09001053,2026-10-08T12:05,25.0
TOS09001053,2026-10-08T12:10,25.0
TOS09001053,2026-10-08T12:15,25.0
TOS09001053,2026-10-08T12:20,25.0
TOS09001053,2026-10-08T12:25,25.0
TOS09001053,2026-10-08T12:30,25.0
TOS09001053,2026-10-08T12:35,25.0
TOS09001053,2026-10-08T12:40,25.2
TOS09001053,2026-10-08T12:45,25.4
TOS09001053,2026-10-08T12:50,25.6
TOS09001053,2026-10-08T12:55,25.8
TOS09001053,2026-10-08T13:00,25.8
TOS09001053,2026-10-08T13:05,25.8
TOS09001053,2026-10-08T13:10,25.8
TOS09001053,2026-10-08T13:15,26.0
TOS09001053,2026-10-08T13:20,26.2
TOS09001053,2026-10-08T13:25,26.2
TOS09001053,2026-10-08T13:30,26.2
TOS09001053,2026-10-08T13:35,26.2
TOS09001053,2026-10-08T13:40,26.4
TOS09001053,2026-10-08T13:45,27.0
TOS09001053,2026-10-08T13:50,27.0
TOS09001053,2026-10-08T13:55,27.2
TOS09001053,2026-10-08T14:00,27.2
TOS09001053,2026-10-08T14:05,27.4
TOS09001053,2026-10-08T14:10,27.4
TOS09001053,2026-10-08T14:15,27.4
TOS09001053,2026-10-08T14:20,27.4
TOS09001053,2026-10-08T14:25,27.4
TOS09001053,2026-10-08T14:30,27.4
TOS09001053,2026-10-08T14:35,27.4
TOS09001053,2026-10-08T14:40,27.4
TOS09001053,2026-10-08T14:45,27.4
TOS09001053,2026-10-08T14:50,27.4
TOS09001053,2026-10-08T14:55,27.4
TOS09001053,2026-10-08T15:00,27.4
TOS09001053,2026-10-08T15:05,27.4
TOS09001053,2026-10-08T15:10,27.4
TOS09001053,2026-10-08T15:15,27.4
TOS09001053,2026-10-08T15:20,27.4
TOS09001053,2026-10-08T15:25,27.4
TOS09001053,2026-10-08T15:30,27.4
TOS09001053,2026-10-08T15:35,27.4
TOS09001053,2026-10-08T15:40,27.4
TOS09001053,2026-10-08T15:45,27.4
TOS09001053,2026-10-08T15:50,27.4
TOS09001053,2026-10-08T15:55,27.4
TOS09001053,2026-10-08T16:00,27.4
TOS09001053,2026-10-08T16:05,27.4
TOS09001053,2026-10-08T16:10,27.4
TOS09001053,2026-10-08T16:15,27.4
TOS09001053,2026-10-08T16:20,27.4
TOS09001053,2026-10-08T16:25,27.4
TOS09001053,2026-10-08T16:30,27.4
TOS09001053,2026-10-08T16:35,27.4
TOS09001053,2026-10-08T16:40,27.4
TOS09001053,2026-10-08T16:45,27.8
TOS09001053,2026-10-08T16:50,28.4
TOS09001053,2026-10-08T16:55,28.4
TOS09001053,2026-10-08T17:00,28.4
TOS09001053,2026-10-08T17:05,28.4
TOS09001053,2026-10-08T17:10,28.6
TOS09001053,2026-10-08T17:15,28.6
TOS09001053,2026-10-08T17:20,28.6
TOS09001053,2026-10-08T17:25,28.6
TOS09001053,2026-10-08T17:30,28.6
TOS09001053,2026-10-08T17:35,28.6
TOS09001053,2026-10-08T17:40,28.6
TOS09001053,2026-10-08T17:45,28.6
TOS09001053,2026-10-08T17:50,28.8
TOS09001053,2026-10-08T17:55,28.8
TOS09001053,2026-10-08T18:00,28.8
TOS09001053,2026-10-08T18:05,28.8
TOS09001053,2026-10-08T18:10,29.2
TOS09001053,2026-10-08T18:15,29.4
TOS09001053,2026-10-08T18:20,29.4
TOS09001053,2026-10-08T18:25,29.4
TOS09001053,2026-10-08T18:30,29.6
TOS09001053,2026-10-08T18:35,30.8
TOS09001053,2026-10-08T18:40,30.8
TOS09001053,2026-10-08T18:45,31.0
TOS09001053,2026-10-08T18:50,31.0
TOS09001053,2026-10-08T18:55,31.0
TOS09001053,2026-10-08T19:00,31.0
TOS09001053,2026-10-08T19:05,31.4
TOS09001053,2026-10-08T19:10,31.4
TOS09001053,2026-10-08T19:15,31.6
TOS09001053,2026-10-08T19:20,31.6
TOS09001053,2026-10-08T19:25,31.6
TOS09001053,2026-10-08T19:30,31.6
TOS09001053,2026-10-08T19:35,31.6
TOS09001053,2026-10-08T19:40,31.6
TOS09001053,2026-10-08T19:45,31.8
TOS09001053,2026-10-08T19:50,32.0
TOS09001053,2026-10-08T19:55,32.4
TOS09001053,2026-10-08T20:00,32.4
TOS09001053,2026-10-08T20:05,32.4
TOS09001053,2026-10-08T20:10,32.4
TOS09001053,2026-10-08T20:15,32.4
TOS09001053,2026-10-08T20:20,33.0
TOS09001053,2026-10-08T20:25,34.0
TOS09001053,2026-10-08T20:30,36.0
TOS09001053,2026-10-08T20:35,36.4
TOS09001053,2026-10-08T20:40,36.6
TOS09001053,2026-10-08T20:45,36.8
TOS09001053,2026-10-08T20:50,36.8
TOS09001053,2026-10-08T20:55,37.6
TOS09001053,2026-10-08T21:00,39.9
TOS09001053,2026-10-08T21:05,41.9
TOS09001053,2026-10-08T21:10,42.3
TOS09001053,2026-10-08T21:15,42.9
TOS09001053,2026-10-08T21:20,43.1
TOS09001053,2026-10-08T21:25,43.3
TOS09001053,2026-10-08T21:30,43.7
TOS09001053,2026-10-08T21:35,43.7
TOS09001053,2026-10-08T21:40,43.7
TOS09001053,2026-10-08T21:45,43.7
TOS09001053,2026-10-08T21:50,43.7
TOS09001053,2026-10-08T21:55,43.7
TOS09001053,2026-10-08T22:00,43.7
TOS09001053,2026-10-08T22:05,43.7
TOS09001053,2026-10-08T22:10,43.7
TOS09001053,2026-10-08T22:15,43.7
TOS09001053,2026-10-08T22:20,43.7
TOS09001053,2026-10-08T22:25,43.7
TOS09001053,2026-10-08T22:30,43.7
TOS09001053,2026-10-08T22:35,43.7
TOS09001053,2026-10-08T22:40,43.7
TOS09001053,2026-10-08T22:45,43.7
TOS09001053,2026-10-08T22:50,43.7
TOS09001053,2026-10-08T22:55,43.7
TOS09001053,2026-10-08T23:00,43.7
TOS09001053,2026-10-08T23:05,43.7
TOS09001053,2026-10-08T23:10,43.7
TOS09001053,2026-10-08T23:15,43.7
TOS09001053,2026-10-08T23:20,43.7
TOS09001053,2026-10-08T23:25,43.7
TOS09001053,2026-10-08T23:30,43.7
TOS09001053,2026-10-08T23:35,43.7
TOS09001053,2026-10-08T23:40,43.7
TOS09001053,2026-10-08T23:45,43.7
TOS09001053,2026-10-08T23:50,43.7
TOS09001053,2026-10-08T23:55,43.7
TOS09001088,2026-10-08T01:00,0.2
TOS09001088,2026-10-08T01:15,0.2
TOS09001088,2026-10-08T01:30,0.2
TOS09001088,2026-10-08T01:45,0.2
TOS09001088,2026-10-08T02:00,0.2
TOS09001088,2026-10-08T02:15,0.2
TOS09001088,2026-10-08T02:30,0.4
TOS09001088,2026-10-08T02:45,0.4
TOS09001088,2026-10-08T03:00,0.4
TOS09001088,2026-10-08T03:15,0.6
TOS09001088,2026-10-08T03:30,0.6
TOS09001088,2026-10-08T03:45,1.0
TOS09001088,2026-10-08T04:00,3.2
TOS09001088,2026-10-08T04:15,6.4
TOS09001088,2026-10-08T04:30,7.0
TOS09001088,2026-10-08T04:45,7.2
TOS09001088,2026-10-08T05:00,7.2
TOS09001088,2026-10-08T05:15,7.2
TOS09001088,2026-10-08T05:30,7.2
TOS09001088,2026-10-08T05:45,7.6
TOS09001088,2026-10-08T06:00,7.6
TOS09001088,2026-10-08T06:15,7.8
TOS09001088,2026-10-08T06:30,7.8
TOS09001088,2026-10-08T06:45,7.8
TOS09001088,2026-10-08T07:00,7.8
TOS09001088,2026-10-08T07:15,7.8
TOS09001088,2026-10-08T07:30,7.8
TOS09001088,2026-10-08T07:45,8.4
TOS09001088,2026-10-08T08:00,8.6
TOS09001088,2026-10-08T08:15,8.6
TOS09001088,2026-10-08T08:30,9.6
TOS09001088,2026-10-08T08:45,11.8
TOS09001088,2026-10-08T09:00,14.0
TOS09001088,2026-10-08T09:15,15.4
TOS09001088,2026-10-08T09:30,15.6
TOS09001088,2026-10-08T09:45,15.8
TOS09001088,2026-10-08T10:00,15.8
TOS09001088,2026-10-08T10:15,15.8
TOS09001088,2026-10-08T10:30,16.2
TOS09001088,2026-10-08T10:45,16.8
TOS09001088,2026-10-08T11:00,17.0
TOS09001088,2026-10-08T11:15,17.2
TOS09001088,2026-10-08T11:30,17.8
TOS09001088,2026-10-08T11:45,19.4
TOS09001088,2026-10-08T12:00,19.4
TOS09001088,2026-10-08T12:15,19.8
TOS09001088,2026-10-08T12:30,20.4
TOS09001088,2026-10-08T12:45,20.4
TOS09001088,2026-10-08T13:00,21.4
TOS09001088,2026-10-08T13:15,21.4
TOS09001088,2026-10-08T13:30,21.4
TOS09001088,2026-10-08T13:45,21.4
TOS09001088,2026-10-08T14:00,21.6
TOS09001088,2026-10-08T14:15,21.6
TOS09001088,2026-10-08T14:30,21.6
TOS09001088,2026-10-08T14:45,21.6
TOS09001088,2026-10-08T15:00,21.6
TOS09001088,2026-10-08T15:15,21.6
TOS09001088,2026-10-08T15:30,21.6
TOS09001088,2026-10-08T15:45,21.6
TOS09001088,2026-10-08T16:00,21.8
TOS09001088,2026-10-08T16:15,21.8
TOS09001088,2026-10-08T16:30,21.8
TOS09001088,2026-10-08T16:45,21.8
TOS09001088,2026-10-08T17:00,21.8
TOS09001088,2026-10-08T17:15,21.8
TOS09001088,2026-10-08T17:30,22.0
TOS09001088,2026-10-08T17:45,22.8
TOS09001088,2026-10-08T18:00,23.0
TOS09001088,2026-10-08T18:15,23.0
TOS09001088,2026-10-08T18:30,23.4
TOS09001088,2026-10-08T18:45,23.6
TOS09001088,2026-10-08T19:00,23.6
TOS09001088,2026-10-08T19:15,23.6
TOS09001088,2026-10-08T19:30,24.2
TOS09001088,2026-10-08T19:45,24.2
TOS09001088,2026-10-08T20:00,24.2
TOS09001088,2026-10-08T20:15,24.2
TOS09001088,2026-10-08T20:30,24.2
TOS09001088,2026-10-08T20:45,24.2
TOS09001088,2026-10-08T21:00,25.6
TOS09001088,2026-10-08T21:15,27.4
TOS09001088,2026-10-08T21:30,28.0
TOS09001088,2026-10-08T21:45,28.0
TOS09001088,2026-10-08T22:00,28.0
TOS09001088,2026-10-08T22:15,28.0
TOS09001088,2026-10-08T22:30,28.0
TOS09001088,2026-10-08T22:45,28.0
TOS09001088,2026-10-08T23:00,28.0
TOS09001088,2026-10-08T23:15,28.0
TOS09001088,2026-10-08T23:30,28.0
TOS09001088,2026-10-08T23:45,28.0
TOS09001120,2026-10-08T02:00,0.6
TOS09001120,2026-10-08T02:15,0.6
TOS09001120,2026-10-08T02:30,1.0
TOS09001120,2026-10-08T02:45,1.2
TOS09001120,2026-10-08T03:00,1.4
TOS09001120,2026-10-08T03:15,1.4
TOS09001120,2026-10-08T03:30,1.4
TOS09001120,2026-10-08T03:45,1.8
TOS09001120,2026-10-08T04:00,2.0
TOS09001120,2026-10-08T04:15,2.2
TOS09001120,2026-10-08T04:30,2.8
TOS09001120,2026-10-08T04:45,3.0
TOS09001120,2026-10-08T05:00,3.0
TOS09001120,2026-10-08T05:15,3.0
TOS09001120,2026-10-08T05:30,3.0
TOS09001120,2026-10-08T05:45,3.0
TOS09001120,2026-10-08T06:00,3.0
TOS09001120,2026-10-08T06:15,3.0
TOS09001120,2026-10-08T06:30,3.0
TOS09001120,2026-10-08T06:45,3.0
TOS09001120,2026-10-08T07:00,3.0
TOS09001120,2026-10-08T07:15,4.0
TOS09001120,2026-10-08T07:30,4.4
TOS09001120,2026-10-08T07:45,5.0
TOS09001120,2026-10-08T08:00,7.7
TOS09001120,2026-10-08T08:15,10.5
TOS09001120,2026-10-08T08:30,13.3
TOS09001120,2026-10-08T08:45,17.0
TOS09001120,2026-10-08T09:00,23.4
TOS09001120,2026-10-08T09:15,24.8
TOS09001120,2026-10-08T09:30,29.7
TOS09001120,2026-10-08T09:45,30.9
TOS09001120,2026-10-08T10:00,31.3
TOS09001120,2026-10-08T10:15,31.3
TOS09001120,2026-10-08T10:30,31.3
TOS09001120,2026-10-08T10:45,31.5
TOS09001120,2026-10-08T11:00,32.1
TOS09001120,2026-10-08T11:15,32.5
TOS09001120,2026-10-08T11:30,32.5
TOS09001120,2026-10-08T11:45,32.5
TOS09001120,2026-10-08T12:00,32.7
TOS09001120,2026-10-08T12:15,32.7
TOS09001120,2026-10-08T12:30,32.7
TOS09001120,2026-10-08T12:45,32.7
TOS09001120,2026-10-08T13:00,32.7
TOS09001120,2026-10-08T13:15,32.7
TOS09001120,2026-10-08T13:30,32.7
TOS09001120,2026-10-08T13:45,32.7
TOS09001120,2026-10-08T14:00,32.9
TOS09001120,2026-10-08T14:15,33.1
TOS09001120,2026-10-08T14:30,33.1
TOS09001120,2026-10-08T14:45,33.1
TOS09001120,2026-10-08T15:00,33.1
TOS09001120,2026-10-08T15:15,33.1
TOS09001120,2026-10-08T15:30,33.1
TOS09001120,2026-10-08T15:45,33.1
TOS09001120,2026-10-08T16:00,33.3
TOS09001120,2026-10-08T16:15,33.3
TOS09001120,2026-10-08T16:30,33.9
TOS09001120,2026-10-08T16:45,34.5
TOS09001120,2026-10-08T17:00,37.1
TOS09001120,2026-10-08T17:15,37.3
TOS09001120,2026-10-08T17:30,38.1
TOS09001120,2026-10-08T17:45,38.3
TOS09001120,2026-10-08T18:00,38.5
TOS09001120,2026-10-08T18:15,40.8
TOS09001120,2026-10-08T18:30,43.7
TOS09001120,2026-10-08T18:45,43.9
TOS09001120,2026-10-08T19:00,43.9
TOS09001120,2026-10-08T19:15,45.1
TOS09001120,2026-10-08T19:30,45.1
TOS09001120,2026-10-08T19:45,45.1
TOS09001120,2026-10-08T20:00,45.1
TOS09001120,2026-10-08T20:15,45.1
TOS09001120,2026-10-08T20:30,45.1
TOS09001120,2026-10-08T20:45,45.1
TOS09001120,2026-10-08T21:00,47.1
TOS09001120,2026-10-08T21:15,47.7
TOS09001120,2026-10-08T21:30,47.7
TOS09001120,2026-10-08T21:45,47.7
TOS09001120,2026-10-08T22:00,47.7
TOS09001120,2026-10-08T22:15,47.7
TOS09001120,2026-10-08T22:30,47.7
TOS09001120,2026-10-08T22:45,47.7
TOS09001120,2026-10-08T23:00,47.7
TOS09001120,2026-10-08T23:15,47.7
TOS09001120,2026-10-08T23:30,47.7
TOS09001120,2026-10-08T23:45,47.7
TOS09001130,2026-10-08T02:00,0.2
TOS09001130,2026-10-08T02:15,0.2
TOS09001130,2026-10-08T02:30,0.2
TOS09001130,2026-10-08T02:45,0.6
TOS09001130,2026-10-08T03:00,0.6
TOS09001130,2026-10-08T03:15,0.6
TOS09001130,2026-10-08T03:30,0.6
TOS09001130,2026-10-08T03:45,0.6
TOS09001130,2026-10-08T04:00,0.8
TOS09001130,2026-10-08T04:15,0.8
TOS09001130,2026-10-08T04:30,1.0
TOS09001130,2026-10-08T04:45,1.4
TOS09001130,2026-10-08T05:00,1.6
TOS09001130,2026-10-08T05:15,1.6
TOS09001130,2026-10-08T05:30,1.6
TOS09001130,2026-10-08T05:45,1.6
TOS09001130,2026-10-08T06:00,1.6
TOS09001130,2026-10-08T06:15,1.6
TOS09001130,2026-10-08T06:30,1.6
TOS09001130,2026-10-08T06:45,1.6
TOS09001130,2026-10-08T07:00,1.6
TOS09001130,2026-10-08T07:15,2.6
TOS09001130,2026-10-08T07:30,5.5
TOS09001130,2026-10-08T07:45,5.7
TOS09001130,2026-10-08T08:00,8.5
TOS09001130,2026-10-08T08:15,9.3
TOS09001130,2026-10-08T08:30,13.8
TOS09001130,2026-10-08T08:45,18.7
TOS09001130,2026-10-08T09:00,23.2
TOS09001130,2026-10-08T09:15,25.7
TOS09001130,2026-10-08T09:30,28.9
TOS09001130,2026-10-08T09:45,30.5
TOS09001130,2026-10-08T10:00,30.7
TOS09001130,2026-10-08T10:15,30.7
TOS09001130,2026-10-08T10:30,30.7
TOS09001130,2026-10-08T10:45,30.7
TOS09001130,2026-10-08T11:00,30.7
TOS09001130,2026-10-08T11:15,31.1
TOS09001130,2026-10-08T11:30,31.5
TOS09001130,2026-10-08T11:45,31.5
TOS09001130,2026-10-08T12:00,32.5
TOS09001130,2026-10-08T12:15,32.5
TOS09001130,2026-10-08T12:30,32.5
TOS09001130,2026-10-08T12:45,32.5
TOS09001130,2026-10-08T13:00,32.5
TOS09001130,2026-10-08T13:15,32.5
TOS09001130,2026-10-08T13:30,32.5
TOS09001130,2026-10-08T13:45,32.5
TOS09001130,2026-10-08T14:00,32.5
TOS09001130,2026-10-08T14:15,32.9
TOS09001130,2026-10-08T14:30,32.9
TOS09001130,2026-10-08T14:45,32.9
TOS09001130,2026-10-08T15:00,32.9
TOS09001130,2026-10-08T15:15,32.9
TOS09001130,2026-10-08T15:30,32.9
TOS09001130,2026-10-08T15:45,32.9
TOS09001130,2026-10-08T16:00,32.9
TOS09001130,2026-10-08T16:15,32.9
TOS09001130,2026-10-08T16:30,33.9
TOS09001130,2026-10-08T16:45,37.0
TOS09001130,2026-10-08T17:00,37.4
TOS09001130,2026-10-08T17:15,37.4
TOS09001130,2026-10-08T17:30,37.4
TOS09001130,2026-10-08T17:45,40.0
TOS09001130,2026-10-08T18:00,40.0
TOS09001130,2026-10-08T18:15,44.6
TOS09001130,2026-10-08T18:30,45.0
TOS09001130,2026-10-08T18:45,45.0
TOS09001130,2026-10-08T19:00,45.2
TOS09001130,2026-10-08T19:15,46.6
TOS09001130,2026-10-08T19:30,51.5
TOS09001130,2026-10-08T19:45,53.4
TOS09001130,2026-10-08T20:00,53.4
TOS09001130,2026-10-08T20:15,53.4
TOS09001130,2026-10-08T20:30,53.4
TOS09001130,2026-10-08T20:45,53.6
TOS09001130,2026-10-08T21:00,53.8
TOS09001130,2026-10-08T21:15,60.0
TOS09001130,2026-10-08T21:30,60.2
TOS09001130,2026-10-08T21:45,60.2
TOS09001130,2026-10-08T22:00,60.2
TOS09001130,2026-10-08T22:15,60.2
TOS09001130,2026-10-08T22:30,60.2
TOS09001130,2026-10-08T22:45,60.4
TOS09001130,2026-10-08T23:00,60.4
TOS09001130,2026-10-08T23:30,60.4
TOS09001130,2026-10-08T23:45,60.4
TOS09001143,2026-10-08T00:10,0.2
TOS09001143,2026-10-08T00:15,0.2
TOS09001143,2026-10-08T00:20,0.8
TOS09001143,2026-10-08T00:25,1.0
TOS09001143,2026-10-08T00:30,1.0
TOS09001143,2026-10-08T00:35,1.0
TOS09001143,2026-10-08T00:40,1.2
TOS09001143,2026-10-08T00:45,1.2
TOS09001143,2026-10-08T00:50,1.2
TOS09001143,2026-10-08T00:55,1.2
TOS09001143,2026-10-08T01:00,1.2
TOS09001143,2026-10-08T01:05,1.2
TOS09001143,2026-10-08T01:10,1.2
TOS09001143,2026-10-08T01:15,1.2
TOS09001143,2026-10-08T01:20,1.2
TOS09001143,2026-10-08T01:25,1.2
TOS09001143,2026-10-08T01:30,1.2
TOS09001143,2026-10-08T01:35,1.2
TOS09001143,2026-10-08T01:40,1.2
TOS09001143,2026-10-08T01:45,1.2
TOS09001143,2026-10-08T01:50,1.2
TOS09001143,2026-10-08T01:55,1.2
TOS09001143,2026-10-08T02:00,1.2
TOS09001143,2026-10-08T02:05,1.2
TOS09001143,2026-10-08T02:10,1.4
TOS09001143,2026-10-08T02:15,1.4
TOS09001143,2026-10-08T02:20,1.4
TOS09001143,2026-10-08T02:25,1.4
TOS09001143,2026-10-08T02:30,1.4
TOS09001143,2026-10-08T02:35,1.4
TOS09001143,2026-10-08T02:40,1.4
TOS09001143,2026-10-08T02:45,1.4
TOS09001143,2026-10-08T02:50,1.4
TOS09001143,2026-10-08T02:55,1.4
TOS09001143,2026-10-08T03:00,1.4
TOS09001143,2026-10-08T03:05,1.4
TOS09001143,2026-10-08T03:10,1.4
TOS09001143,2026-10-08T03:15,1.4
TOS09001143,2026-10-08T03:20,1.4
TOS09001143,2026-10-08T03:25,1.4
TOS09001143,2026-10-08T03:30,1.4
TOS09001143,2026-10-08T03:35,1.4
TOS09001143,2026-10-08T03:40,1.8
TOS09001143,2026-10-08T03:45,1.8
TOS09001143,2026-10-08T03:50,1.8
TOS09001143,2026-10-08T03:55,1.8
TOS09001143,2026-10-08T04:00,1.8
TOS09001143,2026-10-08T04:05,1.8
TOS09001143,2026-10-08T04:10,1.8
TOS09001143,2026-10-08T04:15,1.8
TOS09001143,2026-10-08T04:20,1.8
TOS09001143,2026-10-08T04:25,1.8
TOS09001143,2026-10-08T04:30,2.0
TOS09001143,2026-10-08T04:35,2.0
TOS09001143,2026-10-08T04:40,2.4
TOS09001143,2026-10-08T04:45,2.8
TOS09001143,2026-10-08T04:50,3.4
TOS09001143,2026-10-08T04:55,3.8
TOS09001143,2026-10-08T05:00,4.0
TOS09001143,2026-10-08T05:05,4.2
TOS09001143,2026-10-08T05:10,4.2
TOS09001143,2026-10-08T05:15,4.2
TOS09001143,2026-10-08T05:20,4.2
TOS09001143,2026-10-08T05:25,4.2
TOS09001143,2026-10-08T05:30,4.2
TOS09001143,2026-10-08T05:35,4.2
TOS09001143,2026-10-08T05:40,4.2
TOS09001143,2026-10-08T05:45,4.2
TOS09001143,2026-10-08T05:50,4.2
TOS09001143,2026-10-08T05:55,4.2
TOS09001143,2026-10-08T06:00,4.2
TOS09001143,2026-10-08T06:05,4.2
TOS09001143,2026-10-08T06:10,4.2
TOS09001143,2026-10-08T06:15,4.2
TOS09001143,2026-10-08T06:20,4.2
TOS09001143,2026-10-08T06:25,4.2
TOS09001143,2026-10-08T06:30,4.2
TOS09001143,2026-10-08T06:35,4.2
TOS09001143,2026-10-08T06:40,4.2
TOS09001143,2026-10-08T06:45,4.2
TOS09001143,2026-10-08T06:50,4.2
TOS09001143,2026-10-08T06:55,4.2
TOS09001143,2026-10-08T07:00,4.2
TOS09001143,2026-10-08T07:05,4.2
TOS09001143,2026-10-08T07:10,4.2
TOS09001143,2026-10-08T07:15,4.2
TOS09001143,2026-10-08T07:20,4.6
TOS09001143,2026-10-08T07:25,4.6
TOS09001143,2026-10-08T07:30,4.6
TOS09001143,2026-10-08T07:35,4.6
TOS09001143,2026-10-08T07:40,4.6
TOS09001143,2026-10-08T07:45,4.6
TOS09001143,2026-10-08T07:50,4.6
TOS09001143,2026-10-08T07:55,4.6
TOS09001143,2026-10-08T08:00,4.6
TOS09001143,2026-10-08T08:05,4.6
TOS09001143,2026-10-08T08:10,4.6
TOS09001143,2026-10-08T08:15,4.8
TOS09001143,2026-10-08T08:20,4.8
TOS09001143,2026-10-08T08:25,4.8
TOS09001143,2026-10-08T08:30,4.8
TOS09001143,2026-10-08T08:35,4.8
TOS09001143,2026-10-08T08:40,4.8
TOS09001143,2026-10-08T08:45,4.8
TOS09001143,2026-10-08T08:50,4.8
TOS09001143,2026-10-08T08:55,4.8
TOS09001143,2026-10-08T09:00,5.4
TOS09001143,2026-10-08T09:05,6.6
TOS09001143,2026-10-08T09:10,7.2
TOS09001143,2026-10-08T09:15,7.6
TOS09001143,2026-10-08T09:20,9.2
TOS09001143,2026-10-08T09:25,11.4
TOS09001143,2026-10-08T09:30,13.8
TOS09001143,2026-10-08T09:35,15.4
TOS09001143,2026-10-08T09:40,16.6
TOS09001143,2026-10-08T09:45,16.8
TOS09001143,2026-10-08T09:50,16.8
TOS09001143,2026-10-08T09:55,16.8
TOS09001143,2026-10-08T10:00,16.8
TOS09001143,2026-10-08T10:05,16.8
TOS09001143,2026-10-08T10:10,16.8
TOS09001143,2026-10-08T10:15,16.8
TOS09001143,2026-10-08T10:20,16.8
TOS09001143,2026-10-08T10:25,16.8
TOS09001143,2026-10-08T10:30,16.8
TOS09001143,2026-10-08T10:35,16.8
TOS09001143,2026-10-08T10:40,17.0
TOS09001143,2026-10-08T10:45,17.0
TOS09001143,2026-10-08T10:50,17.0
TOS09001143,2026-10-08T10:55,17.0
TOS09001143,2026-10-08T11:00,17.0
TOS09001143,2026-10-08T11:05,17.4
TOS09001143,2026-10-08T11:10,17.4
TOS09001143,2026-10-08T11:15,17.4
TOS09001143,2026-10-08T11:20,17.4
TOS09001143,2026-10-08T11:25,17.4
TOS09001143,2026-10-08T11:30,17.4
TOS09001143,2026-10-08T11:35,17.4
TOS09001143,2026-10-08T11:40,17.4
TOS09001143,2026-10-08T11:45,17.4
TOS09001143,2026-10-08T11:50,17.4
TOS09001143,2026-10-08T11:55,17.4
TOS09001143,2026-10-08T12:00,17.4
TOS09001143,2026-10-08T12:05,17.4
TOS09001143,2026-10-08T12:10,17.4
TOS09001143,2026-10-08T12:15,17.6
TOS09001143,2026-10-08T12:20,17.6
TOS09001143,2026-10-08T12:25,17.8
TOS09001143,2026-10-08T12:30,17.8
TOS09001143,2026-10-08T12:35,17.8
TOS09001143,2026-10-08T12:40,18.0
TOS09001143,2026-10-08T12:45,18.0
TOS09001143,2026-10-08T12:50,18.2
TOS09001143,2026-10-08T12:55,18.4
TOS09001143,2026-10-08T13:00,18.4
TOS09001143,2026-10-08T13:05,18.4
TOS09001143,2026-10-08T13:10,18.6
TOS09001143,2026-10-08T13:15,18.8
TOS09001143,2026-10-08T13:20,19.0
TOS09001143,2026-10-08T13:25,19.8
TOS09001143,2026-10-08T13:30,20.6
TOS09001143,2026-10-08T13:35,22.0
TOS09001143,2026-10-08T13:40,22.0
TOS09001143,2026-10-08T13:45,22.0
TOS09001143,2026-10-08T13:50,22.0
TOS09001143,2026-10-08T13:55,22.0
TOS09001143,2026-10-08T14:00,22.0
TOS09001143,2026-10-08T14:05,22.0
TOS09001143,2026-10-08T14:10,22.4
TOS09001143,2026-10-08T14:15,23.8
TOS09001143,2026-10-08T14:20,24.6
TOS09001143,2026-10-08T14:25,24.6
TOS09001143,2026-10-08T14:30,24.6
TOS09001143,2026-10-08T14:35,24.6
TOS09001143,2026-10-08T14:40,24.6
TOS09001143,2026-10-08T14:45,24.6
TOS09001143,2026-10-08T14:50,24.8
TOS09001143,2026-10-08T14:55,24.8
TOS09001143,2026-10-08T15:00,24.8
TOS09001143,2026-10-08T15:05,24.8
TOS09001143,2026-10-08T15:10,24.8
TOS09001143,2026-10-08T15:15,24.8
TOS09001143,2026-10-08T15:20,24.8
TOS09001143,2026-10-08T15:25,24.8
TOS09001143,2026-10-08T15:30,24.8
TOS09001143,2026-10-08T15:35,24.8
TOS09001143,2026-10-08T15:40,24.8
TOS09001143,2026-10-08T15:45,24.8
TOS09001143,2026-10-08T15:50,24.8
TOS09001143,2026-10-08T15:55,24.8
TOS09001143,2026-10-08T16:00,24.8
TOS09001143,2026-10-08T16:05,24.8
TOS09001143,2026-10-08T16:10,24.8
TOS09001143,2026-10-08T16:15,25.0
TOS09001143,2026-10-08T16:20,28.2
TOS09001143,2026-10-08T16:25,28.2
TOS09001143,2026-10-08T16:30,28.2
TOS09001143,2026-10-08T16:35,28.8
TOS09001143,2026-10-08T16:40,29.0
TOS09001143,2026-10-08T16:45,29.0
TOS09001143,2026-10-08T16:50,29.6
TOS09001143,2026-10-08T16:55,29.8
TOS09001143,2026-10-08T17:00,29.8
TOS09001143,2026-10-08T17:05,29.8
TOS09001143,2026-10-08T17:10,30.2
TOS09001143,2026-10-08T17:15,30.4
TOS09001143,2026-10-08T17:20,30.6
TOS09001143,2026-10-08T17:25,31.8
TOS09001143,2026-10-08T17:30,35.0
TOS09001143,2026-10-08T17:35,35.2
TOS09001143,2026-10-08T17:40,35.2
TOS09001143,2026-10-08T17:45,35.2
TOS09001143,2026-10-08T17:50,35.2
TOS09001143,2026-10-08T17:55,35.2
TOS09001143,2026-10-08T18:00,36.0
TOS09001143,2026-10-08T18:05,37.0
TOS09001143,2026-10-08T18:10,37.4
TOS09001143,2026-10-08T18:15,37.6
TOS09001143,2026-10-08T18:20,37.6
TOS09001143,2026-10-08T18:25,37.6
TOS09001143,2026-10-08T18:30,37.8
TOS09001143,2026-10-08T18:35,37.8
TOS09001143,2026-10-08T18:40,37.8
TOS09001143,2026-10-08T18:45,37.8
TOS09001143,2026-10-08T18:50,37.8
TOS09001143,2026-10-08T18:55,37.8
TOS09001143,2026-10-08T19:00,37.8
TOS09001143,2026-10-08T19:05,37.8
TOS09001143,2026-10-08T19:10,38.0
TOS09001143,2026-10-08T19:15,38.0
TOS09001143,2026-10-08T19:20,38.0
TOS09001143,2026-10-08T19:25,38.0
TOS09001143,2026-10-08T19:30,38.0
TOS09001143,2026-10-08T19:35,38.0
TOS09001143,2026-10-08T19:40,38.0
TOS09001143,2026-10-08T19:45,38.0
TOS09001143,2026-10-08T19:50,38.0
TOS09001143,2026-10-08T19:55,38.0
TOS09001143,2026-10-08T20:00,38.0
TOS09001143,2026-10-08T20:05,38.0
TOS09001143,2026-10-08T20:10,38.0
TOS09001143,2026-10-08T20:15,38.0
TOS09001143,2026-10-08T20:20,38.0
TOS09001143,2026-10-08T20:25,38.0
TOS09001143,2026-10-08T20:30,38.0
TOS09001143,2026-10-08T20:35,38.0
TOS09001143,2026-10-08T20:40,38.0
TOS09001143,2026-10-08T20:45,38.0
TOS09001143,2026-10-08T20:50,38.6
TOS09001143,2026-10-08T20:55,38.8
TOS09001143,2026-10-08T21:00,38.8
TOS09001143,2026-10-08T21:05,38.8
TOS09001143,2026-10-08T21:10,38.8
TOS09001143,2026-10-08T21:15,39.6
TOS09001143,2026-10-08T21:20,40.8
TOS09001143,2026-10-08T21:25,40.8
TOS09001143,2026-10-08T21:30,40.8
TOS09001143,2026-10-08T21:35,40.8
TOS09001143,2026-10-08T21:40,40.8
TOS09001143,2026-10-08T21:45,40.8
TOS09001143,2026-10-08T21:50,40.8
TOS09001143,2026-10-08T21:55,40.8
TOS09001143,2026-10-08T22:00,40.8
TOS09001143,2026-10-08T22:05,40.8
TOS09001143,2026-10-08T22:10,40.8
TOS09001143,2026-10-08T22:15,40.8
TOS09001143,2026-10-08T22:20,40.8
TOS09001143,2026-10-08T22:25,40.8
TOS09001143,2026-10-08T22:30,40.8
TOS09001143,2026-10-08T22:35,40.8
TOS09001143,2026-10-08T22:40,40.8
TOS09001143,2026-10-08T22:45,40.8
TOS09001143,2026-10-08T22:50,40.8
TOS09001143,2026-10-08T22:55,40.8
TOS09001143,2026-10-08T23:00,41.2
TOS09001143,2026-10-08T23:05,41.4
TOS09001143,2026-10-08T23:10,41.4
TOS09001143,2026-10-08T23:15,41.4
TOS09001143,2026-10-08T23:20,41.4
TOS09001143,2026-10-08T23:25,41.4
TOS09001143,2026-10-08T23:30,41.4
TOS09001143,2026-10-08T23:35,41.4
TOS09001143,2026-10-08T23:40,41.4
TOS09001143,2026-10-08T23:45,41.4
TOS09001143,2026-10-08T23:50,41.4
TOS09001143,2026-10-08T23:55,41.4
TOS09001160,2026-10-08T00:05,0.8
TOS09001160,2026-10-08T00:10,1.6
TOS09001160,2026-10-08T00:15,2.0
TOS09001160,2026-10-08T00:20,3.4
TOS09001160,2026-10-08T00:25,3.6
TOS09001160,2026-10-08T00:30,3.8
TOS09001160,2026-10-08T00:35,3.8
TOS09001160,2026-10-08T00:40,3.8
TOS09001160,2026-10-08T00:45,3.8
TOS09001160,2026-10-08T00:50,3.8
TOS09001160,2026-10-08T00:55,3.8
TOS09001160,2026-10-08T01:00,4.0
TOS09001160,2026-10-08T01:05,4.0
TOS09001160,2026-10-08T01:10,4.0
TOS09001160,2026-10-08T01:15,4.6
TOS09001160,2026-10-08T01:20,6.0
TOS09001160,2026-10-08T01:25,6.0
TOS09001160,2026-10-08T01:30,6.0
TOS09001160,2026-10-08T01:35,6.0
TOS09001160,2026-10-08T01:40,6.4
TOS09001160,2026-10-08T01:45,6.6
TOS09001160,2026-10-08T01:50,6.6
TOS09001160,2026-10-08T01:55,6.8
TOS09001160,2026-10-08T02:00,6.8
TOS09001160,2026-10-08T02:05,6.8
TOS09001160,2026-10-08T02:10,6.8
TOS09001160,2026-10-08T02:15,6.8
TOS09001160,2026-10-08T02:20,6.8
TOS09001160,2026-10-08T02:25,6.8
TOS09001160,2026-10-08T02:30,6.8
TOS09001160,2026-10-08T02:35,7.0
TOS09001160,2026-10-08T02:40,7.0
TOS09001160,2026-10-08T02:45,7.0
TOS09001160,2026-10-08T02:50,7.0
TOS09001160,2026-10-08T02:55,7.0
TOS09001160,2026-10-08T03:00,7.0
TOS09001160,2026-10-08T03:05,7.0
TOS09001160,2026-10-08T03:10,7.0
TOS09001160,2026-10-08T03:15,7.0
TOS09001160,2026-10-08T03:20,7.0
TOS09001160,2026-10-08T03:25,7.0
TOS09001160,2026-10-08T03:30,7.0
TOS09001160,2026-10-08T03:35,7.0
TOS09001160,2026-10-08T03:40,7.0
TOS09001160,2026-10-08T03:45,7.0
TOS09001160,2026-10-08T03:50,7.0
TOS09001160,2026-10-08T03:55,7.0
TOS09001160,2026-10-08T04:00,7.0
TOS09001160,2026-10-08T04:05,7.0
TOS09001160,2026-10-08T04:10,7.0
TOS09001160,2026-10-08T04:15,7.0
TOS09001160,2026-10-08T04:20,7.0
TOS09001160,2026-10-08T04:25,7.4
TOS09001160,2026-10-08T04:30,7.8
TOS09001160,2026-10-08T04:35,8.0
TOS09001160,2026-10-08T04:40,8.4
TOS09001160,2026-10-08T04:45,9.4
TOS09001160,2026-10-08T04:50,10.6
TOS09001160,2026-10-08T04:55,11.2
TOS09001160,2026-10-08T05:00,11.8
TOS09001160,2026-10-08T05:05,12.2
TOS09001160,2026-10-08T05:10,12.2
TOS09001160,2026-10-08T05:15,12.2
TOS09001160,2026-10-08T05:20,12.2
TOS09001160,2026-10-08T05:25,12.2
TOS09001160,2026-10-08T05:30,12.2
TOS09001160,2026-10-08T05:35,12.2
TOS09001160,2026-10-08T05:40,12.2
TOS09001160,2026-10-08T05:45,12.2
TOS09001160,2026-10-08T05:50,12.2
TOS09001160,2026-10-08T05:55,12.2
TOS09001160,2026-10-08T06:00,12.2
TOS09001160,2026-10-08T06:05,12.2
TOS09001160,2026-10-08T06:10,12.2
TOS09001160,2026-10-08T06:15,12.2
TOS09001160,2026-10-08T06:20,12.2
TOS09001160,2026-10-08T06:25,12.2
TOS09001160,2026-10-08T06:30,12.2
TOS09001160,2026-10-08T06:35,12.2
TOS09001160,2026-10-08T06:40,12.2
TOS09001160,2026-10-08T06:45,12.2
TOS09001160,2026-10-08T06:50,12.2
TOS09001160,2026-10-08T06:55,12.2
TOS09001160,2026-10-08T07:00,12.2
TOS09001160,2026-10-08T07:05,12.2
TOS09001160,2026-10-08T07:10,12.4
TOS09001160,2026-10-08T07:15,12.4
TOS09001160,2026-10-08T07:20,12.4
TOS09001160,2026-10-08T07:25,12.4
TOS09001160,2026-10-08T07:30,12.4
TOS09001160,2026-10-08T07:35,12.4
TOS09001160,2026-10-08T07:40,12.4
TOS09001160,2026-10-08T07:45,12.4
TOS09001160,2026-10-08T07:50,12.4
TOS09001160,2026-10-08T07:55,12.4
TOS09001160,2026-10-08T08:00,12.4
TOS09001160,2026-10-08T08:05,12.4
TOS09001160,2026-10-08T08:10,12.4
TOS09001160,2026-10-08T08:15,12.4
TOS09001160,2026-10-08T08:20,12.4
TOS09001160,2026-10-08T08:25,12.4
TOS09001160,2026-10-08T08:30,12.4
TOS09001160,2026-10-08T08:35,12.4
TOS09001160,2026-10-08T08:40,12.4
TOS09001160,2026-10-08T08:45,12.4
TOS09001160,2026-10-08T08:50,12.4
TOS09001160,2026-10-08T08:55,12.4
TOS09001160,2026-10-08T09:00,12.6
TOS09001160,2026-10-08T09:05,13.0
TOS09001160,2026-10-08T09:10,13.0
TOS09001160,2026-10-08T09:15,13.2
TOS09001160,2026-10-08T09:20,13.6
TOS09001160,2026-10-08T09:25,13.6
TOS09001160,2026-10-08T09:30,13.8
TOS09001160,2026-10-08T09:35,13.8
TOS09001160,2026-10-08T09:40,15.3
TOS09001160,2026-10-08T09:45,16.1
TOS09001160,2026-10-08T09:50,16.9
TOS09001160,2026-10-08T09:55,16.9
TOS09001160,2026-10-08T10:00,16.9
TOS09001160,2026-10-08T10:05,16.9
TOS09001160,2026-10-08T10:10,16.9
TOS09001160,2026-10-08T10:15,16.9
TOS09001160,2026-10-08T10:20,16.9
TOS09001160,2026-10-08T10:25,16.9
TOS09001160,2026-10-08T10:30,16.9
TOS09001160,2026-10-08T10:35,16.9
TOS09001160,2026-10-08T10:40,16.9
TOS09001160,2026-10-08T10:45,16.9
TOS09001160,2026-10-08T10:50,16.9
TOS09001160,2026-10-08T10:55,16.9
TOS09001160,2026-10-08T11:00,16.9
TOS09001160,2026-10-08T11:05,16.9
TOS09001160,2026-10-08T11:10,16.9
TOS09001160,2026-10-08T11:15,16.9
TOS09001160,2026-10-08T11:20,16.9
TOS09001160,2026-10-08T11:25,16.9
TOS09001160,2026-10-08T11:30,16.9
TOS09001160,2026-10-08T11:35,16.9
TOS09001160,2026-10-08T11:40,16.9
TOS09001160,2026-10-08T11:45,16.9
TOS09001160,2026-10-08T11:50,16.9
TOS09001160,2026-10-08T11:55,16.9
TOS09001160,2026-10-08T12:00,16.9
TOS09001160,2026-10-08T12:05,16.9
TOS09001160,2026-10-08T12:10,16.9
TOS09001160,2026-10-08T12:15,16.9
TOS09001160,2026-10-08T12:20,16.9
TOS09001160,2026-10-08T12:25,16.9
TOS09001160,2026-10-08T12:30,16.9
TOS09001160,2026-10-08T12:35,16.9
TOS09001160,2026-10-08T12:40,16.9
TOS09001160,2026-10-08T12:45,16.9
TOS09001160,2026-10-08T12:50,16.9
TOS09001160,2026-10-08T12:55,16.9
TOS09001160,2026-10-08T13:00,16.9
TOS09001160,2026-10-08T13:05,16.9
TOS09001160,2026-10-08T13:10,16.9
TOS09001160,2026-10-08T13:15,16.9
TOS09001160,2026-10-08T13:20,17.1
TOS09001160,2026-10-08T13:25,17.3
TOS09001160,2026-10-08T13:30,17.3
TOS09001160,2026-10-08T13:35,17.9
TOS09001160,2026-10-08T13:40,17.9
TOS09001160,2026-10-08T13:45,17.9
TOS09001160,2026-10-08T13:50,17.9
TOS09001160,2026-10-08T13:55,17.9
TOS09001160,2026-10-08T14:00,17.9
TOS09001160,2026-10-08T14:05,17.9
TOS09001160,2026-10-08T14:10,17.9
TOS09001160,2026-10-08T14:15,18.5
TOS09001160,2026-10-08T14:20,18.9
TOS09001160,2026-10-08T14:25,19.1
TOS09001160,2026-10-08T14:30,19.1
TOS09001160,2026-10-08T14:35,19.1
TOS09001160,2026-10-08T14:40,19.1
TOS09001160,2026-10-08T14:45,19.1
TOS09001160,2026-10-08T14:50,19.1
TOS09001160,2026-10-08T14:55,19.1
TOS09001160,2026-10-08T15:00,19.1
TOS09001160,2026-10-08T15:05,19.1
TOS09001160,2026-10-08T15:10,19.1
TOS09001160,2026-10-08T15:15,19.1
TOS09001160,2026-10-08T15:20,19.1
TOS09001160,2026-10-08T15:25,19.1
TOS09001160,2026-10-08T15:30,19.1
TOS09001160,2026-10-08T15:35,19.1
TOS09001160,2026-10-08T15:40,19.1
TOS09001160,2026-10-08T15:45,19.1
TOS09001160,2026-10-08T15:50,19.1
TOS09001160,2026-10-08T15:55,19.1
TOS09001160,2026-10-08T16:00,19.1
TOS09001160,2026-10-08T16:05,19.1
TOS09001160,2026-10-08T16:10,19.3
TOS09001160,2026-10-08T16:15,20.5
TOS09001160,2026-10-08T16:20,23.4
TOS09001160,2026-10-08T16:25,24.6
TOS09001160,2026-10-08T16:30,24.6
TOS09001160,2026-10-08T16:35,24.8
TOS09001160,2026-10-08T16:40,25.0
TOS09001160,2026-10-08T16:45,25.0
TOS09001160,2026-10-08T16:50,25.0
TOS09001160,2026-10-08T16:55,25.0
TOS09001160,2026-10-08T17:00,25.0
TOS09001160,2026-10-08T17:05,25.8
TOS09001160,2026-10-08T17:10,27.2
TOS09001160,2026-10-08T17:15,27.8
TOS09001160,2026-10-08T17:20,28.0
TOS09001160,2026-10-08T17:25,33.2
TOS09001160,2026-10-08T17:30,34.9
TOS09001160,2026-10-08T17:35,35.1
TOS09001160,2026-10-08T17:40,35.5
TOS09001160,2026-10-08T17:45,35.9
TOS09001160,2026-10-08T17:50,35.9
TOS09001160,2026-10-08T17:55,35.9
TOS09001160,2026-10-08T18:00,35.9
TOS09001160,2026-10-08T18:05,36.1
TOS09001160,2026-10-08T18:10,36.5
TOS09001160,2026-10-08T18:15,36.7
TOS09001160,2026-10-08T18:20,36.7
TOS09001160,2026-10-08T18:25,36.7
TOS09001160,2026-10-08T18:30,36.7
TOS09001160,2026-10-08T18:35,36.7
TOS09001160,2026-10-08T18:40,37.1
TOS09001160,2026-10-08T18:45,37.3
TOS09001160,2026-10-08T18:50,37.3
TOS09001160,2026-10-08T18:55,37.3
TOS09001160,2026-10-08T19:00,37.3
TOS09001160,2026-10-08T19:05,37.3
TOS09001160,2026-10-08T19:10,37.3
TOS09001160,2026-10-08T19:15,37.3
TOS09001160,2026-10-08T19:20,37.3
TOS09001160,2026-10-08T19:25,37.3
TOS09001160,2026-10-08T19:30,37.3
TOS09001160,2026-10-08T19:35,37.3
TOS09001160,2026-10-08T19:40,37.3
TOS09001160,2026-10-08T19:45,37.3
TOS09001160,2026-10-08T19:50,37.3
TOS09001160,2026-10-08T19:55,37.3
TOS09001160,2026-10-08T20:00,37.3
TOS09001160,2026-10-08T20:05,37.3
TOS09001160,2026-10-08T20:10,37.7
TOS09001160,2026-10-08T20:15,37.7
TOS09001160,2026-10-08T20:20,37.7
TOS09001160,2026-10-08T20:25,37.7
TOS09001160,2026-10-08T20:30,37.7
TOS09001160,2026-10-08T20:35,37.7
TOS09001160,2026-10-08T20:40,37.7
TOS09001160,2026-10-08T20:45,37.7
TOS09001160,2026-10-08T20:50,37.7
TOS09001160,2026-10-08T20:55,37.9
TOS09001160,2026-10-08T21:00,38.1
TOS09001160,2026-10-08T21:05,38.1
TOS09001160,2026-10-08T21:10,38.3
TOS09001160,2026-10-08T21:15,38.3
TOS09001160,2026-10-08T21:20,38.3
TOS09001160,2026-10-08T21:25,39.1
TOS09001160,2026-10-08T21:30,40.1
TOS09001160,2026-10-08T21:35,40.5
TOS09001160,2026-10-08T21:40,40.5
TOS09001160,2026-10-08T21:45,40.5
TOS09001160,2026-10-08T21:50,40.5
TOS09001160,2026-10-08T21:55,40.5
TOS09001160,2026-10-08T22:00,40.5
TOS09001160,2026-10-08T22:05,40.5
TOS09001160,2026-10-08T22:10,40.5
TOS09001160,2026-10-08T22:15,40.5
TOS09001160,2026-10-08T22:20,40.5
TOS09001160,2026-10-08T22:25,40.5
TOS09001160,2026-10-08T22:30,40.5
TOS09001160,2026-10-08T22:35,40.5
TOS09001160,2026-10-08T22:40,40.7
TOS09001160,2026-10-08T22:45,40.9
TOS09001160,2026-10-08T22:50,40.9
TOS09001160,2026-10-08T22:55,41.1
TOS09001160,2026-10-08T23:00,41.1
TOS09001160,2026-10-08T23:05,41.3
TOS09001160,2026-10-08T23:10,41.5
TOS09001160,2026-10-08T23:15,41.5
TOS09001160,2026-10-08T23:20,41.7
TOS09001160,2026-10-08T23:25,41.7
TOS09001160,2026-10-08T23:30,41.7
TOS09001160,2026-10-08T23:35,41.7
TOS09001160,2026-10-08T23:40,41.7
TOS09001160,2026-10-08T23:45,41.7
TOS09001160,2026-10-08T23:50,41.7
TOS09001160,2026-10-08T23:55,41.7
TOS09001180,2026-10-08T00:15,0.2
TOS09001180,2026-10-08T00:30,0.4
TOS09001180,2026-10-08T00:45,0.4
TOS09001180,2026-10-08T01:00,0.4
TOS09001180,2026-10-08T01:15,0.4
TOS09001180,2026-10-08T01:30,0.4
TOS09001180,2026-10-08T01:45,0.6
TOS09001180,2026-10-08T02:00,0.6
TOS09001180,2026-10-08T02:15,0.6
TOS09001180,2026-10-08T02:30,0.6
TOS09001180,2026-10-08T02:45,0.6
TOS09001180,2026-10-08T03:00,0.6
TOS09001180,2026-10-08T03:15,0.6
TOS09001180,2026-10-08T03:30,0.6
TOS09001180,2026-10-08T03:45,0.6
TOS09001180,2026-10-08T04:00,0.6
TOS09001180,2026-10-08T04:15,0.8
TOS09001180,2026-10-08T04:30,1.4
TOS09001180,2026-10-08T04:45,2.6
TOS09001180,2026-10-08T05:00,4.0
TOS09001180,2026-10-08T05:15,4.2
TOS09001180,2026-10-08T05:30,4.2
TOS09001180,2026-10-08T05:45,4.2
TOS09001180,2026-10-08T06:00,4.2
TOS09001180,2026-10-08T06:15,4.2
TOS09001180,2026-10-08T06:30,4.2
TOS09001180,2026-10-08T06:45,4.2
TOS09001180,2026-10-08T07:00,4.2
TOS09001180,2026-10-08T07:15,4.2
TOS09001180,2026-10-08T07:30,4.2
TOS09001180,2026-10-08T07:45,4.2
TOS09001180,2026-10-08T08:00,4.2
TOS09001180,2026-10-08T08:15,4.2
TOS09001180,2026-10-08T08:30,4.2
TOS09001180,2026-10-08T08:45,4.2
TOS09001180,2026-10-08T09:00,4.4
TOS09001180,2026-10-08T09:15,4.4
TOS09001180,2026-10-08T09:30,4.6
TOS09001180,2026-10-08T09:45,11.4
TOS09001180,2026-10-08T10:00,13.4
TOS09001180,2026-10-08T10:15,13.4
TOS09001180,2026-10-08T10:30,13.4
TOS09001180,2026-10-08T10:45,13.4
TOS09001180,2026-10-08T11:00,13.4
TOS09001180,2026-10-08T11:15,13.4
TOS09001180,2026-10-08T11:30,13.4
TOS09001180,2026-10-08T11:45,13.4
TOS09001180,2026-10-08T12:00,13.4
TOS09001180,2026-10-08T12:15,13.4
TOS09001180,2026-10-08T12:30,13.4
TOS09001180,2026-10-08T12:45,13.4
TOS09001180,2026-10-08T13:00,13.4
TOS09001180,2026-10-08T13:15,13.6
TOS09001180,2026-10-08T13:30,13.6
TOS09001180,2026-10-08T13:45,13.8
TOS09001180,2026-10-08T14:00,13.8
TOS09001180,2026-10-08T14:15,15.4
TOS09001180,2026-10-08T14:30,16.0
TOS09001180,2026-10-08T14:45,16.2
TOS09001180,2026-10-08T15:00,16.2
TOS09001180,2026-10-08T15:15,16.2
TOS09001180,2026-10-08T15:30,16.2
TOS09001180,2026-10-08T15:45,16.2
TOS09001180,2026-10-08T16:00,16.2
TOS09001180,2026-10-08T16:15,18.0
TOS09001180,2026-10-08T16:30,18.4
TOS09001180,2026-10-08T16:45,18.6
TOS09001180,2026-10-08T17:00,19.4
TOS09001180,2026-10-08T17:15,21.6
TOS09001180,2026-10-08T17:30,21.8
TOS09001180,2026-10-08T17:45,22.0
TOS09001180,2026-10-08T18:00,22.6
TOS09001180,2026-10-08T18:15,22.6
TOS09001180,2026-10-08T18:30,23.0
TOS09001180,2026-10-08T18:45,23.6
TOS09001180,2026-10-08T19:00,23.6
TOS09001180,2026-10-08T19:15,23.6
TOS09001180,2026-10-08T19:30,23.6
TOS09001180,2026-10-08T19:45,23.6
TOS09001180,2026-10-08T20:00,23.6
TOS09001180,2026-10-08T20:15,24.0
TOS09001180,2026-10-08T20:30,24.0
TOS09001180,2026-10-08T20:45,24.0
TOS09001180,2026-10-08T21:00,24.8
TOS09001180,2026-10-08T21:15,25.2
TOS09001180,2026-10-08T21:30,25.4
TOS09001180,2026-10-08T21:45,25.4
TOS09001180,2026-10-08T22:00,25.4
TOS09001180,2026-10-08T22:15,25.4
TOS09001180,2026-10-08T22:30,25.4
TOS09001180,2026-10-08T22:45,25.8
TOS09001180,2026-10-08T23:00,26.4
TOS09001180,2026-10-08T23:15,26.4
TOS09001180,2026-10-08T23:30,26.6
TOS09001180,2026-10-08T23:45,26.6
TOS09001200,2026-10-08T00:30,0.2
TOS09001200,2026-10-08T00:45,0.2
TOS09001200,2026-10-08T01:00,0.2
TOS09001200,2026-10-08T01:15,0.2
TOS09001200,2026-10-08T01:30,0.2
TOS09001200,2026-10-08T01:45,0.2
TOS09001200,2026-10-08T02:00,0.2
TOS09001200,2026-10-08T02:15,0.2
TOS09001200,2026-10-08T02:30,0.2
TOS09001200,2026-10-08T02:45,0.2
TOS09001200,2026-10-08T03:00,0.2
TOS09001200,2026-10-08T03:15,0.2
TOS09001200,2026-10-08T03:30,0.4
TOS09001200,2026-10-08T03:45,0.4
TOS09001200,2026-10-08T04:00,0.4
TOS09001200,2026-10-08T04:15,1.0
TOS09001200,2026-10-08T04:30,1.6
TOS09001200,2026-10-08T04:45,2.8
TOS09001200,2026-10-08T05:00,4.2
TOS09001200,2026-10-08T05:15,4.2
TOS09001200,2026-10-08T05:30,4.2
TOS09001200,2026-10-08T05:45,4.2
TOS09001200,2026-10-08T06:00,4.2
TOS09001200,2026-10-08T06:15,4.2
TOS09001200,2026-10-08T06:30,4.2
TOS09001200,2026-10-08T06:45,4.2
TOS09001200,2026-10-08T07:00,4.2
TOS09001200,2026-10-08T07:15,4.2
TOS09001200,2026-10-08T07:30,4.2
TOS09001200,2026-10-08T07:45,4.2
TOS09001200,2026-10-08T08:00,4.2
TOS09001200,2026-10-08T08:15,4.2
TOS09001200,2026-10-08T08:30,4.2
TOS09001200,2026-10-08T08:45,4.2
TOS09001200,2026-10-08T09:00,4.4
TOS09001200,2026-10-08T09:15,4.4
TOS09001200,2026-10-08T09:30,6.6
TOS09001200,2026-10-08T09:45,21.8
TOS09001200,2026-10-08T10:00,22.8
TOS09001200,2026-10-08T10:15,22.8
TOS09001200,2026-10-08T10:30,22.8
TOS09001200,2026-10-08T10:45,22.8
TOS09001200,2026-10-08T11:00,22.8
TOS09001200,2026-10-08T11:15,22.8
TOS09001200,2026-10-08T11:30,22.8
TOS09001200,2026-10-08T11:45,22.8
TOS09001200,2026-10-08T12:00,22.8
TOS09001200,2026-10-08T12:15,22.8
TOS09001200,2026-10-08T12:30,22.8
TOS09001200,2026-10-08T12:45,22.8
TOS09001200,2026-10-08T13:00,22.8
TOS09001200,2026-10-08T13:15,23.6
TOS09001200,2026-10-08T13:30,24.0
TOS09001200,2026-10-08T13:45,24.0
TOS09001200,2026-10-08T14:00,24.0
TOS09001200,2026-10-08T14:15,25.8
TOS09001200,2026-10-08T14:30,25.8
TOS09001200,2026-10-08T14:45,25.8
TOS09001200,2026-10-08T15:00,26.2
TOS09001200,2026-10-08T15:15,26.2
TOS09001200,2026-10-08T15:30,26.2
TOS09001200,2026-10-08T15:45,27.0
TOS09001200,2026-10-08T16:00,28.4
TOS09001200,2026-10-08T16:15,30.6
TOS09001200,2026-10-08T16:30,32.6
TOS09001200,2026-10-08T16:45,32.6
TOS09001200,2026-10-08T17:00,34.8
TOS09001200,2026-10-08T17:15,36.4
TOS09001200,2026-10-08T17:30,36.6
TOS09001200,2026-10-08T17:45,36.8
TOS09001200,2026-10-08T18:00,37.6
TOS09001200,2026-10-08T18:15,38.4
TOS09001200,2026-10-08T18:30,39.2
TOS09001200,2026-10-08T18:45,39.2
TOS09001200,2026-10-08T19:00,39.2
TOS09001200,2026-10-08T19:15,39.2
TOS09001200,2026-10-08T19:30,39.2
TOS09001200,2026-10-08T19:45,39.2
TOS09001200,2026-10-08T20:00,39.2
TOS09001200,2026-10-08T20:15,39.2
TOS09001200,2026-10-08T20:30,39.2
TOS09001200,2026-10-08T20:45,39.4
TOS09001200,2026-10-08T21:00,39.4
TOS09001200,2026-10-08T21:15,39.4
TOS09001200,2026-10-08T21:30,39.4
TOS09001200,2026-10-08T21:45,39.4
TOS09001200,2026-10-08T22:00,39.4
TOS09001200,2026-10-08T22:15,39.4
TOS09001200,2026-10-08T22:30,39.4
TOS09001200,2026-10-08T22:45,40.0
TOS09001200,2026-10-08T23:00,40.2
TOS09001200,2026-10-08T23:15,40.2
TOS09001200,2026-10-08T23:30,40.4
TOS09001200,2026-10-08T23:45,40.4
TOS09001210,2026-10-08T00:15,0.2
TOS09001210,2026-10-08T00:30,0.2
TOS09001210,2026-10-08T00:45,0.6
TOS09001210,2026-10-08T01:00,0.8
TOS09001210,2026-10-08T01:15,1.0
TOS09001210,2026-10-08T01:30,1.2
TOS09001210,2026-10-08T01:45,1.4
TOS09001210,2026-10-08T02:00,1.4
TOS09001210,2026-10-08T02:15,1.4
TOS09001210,2026-10-08T02:30,3.5
TOS09001210,2026-10-08T02:45,3.7
TOS09001210,2026-10-08T03:00,3.7
TOS09001210,2026-10-08T03:15,3.7
TOS09001210,2026-10-08T03:30,3.7
TOS09001210,2026-10-08T03:45,3.7
TOS09001210,2026-10-08T04:00,5.9
TOS09001210,2026-10-08T04:15,10.4
TOS09001210,2026-10-08T04:30,17.2
TOS09001210,2026-10-08T04:45,24.6
TOS09001210,2026-10-08T05:00,27.0
TOS09001210,2026-10-08T05:15,27.2
TOS09001210,2026-10-08T05:30,27.2
TOS09001210,2026-10-08T05:45,27.2
TOS09001210,2026-10-08T06:00,27.2
TOS09001210,2026-10-08T06:15,27.2
TOS09001210,2026-10-08T06:30,27.2
TOS09001210,2026-10-08T06:45,27.6
TOS09001210,2026-10-08T07:00,27.8
TOS09001210,2026-10-08T07:15,28.8
TOS09001210,2026-10-08T07:30,28.8
TOS09001210,2026-10-08T07:45,28.8
TOS09001210,2026-10-08T08:00,28.8
TOS09001210,2026-10-08T08:15,28.8
TOS09001210,2026-10-08T08:30,30.0
TOS09001210,2026-10-08T08:45,30.8
TOS09001210,2026-10-08T09:00,31.2
TOS09001210,2026-10-08T09:15,31.4
TOS09001210,2026-10-08T09:30,32.0
TOS09001210,2026-10-08T09:45,34.4
TOS09001210,2026-10-08T10:00,34.4
TOS09001210,2026-10-08T10:15,34.4
TOS09001210,2026-10-08T10:30,34.4
TOS09001210,2026-10-08T10:45,34.4
TOS09001210,2026-10-08T11:00,34.4
TOS09001210,2026-10-08T11:15,34.4
TOS09001210,2026-10-08T11:30,34.4
TOS09001210,2026-10-08T11:45,34.4
TOS09001210,2026-10-08T12:00,34.4
TOS09001210,2026-10-08T12:15,34.4
TOS09001210,2026-10-08T12:30,34.4
TOS09001210,2026-10-08T12:45,34.4
TOS09001210,2026-10-08T13:00,34.8
TOS09001210,2026-10-08T13:15,36.9
TOS09001210,2026-10-08T13:30,37.1
TOS09001210,2026-10-08T13:45,41.1
TOS09001210,2026-10-08T14:00,41.5
TOS09001210,2026-10-08T14:15,42.3
TOS09001210,2026-10-08T14:30,42.5
TOS09001210,2026-10-08T14:45,42.7
TOS09001210,2026-10-08T15:15,42.7
TOS09001210,2026-10-08T15:30,43.5
TOS09001210,2026-10-08T15:45,44.3
TOS09001210,2026-10-08T16:00,45.9
TOS09001210,2026-10-08T16:15,45.9
TOS09001210,2026-10-08T16:30,45.9
TOS09001210,2026-10-08T16:45,46.5
TOS09001210,2026-10-08T17:00,49.8
TOS09001210,2026-10-08T17:15,52.2
TOS09001210,2026-10-08T17:30,52.6
TOS09001210,2026-10-08T17:45,53.0
TOS09001210,2026-10-08T18:00,54.4
TOS09001210,2026-10-08T18:15,54.6
TOS09001210,2026-10-08T18:30,56.4
TOS09001210,2026-10-08T18:45,57.6
TOS09001210,2026-10-08T19:00,58.6
TOS09001210,2026-10-08T19:15,58.6
TOS09001210,2026-10-08T19:30,58.6
TOS09001210,2026-10-08T19:45,58.6
TOS09001210,2026-10-08T20:00,59.0
TOS09001210,2026-10-08T20:15,59.8
TOS09001210,2026-10-08T20:30,60.0
TOS09001210,2026-10-08T20:45,60.0
TOS09001210,2026-10-08T21:00,62.1
TOS09001210,2026-10-08T21:15,65.3
TOS09001210,2026-10-08T21:30,66.9
TOS09001210,2026-10-08T21:45,66.9
TOS09001210,2026-10-08T22:00,66.9
TOS09001210,2026-10-08T22:15,66.9
TOS09001210,2026-10-08T22:30,66.9
TOS09001210,2026-10-08T22:45,69.8
TOS09001210,2026-10-08T23:00,70.2
TOS09001210,2026-10-08T23:15,70.2
TOS09001210,2026-10-08T23:30,70.2
TOS09001210,2026-10-08T23:45,70.4
TOS09001220,2026-10-08T00:30,0.2
TOS09001220,2026-10-08T00:45,0.2
TOS09001220,2026-10-08T01:00,0.2
TOS09001220,2026-10-08T01:15,0.2
TOS09001220,2026-10-08T01:30,0.2
TOS09001220,2026-10-08T01:45,0.4
TOS09001220,2026-10-08T02:00,0.4
TOS09001220,2026-10-08T02:15,0.4
TOS09001220,2026-10-08T02:30,0.4
TOS09001220,2026-10-08T02:45,0.4
TOS09001220,2026-10-08T03:00,0.4
TOS09001220,2026-10-08T03:15,0.4
TOS09001220,2026-10-08T03:30,0.4
TOS09001220,2026-10-08T03:45,0.4
TOS09001220,2026-10-08T04:00,0.8
TOS09001220,2026-10-08T04:15,2.0
TOS09001220,2026-10-08T04:30,3.6
TOS09001220,2026-10-08T04:45,6.4
TOS09001220,2026-10-08T05:00,8.0
TOS09001220,2026-10-08T05:15,8.0
TOS09001220,2026-10-08T05:30,8.0
TOS09001220,2026-10-08T05:45,8.0
TOS09001220,2026-10-08T06:00,8.0
TOS09001220,2026-10-08T06:15,8.0
TOS09001220,2026-10-08T06:30,8.0
TOS09001220,2026-10-08T06:45,8.2
TOS09001220,2026-10-08T07:00,8.4
TOS09001220,2026-10-08T07:15,8.4
TOS09001220,2026-10-08T07:30,8.4
TOS09001220,2026-10-08T07:45,8.4
TOS09001220,2026-10-08T08:00,8.4
TOS09001220,2026-10-08T08:15,8.4
TOS09001220,2026-10-08T08:30,8.4
TOS09001220,2026-10-08T08:45,8.6
TOS09001220,2026-10-08T09:00,8.6
TOS09001220,2026-10-08T09:15,8.6
TOS09001220,2026-10-08T09:30,9.0
TOS09001220,2026-10-08T09:45,9.0
TOS09001220,2026-10-08T10:00,9.0
TOS09001220,2026-10-08T10:15,9.0
TOS09001220,2026-10-08T10:30,9.0
TOS09001220,2026-10-08T10:45,9.0
TOS09001220,2026-10-08T11:00,9.0
TOS09001220,2026-10-08T11:15,9.0
TOS09001220,2026-10-08T11:30,9.0
TOS09001220,2026-10-08T11:45,9.0
TOS09001220,2026-10-08T12:00,9.0
TOS09001220,2026-10-08T12:15,9.0
TOS09001220,2026-10-08T12:30,9.0
TOS09001220,2026-10-08T12:45,9.0
TOS09001220,2026-10-08T13:00,9.0
TOS09001220,2026-10-08T13:15,9.6
TOS09001220,2026-10-08T13:30,9.8
TOS09001220,2026-10-08T13:45,13.8
TOS09001220,2026-10-08T14:00,14.0
TOS09001220,2026-10-08T14:15,14.0
TOS09001220,2026-10-08T14:30,14.0
TOS09001220,2026-10-08T14:45,14.0
TOS09001220,2026-10-08T15:00,14.0
TOS09001220,2026-10-08T15:15,14.0
TOS09001220,2026-10-08T15:30,14.6
TOS09001220,2026-10-08T15:45,15.0
TOS09001220,2026-10-08T16:00,17.6
TOS09001220,2026-10-08T16:15,18.4
TOS09001220,2026-10-08T16:30,18.4
TOS09001220,2026-10-08T16:45,20.6
TOS09001220,2026-10-08T17:00,24.8
TOS09001220,2026-10-08T17:15,25.8
TOS09001220,2026-10-08T17:30,25.8
TOS09001220,2026-10-08T17:45,25.8
TOS09001220,2026-10-08T18:00,27.2
TOS09001220,2026-10-08T18:15,27.2
TOS09001220,2026-10-08T18:30,27.8
TOS09001220,2026-10-08T18:45,27.8
TOS09001220,2026-10-08T19:00,27.8
TOS09001220,2026-10-08T19:15,27.8
TOS09001220,2026-10-08T19:30,27.8
TOS09001220,2026-10-08T19:45,27.8
TOS09001220,2026-10-08T20:00,27.8
TOS09001220,2026-10-08T20:15,28.2
TOS09001220,2026-10-08T20:30,28.2
TOS09001220,2026-10-08T20:45,28.2
TOS09001220,2026-10-08T21:00,29.4
TOS09001220,2026-10-08T21:15,32.6
TOS09001220,2026-10-08T21:30,33.0
TOS09001220,2026-10-08T21:45,33.0
TOS09001220,2026-10-08T22:00,33.0
TOS09001220,2026-10-08T22:15,33.0
TOS09001220,2026-10-08T22:30,33.0
TOS09001220,2026-10-08T22:45,34.0
TOS09001220,2026-10-08T23:00,34.2
TOS09001220,2026-10-08T23:15,34.2
TOS09001220,2026-10-08T23:30,34.2
TOS09001220,2026-10-08T23:45,34.2
TOS09001230,2026-10-08T00:15,0.2
TOS09001230,2026-10-08T00:30,0.4
TOS09001230,2026-10-08T00:45,0.4
TOS09001230,2026-10-08T01:00,0.4
TOS09001230,2026-10-08T01:15,0.4
TOS09001230,2026-10-08T01:30,0.4
TOS09001230,2026-10-08T01:45,0.4
TOS09001230,2026-10-08T02:00,0.4
TOS09001230,2026-10-08T02:15,0.4
TOS09001230,2026-10-08T02:30,0.4
TOS09001230,2026-10-08T02:45,0.4
TOS09001230,2026-10-08T03:00,0.4
TOS09001230,2026-10-08T03:15,0.4
TOS09001230,2026-10-08T03:30,0.4
TOS09001230,2026-10-08T03:45,0.4
TOS09001230,2026-10-08T04:00,1.2
TOS09001230,2026-10-08T04:15,1.6
TOS09001230,2026-10-08T04:30,3.0
TOS09001230,2026-10-08T04:45,4.8
TOS09001230,2026-10-08T05:00,5.0
TOS09001230,2026-10-08T05:15,5.0
TOS09001230,2026-10-08T05:30,5.0
TOS09001230,2026-10-08T05:45,5.0
TOS09001230,2026-10-08T06:00,5.0
TOS09001230,2026-10-08T06:15,5.0
TOS09001230,2026-10-08T06:30,5.0
TOS09001230,2026-10-08T06:45,5.0
TOS09001230,2026-10-08T07:00,5.0
TOS09001230,2026-10-08T07:15,5.0
TOS09001230,2026-10-08T07:30,5.0
TOS09001230,2026-10-08T07:45,5.0
TOS09001230,2026-10-08T08:00,5.0
TOS09001230,2026-10-08T08:15,5.2
TOS09001230,2026-10-08T08:30,5.2
TOS09001230,2026-10-08T08:45,5.6
TOS09001230,2026-10-08T09:00,5.6
TOS09001230,2026-10-08T09:15,5.6
TOS09001230,2026-10-08T09:30,7.2
TOS09001230,2026-10-08T09:45,8.0
TOS09001230,2026-10-08T10:00,8.0
TOS09001230,2026-10-08T10:15,8.0
TOS09001230,2026-10-08T10:30,8.0
TOS09001230,2026-10-08T10:45,8.0
TOS09001230,2026-10-08T11:00,8.0
TOS09001230,2026-10-08T11:15,8.0
TOS09001230,2026-10-08T11:30,8.0
TOS09001230,2026-10-08T11:45,8.0
TOS09001230,2026-10-08T12:00,8.0
TOS09001230,2026-10-08T12:15,8.0
TOS09001230,2026-10-08T12:30,8.0
TOS09001230,2026-10-08T12:45,8.0
TOS09001230,2026-10-08T13:00,8.2
TOS09001230,2026-10-08T13:15,8.4
TOS09001230,2026-10-08T13:30,8.4
TOS09001230,2026-10-08T13:45,8.4
TOS09001230,2026-10-08T14:00,9.0
TOS09001230,2026-10-08T14:15,9.0
TOS09001230,2026-10-08T14:30,9.0
TOS09001230,2026-10-08T14:45,9.0
TOS09001230,2026-10-08T15:00,9.0
TOS09001230,2026-10-08T15:15,9.0
TOS09001230,2026-10-08T15:30,9.0
TOS09001230,2026-10-08T15:45,10.4
TOS09001230,2026-10-08T16:00,14.4
TOS09001230,2026-10-08T16:15,14.6
TOS09001230,2026-10-08T16:30,14.6
TOS09001230,2026-10-08T16:45,16.2
TOS09001230,2026-10-08T17:00,16.2
TOS09001230,2026-10-08T17:15,16.2
TOS09001230,2026-10-08T17:30,16.2
TOS09001230,2026-10-08T17:45,17.2
TOS09001230,2026-10-08T18:00,17.2
TOS09001230,2026-10-08T18:15,17.4
TOS09001230,2026-10-08T18:30,17.4
TOS09001230,2026-10-08T18:45,17.4
TOS09001230,2026-10-08T19:00,17.4
TOS09001230,2026-10-08T19:15,17.4
TOS09001230,2026-10-08T19:30,17.4
TOS09001230,2026-10-08T19:45,17.4
TOS09001230,2026-10-08T20:00,17.4
TOS09001230,2026-10-08T20:15,17.4
TOS09001230,2026-10-08T20:30,17.4
TOS09001230,2026-10-08T20:45,18.4
TOS09001230,2026-10-08T21:00,18.4
TOS09001230,2026-10-08T21:15,18.4
TOS09001230,2026-10-08T21:30,18.4
TOS09001230,2026-10-08T21:45,18.4
TOS09001230,2026-10-08T22:00,18.4
TOS09001230,2026-10-08T22:15,18.4
TOS09001230,2026-10-08T22:30,18.4
TOS09001230,2026-10-08T22:45,18.4
TOS09001230,2026-10-08T23:00,18.4
TOS09001230,2026-10-08T23:15,18.4
TOS09001230,2026-10-08T23:30,18.4
TOS09001230,2026-10-08T23:45,18.4
TOS11000001,2026-10-08T02:00,0.2
TOS11000001,2026-10-08T02:15,0.2
TOS11000001,2026-10-08T02:30,0.2
TOS11000001,2026-10-08T02:45,0.2
TOS11000001,2026-10-08T03:00,0.2
TOS11000001,2026-10-08T03:15,0.2
TOS11000001,2026-10-08T03:30,0.2
TOS11000001,2026-10-08T03:45,0.4
TOS11000001,2026-10-08T04:00,0.6
TOS11000001,2026-10-08T04:15,1.4
TOS11000001,2026-10-08T04:30,6.2
TOS11000001,2026-10-08T04:45,8.6
TOS11000001,2026-10-08T05:00,9.0
TOS11000001,2026-10-08T05:15,9.0
TOS11000001,2026-10-08T05:30,9.0
TOS11000001,2026-10-08T05:45,9.0
TOS11000001,2026-10-08T06:00,9.0
TOS11000001,2026-10-08T06:15,9.0
TOS11000001,2026-10-08T06:30,9.0
TOS11000001,2026-10-08T06:45,9.0
TOS11000001,2026-10-08T07:00,9.0
TOS11000001,2026-10-08T07:15,9.0
TOS11000001,2026-10-08T07:30,9.0
TOS11000001,2026-10-08T07:45,9.0
TOS11000001,2026-10-08T08:00,9.0
TOS11000001,2026-10-08T08:15,9.0
TOS11000001,2026-10-08T08:30,9.0
TOS11000001,2026-10-08T08:45,9.0
TOS11000001,2026-10-08T09:00,9.0
TOS11000001,2026-10-08T09:15,9.0
TOS11000001,2026-10-08T09:30,9.0
TOS11000001,2026-10-08T09:45,9.0
TOS11000001,2026-10-08T10:00,15.2
TOS11000001,2026-10-08T10:15,15.4
TOS11000001,2026-10-08T10:30,15.4
TOS11000001,2026-10-08T10:45,16.2
TOS11000001,2026-10-08T11:00,16.2
TOS11000001,2026-10-08T11:15,16.2
TOS11000001,2026-10-08T11:30,17.0
TOS11000001,2026-10-08T11:45,18.2
TOS11000001,2026-10-08T12:00,18.4
TOS11000001,2026-10-08T12:15,18.4
TOS11000001,2026-10-08T12:30,18.4
TOS11000001,2026-10-08T12:45,18.4
TOS11000001,2026-10-08T13:00,18.4
TOS11000001,2026-10-08T13:15,18.4
TOS11000001,2026-10-08T13:30,18.4
TOS11000001,2026-10-08T13:45,18.4
TOS11000001,2026-10-08T14:00,18.4
TOS11000001,2026-10-08T14:15,18.4
TOS11000001,2026-10-08T14:30,18.4
TOS11000001,2026-10-08T14:45,18.4
TOS11000001,2026-10-08T15:00,18.4
TOS11000001,2026-10-08T15:15,18.4
TOS11000001,2026-10-08T15:30,18.4
TOS11000001,2026-10-08T15:45,18.4
TOS11000001,2026-10-08T16:00,18.4
TOS11000001,2026-10-08T16:15,18.4
TOS11000001,2026-10-08T16:30,18.4
TOS11000001,2026-10-08T16:45,18.4
TOS11000001,2026-10-08T17:00,18.4
TOS11000001,2026-10-08T17:15,18.4
TOS11000001,2026-10-08T17:30,18.4
TOS11000001,2026-10-08T17:45,18.4
TOS11000001,2026-10-08T18:00,18.4
TOS11000001,2026-10-08T18:15,18.4
TOS11000001,2026-10-08T18:30,18.4
TOS11000001,2026-10-08T18:45,18.4
TOS11000001,2026-10-08T19:00,18.4
TOS11000001,2026-10-08T19:15,18.4
TOS11000001,2026-10-08T19:30,18.4
TOS11000001,2026-10-08T19:45,18.4
TOS11000001,2026-10-08T20:00,18.4
TOS11000001,2026-10-08T20:15,18.4
TOS11000001,2026-10-08T20:30,18.4
TOS11000001,2026-10-08T20:45,18.4
TOS11000001,2026-10-08T21:00,18.4
TOS11000001,2026-10-08T21:15,18.4
TOS11000001,2026-10-08T21:30,18.4
TOS11000001,2026-10-08T21:45,18.4
TOS11000001,2026-10-08T22:00,18.4
TOS11000001,2026-10-08T22:15,18.4
TOS11000001,2026-10-08T22:30,18.4
TOS11000001,2026-10-08T22:45,18.4
TOS11000001,2026-10-08T23:00,18.4
TOS11000001,2026-10-08T23:15,18.6
TOS11000001,2026-10-08T23:30,19.4
TOS11000001,2026-10-08T23:45,19.8
TOS11000011,2026-10-08T00:10,0.2
TOS11000011,2026-10-08T00:15,1.2
TOS11000011,2026-10-08T00:20,2.7
TOS11000011,2026-10-08T00:25,2.9
TOS11000011,2026-10-08T00:30,3.5
TOS11000011,2026-10-08T00:35,3.5
TOS11000011,2026-10-08T00:40,3.7
TOS11000011,2026-10-08T00:45,3.7
TOS11000011,2026-10-08T00:50,3.7
TOS11000011,2026-10-08T00:55,3.7
TOS11000011,2026-10-08T01:00,3.7
TOS11000011,2026-10-08T01:05,3.7
TOS11000011,2026-10-08T01:10,3.7
TOS11000011,2026-10-08T01:15,3.9
TOS11000011,2026-10-08T01:20,3.9
TOS11000011,2026-10-08T01:25,3.9
TOS11000011,2026-10-08T01:30,3.9
TOS11000011,2026-10-08T01:35,3.9
TOS11000011,2026-10-08T01:40,3.9
TOS11000011,2026-10-08T01:45,3.9
TOS11000011,2026-10-08T01:50,3.9
TOS11000011,2026-10-08T01:55,3.9
TOS11000011,2026-10-08T02:00,3.9
TOS11000011,2026-10-08T02:05,3.9
TOS11000011,2026-10-08T02:10,4.7
TOS11000011,2026-10-08T02:15,5.3
TOS11000011,2026-10-08T02:20,5.5
TOS11000011,2026-10-08T02:25,6.1
TOS11000011,2026-10-08T02:30,6.3
TOS11000011,2026-10-08T02:35,6.3
TOS11000011,2026-10-08T02:40,6.3
TOS11000011,2026-10-08T02:45,7.1
TOS11000011,2026-10-08T02:50,7.7
TOS11000011,2026-10-08T02:55,9.1
TOS11000011,2026-10-08T03:00,9.3
TOS11000011,2026-10-08T03:05,9.5
TOS11000011,2026-10-08T03:10,9.9
TOS11000011,2026-10-08T03:15,10.7
TOS11000011,2026-10-08T03:20,11.5
TOS11000011,2026-10-08T03:25,11.5
TOS11000011,2026-10-08T03:30,11.5
TOS11000011,2026-10-08T03:35,12.7
TOS11000011,2026-10-08T03:40,14.3
TOS11000011,2026-10-08T03:45,16.8
TOS11000011,2026-10-08T03:50,19.2
TOS11000011,2026-10-08T03:55,20.5
TOS11000011,2026-10-08T04:00,20.7
TOS11000011,2026-10-08T04:05,20.7
TOS11000011,2026-10-08T04:10,22.5
TOS11000011,2026-10-08T04:15,23.9
TOS11000011,2026-10-08T04:20,25.3
TOS11000011,2026-10-08T04:25,26.5
TOS11000011,2026-10-08T04:30,26.7
TOS11000011,2026-10-08T04:35,26.9
TOS11000011,2026-10-08T04:40,27.1
TOS11000011,2026-10-08T04:45,27.3
TOS11000011,2026-10-08T04:50,27.3
TOS11000011,2026-10-08T04:55,27.3
TOS11000011,2026-10-08T05:00,27.3
TOS11000011,2026-10-08T05:05,27.3
TOS11000011,2026-10-08T05:10,27.3
TOS11000011,2026-10-08T05:15,27.3
TOS11000011,2026-10-08T05:20,27.3
TOS11000011,2026-10-08T05:25,27.3
TOS11000011,2026-10-08T05:30,27.3
TOS11000011,2026-10-08T05:35,27.3
TOS11000011,2026-10-08T05:40,27.3
TOS11000011,2026-10-08T05:45,27.3
TOS11000011,2026-10-08T05:50,27.3
TOS11000011,2026-10-08T05:55,27.3
TOS11000011,2026-10-08T06:00,27.3
TOS11000011,2026-10-08T06:05,27.3
TOS11000011,2026-10-08T06:10,27.3
TOS11000011,2026-10-08T06:15,27.3
TOS11000011,2026-10-08T06:20,27.3
TOS11000011,2026-10-08T06:25,27.3
TOS11000011,2026-10-08T06:30,27.3
TOS11000011,2026-10-08T06:35,27.3
TOS11000011,2026-10-08T06:40,27.3
TOS11000011,2026-10-08T06:45,27.3
TOS11000011,2026-10-08T06:50,27.3
TOS11000011,2026-10-08T06:55,27.3
TOS11000011,2026-10-08T07:00,27.3
TOS11000011,2026-10-08T07:05,27.3
TOS11000011,2026-10-08T07:10,27.3
TOS11000011,2026-10-08T07:15,27.3
TOS11000011,2026-10-08T07:20,27.3
TOS11000011,2026-10-08T07:25,27.3
TOS11000011,2026-10-08T07:30,27.3
TOS11000011,2026-10-08T07:35,27.3
TOS11000011,2026-10-08T07:40,27.3
TOS11000011,2026-10-08T07:45,27.3
TOS11000011,2026-10-08T07:50,27.3
TOS11000011,2026-10-08T07:55,27.3
TOS11000011,2026-10-08T08:00,27.3
TOS11000011,2026-10-08T08:05,27.3
TOS11000011,2026-10-08T08:10,27.3
TOS11000011,2026-10-08T08:15,27.3
TOS11000011,2026-10-08T08:20,27.3
TOS11000011,2026-10-08T08:25,27.3
TOS11000011,2026-10-08T08:30,27.3
TOS11000011,2026-10-08T08:35,27.3
TOS11000011,2026-10-08T08:40,27.3
TOS11000011,2026-10-08T08:45,27.3
TOS11000011,2026-10-08T08:50,27.3
TOS11000011,2026-10-08T08:55,27.3
TOS11000011,2026-10-08T09:00,27.3
TOS11000011,2026-10-08T09:05,27.3
TOS11000011,2026-10-08T09:10,27.3
TOS11000011,2026-10-08T09:15,27.3
TOS11000011,2026-10-08T09:20,27.3
TOS11000011,2026-10-08T09:25,27.3
TOS11000011,2026-10-08T09:30,27.5
TOS11000011,2026-10-08T09:35,27.9
TOS11000011,2026-10-08T09:40,28.3
TOS11000011,2026-10-08T09:45,28.9
TOS11000011,2026-10-08T09:50,29.7
TOS11000011,2026-10-08T09:55,30.5
TOS11000011,2026-10-08T10:00,30.5
TOS11000011,2026-10-08T10:05,30.5
TOS11000011,2026-10-08T10:10,30.5
TOS11000011,2026-10-08T10:15,30.5
TOS11000011,2026-10-08T10:20,30.5
TOS11000011,2026-10-08T10:25,30.5
TOS11000011,2026-10-08T10:30,30.5
TOS11000011,2026-10-08T10:35,30.5
TOS11000011,2026-10-08T10:40,30.5
TOS11000011,2026-10-08T10:45,30.5
TOS11000011,2026-10-08T10:50,30.5
TOS11000011,2026-10-08T10:55,30.7
TOS11000011,2026-10-08T11:00,30.9
TOS11000011,2026-10-08T11:05,32.0
TOS11000011,2026-10-08T11:10,32.2
TOS11000011,2026-10-08T11:15,32.2
TOS11000011,2026-10-08T11:20,32.2
TOS11000011,2026-10-08T11:25,32.2
TOS11000011,2026-10-08T11:30,32.2
TOS11000011,2026-10-08T11:35,32.2
TOS11000011,2026-10-08T11:40,32.2
TOS11000011,2026-10-08T11:45,32.2
TOS11000011,2026-10-08T11:50,32.2
TOS11000011,2026-10-08T11:55,32.2
TOS11000011,2026-10-08T12:00,32.4
TOS11000011,2026-10-08T12:05,33.8
TOS11000011,2026-10-08T12:10,34.0
TOS11000011,2026-10-08T12:15,34.0
TOS11000011,2026-10-08T12:20,34.0
TOS11000011,2026-10-08T12:25,34.0
TOS11000011,2026-10-08T12:30,34.0
TOS11000011,2026-10-08T12:35,34.0
TOS11000011,2026-10-08T12:40,34.0
TOS11000011,2026-10-08T12:45,34.2
TOS11000011,2026-10-08T12:50,34.2
TOS11000011,2026-10-08T12:55,34.2
TOS11000011,2026-10-08T13:00,34.2
TOS11000011,2026-10-08T13:05,34.2
TOS11000011,2026-10-08T13:10,34.2
TOS11000011,2026-10-08T13:15,34.2
TOS11000011,2026-10-08T13:20,34.2
TOS11000011,2026-10-08T13:25,34.2
TOS11000011,2026-10-08T13:30,34.2
TOS11000011,2026-10-08T13:35,34.2
TOS11000011,2026-10-08T13:40,34.2
TOS11000011,2026-10-08T13:45,34.2
TOS11000011,2026-10-08T13:50,34.2
TOS11000011,2026-10-08T13:55,34.2
TOS11000011,2026-10-08T14:00,34.2
TOS11000011,2026-10-08T14:05,34.2
TOS11000011,2026-10-08T14:10,34.2
TOS11000011,2026-10-08T14:15,34.2
TOS11000011,2026-10-08T14:20,34.2
TOS11000011,2026-10-08T14:25,34.2
TOS11000011,2026-10-08T14:30,34.2
TOS11000011,2026-10-08T14:35,34.2
TOS11000011,2026-10-08T14:40,34.2
TOS11000011,2026-10-08T14:45,34.2
TOS11000011,2026-10-08T14:50,34.2
TOS11000011,2026-10-08T14:55,34.2
TOS11000011,2026-10-08T15:00,34.2
TOS11000011,2026-10-08T15:05,34.2
TOS11000011,2026-10-08T15:10,34.2
TOS11000011,2026-10-08T15:15,34.2
TOS11000011,2026-10-08T15:20,34.2
TOS11000011,2026-10-08T15:25,34.2
TOS11000011,2026-10-08T15:30,34.2
TOS11000011,2026-10-08T15:35,34.2
TOS11000011,2026-10-08T15:40,37.9
TOS11000011,2026-10-08T15:45,38.3
TOS11000011,2026-10-08T15:50,38.3
TOS11000011,2026-10-08T15:55,38.5
TOS11000011,2026-10-08T16:00,38.5
TOS11000011,2026-10-08T16:05,38.5
TOS11000011,2026-10-08T16:10,38.5
TOS11000011,2026-10-08T16:15,38.5
TOS11000011,2026-10-08T16:20,38.5
TOS11000011,2026-10-08T16:25,38.5
TOS11000011,2026-10-08T16:30,38.5
TOS11000011,2026-10-08T16:35,38.5
TOS11000011,2026-10-08T16:40,38.9
TOS11000011,2026-10-08T16:45,38.9
TOS11000011,2026-10-08T16:50,38.9
TOS11000011,2026-10-08T16:55,39.1
TOS11000011,2026-10-08T17:00,39.1
TOS11000011,2026-10-08T17:05,39.1
TOS11000011,2026-10-08T17:10,39.1
TOS11000011,2026-10-08T17:15,39.1
TOS11000011,2026-10-08T17:20,39.1
TOS11000011,2026-10-08T17:25,39.1
TOS11000011,2026-10-08T17:30,39.1
TOS11000011,2026-10-08T17:35,39.1
TOS11000011,2026-10-08T17:40,39.1
TOS11000011,2026-10-08T17:45,39.1
TOS11000011,2026-10-08T17:50,39.1
TOS11000011,2026-10-08T17:55,39.1
TOS11000011,2026-10-08T18:00,39.1
TOS11000011,2026-10-08T18:05,39.1
TOS11000011,2026-10-08T18:10,39.1
TOS11000011,2026-10-08T18:15,39.1
TOS11000011,2026-10-08T18:20,39.1
TOS11000011,2026-10-08T18:25,39.1
TOS11000011,2026-10-08T18:30,39.1
TOS11000011,2026-10-08T18:35,39.1
TOS11000011,2026-10-08T18:40,39.1
TOS11000011,2026-10-08T18:45,39.1
TOS11000011,2026-10-08T18:50,39.1
TOS11000011,2026-10-08T18:55,39.1
TOS11000011,2026-10-08T19:00,39.1
TOS11000011,2026-10-08T19:05,39.1
TOS11000011,2026-10-08T19:10,39.1
TOS11000011,2026-10-08T19:15,39.1
TOS11000011,2026-10-08T19:20,39.1
TOS11000011,2026-10-08T19:25,39.1
TOS11000011,2026-10-08T19:30,39.1
TOS11000011,2026-10-08T19:35,39.1
TOS11000011,2026-10-08T19:40,39.1
TOS11000011,2026-10-08T19:45,39.1
TOS11000011,2026-10-08T19:50,39.1
TOS11000011,2026-10-08T19:55,39.1
TOS11000011,2026-10-08T20:00,39.1
TOS11000011,2026-10-08T20:05,39.1
TOS11000011,2026-10-08T20:10,39.1
TOS11000011,2026-10-08T20:15,39.1
TOS11000011,2026-10-08T20:20,39.1
TOS11000011,2026-10-08T20:25,39.1
TOS11000011,2026-10-08T20:30,39.1
TOS11000011,2026-10-08T20:35,39.1
TOS11000011,2026-10-08T20:40,39.1
TOS11000011,2026-10-08T20:45,39.1
TOS11000011,2026-10-08T20:50,39.1
TOS11000011,2026-10-08T20:55,39.1
TOS11000011,2026-10-08T21:00,39.1
TOS11000011,2026-10-08T21:05,39.1
TOS11000011,2026-10-08T21:10,39.1
TOS11000011,2026-10-08T21:15,39.1
TOS11000011,2026-10-08T21:20,39.1
TOS11000011,2026-10-08T21:25,39.1
TOS11000011,2026-10-08T21:30,39.1
TOS11000011,2026-10-08T21:35,39.1
TOS11000011,2026-10-08T21:40,39.1
TOS11000011,2026-10-08T21:45,39.1
TOS11000011,2026-10-08T21:50,39.1
TOS11000011,2026-10-08T21:55,39.1
TOS11000011,2026-10-08T22:00,39.1
TOS11000011,2026-10-08T22:05,39.1
TOS11000011,2026-10-08T22:10,39.1
TOS11000011,2026-10-08T22:15,39.1
TOS11000011,2026-10-08T22:20,39.1
TOS11000011,2026-10-08T22:25,39.1
TOS11000011,2026-10-08T22:30,39.1
TOS11000011,2026-10-08T22:35,39.9
TOS11000011,2026-10-08T22:40,40.3
TOS11000011,2026-10-08T22:45,40.5
TOS11000011,2026-10-08T22:50,40.5
TOS11000011,2026-10-08T22:55,40.5
TOS11000011,2026-10-08T23:00,40.7
TOS11000011,2026-10-08T23:05,40.7
TOS11000011,2026-10-08T23:10,40.7
TOS11000011,2026-10-08T23:15,40.7
TOS11000011,2026-10-08T23:20,40.7
TOS11000011,2026-10-08T23:25,40.7
TOS11000011,2026-10-08T23:30,40.7
TOS11000011,2026-10-08T23:35,40.7
TOS11000011,2026-10-08T23:40,40.7
TOS11000011,2026-10-08T23:45,40.7
TOS11000011,2026-10-08T23:50,40.7
TOS11000011,2026-10-08T23:55,40.7
TOS11000020,2026-10-08T03:15,0.2
TOS11000020,2026-10-08T03:30,0.2
TOS11000020,2026-10-08T03:45,0.2
TOS11000020,2026-10-08T04:00,1.0
TOS11000020,2026-10-08T04:15,1.6
TOS11000020,2026-10-08T04:30,3.2
TOS11000020,2026-10-08T04:45,6.6
TOS11000020,2026-10-08T05:00,13.5
TOS11000020,2026-10-08T05:15,13.7
TOS11000020,2026-10-08T05:30,13.7
TOS11000020,2026-10-08T05:45,13.7
TOS11000020,2026-10-08T06:00,13.7
TOS11000020,2026-10-08T06:15,13.7
TOS11000020,2026-10-08T06:30,13.7
TOS11000020,2026-10-08T06:45,13.7
TOS11000020,2026-10-08T07:00,13.7
TOS11000020,2026-10-08T07:15,13.7
TOS11000020,2026-10-08T07:30,13.7
TOS11000020,2026-10-08T07:45,13.7
TOS11000020,2026-10-08T08:00,13.7
TOS11000020,2026-10-08T08:15,13.7
TOS11000020,2026-10-08T08:30,13.9
TOS11000020,2026-10-08T08:45,13.9
TOS11000020,2026-10-08T09:00,13.9
TOS11000020,2026-10-08T09:15,13.9
TOS11000020,2026-10-08T09:30,13.9
TOS11000020,2026-10-08T09:45,13.9
TOS11000020,2026-10-08T10:00,13.9
TOS11000020,2026-10-08T10:15,14.9
TOS11000020,2026-10-08T10:30,15.7
TOS11000020,2026-10-08T10:45,15.9
TOS11000020,2026-10-08T11:00,16.7
TOS11000020,2026-10-08T11:15,16.7
TOS11000020,2026-10-08T11:30,16.7
TOS11000020,2026-10-08T11:45,16.7
TOS11000020,2026-10-08T12:00,16.7
TOS11000020,2026-10-08T12:15,17.9
TOS11000020,2026-10-08T12:30,17.9
TOS11000020,2026-10-08T12:45,17.9
TOS11000020,2026-10-08T13:00,17.9
TOS11000020,2026-10-08T13:15,17.9
TOS11000020,2026-10-08T13:30,17.9
TOS11000020,2026-10-08T13:45,17.9
TOS11000020,2026-10-08T14:00,17.9
TOS11000020,2026-10-08T14:15,17.9
TOS11000020,2026-10-08T14:30,17.9
TOS11000020,2026-10-08T14:45,17.9
TOS11000020,2026-10-08T15:00,17.9
TOS11000020,2026-10-08T15:15,17.9
TOS11000020,2026-10-08T15:30,17.9
TOS11000020,2026-10-08T15:45,17.9
TOS11000020,2026-10-08T16:00,17.9
TOS11000020,2026-10-08T16:15,17.9
TOS11000020,2026-10-08T16:30,17.9
TOS11000020,2026-10-08T16:45,17.9
TOS11000020,2026-10-08T17:00,17.9
TOS11000020,2026-10-08T17:15,17.9
TOS11000020,2026-10-08T17:30,17.9
TOS11000020,2026-10-08T17:45,17.9
TOS11000020,2026-10-08T18:00,17.9
TOS11000020,2026-10-08T18:15,17.9
TOS11000020,2026-10-08T18:30,17.9
TOS11000020,2026-10-08T18:45,17.9
TOS11000020,2026-10-08T19:00,17.9
TOS11000020,2026-10-08T19:15,17.9
TOS11000020,2026-10-08T19:30,17.9
TOS11000020,2026-10-08T19:45,17.9
TOS11000020,2026-10-08T20:00,17.9
TOS11000020,2026-10-08T20:15,17.9
TOS11000020,2026-10-08T20:30,17.9
TOS11000020,2026-10-08T20:45,17.9
TOS11000020,2026-10-08T21:00,17.9
TOS11000020,2026-10-08T21:15,17.9
TOS11000020,2026-10-08T21:30,19.1
TOS11000020,2026-10-08T21:45,19.1
TOS11000020,2026-10-08T22:00,19.3
TOS11000020,2026-10-08T22:15,19.3
TOS11000020,2026-10-08T22:30,19.3
TOS11000020,2026-10-08T22:45,19.3
TOS11000020,2026-10-08T23:00,19.5
TOS11000020,2026-10-08T23:15,20.1
TOS11000020,2026-10-08T23:30,20.9
TOS11000020,2026-10-08T23:45,21.1
TOS11000027,2026-10-08T00:30,2.4
TOS11000027,2026-10-08T00:45,2.4
TOS11000027,2026-10-08T01:00,2.4
TOS11000027,2026-10-08T01:15,3.0
TOS11000027,2026-10-08T01:30,3.0
TOS11000027,2026-10-08T01:45,3.0
TOS11000027,2026-10-08T02:00,3.0
TOS11000027,2026-10-08T02:15,3.0
TOS11000027,2026-10-08T02:30,3.0
TOS11000027,2026-10-08T02:45,3.0
TOS11000027,2026-10-08T03:00,3.0
TOS11000027,2026-10-08T03:15,3.0
TOS11000027,2026-10-08T03:30,3.0
TOS11000027,2026-10-08T03:45,3.0
TOS11000027,2026-10-08T04:00,3.4
TOS11000027,2026-10-08T04:15,4.2
TOS11000027,2026-10-08T04:30,6.6
TOS11000027,2026-10-08T04:45,7.8
TOS11000027,2026-10-08T05:00,7.8
TOS11000027,2026-10-08T05:15,7.8
TOS11000027,2026-10-08T05:30,7.8
TOS11000027,2026-10-08T05:45,8.0
TOS11000027,2026-10-08T06:00,8.0
TOS11000027,2026-10-08T06:15,8.0
TOS11000027,2026-10-08T06:30,8.0
TOS11000027,2026-10-08T06:45,8.0
TOS11000027,2026-10-08T07:00,8.0
TOS11000027,2026-10-08T07:15,8.0
TOS11000027,2026-10-08T07:30,8.0
TOS11000027,2026-10-08T07:45,8.0
TOS11000027,2026-10-08T08:00,8.8
TOS11000027,2026-10-08T08:15,9.6
TOS11000027,2026-10-08T08:30,9.6
TOS11000027,2026-10-08T08:45,9.6
TOS11000027,2026-10-08T09:00,9.8
TOS11000027,2026-10-08T09:15,12.1
TOS11000027,2026-10-08T09:30,13.1
TOS11000027,2026-10-08T09:45,13.1
TOS11000027,2026-10-08T10:00,13.1
TOS11000027,2026-10-08T10:15,13.1
TOS11000027,2026-10-08T10:30,13.1
TOS11000027,2026-10-08T10:45,13.1
TOS11000027,2026-10-08T11:00,13.1
TOS11000027,2026-10-08T11:15,13.1
TOS11000027,2026-10-08T11:30,13.1
TOS11000027,2026-10-08T11:45,13.1
TOS11000027,2026-10-08T12:00,13.1
TOS11000027,2026-10-08T12:15,13.3
TOS11000027,2026-10-08T12:30,13.3
TOS11000027,2026-10-08T12:45,17.8
TOS11000027,2026-10-08T13:00,18.0
TOS11000027,2026-10-08T13:15,18.0
TOS11000027,2026-10-08T13:30,18.0
TOS11000027,2026-10-08T13:45,18.0
TOS11000027,2026-10-08T14:00,18.0
TOS11000027,2026-10-08T14:15,18.0
TOS11000027,2026-10-08T14:30,18.0
TOS11000027,2026-10-08T14:45,18.0
TOS11000027,2026-10-08T15:00,18.0
TOS11000027,2026-10-08T15:15,18.0
TOS11000027,2026-10-08T15:30,18.0
TOS11000027,2026-10-08T15:45,18.0
TOS11000027,2026-10-08T16:00,18.2
TOS11000027,2026-10-08T16:15,18.2
TOS11000027,2026-10-08T16:30,18.4
TOS11000027,2026-10-08T16:45,21.5
TOS11000027,2026-10-08T17:00,22.5
TOS11000027,2026-10-08T17:15,22.5
TOS11000027,2026-10-08T17:30,22.5
TOS11000027,2026-10-08T17:45,22.5
TOS11000027,2026-10-08T18:00,22.5
TOS11000027,2026-10-08T18:15,24.7
TOS11000027,2026-10-08T18:30,24.7
TOS11000027,2026-10-08T18:45,24.7
TOS11000027,2026-10-08T19:00,24.7
TOS11000027,2026-10-08T19:15,24.7
TOS11000027,2026-10-08T19:30,24.7
TOS11000027,2026-10-08T19:45,24.7
TOS11000027,2026-10-08T20:00,24.7
TOS11000027,2026-10-08T20:15,24.7
TOS11000027,2026-10-08T20:30,24.7
TOS11000027,2026-10-08T20:45,24.7
TOS11000027,2026-10-08T21:00,24.7
TOS11000027,2026-10-08T21:15,24.7
TOS11000027,2026-10-08T21:30,24.7
TOS11000027,2026-10-08T21:45,24.7
TOS11000027,2026-10-08T22:00,24.7
TOS11000027,2026-10-08T22:15,24.7
TOS11000027,2026-10-08T22:30,25.5
TOS11000027,2026-10-08T22:45,25.5
TOS11000027,2026-10-08T23:00,25.5
TOS11000027,2026-10-08T23:15,25.5
TOS11000027,2026-10-08T23:30,25.5
TOS11000027,2026-10-08T23:45,25.5
TOS11000029,2026-10-08T00:10,0.2
TOS11000029,2026-10-08T00:15,0.2
TOS11000029,2026-10-08T00:20,0.2
TOS11000029,2026-10-08T00:25,0.2
TOS11000029,2026-10-08T00:30,0.8
TOS11000029,2026-10-08T00:35,1.2
TOS11000029,2026-10-08T00:40,1.2
TOS11000029,2026-10-08T00:45,1.2
TOS11000029,2026-10-08T00:50,1.4
TOS11000029,2026-10-08T00:55,1.4
TOS11000029,2026-10-08T01:00,1.4
TOS11000029,2026-10-08T01:05,1.4
TOS11000029,2026-10-08T01:10,1.4
TOS11000029,2026-10-08T01:15,1.4
TOS11000029,2026-10-08T01:20,1.4
TOS11000029,2026-10-08T01:25,1.4
TOS11000029,2026-10-08T01:30,1.4
TOS11000029,2026-10-08T01:35,1.4
TOS11000029,2026-10-08T01:40,1.4
TOS11000029,2026-10-08T01:45,1.4
TOS11000029,2026-10-08T01:50,1.4
TOS11000029,2026-10-08T01:55,1.4
TOS11000029,2026-10-08T02:00,1.4
TOS11000029,2026-10-08T02:05,1.4
TOS11000029,2026-10-08T02:10,1.4
TOS11000029,2026-10-08T02:15,1.4
TOS11000029,2026-10-08T02:20,1.4
TOS11000029,2026-10-08T02:25,1.4
TOS11000029,2026-10-08T02:30,1.4
TOS11000029,2026-10-08T02:35,1.4
TOS11000029,2026-10-08T02:40,1.4
TOS11000029,2026-10-08T02:45,1.4
TOS11000029,2026-10-08T02:50,1.4
TOS11000029,2026-10-08T02:55,1.4
TOS11000029,2026-10-08T03:00,1.4
TOS11000029,2026-10-08T03:05,1.4
TOS11000029,2026-10-08T03:10,1.4
TOS11000029,2026-10-08T03:15,1.4
TOS11000029,2026-10-08T03:20,1.4
TOS11000029,2026-10-08T03:25,1.4
TOS11000029,2026-10-08T03:30,1.4
TOS11000029,2026-10-08T03:35,1.4
TOS11000029,2026-10-08T03:40,1.4
TOS11000029,2026-10-08T03:45,1.4
TOS11000029,2026-10-08T03:50,1.4
TOS11000029,2026-10-08T03:55,1.4
TOS11000029,2026-10-08T04:00,1.8
TOS11000029,2026-10-08T04:05,2.8
TOS11000029,2026-10-08T04:10,3.2
TOS11000029,2026-10-08T04:15,3.4
TOS11000029,2026-10-08T04:20,4.0
TOS11000029,2026-10-08T04:25,4.6
TOS11000029,2026-10-08T04:30,6.0
TOS11000029,2026-10-08T04:35,7.0
TOS11000029,2026-10-08T04:40,7.6
TOS11000029,2026-10-08T04:45,8.2
TOS11000029,2026-10-08T04:50,8.6
TOS11000029,2026-10-08T04:55,8.6
TOS11000029,2026-10-08T05:00,8.6
TOS11000029,2026-10-08T05:05,8.6
TOS11000029,2026-10-08T05:10,8.6
TOS11000029,2026-10-08T05:15,8.6
TOS11000029,2026-10-08T05:20,8.6
TOS11000029,2026-10-08T05:25,8.6
TOS11000029,2026-10-08T05:30,8.6
TOS11000029,2026-10-08T05:35,8.6
TOS11000029,2026-10-08T05:40,8.6
TOS11000029,2026-10-08T05:45,8.6
TOS11000029,2026-10-08T05:50,8.6
TOS11000029,2026-10-08T05:55,8.6
TOS11000029,2026-10-08T06:00,8.6
TOS11000029,2026-10-08T06:05,8.6
TOS11000029,2026-10-08T06:10,8.6
TOS11000029,2026-10-08T06:15,8.6
TOS11000029,2026-10-08T06:20,8.6
TOS11000029,2026-10-08T06:25,8.8
TOS11000029,2026-10-08T06:30,9.0
TOS11000029,2026-10-08T06:35,9.0
TOS11000029,2026-10-08T06:40,9.0
TOS11000029,2026-10-08T06:45,9.0
TOS11000029,2026-10-08T06:50,9.0
TOS11000029,2026-10-08T06:55,9.0
TOS11000029,2026-10-08T07:00,9.2
TOS11000029,2026-10-08T07:05,9.2
TOS11000029,2026-10-08T07:10,9.2
TOS11000029,2026-10-08T07:15,9.2
TOS11000029,2026-10-08T07:20,9.2
TOS11000029,2026-10-08T07:25,9.2
TOS11000029,2026-10-08T07:30,9.2
TOS11000029,2026-10-08T07:35,9.2
TOS11000029,2026-10-08T07:40,9.2
TOS11000029,2026-10-08T07:45,9.2
TOS11000029,2026-10-08T07:50,9.2
TOS11000029,2026-10-08T07:55,9.2
TOS11000029,2026-10-08T08:00,9.2
TOS11000029,2026-10-08T08:05,9.2
TOS11000029,2026-10-08T08:10,9.6
TOS11000029,2026-10-08T08:15,9.8
TOS11000029,2026-10-08T08:20,9.8
TOS11000029,2026-10-08T08:25,9.8
TOS11000029,2026-10-08T08:30,10.0
TOS11000029,2026-10-08T08:35,10.0
TOS11000029,2026-10-08T08:40,10.0
TOS11000029,2026-10-08T08:45,10.0
TOS11000029,2026-10-08T08:50,10.0
TOS11000029,2026-10-08T08:55,10.0
TOS11000029,2026-10-08T09:00,10.0
TOS11000029,2026-10-08T09:05,10.0
TOS11000029,2026-10-08T09:10,10.0
TOS11000029,2026-10-08T09:15,10.0
TOS11000029,2026-10-08T09:20,10.0
TOS11000029,2026-10-08T09:25,10.0
TOS11000029,2026-10-08T09:30,10.0
TOS11000029,2026-10-08T09:35,10.0
TOS11000029,2026-10-08T09:40,10.0
TOS11000029,2026-10-08T09:45,10.0
TOS11000029,2026-10-08T09:50,10.0
TOS11000029,2026-10-08T09:55,10.0
TOS11000029,2026-10-08T10:00,10.0
TOS11000029,2026-10-08T10:05,10.0
TOS11000029,2026-10-08T10:10,10.0
TOS11000029,2026-10-08T10:15,10.0
TOS11000029,2026-10-08T10:20,10.0
TOS11000029,2026-10-08T10:25,10.0
TOS11000029,2026-10-08T10:30,10.2
TOS11000029,2026-10-08T10:35,10.4
TOS11000029,2026-10-08T10:40,10.4
TOS11000029,2026-10-08T10:45,10.4
TOS11000029,2026-10-08T10:50,10.4
TOS11000029,2026-10-08T10:55,10.4
TOS11000029,2026-10-08T11:00,10.4
TOS11000029,2026-10-08T11:05,10.4
TOS11000029,2026-10-08T11:10,10.4
TOS11000029,2026-10-08T11:15,10.4
TOS11000029,2026-10-08T11:20,10.4
TOS11000029,2026-10-08T11:25,10.4
TOS11000029,2026-10-08T11:30,10.4
TOS11000029,2026-10-08T11:35,10.4
TOS11000029,2026-10-08T11:40,10.4
TOS11000029,2026-10-08T11:45,10.4
TOS11000029,2026-10-08T11:50,10.4
TOS11000029,2026-10-08T11:55,10.4
TOS11000029,2026-10-08T12:00,10.4
TOS11000029,2026-10-08T12:05,10.4
TOS11000029,2026-10-08T12:10,10.4
TOS11000029,2026-10-08T12:15,10.4
TOS11000029,2026-10-08T12:20,10.4
TOS11000029,2026-10-08T12:25,10.4
TOS11000029,2026-10-08T12:30,10.4
TOS11000029,2026-10-08T12:35,10.4
TOS11000029,2026-10-08T12:40,10.4
TOS11000029,2026-10-08T12:45,10.4
TOS11000029,2026-10-08T12:50,12.2
TOS11000029,2026-10-08T12:55,14.1
TOS11000029,2026-10-08T13:00,14.3
TOS11000029,2026-10-08T13:05,14.3
TOS11000029,2026-10-08T13:10,14.3
TOS11000029,2026-10-08T13:15,14.3
TOS11000029,2026-10-08T13:20,14.3
TOS11000029,2026-10-08T13:25,14.5
TOS11000029,2026-10-08T13:30,14.7
TOS11000029,2026-10-08T13:35,14.7
TOS11000029,2026-10-08T13:40,14.7
TOS11000029,2026-10-08T13:45,14.7
TOS11000029,2026-10-08T13:50,14.7
TOS11000029,2026-10-08T13:55,14.7
TOS11000029,2026-10-08T14:00,14.7
TOS11000029,2026-10-08T14:05,14.7
TOS11000029,2026-10-08T14:10,14.7
TOS11000029,2026-10-08T14:15,14.7
TOS11000029,2026-10-08T14:20,14.7
TOS11000029,2026-10-08T14:25,14.7
TOS11000029,2026-10-08T14:30,14.7
TOS11000029,2026-10-08T14:35,14.7
TOS11000029,2026-10-08T14:40,14.7
TOS11000029,2026-10-08T14:45,14.7
TOS11000029,2026-10-08T14:50,14.7
TOS11000029,2026-10-08T14:55,14.7
TOS11000029,2026-10-08T15:00,14.7
TOS11000029,2026-10-08T15:05,14.7
TOS11000029,2026-10-08T15:10,14.7
TOS11000029,2026-10-08T15:15,15.1
TOS11000029,2026-10-08T15:20,16.9
TOS11000029,2026-10-08T15:25,16.9
TOS11000029,2026-10-08T15:30,16.9
TOS11000029,2026-10-08T15:35,16.9
TOS11000029,2026-10-08T15:40,17.1
TOS11000029,2026-10-08T15:45,18.1
TOS11000029,2026-10-08T15:50,20.8
TOS11000029,2026-10-08T15:55,21.4
TOS11000029,2026-10-08T16:00,21.4
TOS11000029,2026-10-08T16:05,21.4
TOS11000029,2026-10-08T16:10,21.4
TOS11000029,2026-10-08T16:15,21.4
TOS11000029,2026-10-08T16:20,21.4
TOS11000029,2026-10-08T16:25,21.4
TOS11000029,2026-10-08T16:30,21.6
TOS11000029,2026-10-08T16:35,28.9
TOS11000029,2026-10-08T16:40,30.3
TOS11000029,2026-10-08T16:45,30.3
TOS11000029,2026-10-08T16:50,31.0
TOS11000029,2026-10-08T16:55,31.2
TOS11000029,2026-10-08T17:00,31.2
TOS11000029,2026-10-08T17:05,31.2
TOS11000029,2026-10-08T17:10,31.2
TOS11000029,2026-10-08T17:15,31.2
TOS11000029,2026-10-08T17:20,31.2
TOS11000029,2026-10-08T17:25,31.2
TOS11000029,2026-10-08T17:30,31.2
TOS11000029,2026-10-08T17:35,31.2
TOS11000029,2026-10-08T17:40,31.4
TOS11000029,2026-10-08T17:45,32.2
TOS11000029,2026-10-08T17:50,32.4
TOS11000029,2026-10-08T17:55,32.4
TOS11000029,2026-10-08T18:00,32.4
TOS11000029,2026-10-08T18:05,32.4
TOS11000029,2026-10-08T18:10,32.4
TOS11000029,2026-10-08T18:15,32.4
TOS11000029,2026-10-08T18:20,32.4
TOS11000029,2026-10-08T18:25,32.4
TOS11000029,2026-10-08T18:30,32.4
TOS11000029,2026-10-08T18:35,32.4
TOS11000029,2026-10-08T18:40,32.4
TOS11000029,2026-10-08T18:45,32.4
TOS11000029,2026-10-08T18:50,32.4
TOS11000029,2026-10-08T18:55,32.4
TOS11000029,2026-10-08T19:00,32.4
TOS11000029,2026-10-08T19:05,32.4
TOS11000029,2026-10-08T19:10,32.4
TOS11000029,2026-10-08T19:15,32.4
TOS11000029,2026-10-08T19:20,32.4
TOS11000029,2026-10-08T19:25,32.4
TOS11000029,2026-10-08T19:30,32.4
TOS11000029,2026-10-08T19:35,32.4
TOS11000029,2026-10-08T19:40,32.4
TOS11000029,2026-10-08T19:45,32.4
TOS11000029,2026-10-08T19:50,32.4
TOS11000029,2026-10-08T19:55,32.4
TOS11000029,2026-10-08T20:00,32.4
TOS11000029,2026-10-08T20:05,32.4
TOS11000029,2026-10-08T20:10,32.4
TOS11000029,2026-10-08T20:15,32.4
TOS11000029,2026-10-08T20:20,32.4
TOS11000029,2026-10-08T20:25,32.4
TOS11000029,2026-10-08T20:30,32.4
TOS11000029,2026-10-08T20:35,32.4
TOS11000029,2026-10-08T20:40,32.4
TOS11000029,2026-10-08T20:45,32.4
TOS11000029,2026-10-08T20:50,32.4
TOS11000029,2026-10-08T20:55,32.4
TOS11000029,2026-10-08T21:00,32.6
TOS11000029,2026-10-08T21:05,33.0
TOS11000029,2026-10-08T21:10,33.0
TOS11000029,2026-10-08T21:15,33.0
TOS11000029,2026-10-08T21:20,33.0
TOS11000029,2026-10-08T21:25,33.0
TOS11000029,2026-10-08T21:30,33.0
TOS11000029,2026-10-08T21:35,33.0
TOS11000029,2026-10-08T21:40,33.0
TOS11000029,2026-10-08T21:45,33.0
TOS11000029,2026-10-08T21:50,33.0
TOS11000029,2026-10-08T21:55,33.0
TOS11000029,2026-10-08T22:00,33.0
TOS11000029,2026-10-08T22:05,33.0
TOS11000029,2026-10-08T22:10,33.0
TOS11000029,2026-10-08T22:15,33.0
TOS11000029,2026-10-08T22:20,33.0
TOS11000029,2026-10-08T22:25,33.0
TOS11000029,2026-10-08T22:30,33.2
TOS11000029,2026-10-08T22:35,33.2
TOS11000029,2026-10-08T22:40,33.2
TOS11000029,2026-10-08T22:45,33.2
TOS11000029,2026-10-08T22:50,33.2
TOS11000029,2026-10-08T22:55,33.2
TOS11000029,2026-10-08T23:00,33.2
TOS11000029,2026-10-08T23:05,33.4
TOS11000029,2026-10-08T23:10,33.6
TOS11000029,2026-10-08T23:15,33.6
TOS11000029,2026-10-08T23:20,33.6
TOS11000029,2026-10-08T23:25,33.6
TOS11000029,2026-10-08T23:30,33.6
TOS11000029,2026-10-08T23:35,33.6
TOS11000029,2026-10-08T23:40,33.6
TOS11000029,2026-10-08T23:45,33.6
TOS11000029,2026-10-08T23:50,33.6
TOS11000029,2026-10-08T23:55,33.6
TOS11000031,2026-10-08T04:15,0.4
TOS11000031,2026-10-08T04:30,0.4
TOS11000031,2026-10-08T04:45,2.6
TOS11000031,2026-10-08T05:00,4.4
TOS11000031,2026-10-08T05:15,5.8
TOS11000031,2026-10-08T05:30,6.2
TOS11000031,2026-10-08T05:45,6.2
TOS11000031,2026-10-08T06:00,6.2
TOS11000031,2026-10-08T06:15,6.2
TOS11000031,2026-10-08T06:30,6.2
TOS11000031,2026-10-08T06:45,6.2
TOS11000031,2026-10-08T07:00,6.2
TOS11000031,2026-10-08T07:15,6.2
TOS11000031,2026-10-08T07:30,6.2
TOS11000031,2026-10-08T07:45,6.2
TOS11000031,2026-10-08T08:00,6.2
TOS11000031,2026-10-08T08:15,6.2
TOS11000031,2026-10-08T08:30,6.2
TOS11000031,2026-10-08T08:45,6.2
TOS11000031,2026-10-08T09:00,6.2
TOS11000031,2026-10-08T09:15,6.2
TOS11000031,2026-10-08T09:30,6.2
TOS11000031,2026-10-08T09:45,6.2
TOS11000031,2026-10-08T10:00,6.2
TOS11000031,2026-10-08T10:15,6.2
TOS11000031,2026-10-08T10:30,6.8
TOS11000031,2026-10-08T10:45,7.0
TOS11000031,2026-10-08T11:00,7.4
TOS11000031,2026-10-08T11:15,8.0
TOS11000031,2026-10-08T11:30,8.6
TOS11000031,2026-10-08T11:45,8.6
TOS11000031,2026-10-08T12:00,10.0
TOS11000031,2026-10-08T12:15,10.2
TOS11000031,2026-10-08T12:30,10.2
TOS11000031,2026-10-08T12:45,10.2
TOS11000031,2026-10-08T13:00,10.2
TOS11000031,2026-10-08T13:15,10.2
TOS11000031,2026-10-08T13:30,10.2
TOS11000031,2026-10-08T13:45,10.4
TOS11000031,2026-10-08T14:00,12.5
TOS11000031,2026-10-08T14:15,12.5
TOS11000031,2026-10-08T14:30,12.5
TOS11000031,2026-10-08T14:45,12.5
TOS11000031,2026-10-08T15:00,12.5
TOS11000031,2026-10-08T15:15,12.5
TOS11000031,2026-10-08T15:30,12.5
TOS11000031,2026-10-08T15:45,12.5
TOS11000031,2026-10-08T16:00,12.5
TOS11000031,2026-10-08T16:15,12.5
TOS11000031,2026-10-08T16:30,12.7
TOS11000031,2026-10-08T16:45,12.7
TOS11000031,2026-10-08T17:00,12.9
TOS11000031,2026-10-08T17:15,12.9
TOS11000031,2026-10-08T17:30,12.9
TOS11000031,2026-10-08T17:45,12.9
TOS11000031,2026-10-08T18:00,12.9
TOS11000031,2026-10-08T18:15,12.9
TOS11000031,2026-10-08T18:30,12.9
TOS11000031,2026-10-08T18:45,12.9
TOS11000031,2026-10-08T19:00,12.9
TOS11000031,2026-10-08T19:15,12.9
TOS11000031,2026-10-08T19:30,12.9
TOS11000031,2026-10-08T19:45,12.9
TOS11000031,2026-10-08T20:00,12.9
TOS11000031,2026-10-08T20:15,12.9
TOS11000031,2026-10-08T20:30,12.9
TOS11000031,2026-10-08T20:45,12.9
TOS11000031,2026-10-08T21:00,12.9
TOS11000031,2026-10-08T21:15,12.9
TOS11000031,2026-10-08T21:30,12.9
TOS11000031,2026-10-08T21:45,14.5
TOS11000031,2026-10-08T22:00,14.9
TOS11000031,2026-10-08T22:15,14.9
TOS11000031,2026-10-08T22:30,15.1
TOS11000031,2026-10-08T22:45,15.1
TOS11000031,2026-10-08T23:00,15.1
TOS11000031,2026-10-08T23:15,15.3
TOS11000031,2026-10-08T23:30,15.3
TOS11000031,2026-10-08T23:45,15.9
TOS11000032,2026-10-08T00:15,2.4
TOS11000032,2026-10-08T00:30,3.4
TOS11000032,2026-10-08T00:45,3.6
TOS11000032,2026-10-08T01:00,3.8
TOS11000032,2026-10-08T01:15,3.8
TOS11000032,2026-10-08T01:30,3.8
TOS11000032,2026-10-08T01:45,3.8
TOS11000032,2026-10-08T02:00,4.0
TOS11000032,2026-10-08T02:15,4.0
TOS11000032,2026-10-08T02:30,4.0
TOS11000032,2026-10-08T02:45,4.2
TOS11000032,2026-10-08T03:00,4.2
TOS11000032,2026-10-08T03:15,4.2
TOS11000032,2026-10-08T03:30,4.2
TOS11000032,2026-10-08T03:45,4.2
TOS11000032,2026-10-08T04:00,4.2
TOS11000032,2026-10-08T04:15,4.6
TOS11000032,2026-10-08T04:30,4.8
TOS11000032,2026-10-08T04:45,10.1
TOS11000032,2026-10-08T05:00,11.7
TOS11000032,2026-10-08T05:15,12.5
TOS11000032,2026-10-08T05:30,12.5
TOS11000032,2026-10-08T05:45,12.7
TOS11000032,2026-10-08T06:00,12.7
TOS11000032,2026-10-08T06:15,12.7
TOS11000032,2026-10-08T06:30,12.7
TOS11000032,2026-10-08T06:45,12.7
TOS11000032,2026-10-08T07:00,12.7
TOS11000032,2026-10-08T07:15,12.7
TOS11000032,2026-10-08T07:30,12.7
TOS11000032,2026-10-08T07:45,12.7
TOS11000032,2026-10-08T08:00,12.7
TOS11000032,2026-10-08T08:15,12.7
TOS11000032,2026-10-08T08:30,12.7
TOS11000032,2026-10-08T08:45,12.7
TOS11000032,2026-10-08T09:00,12.7
TOS11000032,2026-10-08T09:15,12.7
TOS11000032,2026-10-08T09:30,12.7
TOS11000032,2026-10-08T09:45,12.7
TOS11000032,2026-10-08T10:00,12.7
TOS11000032,2026-10-08T10:15,12.7
TOS11000032,2026-10-08T10:30,19.1
TOS11000032,2026-10-08T10:45,21.3
TOS11000032,2026-10-08T11:00,24.0
TOS11000032,2026-10-08T11:15,24.4
TOS11000032,2026-10-08T11:30,24.4
TOS11000032,2026-10-08T11:45,24.4
TOS11000032,2026-10-08T12:00,24.4
TOS11000032,2026-10-08T12:15,24.4
TOS11000032,2026-10-08T12:30,24.4
TOS11000032,2026-10-08T12:45,24.4
TOS11000032,2026-10-08T13:00,24.4
TOS11000032,2026-10-08T13:15,24.6
TOS11000032,2026-10-08T13:30,26.2
TOS11000032,2026-10-08T13:45,26.4
TOS11000032,2026-10-08T14:00,26.4
TOS11000032,2026-10-08T14:15,26.4
TOS11000032,2026-10-08T14:30,26.4
TOS11000032,2026-10-08T14:45,26.4
TOS11000032,2026-10-08T15:00,26.4
TOS11000032,2026-10-08T15:15,26.4
TOS11000032,2026-10-08T15:30,26.4
TOS11000032,2026-10-08T15:45,26.4
TOS11000032,2026-10-08T16:00,26.4
TOS11000032,2026-10-08T16:15,26.4
TOS11000032,2026-10-08T16:30,26.4
TOS11000032,2026-10-08T16:45,26.4
TOS11000032,2026-10-08T17:00,26.8
TOS11000032,2026-10-08T17:15,27.0
TOS11000032,2026-10-08T17:30,27.0
TOS11000032,2026-10-08T17:45,27.0
TOS11000032,2026-10-08T18:00,27.0
TOS11000032,2026-10-08T18:15,27.0
TOS11000032,2026-10-08T18:30,27.0
TOS11000032,2026-10-08T18:45,27.0
TOS11000032,2026-10-08T19:00,27.0
TOS11000032,2026-10-08T19:15,27.0
TOS11000032,2026-10-08T19:30,27.0
TOS11000032,2026-10-08T19:45,27.0
TOS11000032,2026-10-08T20:00,27.0
TOS11000032,2026-10-08T20:15,27.0
TOS11000032,2026-10-08T20:30,27.0
TOS11000032,2026-10-08T20:45,27.0
TOS11000032,2026-10-08T21:00,27.0
TOS11000032,2026-10-08T21:15,27.0
TOS11000032,2026-10-08T21:30,27.4
TOS11000032,2026-10-08T21:45,27.4
TOS11000032,2026-10-08T22:00,27.4
TOS11000032,2026-10-08T22:15,27.4
TOS11000032,2026-10-08T22:30,27.4
TOS11000032,2026-10-08T22:45,27.4
TOS11000032,2026-10-08T23:00,27.4
TOS11000032,2026-10-08T23:15,27.4
TOS11000032,2026-10-08T23:30,27.4
TOS11000032,2026-10-08T23:45,27.4
TOS11000033,2026-10-08T04:00,0.4
TOS11000033,2026-10-08T04:15,0.8
TOS11000033,2026-10-08T04:30,2.2
TOS11000033,2026-10-08T04:45,4.6
TOS11000033,2026-10-08T05:00,8.1
TOS11000033,2026-10-08T05:15,8.5
TOS11000033,2026-10-08T05:30,8.7
TOS11000033,2026-10-08T05:45,8.7
TOS11000033,2026-10-08T06:00,8.7
TOS11000033,2026-10-08T06:15,8.7
TOS11000033,2026-10-08T06:30,8.7
TOS11000033,2026-10-08T06:45,8.7
TOS11000033,2026-10-08T07:00,8.7
TOS11000033,2026-10-08T07:15,8.7
TOS11000033,2026-10-08T07:30,8.7
TOS11000033,2026-10-08T07:45,8.7
TOS11000033,2026-10-08T08:00,8.7
TOS11000033,2026-10-08T08:15,8.7
TOS11000033,2026-10-08T08:30,8.7
TOS11000033,2026-10-08T08:45,8.7
TOS11000033,2026-10-08T09:00,8.7
TOS11000033,2026-10-08T09:15,8.7
TOS11000033,2026-10-08T09:30,8.7
TOS11000033,2026-10-08T09:45,8.7
TOS11000033,2026-10-08T10:00,8.7
TOS11000033,2026-10-08T10:15,9.1
TOS11000033,2026-10-08T10:30,9.5
TOS11000033,2026-10-08T10:45,10.3
TOS11000033,2026-10-08T11:00,10.3
TOS11000033,2026-10-08T11:15,10.3
TOS11000033,2026-10-08T11:30,10.3
TOS11000033,2026-10-08T11:45,10.3
TOS11000033,2026-10-08T12:00,10.3
TOS11000033,2026-10-08T12:15,10.5
TOS11000033,2026-10-08T12:30,10.5
TOS11000033,2026-10-08T12:45,10.5
TOS11000033,2026-10-08T13:00,10.5
TOS11000033,2026-10-08T13:15,10.5
TOS11000033,2026-10-08T13:30,10.5
TOS11000033,2026-10-08T13:45,10.5
TOS11000033,2026-10-08T14:00,10.7
TOS11000033,2026-10-08T14:15,10.7
TOS11000033,2026-10-08T14:30,10.7
TOS11000033,2026-10-08T14:45,10.7
TOS11000033,2026-10-08T15:00,10.7
TOS11000033,2026-10-08T15:15,10.7
TOS11000033,2026-10-08T15:30,10.7
TOS11000033,2026-10-08T15:45,10.7
TOS11000033,2026-10-08T16:00,10.7
TOS11000033,2026-10-08T16:15,10.7
TOS11000033,2026-10-08T16:30,10.7
TOS11000033,2026-10-08T16:45,10.7
TOS11000033,2026-10-08T17:00,10.7
TOS11000033,2026-10-08T17:15,10.7
TOS11000033,2026-10-08T17:30,10.7
TOS11000033,2026-10-08T17:45,10.7
TOS11000033,2026-10-08T18:00,10.7
TOS11000033,2026-10-08T18:15,10.7
TOS11000033,2026-10-08T18:30,10.7
TOS11000033,2026-10-08T18:45,10.7
TOS11000033,2026-10-08T19:00,10.7
TOS11000033,2026-10-08T19:15,10.7
TOS11000033,2026-10-08T19:30,10.7
TOS11000033,2026-10-08T19:45,10.7
TOS11000033,2026-10-08T20:00,10.7
TOS11000033,2026-10-08T20:15,10.7
TOS11000033,2026-10-08T20:30,10.7
TOS11000033,2026-10-08T20:45,10.7
TOS11000033,2026-10-08T21:00,10.7
TOS11000033,2026-10-08T21:15,10.7
TOS11000033,2026-10-08T21:30,10.9
TOS11000033,2026-10-08T21:45,11.5
TOS11000033,2026-10-08T22:00,11.5
TOS11000033,2026-10-08T22:15,11.5
TOS11000033,2026-10-08T22:30,12.5
TOS11000033,2026-10-08T22:45,12.5
TOS11000033,2026-10-08T23:00,12.5
TOS11000033,2026-10-08T23:15,12.7
TOS11000033,2026-10-08T23:30,13.5
TOS11000033,2026-10-08T23:45,13.5
TOS11000034,2026-10-08T01:00,0.2
TOS11000034,2026-10-08T01:15,0.4
TOS11000034,2026-10-08T01:30,0.6
TOS11000034,2026-10-08T01:45,0.6
TOS11000034,2026-10-08T02:00,0.6
TOS11000034,2026-10-08T02:15,0.8
TOS11000034,2026-10-08T02:30,0.8
TOS11000034,2026-10-08T02:45,1.0
TOS11000034,2026-10-08T03:00,1.0
TOS11000034,2026-10-08T03:15,1.0
TOS11000034,2026-10-08T03:30,1.0
TOS11000034,2026-10-08T03:45,1.0
TOS11000034,2026-10-08T04:00,1.2
TOS11000034,2026-10-08T04:15,2.4
TOS11000034,2026-10-08T04:30,7.1
TOS11000034,2026-10-08T04:45,13.6
TOS11000034,2026-10-08T05:00,17.6
TOS11000034,2026-10-08T05:15,18.2
TOS11000034,2026-10-08T05:30,18.2
TOS11000034,2026-10-08T05:45,18.2
TOS11000034,2026-10-08T06:00,18.2
TOS11000034,2026-10-08T06:15,18.2
TOS11000034,2026-10-08T06:30,18.2
TOS11000034,2026-10-08T06:45,18.4
TOS11000034,2026-10-08T07:00,18.4
TOS11000034,2026-10-08T07:15,19.0
TOS11000034,2026-10-08T07:30,19.0
TOS11000034,2026-10-08T07:45,19.0
TOS11000034,2026-10-08T08:00,19.2
TOS11000034,2026-10-08T08:15,19.4
TOS11000034,2026-10-08T08:30,19.8
TOS11000034,2026-10-08T08:45,20.2
TOS11000034,2026-10-08T09:00,20.2
TOS11000034,2026-10-08T09:15,21.2
TOS11000034,2026-10-08T09:30,21.8
TOS11000034,2026-10-08T09:45,23.2
TOS11000034,2026-10-08T10:00,25.0
TOS11000034,2026-10-08T10:15,25.0
TOS11000034,2026-10-08T10:30,25.2
TOS11000034,2026-10-08T10:45,25.2
TOS11000034,2026-10-08T11:00,25.2
TOS11000034,2026-10-08T11:15,25.2
TOS11000034,2026-10-08T11:30,25.2
TOS11000034,2026-10-08T11:45,25.2
TOS11000034,2026-10-08T12:00,25.2
TOS11000034,2026-10-08T12:15,25.2
TOS11000034,2026-10-08T12:30,25.2
TOS11000034,2026-10-08T12:45,25.2
TOS11000034,2026-10-08T13:00,25.2
TOS11000034,2026-10-08T13:15,25.6
TOS11000034,2026-10-08T13:30,26.2
TOS11000034,2026-10-08T13:45,26.6
TOS11000034,2026-10-08T14:00,27.4
TOS11000034,2026-10-08T14:15,27.4
TOS11000034,2026-10-08T14:30,27.8
TOS11000034,2026-10-08T14:45,28.0
TOS11000034,2026-10-08T15:00,28.0
TOS11000034,2026-10-08T15:15,28.0
TOS11000034,2026-10-08T15:30,28.0
TOS11000034,2026-10-08T15:45,28.2
TOS11000034,2026-10-08T16:00,28.2
TOS11000034,2026-10-08T16:15,31.5
TOS11000034,2026-10-08T16:30,33.1
TOS11000034,2026-10-08T16:45,33.1
TOS11000034,2026-10-08T17:00,34.9
TOS11000034,2026-10-08T17:15,38.1
TOS11000034,2026-10-08T17:30,39.9
TOS11000034,2026-10-08T17:45,42.2
TOS11000034,2026-10-08T18:00,42.8
TOS11000034,2026-10-08T18:15,43.0
TOS11000034,2026-10-08T18:30,43.6
TOS11000034,2026-10-08T18:45,44.6
TOS11000034,2026-10-08T19:00,44.6
TOS11000034,2026-10-08T19:15,44.8
TOS11000034,2026-10-08T19:30,45.0
TOS11000034,2026-10-08T19:45,45.0
TOS11000034,2026-10-08T20:00,45.4
TOS11000034,2026-10-08T20:15,45.8
TOS11000034,2026-10-08T20:30,46.4
TOS11000034,2026-10-08T20:45,48.6
TOS11000034,2026-10-08T21:00,49.0
TOS11000034,2026-10-08T21:15,49.6
TOS11000034,2026-10-08T21:30,51.6
TOS11000034,2026-10-08T21:45,51.6
TOS11000034,2026-10-08T22:00,51.8
TOS11000034,2026-10-08T22:15,51.8
TOS11000034,2026-10-08T22:30,51.8
TOS11000034,2026-10-08T22:45,51.8
TOS11000034,2026-10-08T23:00,52.4
TOS11000034,2026-10-08T23:15,52.4
TOS11000034,2026-10-08T23:30,52.6
TOS11000034,2026-10-08T23:45,52.6
TOS11000036,2026-10-08T03:45,0.2
TOS11000036,2026-10-08T04:00,0.6
TOS11000036,2026-10-08T04:15,0.6
TOS11000036,2026-10-08T04:30,0.8
TOS11000036,2026-10-08T04:45,1.0
TOS11000036,2026-10-08T05:00,1.2
TOS11000036,2026-10-08T05:15,1.2
TOS11000036,2026-10-08T05:30,1.2
TOS11000036,2026-10-08T05:45,1.2
TOS11000036,2026-10-08T06:00,1.2
TOS11000036,2026-10-08T06:15,1.2
TOS11000036,2026-10-08T06:30,1.2
TOS11000036,2026-10-08T06:45,1.2
TOS11000036,2026-10-08T07:00,1.2
TOS11000036,2026-10-08T07:15,1.2
TOS11000036,2026-10-08T07:30,1.2
TOS11000036,2026-10-08T07:45,1.2
TOS11000036,2026-10-08T08:00,1.2
TOS11000036,2026-10-08T08:15,1.2
TOS11000036,2026-10-08T08:30,1.2
TOS11000036,2026-10-08T08:45,1.2
TOS11000036,2026-10-08T09:00,1.2
TOS11000036,2026-10-08T09:15,1.2
TOS11000036,2026-10-08T09:30,1.2
TOS11000036,2026-10-08T09:45,1.2
TOS11000036,2026-10-08T10:00,1.2
TOS11000036,2026-10-08T10:15,1.2
TOS11000036,2026-10-08T10:30,17.8
TOS11000036,2026-10-08T10:45,18.6
TOS11000036,2026-10-08T11:00,18.6
TOS11000036,2026-10-08T11:15,18.6
TOS11000036,2026-10-08T11:30,18.6
TOS11000036,2026-10-08T11:45,18.6
TOS11000036,2026-10-08T12:00,18.6
TOS11000036,2026-10-08T12:15,18.6
TOS11000036,2026-10-08T12:30,18.6
TOS11000036,2026-10-08T12:45,18.6
TOS11000036,2026-10-08T13:00,18.6
TOS11000036,2026-10-08T13:15,18.6
TOS11000036,2026-10-08T13:30,18.6
TOS11000036,2026-10-08T13:45,18.6
TOS11000036,2026-10-08T14:00,18.6
TOS11000036,2026-10-08T14:15,18.6
TOS11000036,2026-10-08T14:30,18.6
TOS11000036,2026-10-08T14:45,18.6
TOS11000036,2026-10-08T15:00,18.6
TOS11000036,2026-10-08T15:15,18.6
TOS11000036,2026-10-08T15:30,18.6
TOS11000036,2026-10-08T15:45,18.6
TOS11000036,2026-10-08T16:00,18.6
TOS11000036,2026-10-08T16:15,18.6
TOS11000036,2026-10-08T16:30,18.6
TOS11000036,2026-10-08T16:45,18.6
TOS11000036,2026-10-08T17:00,18.6
TOS11000036,2026-10-08T17:15,18.6
TOS11000036,2026-10-08T17:30,18.6
TOS11000036,2026-10-08T17:45,18.6
TOS11000036,2026-10-08T18:00,18.6
TOS11000036,2026-10-08T18:15,18.6
TOS11000036,2026-10-08T18:30,18.6
TOS11000036,2026-10-08T18:45,18.6
TOS11000036,2026-10-08T19:00,18.6
TOS11000036,2026-10-08T19:15,18.6
TOS11000036,2026-10-08T19:30,18.6
TOS11000036,2026-10-08T19:45,18.6
TOS11000036,2026-10-08T20:00,18.6
TOS11000036,2026-10-08T20:15,18.6
TOS11000036,2026-10-08T20:30,18.6
TOS11000036,2026-10-08T20:45,18.6
TOS11000036,2026-10-08T21:00,18.6
TOS11000036,2026-10-08T21:15,18.6
TOS11000036,2026-10-08T21:30,20.2
TOS11000036,2026-10-08T21:45,20.2
TOS11000036,2026-10-08T22:00,20.4
TOS11000036,2026-10-08T22:15,20.6
TOS11000036,2026-10-08T22:30,20.6
TOS11000036,2026-10-08T22:45,20.6
TOS11000036,2026-10-08T23:00,20.6
TOS11000036,2026-10-08T23:15,20.6
TOS11000036,2026-10-08T23:30,21.2
TOS11000036,2026-10-08T23:45,22.0
TOS11000045,2026-10-08T04:45,0.2
TOS11000045,2026-10-08T05:00,0.2
TOS11000045,2026-10-08T05:15,0.2
TOS11000045,2026-10-08T05:30,0.6
TOS11000045,2026-10-08T05:45,0.8
TOS11000045,2026-10-08T06:00,0.8
TOS11000045,2026-10-08T06:15,0.8
TOS11000045,2026-10-08T06:30,0.8
TOS11000045,2026-10-08T06:45,0.8
TOS11000045,2026-10-08T07:00,0.8
TOS11000045,2026-10-08T07:15,0.8
TOS11000045,2026-10-08T07:30,0.8
TOS11000045,2026-10-08T07:45,0.8
TOS11000045,2026-10-08T08:00,0.8
TOS11000045,2026-10-08T08:15,0.8
TOS11000045,2026-10-08T08:30,0.8
TOS11000045,2026-10-08T08:45,0.8
TOS11000045,2026-10-08T09:00,0.8
TOS11000045,2026-10-08T09:15,0.8
TOS11000045,2026-10-08T09:30,0.8
TOS11000045,2026-10-08T09:45,0.8
TOS11000045,2026-10-08T10:00,0.8
TOS11000045,2026-10-08T10:15,0.8
TOS11000045,2026-10-08T10:30,0.8
TOS11000045,2026-10-08T10:45,0.8
TOS11000045,2026-10-08T11:00,0.8
TOS11000045,2026-10-08T11:15,7.3
TOS11000045,2026-10-08T11:30,15.4
TOS11000045,2026-10-08T11:45,18.1
TOS11000045,2026-10-08T12:00,19.1
TOS11000045,2026-10-08T12:15,19.1
TOS11000045,2026-10-08T12:30,19.1
TOS11000045,2026-10-08T12:45,19.1
TOS11000045,2026-10-08T13:00,19.1
TOS11000045,2026-10-08T13:15,19.1
TOS11000045,2026-10-08T13:30,19.1
TOS11000045,2026-10-08T13:45,19.1
TOS11000045,2026-10-08T14:00,19.1
TOS11000045,2026-10-08T14:15,19.1
TOS11000045,2026-10-08T14:30,19.8
TOS11000045,2026-10-08T14:45,20.2
TOS11000045,2026-10-08T15:00,20.2
TOS11000045,2026-10-08T15:15,20.4
TOS11000045,2026-10-08T15:30,20.4
TOS11000045,2026-10-08T15:45,20.4
TOS11000045,2026-10-08T16:00,20.4
TOS11000045,2026-10-08T16:15,20.4
TOS11000045,2026-10-08T16:30,20.4
TOS11000045,2026-10-08T16:45,20.4
TOS11000045,2026-10-08T17:00,20.4
TOS11000045,2026-10-08T17:15,20.4
TOS11000045,2026-10-08T17:30,20.4
TOS11000045,2026-10-08T17:45,20.4
TOS11000045,2026-10-08T18:00,20.4
TOS11000045,2026-10-08T18:15,20.4
TOS11000045,2026-10-08T18:30,20.4
TOS11000045,2026-10-08T18:45,20.4
TOS11000045,2026-10-08T19:00,20.4
TOS11000045,2026-10-08T19:15,20.4
TOS11000045,2026-10-08T19:30,20.4
TOS11000045,2026-10-08T19:45,20.4
TOS11000045,2026-10-08T20:00,20.4
TOS11000045,2026-10-08T20:15,20.4
TOS11000045,2026-10-08T20:30,20.4
TOS11000045,2026-10-08T20:45,20.4
TOS11000045,2026-10-08T21:00,20.4
TOS11000045,2026-10-08T21:15,20.4
TOS11000045,2026-10-08T21:30,20.4
TOS11000045,2026-10-08T21:45,20.4
TOS11000045,2026-10-08T22:00,20.4
TOS11000045,2026-10-08T22:15,21.0
TOS11000045,2026-10-08T22:30,21.4
TOS11000045,2026-10-08T22:45,21.6
TOS11000045,2026-10-08T23:00,22.0
TOS11000045,2026-10-08T23:15,22.4
TOS11000045,2026-10-08T23:30,24.0
TOS11000045,2026-10-08T23:45,24.6
TOS11000046,2026-10-08T01:30,0.2
TOS11000046,2026-10-08T01:45,0.2
TOS11000046,2026-10-08T02:00,0.2
TOS11000046,2026-10-08T02:15,0.2
TOS11000046,2026-10-08T02:30,0.2
TOS11000046,2026-10-08T02:45,0.2
TOS11000046,2026-10-08T03:00,0.2
TOS11000046,2026-10-08T03:15,0.2
TOS11000046,2026-10-08T03:30,0.2
TOS11000046,2026-10-08T03:45,0.2
TOS11000046,2026-10-08T04:00,0.2
TOS11000046,2026-10-08T04:15,0.2
TOS11000046,2026-10-08T04:30,0.2
TOS11000046,2026-10-08T04:45,0.4
TOS11000046,2026-10-08T05:00,0.6
TOS11000046,2026-10-08T05:15,1.0
TOS11000046,2026-10-08T05:30,1.0
TOS11000046,2026-10-08T05:45,1.0
TOS11000046,2026-10-08T06:00,1.0
TOS11000046,2026-10-08T06:15,1.0
TOS11000046,2026-10-08T06:30,1.0
TOS11000046,2026-10-08T06:45,1.0
TOS11000046,2026-10-08T07:00,1.0
TOS11000046,2026-10-08T07:15,1.0
TOS11000046,2026-10-08T07:30,1.0
TOS11000046,2026-10-08T07:45,1.0
TOS11000046,2026-10-08T08:00,1.0
TOS11000046,2026-10-08T08:15,1.0
TOS11000046,2026-10-08T08:30,1.0
TOS11000046,2026-10-08T08:45,1.0
TOS11000046,2026-10-08T09:00,1.0
TOS11000046,2026-10-08T09:15,1.0
TOS11000046,2026-10-08T09:30,1.0
TOS11000046,2026-10-08T09:45,1.0
TOS11000046,2026-10-08T10:00,1.0
TOS11000046,2026-10-08T10:15,1.0
TOS11000046,2026-10-08T10:30,1.0
TOS11000046,2026-10-08T10:45,1.0
TOS11000046,2026-10-08T11:00,8.8
TOS11000046,2026-10-08T11:15,9.2
TOS11000046,2026-10-08T11:30,9.2
TOS11000046,2026-10-08T11:45,9.4
TOS11000046,2026-10-08T12:00,9.4
TOS11000046,2026-10-08T12:15,9.4
TOS11000046,2026-10-08T12:30,12.7
TOS11000046,2026-10-08T12:45,12.9
TOS11000046,2026-10-08T13:00,12.9
TOS11000046,2026-10-08T13:15,12.9
TOS11000046,2026-10-08T13:30,12.9
TOS11000046,2026-10-08T13:45,14.1
TOS11000046,2026-10-08T14:00,14.1
TOS11000046,2026-10-08T14:15,14.1
TOS11000046,2026-10-08T14:30,14.9
TOS11000046,2026-10-08T14:45,14.9
TOS11000046,2026-10-08T15:00,14.9
TOS11000046,2026-10-08T15:15,14.9
TOS11000046,2026-10-08T15:30,14.9
TOS11000046,2026-10-08T15:45,14.9
TOS11000046,2026-10-08T16:00,14.9
TOS11000046,2026-10-08T16:15,14.9
TOS11000046,2026-10-08T16:30,14.9
TOS11000046,2026-10-08T16:45,14.9
TOS11000046,2026-10-08T17:00,14.9
TOS11000046,2026-10-08T17:15,14.9
TOS11000046,2026-10-08T17:30,14.9
TOS11000046,2026-10-08T17:45,14.9
TOS11000046,2026-10-08T18:00,14.9
TOS11000046,2026-10-08T18:15,14.9
TOS11000046,2026-10-08T18:30,14.9
TOS11000046,2026-10-08T18:45,14.9
TOS11000046,2026-10-08T19:00,14.9
TOS11000046,2026-10-08T19:15,14.9
TOS11000046,2026-10-08T19:30,14.9
TOS11000046,2026-10-08T19:45,14.9
TOS11000046,2026-10-08T20:00,14.9
TOS11000046,2026-10-08T20:15,14.9
TOS11000046,2026-10-08T20:30,14.9
TOS11000046,2026-10-08T20:45,14.9
TOS11000046,2026-10-08T21:00,14.9
TOS11000046,2026-10-08T21:15,14.9
TOS11000046,2026-10-08T21:30,14.9
TOS11000046,2026-10-08T21:45,14.9
TOS11000046,2026-10-08T22:00,14.9
TOS11000046,2026-10-08T22:15,15.7
TOS11000046,2026-10-08T22:30,15.9
TOS11000046,2026-10-08T22:45,20.6
TOS11000046,2026-10-08T23:00,23.6
TOS11000046,2026-10-08T23:15,30.1
TOS11000046,2026-10-08T23:30,41.9
TOS11000046,2026-10-08T23:45,42.1
TOS11000048,2026-10-08T00:15,2.4
TOS11000048,2026-10-08T00:30,2.8
TOS11000048,2026-10-08T00:45,4.0
TOS11000048,2026-10-08T01:00,4.0
TOS11000048,2026-10-08T01:15,4.4
TOS11000048,2026-10-08T01:30,6.4
TOS11000048,2026-10-08T01:45,7.8
TOS11000048,2026-10-08T02:00,8.0
TOS11000048,2026-10-08T02:15,8.0
TOS11000048,2026-10-08T02:30,8.6
TOS11000048,2026-10-08T02:45,8.6
TOS11000048,2026-10-08T03:00,8.6
TOS11000048,2026-10-08T03:15,8.6
TOS11000048,2026-10-08T03:30,10.6
TOS11000048,2026-10-08T03:45,18.0
TOS11000048,2026-10-08T04:00,20.8
TOS11000048,2026-10-08T04:15,26.1
TOS11000048,2026-10-08T04:30,34.2
TOS11000048,2026-10-08T04:45,43.5
TOS11000048,2026-10-08T05:00,45.7
TOS11000048,2026-10-08T05:15,46.1
TOS11000048,2026-10-08T05:30,46.1
TOS11000048,2026-10-08T05:45,46.1
TOS11000048,2026-10-08T06:00,46.1
TOS11000048,2026-10-08T06:15,46.1
TOS11000048,2026-10-08T06:30,46.5
TOS11000048,2026-10-08T06:45,46.7
TOS11000048,2026-10-08T07:00,46.7
TOS11000048,2026-10-08T07:15,46.7
TOS11000048,2026-10-08T07:30,47.3
TOS11000048,2026-10-08T07:45,48.5
TOS11000048,2026-10-08T08:00,48.5
TOS11000048,2026-10-08T08:15,48.5
TOS11000048,2026-10-08T08:30,48.9
TOS11000048,2026-10-08T08:45,48.9
TOS11000048,2026-10-08T09:00,49.1
TOS11000048,2026-10-08T09:15,49.1
TOS11000048,2026-10-08T09:30,49.1
TOS11000048,2026-10-08T09:45,49.1
TOS11000048,2026-10-08T10:00,49.7
TOS11000048,2026-10-08T10:15,55.2
TOS11000048,2026-10-08T10:30,58.1
TOS11000048,2026-10-08T10:45,59.1
TOS11000048,2026-10-08T11:00,59.1
TOS11000048,2026-10-08T11:15,59.3
TOS11000048,2026-10-08T11:30,60.1
TOS11000048,2026-10-08T11:45,60.1
TOS11000048,2026-10-08T12:00,60.3
TOS11000048,2026-10-08T12:15,60.3
TOS11000048,2026-10-08T12:30,60.3
TOS11000048,2026-10-08T12:45,60.3
TOS11000048,2026-10-08T13:00,60.3
TOS11000048,2026-10-08T13:15,60.7
TOS11000048,2026-10-08T13:30,62.3
TOS11000048,2026-10-08T13:45,62.5
TOS11000048,2026-10-08T14:00,62.7
TOS11000048,2026-10-08T14:15,62.7
TOS11000048,2026-10-08T14:30,63.3
TOS11000048,2026-10-08T14:45,63.5
TOS11000048,2026-10-08T15:00,63.5
TOS11000048,2026-10-08T15:15,63.7
TOS11000048,2026-10-08T15:30,63.7
TOS11000048,2026-10-08T15:45,63.9
TOS11000048,2026-10-08T16:00,67.0
TOS11000048,2026-10-08T16:15,69.2
TOS11000048,2026-10-08T16:30,69.2
TOS11000048,2026-10-08T16:45,69.4
TOS11000048,2026-10-08T17:00,72.6
TOS11000048,2026-10-08T17:15,74.8
TOS11000048,2026-10-08T17:30,77.9
TOS11000048,2026-10-08T17:45,78.3
TOS11000048,2026-10-08T18:00,78.3
TOS11000048,2026-10-08T18:15,79.1
TOS11000048,2026-10-08T18:30,79.5
TOS11000048,2026-10-08T18:45,80.7
TOS11000048,2026-10-08T19:00,80.9
TOS11000048,2026-10-08T19:15,80.9
TOS11000048,2026-10-08T19:30,80.9
TOS11000048,2026-10-08T19:45,81.1
TOS11000048,2026-10-08T20:00,81.1
TOS11000048,2026-10-08T20:15,81.1
TOS11000048,2026-10-08T20:30,81.1
TOS11000048,2026-10-08T20:45,81.1
TOS11000048,2026-10-08T21:00,81.1
TOS11000048,2026-10-08T21:15,81.1
TOS11000048,2026-10-08T21:30,82.9
TOS11000048,2026-10-08T21:45,85.5
TOS11000048,2026-10-08T22:00,85.9
TOS11000048,2026-10-08T22:15,86.1
TOS11000048,2026-10-08T22:30,86.1
TOS11000048,2026-10-08T22:45,86.1
TOS11000048,2026-10-08T23:00,86.1
TOS11000048,2026-10-08T23:15,86.3
TOS11000048,2026-10-08T23:30,86.3
TOS11000048,2026-10-08T23:45,86.3
TOS11000049,2026-10-08T00:15,0.6
TOS11000049,2026-10-08T00:30,2.9
TOS11000049,2026-10-08T00:45,3.3
TOS11000049,2026-10-08T01:00,3.5
TOS11000049,2026-10-08T01:15,5.1
TOS11000049,2026-10-08T01:30,5.1
TOS11000049,2026-10-08T01:45,5.3
TOS11000049,2026-10-08T02:00,5.9
TOS11000049,2026-10-08T02:15,6.7
TOS11000049,2026-10-08T02:30,8.7
TOS11000049,2026-10-08T02:45,9.3
TOS11000049,2026-10-08T03:00,9.3
TOS11000049,2026-10-08T03:15,9.3
TOS11000049,2026-10-08T03:30,9.5
TOS11000049,2026-10-08T03:45,9.7
TOS11000049,2026-10-08T04:00,9.7
TOS11000049,2026-10-08T04:15,10.3
TOS11000049,2026-10-08T04:30,11.5
TOS11000049,2026-10-08T04:45,18.2
TOS11000049,2026-10-08T05:00,19.2
TOS11000049,2026-10-08T05:15,19.8
TOS11000049,2026-10-08T05:30,20.0
TOS11000049,2026-10-08T05:45,20.0
TOS11000049,2026-10-08T06:00,20.0
TOS11000049,2026-10-08T06:15,20.0
TOS11000049,2026-10-08T06:30,20.0
TOS11000049,2026-10-08T06:45,20.0
TOS11000049,2026-10-08T07:00,20.0
TOS11000049,2026-10-08T07:15,20.0
TOS11000049,2026-10-08T07:30,20.0
TOS11000049,2026-10-08T07:45,20.0
TOS11000049,2026-10-08T08:00,20.0
TOS11000049,2026-10-08T08:15,20.0
TOS11000049,2026-10-08T08:30,20.0
TOS11000049,2026-10-08T08:45,20.0
TOS11000049,2026-10-08T09:00,20.0
TOS11000049,2026-10-08T09:15,20.0
TOS11000049,2026-10-08T09:30,20.0
TOS11000049,2026-10-08T09:45,20.0
TOS11000049,2026-10-08T10:00,20.4
TOS11000049,2026-10-08T10:15,21.9
TOS11000049,2026-10-08T10:30,26.7
TOS11000049,2026-10-08T10:45,26.7
TOS11000049,2026-10-08T11:00,26.9
TOS11000049,2026-10-08T11:15,27.1
TOS11000049,2026-10-08T11:30,27.3
TOS11000049,2026-10-08T11:45,27.5
TOS11000049,2026-10-08T12:00,27.5
TOS11000049,2026-10-08T12:15,27.5
TOS11000049,2026-10-08T12:30,27.5
TOS11000049,2026-10-08T12:45,27.5
TOS11000049,2026-10-08T13:00,27.5
TOS11000049,2026-10-08T13:15,27.5
TOS11000049,2026-10-08T13:30,27.5
TOS11000049,2026-10-08T13:45,27.5
TOS11000049,2026-10-08T14:00,27.5
TOS11000049,2026-10-08T14:15,27.5
TOS11000049,2026-10-08T14:30,27.5
TOS11000049,2026-10-08T14:45,27.5
TOS11000049,2026-10-08T15:00,27.5
TOS11000049,2026-10-08T15:15,27.7
TOS11000049,2026-10-08T15:30,27.7
TOS11000049,2026-10-08T15:45,27.7
TOS11000049,2026-10-08T16:00,27.7
TOS11000049,2026-10-08T16:15,27.7
TOS11000049,2026-10-08T16:30,27.7
TOS11000049,2026-10-08T16:45,27.7
TOS11000049,2026-10-08T17:00,27.7
TOS11000049,2026-10-08T17:15,27.7
TOS11000049,2026-10-08T17:30,27.7
TOS11000049,2026-10-08T17:45,27.7
TOS11000049,2026-10-08T18:00,27.7
TOS11000049,2026-10-08T18:15,27.7
TOS11000049,2026-10-08T18:30,27.7
TOS11000049,2026-10-08T18:45,27.7
TOS11000049,2026-10-08T19:00,27.7
TOS11000049,2026-10-08T19:15,27.7
TOS11000049,2026-10-08T19:30,27.7
TOS11000049,2026-10-08T19:45,27.7
TOS11000049,2026-10-08T20:00,27.7
TOS11000049,2026-10-08T20:15,27.7
TOS11000049,2026-10-08T20:30,27.7
TOS11000049,2026-10-08T20:45,27.7
TOS11000049,2026-10-08T21:00,27.7
TOS11000049,2026-10-08T21:15,27.7
TOS11000049,2026-10-08T21:30,31.4
TOS11000049,2026-10-08T21:45,31.6
TOS11000049,2026-10-08T22:00,31.6
TOS11000049,2026-10-08T22:15,31.6
TOS11000049,2026-10-08T22:30,31.6
TOS11000049,2026-10-08T22:45,31.6
TOS11000049,2026-10-08T23:00,31.6
TOS11000049,2026-10-08T23:15,31.6
TOS11000049,2026-10-08T23:30,33.0
TOS11000049,2026-10-08T23:45,33.4
TOS11000063,2026-10-08T03:45,0.2
TOS11000063,2026-10-08T04:00,0.4
TOS11000063,2026-10-08T04:15,0.4
TOS11000063,2026-10-08T04:30,0.6
TOS11000063,2026-10-08T04:45,0.8
TOS11000063,2026-10-08T05:00,0.8
TOS11000063,2026-10-08T05:15,1.0
TOS11000063,2026-10-08T05:30,1.0
TOS11000063,2026-10-08T05:45,1.0
TOS11000063,2026-10-08T06:00,1.0
TOS11000063,2026-10-08T06:15,1.0
TOS11000063,2026-10-08T06:30,1.0
TOS11000063,2026-10-08T06:45,1.0
TOS11000063,2026-10-08T07:00,1.0
TOS11000063,2026-10-08T07:15,1.0
TOS11000063,2026-10-08T07:30,1.0
TOS11000063,2026-10-08T07:45,1.0
TOS11000063,2026-10-08T08:00,1.0
TOS11000063,2026-10-08T08:15,1.0
TOS11000063,2026-10-08T08:30,1.0
TOS11000063,2026-10-08T08:45,1.0
TOS11000063,2026-10-08T09:00,1.0
TOS11000063,2026-10-08T09:15,1.0
TOS11000063,2026-10-08T09:30,1.0
TOS11000063,2026-10-08T09:45,1.0
TOS11000063,2026-10-08T10:00,1.0
TOS11000063,2026-10-08T10:15,1.0
TOS11000063,2026-10-08T10:30,1.0
TOS11000063,2026-10-08T10:45,11.7
TOS11000063,2026-10-08T11:00,11.7
TOS11000063,2026-10-08T11:15,11.7
TOS11000063,2026-10-08T11:30,11.7
TOS11000063,2026-10-08T11:45,11.7
TOS11000063,2026-10-08T12:00,11.7
TOS11000063,2026-10-08T12:15,11.9
TOS11000063,2026-10-08T12:30,11.9
TOS11000063,2026-10-08T12:45,11.9
TOS11000063,2026-10-08T13:00,11.9
TOS11000063,2026-10-08T13:15,11.9
TOS11000063,2026-10-08T13:30,11.9
TOS11000063,2026-10-08T13:45,11.9
TOS11000063,2026-10-08T14:00,11.9
TOS11000063,2026-10-08T14:15,11.9
TOS11000063,2026-10-08T14:30,11.9
TOS11000063,2026-10-08T14:45,11.9
TOS11000063,2026-10-08T15:00,11.9
TOS11000063,2026-10-08T15:15,11.9
TOS11000063,2026-10-08T15:30,11.9
TOS11000063,2026-10-08T15:45,11.9
TOS11000063,2026-10-08T16:00,11.9
TOS11000063,2026-10-08T16:15,11.9
TOS11000063,2026-10-08T16:30,11.9
TOS11000063,2026-10-08T16:45,11.9
TOS11000063,2026-10-08T17:00,11.9
TOS11000063,2026-10-08T17:15,11.9
TOS11000063,2026-10-08T17:30,11.9
TOS11000063,2026-10-08T17:45,11.9
TOS11000063,2026-10-08T18:00,11.9
TOS11000063,2026-10-08T18:15,11.9
TOS11000063,2026-10-08T18:30,11.9
TOS11000063,2026-10-08T18:45,11.9
TOS11000063,2026-10-08T19:00,11.9
TOS11000063,2026-10-08T19:15,11.9
TOS11000063,2026-10-08T19:30,11.9
TOS11000063,2026-10-08T19:45,11.9
TOS11000063,2026-10-08T20:00,11.9
TOS11000063,2026-10-08T20:15,11.9
TOS11000063,2026-10-08T20:30,11.9
TOS11000063,2026-10-08T20:45,11.9
TOS11000063,2026-10-08T21:00,11.9
TOS11000063,2026-10-08T21:15,11.9
TOS11000063,2026-10-08T21:30,11.9
TOS11000063,2026-10-08T21:45,11.9
TOS11000063,2026-10-08T22:00,11.9
TOS11000063,2026-10-08T22:15,12.7
TOS11000063,2026-10-08T22:30,12.9
TOS11000063,2026-10-08T22:45,14.4
TOS11000063,2026-10-08T23:00,14.4
TOS11000063,2026-10-08T23:15,14.4
TOS11000063,2026-10-08T23:30,14.4
TOS11000063,2026-10-08T23:45,15.0
TOS11000071,2026-10-08T00:35,0.2
TOS11000071,2026-10-08T00:40,0.2
TOS11000071,2026-10-08T00:45,0.2
TOS11000071,2026-10-08T00:50,0.2
TOS11000071,2026-10-08T00:55,0.2
TOS11000071,2026-10-08T01:00,0.2
TOS11000071,2026-10-08T01:05,0.2
TOS11000071,2026-10-08T01:10,0.2
TOS11000071,2026-10-08T01:15,0.2
TOS11000071,2026-10-08T01:20,0.2
TOS11000071,2026-10-08T01:25,0.2
TOS11000071,2026-10-08T01:30,0.2
TOS11000071,2026-10-08T01:35,0.2
TOS11000071,2026-10-08T01:40,0.2
TOS11000071,2026-10-08T01:45,0.2
TOS11000071,2026-10-08T01:50,0.2
TOS11000071,2026-10-08T01:55,0.2
TOS11000071,2026-10-08T02:00,0.2
TOS11000071,2026-10-08T02:05,0.2
TOS11000071,2026-10-08T02:10,0.2
TOS11000071,2026-10-08T02:15,0.2
TOS11000071,2026-10-08T02:20,0.2
TOS11000071,2026-10-08T02:25,0.2
TOS11000071,2026-10-08T02:30,0.2
TOS11000071,2026-10-08T02:35,0.2
TOS11000071,2026-10-08T02:40,0.2
TOS11000071,2026-10-08T02:45,0.2
TOS11000071,2026-10-08T02:50,0.2
TOS11000071,2026-10-08T02:55,0.2
TOS11000071,2026-10-08T03:00,0.2
TOS11000071,2026-10-08T03:05,0.2
TOS11000071,2026-10-08T03:10,0.2
TOS11000071,2026-10-08T03:15,0.2
TOS11000071,2026-10-08T03:20,0.2
TOS11000071,2026-10-08T03:25,0.2
TOS11000071,2026-10-08T03:30,0.2
TOS11000071,2026-10-08T03:35,0.2
TOS11000071,2026-10-08T03:40,0.2
TOS11000071,2026-10-08T03:45,0.2
TOS11000071,2026-10-08T03:50,0.2
TOS11000071,2026-10-08T03:55,0.2
TOS11000071,2026-10-08T04:00,0.2
TOS11000071,2026-10-08T04:05,0.2
TOS11000071,2026-10-08T04:10,0.2
TOS11000071,2026-10-08T04:15,0.2
TOS11000071,2026-10-08T04:20,0.2
TOS11000071,2026-10-08T04:25,0.2
TOS11000071,2026-10-08T04:30,0.2
TOS11000071,2026-10-08T04:35,0.2
TOS11000071,2026-10-08T04:40,0.2
TOS11000071,2026-10-08T04:45,0.2
TOS11000071,2026-10-08T04:50,0.2
TOS11000071,2026-10-08T04:55,0.2
TOS11000071,2026-10-08T05:00,0.2
TOS11000071,2026-10-08T05:05,0.4
TOS11000071,2026-10-08T05:10,0.4
TOS11000071,2026-10-08T05:15,0.4
TOS11000071,2026-10-08T05:20,0.4
TOS11000071,2026-10-08T05:25,0.6
TOS11000071,2026-10-08T05:30,0.6
TOS11000071,2026-10-08T05:35,0.6
TOS11000071,2026-10-08T05:40,0.6
TOS11000071,2026-10-08T05:45,0.8
TOS11000071,2026-10-08T05:50,1.0
TOS11000071,2026-10-08T05:55,1.0
TOS11000071,2026-10-08T06:00,1.0
TOS11000071,2026-10-08T06:05,1.0
TOS11000071,2026-10-08T06:10,1.0
TOS11000071,2026-10-08T06:15,1.0
TOS11000071,2026-10-08T06:20,1.0
TOS11000071,2026-10-08T06:25,1.0
TOS11000071,2026-10-08T06:30,1.0
TOS11000071,2026-10-08T06:35,1.0
TOS11000071,2026-10-08T06:40,1.0
TOS11000071,2026-10-08T06:45,1.0
TOS11000071,2026-10-08T06:50,1.0
TOS11000071,2026-10-08T06:55,1.0
TOS11000071,2026-10-08T07:00,1.0
TOS11000071,2026-10-08T07:05,1.0
TOS11000071,2026-10-08T07:10,1.0
TOS11000071,2026-10-08T07:15,1.0
TOS11000071,2026-10-08T07:20,1.0
TOS11000071,2026-10-08T07:25,1.0
TOS11000071,2026-10-08T07:30,1.0
TOS11000071,2026-10-08T07:35,1.0
TOS11000071,2026-10-08T07:40,1.0
TOS11000071,2026-10-08T07:45,1.0
TOS11000071,2026-10-08T07:50,1.0
TOS11000071,2026-10-08T07:55,1.0
TOS11000071,2026-10-08T08:00,1.0
TOS11000071,2026-10-08T08:05,1.0
TOS11000071,2026-10-08T08:10,1.0
TOS11000071,2026-10-08T08:15,1.0
TOS11000071,2026-10-08T08:20,1.0
TOS11000071,2026-10-08T08:25,1.0
TOS11000071,2026-10-08T08:30,1.0
TOS11000071,2026-10-08T08:35,1.0
TOS11000071,2026-10-08T08:40,1.0
TOS11000071,2026-10-08T08:45,1.0
TOS11000071,2026-10-08T08:50,1.0
TOS11000071,2026-10-08T08:55,1.0
TOS11000071,2026-10-08T09:00,1.0
TOS11000071,2026-10-08T09:05,1.0
TOS11000071,2026-10-08T09:10,1.0
TOS11000071,2026-10-08T09:15,1.0
TOS11000071,2026-10-08T09:20,1.0
TOS11000071,2026-10-08T09:25,1.0
TOS11000071,2026-10-08T09:30,1.0
TOS11000071,2026-10-08T09:35,1.0
TOS11000071,2026-10-08T09:40,1.0
TOS11000071,2026-10-08T09:45,1.0
TOS11000071,2026-10-08T09:50,1.0
TOS11000071,2026-10-08T09:55,1.0
TOS11000071,2026-10-08T10:00,1.0
TOS11000071,2026-10-08T10:05,1.0
TOS11000071,2026-10-08T10:10,1.0
TOS11000071,2026-10-08T10:15,1.0
TOS11000071,2026-10-08T10:20,1.0
TOS11000071,2026-10-08T10:25,1.0
TOS11000071,2026-10-08T10:30,1.0
TOS11000071,2026-10-08T10:35,1.0
TOS11000071,2026-10-08T10:40,1.0
TOS11000071,2026-10-08T10:45,1.0
TOS11000071,2026-10-08T10:50,1.0
TOS11000071,2026-10-08T10:55,1.0
TOS11000071,2026-10-08T11:00,1.4
TOS11000071,2026-10-08T11:05,2.0
TOS11000071,2026-10-08T11:10,2.6
TOS11000071,2026-10-08T11:15,2.8
TOS11000071,2026-10-08T11:20,3.0
TOS11000071,2026-10-08T11:25,3.6
TOS11000071,2026-10-08T11:30,4.0
TOS11000071,2026-10-08T11:35,4.0
TOS11000071,2026-10-08T11:40,4.0
TOS11000071,2026-10-08T11:45,4.0
TOS11000071,2026-10-08T11:50,4.0
TOS11000071,2026-10-08T11:55,4.2
TOS11000071,2026-10-08T12:00,4.2
TOS11000071,2026-10-08T12:05,4.2
TOS11000071,2026-10-08T12:10,4.2
TOS11000071,2026-10-08T12:15,4.2
TOS11000071,2026-10-08T12:20,4.2
TOS11000071,2026-10-08T12:25,4.4
TOS11000071,2026-10-08T12:30,4.8
TOS11000071,2026-10-08T12:35,5.2
TOS11000071,2026-10-08T12:40,5.2
TOS11000071,2026-10-08T12:45,5.2
TOS11000071,2026-10-08T12:50,5.2
TOS11000071,2026-10-08T12:55,5.2
TOS11000071,2026-10-08T13:00,5.2
TOS11000071,2026-10-08T13:05,5.2
TOS11000071,2026-10-08T13:10,5.2
TOS11000071,2026-10-08T13:15,5.2
TOS11000071,2026-10-08T13:20,5.2
TOS11000071,2026-10-08T13:25,5.2
TOS11000071,2026-10-08T13:30,5.2
TOS11000071,2026-10-08T13:35,5.2
TOS11000071,2026-10-08T13:40,5.2
TOS11000071,2026-10-08T13:45,5.2
TOS11000071,2026-10-08T13:50,5.2
TOS11000071,2026-10-08T13:55,5.2
TOS11000071,2026-10-08T14:00,5.2
TOS11000071,2026-10-08T14:05,5.2
TOS11000071,2026-10-08T14:10,5.2
TOS11000071,2026-10-08T14:15,5.2
TOS11000071,2026-10-08T14:20,5.2
TOS11000071,2026-10-08T14:25,5.2
TOS11000071,2026-10-08T14:30,5.2
TOS11000071,2026-10-08T14:35,5.2
TOS11000071,2026-10-08T14:40,5.2
TOS11000071,2026-10-08T14:45,6.2
TOS11000071,2026-10-08T14:50,6.2
TOS11000071,2026-10-08T14:55,6.2
TOS11000071,2026-10-08T15:00,6.2
TOS11000071,2026-10-08T15:05,6.2
TOS11000071,2026-10-08T15:10,6.2
TOS11000071,2026-10-08T15:15,6.2
TOS11000071,2026-10-08T15:20,6.2
TOS11000071,2026-10-08T15:25,6.2
TOS11000071,2026-10-08T15:30,6.2
TOS11000071,2026-10-08T15:35,6.2
TOS11000071,2026-10-08T15:40,6.2
TOS11000071,2026-10-08T15:45,6.2
TOS11000071,2026-10-08T15:50,6.2
TOS11000071,2026-10-08T15:55,6.2
TOS11000071,2026-10-08T16:00,6.2
TOS11000071,2026-10-08T16:05,6.2
TOS11000071,2026-10-08T16:10,6.2
TOS11000071,2026-10-08T16:15,6.2
TOS11000071,2026-10-08T16:20,6.2
TOS11000071,2026-10-08T16:25,6.2
TOS11000071,2026-10-08T16:30,6.2
TOS11000071,2026-10-08T16:35,6.2
TOS11000071,2026-10-08T16:40,6.2
TOS11000071,2026-10-08T16:45,6.2
TOS11000071,2026-10-08T16:50,6.2
TOS11000071,2026-10-08T16:55,6.2
TOS11000071,2026-10-08T17:00,6.2
TOS11000071,2026-10-08T17:05,6.2
TOS11000071,2026-10-08T17:10,6.2
TOS11000071,2026-10-08T17:15,6.2
TOS11000071,2026-10-08T17:20,6.2
TOS11000071,2026-10-08T17:25,6.2
TOS11000071,2026-10-08T17:30,6.2
TOS11000071,2026-10-08T17:35,6.2
TOS11000071,2026-10-08T17:40,6.4
TOS11000071,2026-10-08T17:45,6.4
TOS11000071,2026-10-08T17:50,6.4
TOS11000071,2026-10-08T17:55,6.4
TOS11000071,2026-10-08T18:00,6.6
TOS11000071,2026-10-08T18:05,6.6
TOS11000071,2026-10-08T18:10,6.6
TOS11000071,2026-10-08T18:15,6.6
TOS11000071,2026-10-08T18:20,6.8
TOS11000071,2026-10-08T18:25,6.8
TOS11000071,2026-10-08T18:30,7.0
TOS11000071,2026-10-08T18:35,7.0
TOS11000071,2026-10-08T18:40,7.0
TOS11000071,2026-10-08T18:45,7.0
TOS11000071,2026-10-08T18:50,7.0
TOS11000071,2026-10-08T18:55,7.0
TOS11000071,2026-10-08T19:00,7.0
TOS11000071,2026-10-08T19:05,7.0
TOS11000071,2026-10-08T19:10,7.0
TOS11000071,2026-10-08T19:15,7.0
TOS11000071,2026-10-08T19:20,7.0
TOS11000071,2026-10-08T19:25,7.0
TOS11000071,2026-10-08T19:30,7.0
TOS11000071,2026-10-08T19:35,7.0
TOS11000071,2026-10-08T19:40,7.0
TOS11000071,2026-10-08T19:45,7.0
TOS11000071,2026-10-08T19:50,7.0
TOS11000071,2026-10-08T19:55,7.0
TOS11000071,2026-10-08T20:00,7.0
TOS11000071,2026-10-08T20:05,7.0
TOS11000071,2026-10-08T20:10,7.0
TOS11000071,2026-10-08T20:15,7.0
TOS11000071,2026-10-08T20:20,7.0
TOS11000071,2026-10-08T20:25,7.0
TOS11000071,2026-10-08T20:30,7.0
TOS11000071,2026-10-08T20:35,7.0
TOS11000071,2026-10-08T20:40,7.0
TOS11000071,2026-10-08T20:45,7.0
TOS11000071,2026-10-08T20:50,7.0
TOS11000071,2026-10-08T20:55,7.0
TOS11000071,2026-10-08T21:00,7.0
TOS11000071,2026-10-08T21:05,7.0
TOS11000071,2026-10-08T21:10,7.0
TOS11000071,2026-10-08T21:15,7.0
TOS11000071,2026-10-08T21:20,7.0
TOS11000071,2026-10-08T21:25,7.0
TOS11000071,2026-10-08T21:30,7.0
TOS11000071,2026-10-08T21:35,7.0
TOS11000071,2026-10-08T21:40,7.0
TOS11000071,2026-10-08T21:45,7.0
TOS11000071,2026-10-08T21:50,7.0
TOS11000071,2026-10-08T21:55,7.0
TOS11000071,2026-10-08T22:00,7.0
TOS11000071,2026-10-08T22:05,7.0
TOS11000071,2026-10-08T22:10,7.0
TOS11000071,2026-10-08T22:15,7.0
TOS11000071,2026-10-08T22:20,7.6
TOS11000071,2026-10-08T22:25,8.8
TOS11000071,2026-10-08T22:30,8.8
TOS11000071,2026-10-08T22:35,9.0
TOS11000071,2026-10-08T22:40,9.6
TOS11000071,2026-10-08T22:45,10.2
TOS11000071,2026-10-08T22:50,10.2
TOS11000071,2026-10-08T22:55,11.8
TOS11000071,2026-10-08T23:00,13.0
TOS11000071,2026-10-08T23:05,13.4
TOS11000071,2026-10-08T23:10,13.4
TOS11000071,2026-10-08T23:15,13.6
TOS11000071,2026-10-08T23:20,13.8
TOS11000071,2026-10-08T23:25,13.8
TOS11000071,2026-10-08T23:30,14.0
TOS11000071,2026-10-08T23:35,14.2
TOS11000071,2026-10-08T23:40,14.4
TOS11000071,2026-10-08T23:45,14.6
TOS11000071,2026-10-08T23:50,15.2
TOS11000071,2026-10-08T23:55,15.4
TOS11000076,2026-10-08T03:00,0.2
TOS11000076,2026-10-08T03:15,0.2
TOS11000076,2026-10-08T03:30,0.2
TOS11000076,2026-10-08T03:45,0.2
TOS11000076,2026-10-08T04:00,0.2
TOS11000076,2026-10-08T04:15,0.2
TOS11000076,2026-10-08T04:30,0.2
TOS11000076,2026-10-08T04:45,0.2
TOS11000076,2026-10-08T05:00,0.2
TOS11000076,2026-10-08T05:15,0.2
TOS11000076,2026-10-08T05:30,0.4
TOS11000076,2026-10-08T05:45,0.8
TOS11000076,2026-10-08T06:00,0.8
TOS11000076,2026-10-08T06:15,1.0
TOS11000076,2026-10-08T06:30,1.0
TOS11000076,2026-10-08T06:45,1.0
TOS11000076,2026-10-08T07:00,1.0
TOS11000076,2026-10-08T07:15,1.0
TOS11000076,2026-10-08T07:30,1.0
TOS11000076,2026-10-08T07:45,1.0
TOS11000076,2026-10-08T08:00,1.0
TOS11000076,2026-10-08T08:15,1.0
TOS11000076,2026-10-08T08:30,1.0
TOS11000076,2026-10-08T08:45,1.0
TOS11000076,2026-10-08T09:00,1.0
TOS11000076,2026-10-08T09:15,1.0
TOS11000076,2026-10-08T09:30,1.0
TOS11000076,2026-10-08T09:45,1.0
TOS11000076,2026-10-08T10:00,1.0
TOS11000076,2026-10-08T10:15,1.0
TOS11000076,2026-10-08T10:30,1.0
TOS11000076,2026-10-08T10:45,1.0
TOS11000076,2026-10-08T11:00,1.0
TOS11000076,2026-10-08T11:15,1.0
TOS11000076,2026-10-08T11:30,2.2
TOS11000076,2026-10-08T11:45,3.0
TOS11000076,2026-10-08T12:00,3.0
TOS11000076,2026-10-08T12:15,4.6
TOS11000076,2026-10-08T12:30,4.6
TOS11000076,2026-10-08T12:45,4.6
TOS11000076,2026-10-08T13:00,5.0
TOS11000076,2026-10-08T13:15,5.0
TOS11000076,2026-10-08T13:30,5.0
TOS11000076,2026-10-08T13:45,5.0
TOS11000076,2026-10-08T14:00,5.0
TOS11000076,2026-10-08T14:15,5.0
TOS11000076,2026-10-08T14:30,5.0
TOS11000076,2026-10-08T14:45,5.2
TOS11000076,2026-10-08T15:00,6.9
TOS11000076,2026-10-08T15:15,7.5
TOS11000076,2026-10-08T15:30,7.5
TOS11000076,2026-10-08T15:45,7.5
TOS11000076,2026-10-08T16:00,7.5
TOS11000076,2026-10-08T16:15,7.5
TOS11000076,2026-10-08T16:30,7.5
TOS11000076,2026-10-08T16:45,7.5
TOS11000076,2026-10-08T17:00,7.5
TOS11000076,2026-10-08T17:15,7.5
TOS11000076,2026-10-08T17:30,7.5
TOS11000076,2026-10-08T17:45,7.5
TOS11000076,2026-10-08T18:00,7.5
TOS11000076,2026-10-08T18:15,7.5
TOS11000076,2026-10-08T18:30,7.5
TOS11000076,2026-10-08T18:45,7.5
TOS11000076,2026-10-08T19:00,7.5
TOS11000076,2026-10-08T19:15,7.5
TOS11000076,2026-10-08T19:30,7.5
TOS11000076,2026-10-08T19:45,7.5
TOS11000076,2026-10-08T20:00,7.5
TOS11000076,2026-10-08T20:15,7.5
TOS11000076,2026-10-08T20:30,7.5
TOS11000076,2026-10-08T20:45,7.5
TOS11000076,2026-10-08T21:00,7.5
TOS11000076,2026-10-08T21:15,7.5
TOS11000076,2026-10-08T21:30,7.5
TOS11000076,2026-10-08T21:45,7.5
TOS11000076,2026-10-08T22:00,7.5
TOS11000076,2026-10-08T22:15,7.5
TOS11000076,2026-10-08T22:30,7.5
TOS11000076,2026-10-08T22:45,9.3
TOS11000076,2026-10-08T23:00,9.5
TOS11000076,2026-10-08T23:15,9.7
TOS11000076,2026-10-08T23:30,9.7
TOS11000076,2026-10-08T23:45,9.9
TOS11000077,2026-10-08T04:30,0.4
TOS11000077,2026-10-08T04:45,0.4
TOS11000077,2026-10-08T05:00,0.8
TOS11000077,2026-10-08T05:15,3.0
TOS11000077,2026-10-08T05:30,4.0
TOS11000077,2026-10-08T05:45,4.4
TOS11000077,2026-10-08T06:00,4.4
TOS11000077,2026-10-08T06:15,4.4
TOS11000077,2026-10-08T06:30,4.4
TOS11000077,2026-10-08T06:45,4.4
TOS11000077,2026-10-08T07:00,4.4
TOS11000077,2026-10-08T07:15,4.4
TOS11000077,2026-10-08T07:30,4.4
TOS11000077,2026-10-08T07:45,4.4
TOS11000077,2026-10-08T08:00,4.4
TOS11000077,2026-10-08T08:15,4.4
TOS11000077,2026-10-08T08:30,4.4
TOS11000077,2026-10-08T08:45,4.4
TOS11000077,2026-10-08T09:00,4.4
TOS11000077,2026-10-08T09:15,4.4
TOS11000077,2026-10-08T09:30,4.4
TOS11000077,2026-10-08T09:45,4.4
TOS11000077,2026-10-08T10:00,4.4
TOS11000077,2026-10-08T10:15,4.4
TOS11000077,2026-10-08T10:30,4.4
TOS11000077,2026-10-08T10:45,4.4
TOS11000077,2026-10-08T11:00,4.6
TOS11000077,2026-10-08T11:15,7.9
TOS11000077,2026-10-08T11:30,7.9
TOS11000077,2026-10-08T11:45,7.9
TOS11000077,2026-10-08T12:00,7.9
TOS11000077,2026-10-08T12:15,8.1
TOS11000077,2026-10-08T12:30,9.5
TOS11000077,2026-10-08T12:45,9.7
TOS11000077,2026-10-08T13:00,9.7
TOS11000077,2026-10-08T13:15,9.7
TOS11000077,2026-10-08T13:30,9.7
TOS11000077,2026-10-08T13:45,9.9
TOS11000077,2026-10-08T14:00,10.1
TOS11000077,2026-10-08T14:15,10.1
TOS11000077,2026-10-08T14:30,10.7
TOS11000077,2026-10-08T14:45,10.7
TOS11000077,2026-10-08T15:00,10.7
TOS11000077,2026-10-08T15:15,10.7
TOS11000077,2026-10-08T15:30,10.7
TOS11000077,2026-10-08T15:45,10.7
TOS11000077,2026-10-08T16:00,10.7
TOS11000077,2026-10-08T16:15,10.7
TOS11000077,2026-10-08T16:30,10.7
TOS11000077,2026-10-08T16:45,10.7
TOS11000077,2026-10-08T17:00,10.7
TOS11000077,2026-10-08T17:15,10.7
TOS11000077,2026-10-08T17:30,10.7
TOS11000077,2026-10-08T17:45,10.7
TOS11000077,2026-10-08T18:00,10.7
TOS11000077,2026-10-08T18:15,10.7
TOS11000077,2026-10-08T18:30,10.7
TOS11000077,2026-10-08T18:45,10.7
TOS11000077,2026-10-08T19:00,10.7
TOS11000077,2026-10-08T19:15,10.7
TOS11000077,2026-10-08T19:30,10.7
TOS11000077,2026-10-08T19:45,10.7
TOS11000077,2026-10-08T20:00,10.7
TOS11000077,2026-10-08T20:15,10.7
TOS11000077,2026-10-08T20:30,10.7
TOS11000077,2026-10-08T20:45,10.7
TOS11000077,2026-10-08T21:00,10.7
TOS11000077,2026-10-08T21:15,11.1
TOS11000077,2026-10-08T21:30,11.1
TOS11000077,2026-10-08T21:45,11.5
TOS11000077,2026-10-08T22:00,11.9
TOS11000077,2026-10-08T22:15,12.3
TOS11000077,2026-10-08T22:30,12.7
TOS11000077,2026-10-08T22:45,12.7
TOS11000077,2026-10-08T23:00,12.7
TOS11000077,2026-10-08T23:15,13.3
TOS11000077,2026-10-08T23:30,13.9
TOS11000077,2026-10-08T23:45,14.5
TOS11000091,2026-10-08T00:15,0.2
TOS11000091,2026-10-08T00:30,2.1
TOS11000091,2026-10-08T00:45,3.3
TOS11000091,2026-10-08T01:00,4.7
TOS11000091,2026-10-08T01:15,4.9
TOS11000091,2026-10-08T01:30,5.1
TOS11000091,2026-10-08T01:45,5.9
TOS11000091,2026-10-08T02:00,6.1
TOS11000091,2026-10-08T02:15,6.3
TOS11000091,2026-10-08T02:30,6.3
TOS11000091,2026-10-08T02:45,6.3
TOS11000091,2026-10-08T03:00,6.5
TOS11000091,2026-10-08T03:15,6.5
TOS11000091,2026-10-08T03:30,6.7
TOS11000091,2026-10-08T03:45,6.7
TOS11000091,2026-10-08T04:00,6.7
TOS11000091,2026-10-08T04:15,6.9
TOS11000091,2026-10-08T04:30,7.3
TOS11000091,2026-10-08T04:45,8.7
TOS11000091,2026-10-08T05:00,12.1
TOS11000091,2026-10-08T05:15,13.1
TOS11000091,2026-10-08T05:30,13.7
TOS11000091,2026-10-08T05:45,13.9
TOS11000091,2026-10-08T06:00,13.9
TOS11000091,2026-10-08T06:15,13.9
TOS11000091,2026-10-08T06:30,13.9
TOS11000091,2026-10-08T06:45,13.9
TOS11000091,2026-10-08T07:00,13.9
TOS11000091,2026-10-08T07:15,13.9
TOS11000091,2026-10-08T07:30,13.9
TOS11000091,2026-10-08T07:45,13.9
TOS11000091,2026-10-08T08:00,13.9
TOS11000091,2026-10-08T08:15,13.9
TOS11000091,2026-10-08T08:30,13.9
TOS11000091,2026-10-08T08:45,13.9
TOS11000091,2026-10-08T09:00,13.9
TOS11000091,2026-10-08T09:15,13.9
TOS11000091,2026-10-08T09:30,13.9
TOS11000091,2026-10-08T09:45,13.9
TOS11000091,2026-10-08T10:00,13.9
TOS11000091,2026-10-08T10:15,15.5
TOS11000091,2026-10-08T10:30,15.9
TOS11000091,2026-10-08T10:45,18.4
TOS11000091,2026-10-08T11:00,18.8
TOS11000091,2026-10-08T11:15,19.2
TOS11000091,2026-10-08T11:30,19.4
TOS11000091,2026-10-08T11:45,19.4
TOS11000091,2026-10-08T12:00,19.4
TOS11000091,2026-10-08T12:15,19.4
TOS11000091,2026-10-08T12:30,19.4
TOS11000091,2026-10-08T12:45,19.4
TOS11000091,2026-10-08T13:00,19.4
TOS11000091,2026-10-08T13:15,19.4
TOS11000091,2026-10-08T13:30,20.2
TOS11000091,2026-10-08T13:45,20.4
TOS11000091,2026-10-08T14:00,20.6
TOS11000091,2026-10-08T14:15,20.6
TOS11000091,2026-10-08T14:30,20.6
TOS11000091,2026-10-08T14:45,20.6
TOS11000091,2026-10-08T15:00,20.6
TOS11000091,2026-10-08T15:15,20.6
TOS11000091,2026-10-08T15:30,20.6
TOS11000091,2026-10-08T15:45,20.6
TOS11000091,2026-10-08T16:00,20.6
TOS11000091,2026-10-08T16:15,20.6
TOS11000091,2026-10-08T16:30,21.0
TOS11000091,2026-10-08T16:45,22.4
TOS11000091,2026-10-08T17:00,22.4
TOS11000091,2026-10-08T17:15,22.4
TOS11000091,2026-10-08T17:30,22.4
TOS11000091,2026-10-08T17:45,22.6
TOS11000091,2026-10-08T18:00,22.6
TOS11000091,2026-10-08T18:15,22.6
TOS11000091,2026-10-08T18:30,22.6
TOS11000091,2026-10-08T18:45,22.6
TOS11000091,2026-10-08T19:00,22.6
TOS11000091,2026-10-08T19:15,23.8
TOS11000091,2026-10-08T19:30,24.2
TOS11000091,2026-10-08T19:45,24.2
TOS11000091,2026-10-08T20:00,24.2
TOS11000091,2026-10-08T20:15,24.2
TOS11000091,2026-10-08T20:30,24.2
TOS11000091,2026-10-08T20:45,24.2
TOS11000091,2026-10-08T21:00,24.4
TOS11000091,2026-10-08T21:15,24.4
TOS11000091,2026-10-08T21:30,24.4
TOS11000091,2026-10-08T21:45,24.6
TOS11000091,2026-10-08T22:00,24.8
TOS11000091,2026-10-08T22:15,25.0
TOS11000091,2026-10-08T22:30,25.0
TOS11000091,2026-10-08T22:45,25.0
TOS11000091,2026-10-08T23:00,25.0
TOS11000091,2026-10-08T23:15,25.0
TOS11000091,2026-10-08T23:30,25.0
TOS11000091,2026-10-08T23:45,25.0
TOS11000092,2026-10-08T00:15,1.2
TOS11000092,2026-10-08T00:30,1.6
TOS11000092,2026-10-08T00:45,1.8
TOS11000092,2026-10-08T01:00,11.2
TOS11000092,2026-10-08T01:15,12.6
TOS11000092,2026-10-08T01:30,12.6
TOS11000092,2026-10-08T01:45,13.6
TOS11000092,2026-10-08T02:00,13.6
TOS11000092,2026-10-08T02:15,14.8
TOS11000092,2026-10-08T02:30,15.0
TOS11000092,2026-10-08T02:45,16.2
TOS11000092,2026-10-08T03:00,18.0
TOS11000092,2026-10-08T03:15,20.2
TOS11000092,2026-10-08T03:30,21.6
TOS11000092,2026-10-08T03:45,22.2
TOS11000092,2026-10-08T04:00,23.2
TOS11000092,2026-10-08T04:15,24.4
TOS11000092,2026-10-08T04:30,26.0
TOS11000092,2026-10-08T04:45,29.3
TOS11000092,2026-10-08T05:00,36.0
TOS11000092,2026-10-08T05:15,37.8
TOS11000092,2026-10-08T05:30,37.8
TOS11000092,2026-10-08T05:45,37.8
TOS11000092,2026-10-08T06:00,37.8
TOS11000092,2026-10-08T06:15,37.8
TOS11000092,2026-10-08T06:30,38.0
TOS11000092,2026-10-08T06:45,38.0
TOS11000092,2026-10-08T07:00,38.0
TOS11000092,2026-10-08T07:15,38.0
TOS11000092,2026-10-08T07:30,39.0
TOS11000092,2026-10-08T07:45,39.0
TOS11000092,2026-10-08T08:00,39.0
TOS11000092,2026-10-08T08:15,39.2
TOS11000092,2026-10-08T08:30,39.4
TOS11000092,2026-10-08T08:45,39.4
TOS11000092,2026-10-08T09:00,39.4
TOS11000092,2026-10-08T09:15,39.4
TOS11000092,2026-10-08T09:30,39.4
TOS11000092,2026-10-08T09:45,39.4
TOS11000092,2026-10-08T10:00,39.4
TOS11000092,2026-10-08T10:15,41.2
TOS11000092,2026-10-08T10:30,41.6
TOS11000092,2026-10-08T10:45,41.8
TOS11000092,2026-10-08T11:00,42.4
TOS11000092,2026-10-08T11:15,42.4
TOS11000092,2026-10-08T11:30,42.4
TOS11000092,2026-10-08T11:45,42.8
TOS11000092,2026-10-08T12:00,42.8
TOS11000092,2026-10-08T12:15,42.8
TOS11000092,2026-10-08T12:30,42.8
TOS11000092,2026-10-08T12:45,43.8
TOS11000092,2026-10-08T13:00,43.8
TOS11000092,2026-10-08T13:15,43.8
TOS11000092,2026-10-08T13:30,44.2
TOS11000092,2026-10-08T13:45,44.4
TOS11000092,2026-10-08T14:00,44.4
TOS11000092,2026-10-08T14:15,44.6
TOS11000092,2026-10-08T14:30,44.6
TOS11000092,2026-10-08T14:45,44.6
TOS11000092,2026-10-08T15:00,44.6
TOS11000092,2026-10-08T15:15,44.6
TOS11000092,2026-10-08T15:30,44.8
TOS11000092,2026-10-08T15:45,45.0
TOS11000092,2026-10-08T16:00,45.0
TOS11000092,2026-10-08T16:15,46.1
TOS11000092,2026-10-08T16:30,46.9
TOS11000092,2026-10-08T16:45,46.9
TOS11000092,2026-10-08T17:00,47.3
TOS11000092,2026-10-08T17:15,47.3
TOS11000092,2026-10-08T17:30,48.9
TOS11000092,2026-10-08T17:45,49.1
TOS11000092,2026-10-08T18:00,49.1
TOS11000092,2026-10-08T18:15,49.1
TOS11000092,2026-10-08T18:30,49.1
TOS11000092,2026-10-08T18:45,49.1
TOS11000092,2026-10-08T19:00,49.1
TOS11000092,2026-10-08T19:15,49.1
TOS11000092,2026-10-08T19:30,49.1
TOS11000092,2026-10-08T19:45,49.1
TOS11000092,2026-10-08T20:00,49.1
TOS11000092,2026-10-08T20:15,49.1
TOS11000092,2026-10-08T20:30,49.1
TOS11000092,2026-10-08T20:45,49.1
TOS11000092,2026-10-08T21:00,49.1
TOS11000092,2026-10-08T21:15,49.1
TOS11000092,2026-10-08T21:30,49.3
TOS11000092,2026-10-08T21:45,49.5
TOS11000092,2026-10-08T22:00,49.7
TOS11000092,2026-10-08T22:15,49.7
TOS11000092,2026-10-08T22:30,49.7
TOS11000092,2026-10-08T22:45,49.7
TOS11000092,2026-10-08T23:00,49.7
TOS11000092,2026-10-08T23:15,49.7
TOS11000092,2026-10-08T23:30,49.9
TOS11000092,2026-10-08T23:45,50.1
TOS11000093,2026-10-08T01:15,0.6
TOS11000093,2026-10-08T01:30,0.6
TOS11000093,2026-10-08T01:45,0.6
TOS11000093,2026-10-08T02:00,0.6
TOS11000093,2026-10-08T02:15,0.6
TOS11000093,2026-10-08T02:30,0.6
TOS11000093,2026-10-08T02:45,0.6
TOS11000093,2026-10-08T03:00,0.6
TOS11000093,2026-10-08T03:15,0.6
TOS11000093,2026-10-08T03:30,0.6
TOS11000093,2026-10-08T03:45,0.6
TOS11000093,2026-10-08T04:00,0.6
TOS11000093,2026-10-08T04:15,0.6
TOS11000093,2026-10-08T04:30,1.0
TOS11000093,2026-10-08T04:45,1.4
TOS11000093,2026-10-08T05:00,1.4
TOS11000093,2026-10-08T05:15,2.6
TOS11000093,2026-10-08T05:30,5.4
TOS11000093,2026-10-08T05:45,6.0
TOS11000093,2026-10-08T06:00,6.6
TOS11000093,2026-10-08T06:15,6.6
TOS11000093,2026-10-08T06:30,6.6
TOS11000093,2026-10-08T06:45,6.6
TOS11000093,2026-10-08T07:00,6.6
TOS11000093,2026-10-08T07:15,6.6
TOS11000093,2026-10-08T07:30,6.6
TOS11000093,2026-10-08T07:45,6.6
TOS11000093,2026-10-08T08:00,6.6
TOS11000093,2026-10-08T08:15,6.6
TOS11000093,2026-10-08T08:30,6.6
TOS11000093,2026-10-08T08:45,6.6
TOS11000093,2026-10-08T09:00,6.6
TOS11000093,2026-10-08T09:15,6.6
TOS11000093,2026-10-08T09:30,6.6
TOS11000093,2026-10-08T09:45,6.6
TOS11000093,2026-10-08T10:00,6.6
TOS11000093,2026-10-08T10:15,6.6
TOS11000093,2026-10-08T10:30,6.6
TOS11000093,2026-10-08T10:45,6.6
TOS11000093,2026-10-08T11:00,6.6
TOS11000093,2026-10-08T11:15,6.8
TOS11000093,2026-10-08T11:30,11.3
TOS11000093,2026-10-08T11:45,11.9
TOS11000093,2026-10-08T12:00,13.1
TOS11000093,2026-10-08T12:15,13.1
TOS11000093,2026-10-08T12:30,13.1
TOS11000093,2026-10-08T12:45,13.3
TOS11000093,2026-10-08T13:00,13.3
TOS11000093,2026-10-08T13:15,13.3
TOS11000093,2026-10-08T13:30,13.3
TOS11000093,2026-10-08T13:45,13.3
TOS11000093,2026-10-08T14:00,13.3
TOS11000093,2026-10-08T14:15,13.3
TOS11000093,2026-10-08T14:30,13.3
TOS11000093,2026-10-08T14:45,13.3
TOS11000093,2026-10-08T15:00,13.3
TOS11000093,2026-10-08T15:15,13.3
TOS11000093,2026-10-08T15:30,13.3
TOS11000093,2026-10-08T15:45,13.3
TOS11000093,2026-10-08T16:00,13.3
TOS11000093,2026-10-08T16:15,13.3
TOS11000093,2026-10-08T16:30,13.3
TOS11000093,2026-10-08T16:45,13.3
TOS11000093,2026-10-08T17:00,13.3
TOS11000093,2026-10-08T17:15,13.3
TOS11000093,2026-10-08T17:30,13.3
TOS11000093,2026-10-08T17:45,13.3
TOS11000093,2026-10-08T18:00,13.3
TOS11000093,2026-10-08T18:15,13.3
TOS11000093,2026-10-08T18:30,13.3
TOS11000093,2026-10-08T18:45,13.3
TOS11000093,2026-10-08T19:00,13.3
TOS11000093,2026-10-08T19:15,13.3
TOS11000093,2026-10-08T19:30,13.3
TOS11000093,2026-10-08T19:45,13.3
TOS11000093,2026-10-08T20:00,13.3
TOS11000093,2026-10-08T20:15,13.3
TOS11000093,2026-10-08T20:30,13.3
TOS11000093,2026-10-08T20:45,13.3
TOS11000093,2026-10-08T21:00,13.3
TOS11000093,2026-10-08T21:15,13.3
TOS11000093,2026-10-08T21:30,13.3
TOS11000093,2026-10-08T21:45,13.3
TOS11000093,2026-10-08T22:00,13.3
TOS11000093,2026-10-08T22:15,13.3
TOS11000093,2026-10-08T22:30,13.5
TOS11000093,2026-10-08T22:45,13.9
TOS11000093,2026-10-08T23:00,14.1
TOS11000093,2026-10-08T23:15,14.1
TOS11000093,2026-10-08T23:30,14.9
TOS11000093,2026-10-08T23:45,15.5
TOS11000094,2026-10-08T00:30,0.2
TOS11000094,2026-10-08T00:45,0.8
TOS11000094,2026-10-08T01:00,1.6
TOS11000094,2026-10-08T01:15,4.1
TOS11000094,2026-10-08T01:30,7.0
TOS11000094,2026-10-08T01:45,7.2
TOS11000094,2026-10-08T02:00,8.0
TOS11000094,2026-10-08T02:15,9.0
TOS11000094,2026-10-08T02:30,10.6
TOS11000094,2026-10-08T02:45,11.4
TOS11000094,2026-10-08T03:00,11.6
TOS11000094,2026-10-08T03:15,11.6
TOS11000094,2026-10-08T03:30,11.6
TOS11000094,2026-10-08T03:45,11.8
TOS11000094,2026-10-08T04:00,12.0
TOS11000094,2026-10-08T04:15,12.0
TOS11000094,2026-10-08T04:30,12.2
TOS11000094,2026-10-08T04:45,13.2
TOS11000094,2026-10-08T05:00,14.0
TOS11000094,2026-10-08T05:15,15.2
TOS11000094,2026-10-08T05:30,17.4
TOS11000094,2026-10-08T05:45,18.8
TOS11000094,2026-10-08T06:00,19.6
TOS11000094,2026-10-08T06:15,19.8
TOS11000094,2026-10-08T06:30,19.8
TOS11000094,2026-10-08T06:45,19.8
TOS11000094,2026-10-08T07:00,19.8
TOS11000094,2026-10-08T07:15,19.8
TOS11000094,2026-10-08T07:30,19.8
TOS11000094,2026-10-08T07:45,19.8
TOS11000094,2026-10-08T08:00,19.8
TOS11000094,2026-10-08T08:15,19.8
TOS11000094,2026-10-08T08:30,19.8
TOS11000094,2026-10-08T08:45,19.8
TOS11000094,2026-10-08T09:00,20.6
TOS11000094,2026-10-08T09:15,20.6
TOS11000094,2026-10-08T09:30,20.6
TOS11000094,2026-10-08T09:45,20.6
TOS11000094,2026-10-08T10:00,20.6
TOS11000094,2026-10-08T10:15,20.6
TOS11000094,2026-10-08T10:30,20.6
TOS11000094,2026-10-08T10:45,20.6
TOS11000094,2026-10-08T11:00,20.8
TOS11000094,2026-10-08T11:15,21.4
TOS11000094,2026-10-08T11:30,22.2
TOS11000094,2026-10-08T11:45,22.8
TOS11000094,2026-10-08T12:00,23.4
TOS11000094,2026-10-08T12:15,23.4
TOS11000094,2026-10-08T12:30,23.4
TOS11000094,2026-10-08T12:45,23.4
TOS11000094,2026-10-08T13:00,23.4
TOS11000094,2026-10-08T13:15,23.4
TOS11000094,2026-10-08T13:30,23.4
TOS11000094,2026-10-08T13:45,23.6
TOS11000094,2026-10-08T14:00,23.8
TOS11000094,2026-10-08T14:15,23.8
TOS11000094,2026-10-08T14:30,23.8
TOS11000094,2026-10-08T14:45,23.8
TOS11000094,2026-10-08T15:00,23.8
TOS11000094,2026-10-08T15:15,23.8
TOS11000094,2026-10-08T15:30,23.8
TOS11000094,2026-10-08T15:45,23.8
TOS11000094,2026-10-08T16:00,23.8
TOS11000094,2026-10-08T16:15,23.8
TOS11000094,2026-10-08T16:30,23.8
TOS11000094,2026-10-08T16:45,23.8
TOS11000094,2026-10-08T17:00,23.8
TOS11000094,2026-10-08T17:15,23.8
TOS11000094,2026-10-08T17:30,23.8
TOS11000094,2026-10-08T17:45,23.8
TOS11000094,2026-10-08T18:00,24.0
TOS11000094,2026-10-08T18:15,24.0
TOS11000094,2026-10-08T18:30,24.0
TOS11000094,2026-10-08T18:45,24.0
TOS11000094,2026-10-08T19:00,24.0
TOS11000094,2026-10-08T19:15,24.0
TOS11000094,2026-10-08T19:30,24.0
TOS11000094,2026-10-08T19:45,24.0
TOS11000094,2026-10-08T20:00,24.0
TOS11000094,2026-10-08T20:15,24.0
TOS11000094,2026-10-08T20:30,24.0
TOS11000094,2026-10-08T20:45,24.0
TOS11000094,2026-10-08T21:00,24.0
TOS11000094,2026-10-08T21:15,24.0
TOS11000094,2026-10-08T21:30,24.0
TOS11000094,2026-10-08T21:45,24.0
TOS11000094,2026-10-08T22:00,24.0
TOS11000094,2026-10-08T22:15,24.2
TOS11000094,2026-10-08T22:30,24.2
TOS11000094,2026-10-08T22:45,26.9
TOS11000094,2026-10-08T23:00,32.6
TOS11000094,2026-10-08T23:15,32.6
TOS11000094,2026-10-08T23:30,33.0
TOS11000094,2026-10-08T23:45,33.8
TOS11000096,2026-10-08T00:15,0.4
TOS11000096,2026-10-08T00:30,0.8
TOS11000096,2026-10-08T00:45,1.8
TOS11000096,2026-10-08T01:00,2.2
TOS11000096,2026-10-08T01:15,2.6
TOS11000096,2026-10-08T01:30,2.8
TOS11000096,2026-10-08T01:45,4.6
TOS11000096,2026-10-08T02:00,5.8
TOS11000096,2026-10-08T02:15,6.2
TOS11000096,2026-10-08T02:30,6.4
TOS11000096,2026-10-08T02:45,6.4
TOS11000096,2026-10-08T03:00,6.4
TOS11000096,2026-10-08T03:15,6.4
TOS11000096,2026-10-08T03:30,6.4
TOS11000096,2026-10-08T03:45,8.2
TOS11000096,2026-10-08T04:00,21.1
TOS11000096,2026-10-08T04:15,32.6
TOS11000096,2026-10-08T04:30,37.0
TOS11000096,2026-10-08T04:45,40.3
TOS11000096,2026-10-08T05:00,42.7
TOS11000096,2026-10-08T05:15,43.1
TOS11000096,2026-10-08T05:30,43.1
TOS11000096,2026-10-08T05:45,43.1
TOS11000096,2026-10-08T06:00,43.1
TOS11000096,2026-10-08T06:15,43.1
TOS11000096,2026-10-08T06:30,43.5
TOS11000096,2026-10-08T06:45,44.1
TOS11000096,2026-10-08T07:00,44.3
TOS11000096,2026-10-08T07:15,44.3
TOS11000096,2026-10-08T07:30,44.3
TOS11000096,2026-10-08T07:45,45.5
TOS11000096,2026-10-08T08:00,46.7
TOS11000096,2026-10-08T08:15,46.9
TOS11000096,2026-10-08T08:30,46.9
TOS11000096,2026-10-08T08:45,46.9
TOS11000096,2026-10-08T09:00,46.9
TOS11000096,2026-10-08T09:15,47.3
TOS11000096,2026-10-08T09:30,48.3
TOS11000096,2026-10-08T09:45,50.5
TOS11000096,2026-10-08T10:00,50.7
TOS11000096,2026-10-08T10:15,50.7
TOS11000096,2026-10-08T10:30,50.7
TOS11000096,2026-10-08T10:45,50.9
TOS11000096,2026-10-08T11:00,51.7
TOS11000096,2026-10-08T11:15,51.7
TOS11000096,2026-10-08T11:30,51.7
TOS11000096,2026-10-08T11:45,51.7
TOS11000096,2026-10-08T12:00,52.3
TOS11000096,2026-10-08T12:15,52.3
TOS11000096,2026-10-08T12:30,52.3
TOS11000096,2026-10-08T12:45,52.3
TOS11000096,2026-10-08T13:00,52.5
TOS11000096,2026-10-08T13:15,53.1
TOS11000096,2026-10-08T13:30,55.3
TOS11000096,2026-10-08T13:45,55.5
TOS11000096,2026-10-08T14:00,55.5
TOS11000096,2026-10-08T14:15,55.5
TOS11000096,2026-10-08T14:30,55.5
TOS11000096,2026-10-08T14:45,55.7
TOS11000096,2026-10-08T15:00,56.5
TOS11000096,2026-10-08T15:15,56.7
TOS11000096,2026-10-08T15:30,56.9
TOS11000096,2026-10-08T15:45,57.1
TOS11000096,2026-10-08T16:15,63.3
TOS11000096,2026-10-08T17:15,66.8
TOS11000096,2026-10-08T19:15,69.3
TOS11000096,2026-10-08T19:45,69.5
TOS11000096,2026-10-08T23:15,70.1
TOS11000097,2026-10-08T00:15,0.2
TOS11000097,2026-10-08T00:30,0.2
TOS11000097,2026-10-08T00:45,0.4
TOS11000097,2026-10-08T01:00,0.6
TOS11000097,2026-10-08T01:15,1.0
TOS11000097,2026-10-08T01:30,1.4
TOS11000097,2026-10-08T01:45,1.4
TOS11000097,2026-10-08T02:00,1.4
TOS11000097,2026-10-08T02:15,1.4
TOS11000097,2026-10-08T02:30,1.4
TOS11000097,2026-10-08T02:45,1.4
TOS11000097,2026-10-08T03:00,1.4
TOS11000097,2026-10-08T03:15,1.6
TOS11000097,2026-10-08T03:30,1.6
TOS11000097,2026-10-08T03:45,1.6
TOS11000097,2026-10-08T04:00,1.6
TOS11000097,2026-10-08T04:15,1.8
TOS11000097,2026-10-08T04:30,3.9
TOS11000097,2026-10-08T04:45,9.8
TOS11000097,2026-10-08T05:00,12.8
TOS11000097,2026-10-08T05:15,14.6
TOS11000097,2026-10-08T05:30,14.6
TOS11000097,2026-10-08T05:45,14.6
TOS11000097,2026-10-08T06:00,14.6
TOS11000097,2026-10-08T06:15,14.6
TOS11000097,2026-10-08T06:30,14.6
TOS11000097,2026-10-08T06:45,14.6
TOS11000097,2026-10-08T07:00,14.8
TOS11000097,2026-10-08T07:15,15.0
TOS11000097,2026-10-08T07:30,15.4
TOS11000097,2026-10-08T07:45,16.0
TOS11000097,2026-10-08T08:00,17.2
TOS11000097,2026-10-08T08:15,17.6
TOS11000097,2026-10-08T08:30,18.0
TOS11000097,2026-10-08T08:45,18.4
TOS11000097,2026-10-08T09:00,18.4
TOS11000097,2026-10-08T09:15,18.4
TOS11000097,2026-10-08T09:30,19.0
TOS11000097,2026-10-08T09:45,20.4
TOS11000097,2026-10-08T10:00,23.2
TOS11000097,2026-10-08T10:15,23.4
TOS11000097,2026-10-08T10:30,23.4
TOS11000097,2026-10-08T10:45,23.6
TOS11000097,2026-10-08T11:00,23.8
TOS11000097,2026-10-08T11:15,23.8
TOS11000097,2026-10-08T11:30,23.8
TOS11000097,2026-10-08T11:45,23.8
TOS11000097,2026-10-08T12:00,23.8
TOS11000097,2026-10-08T12:15,23.8
TOS11000097,2026-10-08T12:30,23.8
TOS11000097,2026-10-08T12:45,23.8
TOS11000097,2026-10-08T13:00,24.0
TOS11000097,2026-10-08T13:15,24.4
TOS11000097,2026-10-08T13:30,24.8
TOS11000097,2026-10-08T13:45,24.8
TOS11000097,2026-10-08T14:00,24.8
TOS11000097,2026-10-08T14:15,25.2
TOS11000097,2026-10-08T14:30,25.2
TOS11000097,2026-10-08T14:45,25.4
TOS11000097,2026-10-08T15:00,25.4
TOS11000097,2026-10-08T15:15,25.4
TOS11000097,2026-10-08T15:30,25.6
TOS11000097,2026-10-08T15:45,25.6
TOS11000097,2026-10-08T16:00,25.8
TOS11000097,2026-10-08T16:15,27.4
TOS11000097,2026-10-08T16:30,32.5
TOS11000097,2026-10-08T16:45,32.7
TOS11000097,2026-10-08T17:00,34.5
TOS11000097,2026-10-08T17:15,38.5
TOS11000097,2026-10-08T17:30,40.7
TOS11000097,2026-10-08T17:45,41.7
TOS11000097,2026-10-08T18:00,41.9
TOS11000097,2026-10-08T18:15,42.1
TOS11000097,2026-10-08T18:30,42.3
TOS11000097,2026-10-08T18:45,42.5
TOS11000097,2026-10-08T19:00,42.7
TOS11000097,2026-10-08T19:15,42.7
TOS11000097,2026-10-08T19:30,42.7
TOS11000097,2026-10-08T19:45,43.1
TOS11000097,2026-10-08T20:00,43.1
TOS11000097,2026-10-08T20:15,43.1
TOS11000097,2026-10-08T20:30,43.3
TOS11000097,2026-10-08T20:45,44.5
TOS11000097,2026-10-08T21:00,45.3
TOS11000097,2026-10-08T21:15,45.5
TOS11000097,2026-10-08T21:30,45.5
TOS11000097,2026-10-08T21:45,45.9
TOS11000097,2026-10-08T22:00,46.1
TOS11000097,2026-10-08T22:15,46.1
TOS11000097,2026-10-08T22:30,46.1
TOS11000097,2026-10-08T22:45,46.3
TOS11000097,2026-10-08T23:00,46.3
TOS11000097,2026-10-08T23:15,46.5
TOS11000097,2026-10-08T23:30,46.7
TOS11000097,2026-10-08T23:45,46.7
TOS11000100,2026-10-08T02:00,0.2
TOS11000100,2026-10-08T02:15,0.2
TOS11000100,2026-10-08T02:30,0.2
TOS11000100,2026-10-08T02:45,0.2
TOS11000100,2026-10-08T03:00,0.2
TOS11000100,2026-10-08T03:15,0.2
TOS11000100,2026-10-08T03:30,0.2
TOS11000100,2026-10-08T03:45,0.2
TOS11000100,2026-10-08T04:00,0.2
TOS11000100,2026-10-08T04:15,0.6
TOS11000100,2026-10-08T04:30,1.2
TOS11000100,2026-10-08T04:45,1.8
TOS11000100,2026-10-08T05:00,2.0
TOS11000100,2026-10-08T05:15,2.0
TOS11000100,2026-10-08T05:30,2.0
TOS11000100,2026-10-08T05:45,2.0
TOS11000100,2026-10-08T06:00,2.0
TOS11000100,2026-10-08T06:15,2.0
TOS11000100,2026-10-08T06:30,2.0
TOS11000100,2026-10-08T06:45,2.0
TOS11000100,2026-10-08T07:00,6.0
TOS11000100,2026-10-08T07:15,8.7
TOS11000100,2026-10-08T07:30,9.9
TOS11000100,2026-10-08T07:45,12.1
TOS11000100,2026-10-08T08:00,13.1
TOS11000100,2026-10-08T08:15,16.9
TOS11000100,2026-10-08T08:30,17.9
TOS11000100,2026-10-08T08:45,19.4
TOS11000100,2026-10-08T09:00,22.0
TOS11000100,2026-10-08T09:15,25.8
TOS11000100,2026-10-08T09:30,31.3
TOS11000100,2026-10-08T09:45,31.5
TOS11000100,2026-10-08T10:00,31.5
TOS11000100,2026-10-08T10:15,31.7
TOS11000100,2026-10-08T10:30,32.1
TOS11000100,2026-10-08T10:45,32.3
TOS11000100,2026-10-08T11:00,32.7
TOS11000100,2026-10-08T11:15,32.7
TOS11000100,2026-10-08T11:30,32.7
TOS11000100,2026-10-08T11:45,32.9
TOS11000100,2026-10-08T12:00,33.1
TOS11000100,2026-10-08T12:15,33.1
TOS11000100,2026-10-08T12:30,34.3
TOS11000100,2026-10-08T12:45,34.9
TOS11000100,2026-10-08T13:00,41.6
TOS11000100,2026-10-08T13:15,43.2
TOS11000100,2026-10-08T13:30,43.2
TOS11000100,2026-10-08T13:45,43.2
TOS11000100,2026-10-08T14:00,45.5
TOS11000100,2026-10-08T14:15,47.7
TOS11000100,2026-10-08T14:30,47.7
TOS11000100,2026-10-08T14:45,47.7
TOS11000100,2026-10-08T15:00,47.7
TOS11000100,2026-10-08T15:15,47.7
TOS11000100,2026-10-08T15:30,47.7
TOS11000100,2026-10-08T15:45,47.7
TOS11000100,2026-10-08T16:00,47.7
TOS11000100,2026-10-08T16:15,47.7
TOS11000100,2026-10-08T16:30,50.0
TOS11000100,2026-10-08T16:45,51.2
TOS11000100,2026-10-08T17:00,51.6
TOS11000100,2026-10-08T17:15,51.8
TOS11000100,2026-10-08T17:30,51.8
TOS11000100,2026-10-08T17:45,51.8
TOS11000100,2026-10-08T18:00,54.1
TOS11000100,2026-10-08T18:15,54.1
TOS11000100,2026-10-08T18:30,54.1
TOS11000100,2026-10-08T18:45,54.3
TOS11000100,2026-10-08T19:00,56.1
TOS11000100,2026-10-08T19:15,74.4
TOS11000100,2026-10-08T19:30,74.4
TOS11000100,2026-10-08T19:45,74.4
TOS11000100,2026-10-08T20:00,74.4
TOS11000100,2026-10-08T20:15,74.4
TOS11000100,2026-10-08T20:30,75.0
TOS11000100,2026-10-08T20:45,75.4
TOS11000100,2026-10-08T21:00,75.8
TOS11000100,2026-10-08T21:15,76.4
TOS11000100,2026-10-08T21:30,76.4
TOS11000100,2026-10-08T21:45,76.4
TOS11000100,2026-10-08T22:00,76.4
TOS11000100,2026-10-08T22:15,76.4
TOS11000100,2026-10-08T22:30,76.4
TOS11000100,2026-10-08T22:45,76.4
TOS11000100,2026-10-08T23:00,76.4
TOS11000100,2026-10-08T23:15,76.4
TOS11000100,2026-10-08T23:30,76.4
TOS11000100,2026-10-08T23:45,76.4
TOS11000102,2026-10-08T00:10,0.4
TOS11000102,2026-10-08T00:15,1.6
TOS11000102,2026-10-08T00:20,2.2
TOS11000102,2026-10-08T00:25,3.7
TOS11000102,2026-10-08T00:30,3.9
TOS11000102,2026-10-08T00:35,4.3
TOS11000102,2026-10-08T00:40,4.7
TOS11000102,2026-10-08T00:45,5.5
TOS11000102,2026-10-08T00:50,9.4
TOS11000102,2026-10-08T00:55,14.3
TOS11000102,2026-10-08T01:00,21.2
TOS11000102,2026-10-08T01:05,23.7
TOS11000102,2026-10-08T01:10,23.7
TOS11000102,2026-10-08T01:15,23.9
TOS11000102,2026-10-08T01:20,23.9
TOS11000102,2026-10-08T01:25,23.9
TOS11000102,2026-10-08T01:30,23.9
TOS11000102,2026-10-08T01:35,23.9
TOS11000102,2026-10-08T01:40,23.9
TOS11000102,2026-10-08T01:45,24.1
TOS11000102,2026-10-08T01:50,24.3
TOS11000102,2026-10-08T01:55,24.3
TOS11000102,2026-10-08T02:00,24.3
TOS11000102,2026-10-08T02:05,24.5
TOS11000102,2026-10-08T02:10,24.5
TOS11000102,2026-10-08T02:15,24.5
TOS11000102,2026-10-08T02:20,24.5
TOS11000102,2026-10-08T02:25,24.5
TOS11000102,2026-10-08T02:30,24.5
TOS11000102,2026-10-08T02:35,24.5
TOS11000102,2026-10-08T02:40,24.5
TOS11000102,2026-10-08T02:45,24.5
TOS11000102,2026-10-08T02:50,24.5
TOS11000102,2026-10-08T02:55,24.5
TOS11000102,2026-10-08T03:00,24.5
TOS11000102,2026-10-08T03:05,24.5
TOS11000102,2026-10-08T03:10,24.7
TOS11000102,2026-10-08T03:15,26.3
TOS11000102,2026-10-08T03:20,27.8
TOS11000102,2026-10-08T03:25,28.6
TOS11000102,2026-10-08T03:30,32.3
TOS11000102,2026-10-08T03:35,47.2
TOS11000102,2026-10-08T03:40,51.4
TOS11000102,2026-10-08T03:45,52.4
TOS11000102,2026-10-08T03:50,53.0
TOS11000102,2026-10-08T03:55,55.1
TOS11000102,2026-10-08T04:00,61.9
TOS11000102,2026-10-08T04:05,63.0
TOS11000102,2026-10-08T04:10,65.4
TOS11000102,2026-10-08T04:15,73.1
TOS11000102,2026-10-08T04:20,73.9
TOS11000102,2026-10-08T04:25,74.7
TOS11000102,2026-10-08T04:30,75.1
TOS11000102,2026-10-08T04:35,75.5
TOS11000102,2026-10-08T04:40,75.9
TOS11000102,2026-10-08T04:45,76.1
TOS11000102,2026-10-08T04:50,76.5
TOS11000102,2026-10-08T04:55,76.9
TOS11000102,2026-10-08T05:00,76.9
TOS11000102,2026-10-08T05:05,76.9
TOS11000102,2026-10-08T05:10,76.9
TOS11000102,2026-10-08T05:15,76.9
TOS11000102,2026-10-08T05:20,76.9
TOS11000102,2026-10-08T05:25,76.9
TOS11000102,2026-10-08T05:30,76.9
TOS11000102,2026-10-08T05:35,76.9
TOS11000102,2026-10-08T05:40,76.9
TOS11000102,2026-10-08T05:45,76.9
TOS11000102,2026-10-08T05:50,76.9
TOS11000102,2026-10-08T05:55,76.9
TOS11000102,2026-10-08T06:00,76.9
TOS11000102,2026-10-08T06:05,76.9
TOS11000102,2026-10-08T06:10,76.9
TOS11000102,2026-10-08T06:15,76.9
TOS11000102,2026-10-08T06:20,76.9
TOS11000102,2026-10-08T06:25,76.9
TOS11000102,2026-10-08T06:30,76.9
TOS11000102,2026-10-08T06:35,76.9
TOS11000102,2026-10-08T06:40,76.9
TOS11000102,2026-10-08T06:45,76.9
TOS11000102,2026-10-08T06:50,76.9
TOS11000102,2026-10-08T06:55,76.9
TOS11000102,2026-10-08T07:00,76.9
TOS11000102,2026-10-08T07:05,76.9
TOS11000102,2026-10-08T07:10,76.9
TOS11000102,2026-10-08T07:15,76.9
TOS11000102,2026-10-08T07:20,76.9
TOS11000102,2026-10-08T07:25,76.9
TOS11000102,2026-10-08T07:30,76.9
TOS11000102,2026-10-08T07:35,76.9
TOS11000102,2026-10-08T07:40,76.9
TOS11000102,2026-10-08T07:45,76.9
TOS11000102,2026-10-08T07:50,76.9
TOS11000102,2026-10-08T07:55,76.9
TOS11000102,2026-10-08T08:00,76.9
TOS11000102,2026-10-08T08:05,76.9
TOS11000102,2026-10-08T08:10,76.9
TOS11000102,2026-10-08T08:15,76.9
TOS11000102,2026-10-08T08:20,76.9
TOS11000102,2026-10-08T08:25,76.9
TOS11000102,2026-10-08T08:30,76.9
TOS11000102,2026-10-08T08:35,76.9
TOS11000102,2026-10-08T08:40,76.9
TOS11000102,2026-10-08T08:45,76.9
TOS11000102,2026-10-08T08:50,76.9
TOS11000102,2026-10-08T08:55,76.9
TOS11000102,2026-10-08T09:00,76.9
TOS11000102,2026-10-08T09:05,76.9
TOS11000102,2026-10-08T09:10,76.9
TOS11000102,2026-10-08T09:15,76.9
TOS11000102,2026-10-08T09:20,76.9
TOS11000102,2026-10-08T09:25,76.9
TOS11000102,2026-10-08T09:30,77.1
TOS11000102,2026-10-08T09:35,78.3
TOS11000102,2026-10-08T09:40,80.6
TOS11000102,2026-10-08T09:45,83.9
TOS11000102,2026-10-08T09:50,84.7
TOS11000102,2026-10-08T09:55,86.5
TOS11000102,2026-10-08T10:00,86.7
TOS11000102,2026-10-08T10:05,86.9
TOS11000102,2026-10-08T10:10,86.9
TOS11000102,2026-10-08T10:15,86.9
TOS11000102,2026-10-08T10:20,87.1
TOS11000102,2026-10-08T10:25,87.1
TOS11000102,2026-10-08T10:30,87.3
TOS11000102,2026-10-08T10:35,87.3
TOS11000102,2026-10-08T10:40,87.3
TOS11000102,2026-10-08T10:45,87.3
TOS11000102,2026-10-08T10:50,87.3
TOS11000102,2026-10-08T10:55,87.5
TOS11000102,2026-10-08T11:00,87.5
TOS11000102,2026-10-08T11:05,87.5
TOS11000102,2026-10-08T11:10,87.5
TOS11000102,2026-10-08T11:15,87.5
TOS11000102,2026-10-08T11:20,87.5
TOS11000102,2026-10-08T11:25,87.5
TOS11000102,2026-10-08T11:30,87.7
TOS11000102,2026-10-08T11:35,87.7
TOS11000102,2026-10-08T11:40,87.7
TOS11000102,2026-10-08T11:45,87.7
TOS11000102,2026-10-08T11:50,87.7
TOS11000102,2026-10-08T11:55,87.7
TOS11000102,2026-10-08T12:00,87.7
TOS11000102,2026-10-08T12:05,87.7
TOS11000102,2026-10-08T12:10,87.7
TOS11000102,2026-10-08T12:15,87.7
TOS11000102,2026-10-08T12:20,87.7
TOS11000102,2026-10-08T12:25,87.7
TOS11000102,2026-10-08T12:30,87.7
TOS11000102,2026-10-08T12:35,87.7
TOS11000102,2026-10-08T12:40,87.7
TOS11000102,2026-10-08T12:45,87.7
TOS11000102,2026-10-08T12:50,87.7
TOS11000102,2026-10-08T12:55,90.0
TOS11000102,2026-10-08T13:00,91.4
TOS11000102,2026-10-08T13:05,92.2
TOS11000102,2026-10-08T13:10,92.4
TOS11000102,2026-10-08T13:15,92.4
TOS11000102,2026-10-08T13:20,92.4
TOS11000102,2026-10-08T13:25,92.4
TOS11000102,2026-10-08T13:30,92.4
TOS11000102,2026-10-08T13:35,92.4
TOS11000102,2026-10-08T13:40,92.4
TOS11000102,2026-10-08T13:45,92.4
TOS11000102,2026-10-08T13:50,92.4
TOS11000102,2026-10-08T13:55,92.4
TOS11000102,2026-10-08T14:00,92.4
TOS11000102,2026-10-08T14:05,92.4
TOS11000102,2026-10-08T14:10,92.4
TOS11000102,2026-10-08T14:15,92.4
TOS11000102,2026-10-08T14:20,92.4
TOS11000102,2026-10-08T14:25,92.4
TOS11000102,2026-10-08T14:30,92.4
TOS11000102,2026-10-08T14:35,92.4
TOS11000102,2026-10-08T14:40,92.4
TOS11000102,2026-10-08T14:45,92.4
TOS11000102,2026-10-08T14:50,92.4
TOS11000102,2026-10-08T14:55,92.4
TOS11000102,2026-10-08T15:00,92.4
TOS11000102,2026-10-08T15:05,92.4
TOS11000102,2026-10-08T15:10,92.4
TOS11000102,2026-10-08T15:15,92.4
TOS11000102,2026-10-08T15:20,92.4
TOS11000102,2026-10-08T15:25,92.4
TOS11000102,2026-10-08T15:30,92.4
TOS11000102,2026-10-08T15:35,92.4
TOS11000102,2026-10-08T15:40,92.4
TOS11000102,2026-10-08T15:45,92.4
TOS11000102,2026-10-08T15:50,97.0
TOS11000102,2026-10-08T15:55,99.0
TOS11000102,2026-10-08T16:00,99.4
TOS11000102,2026-10-08T16:05,99.6
TOS11000102,2026-10-08T16:10,99.6
TOS11000102,2026-10-08T16:15,99.6
TOS11000102,2026-10-08T16:20,100.2
TOS11000102,2026-10-08T16:25,105.5
TOS11000102,2026-10-08T16:30,108.8
TOS11000102,2026-10-08T16:35,109.2
TOS11000102,2026-10-08T16:40,109.2
TOS11000102,2026-10-08T16:45,110.4
TOS11000102,2026-10-08T16:50,110.6
TOS11000102,2026-10-08T16:55,110.6
TOS11000102,2026-10-08T17:00,110.6
TOS11000102,2026-10-08T17:05,110.6
TOS11000102,2026-10-08T17:10,110.6
TOS11000102,2026-10-08T17:15,110.6
TOS11000102,2026-10-08T17:20,110.6
TOS11000102,2026-10-08T17:25,110.6
TOS11000102,2026-10-08T17:30,110.6
TOS11000102,2026-10-08T17:35,110.6
TOS11000102,2026-10-08T17:40,110.6
TOS11000102,2026-10-08T17:45,110.6
TOS11000102,2026-10-08T17:50,110.6
TOS11000102,2026-10-08T17:55,110.6
TOS11000102,2026-10-08T18:00,110.6
TOS11000102,2026-10-08T18:05,110.6
TOS11000102,2026-10-08T18:10,110.6
TOS11000102,2026-10-08T18:15,110.6
TOS11000102,2026-10-08T18:20,110.6
TOS11000102,2026-10-08T18:25,110.6
TOS11000102,2026-10-08T18:30,110.6
TOS11000102,2026-10-08T18:35,110.6
TOS11000102,2026-10-08T18:40,110.6
TOS11000102,2026-10-08T18:45,110.6
TOS11000102,2026-10-08T18:50,110.6
TOS11000102,2026-10-08T18:55,110.6
TOS11000102,2026-10-08T19:00,110.6
TOS11000102,2026-10-08T19:05,110.6
TOS11000102,2026-10-08T19:10,110.6
TOS11000102,2026-10-08T19:15,110.6
TOS11000102,2026-10-08T19:20,110.6
TOS11000102,2026-10-08T19:25,110.6
TOS11000102,2026-10-08T19:30,110.6
TOS11000102,2026-10-08T19:35,110.6
TOS11000102,2026-10-08T19:40,110.6
TOS11000102,2026-10-08T19:45,110.6
TOS11000102,2026-10-08T19:50,110.6
TOS11000102,2026-10-08T19:55,110.6
TOS11000102,2026-10-08T20:00,110.6
TOS11000102,2026-10-08T20:05,110.6
TOS11000102,2026-10-08T20:10,110.6
TOS11000102,2026-10-08T20:15,110.6
TOS11000102,2026-10-08T20:20,110.6
TOS11000102,2026-10-08T20:25,110.6
TOS11000102,2026-10-08T20:30,110.6
TOS11000102,2026-10-08T20:35,110.6
TOS11000102,2026-10-08T20:40,110.6
TOS11000102,2026-10-08T20:45,110.6
TOS11000102,2026-10-08T20:50,110.6
TOS11000102,2026-10-08T20:55,110.6
TOS11000102,2026-10-08T21:00,110.6
TOS11000102,2026-10-08T21:05,110.6
TOS11000102,2026-10-08T21:10,110.6
TOS11000102,2026-10-08T21:15,110.6
TOS11000102,2026-10-08T21:20,110.6
TOS11000102,2026-10-08T21:25,110.6
TOS11000102,2026-10-08T21:30,110.6
TOS11000102,2026-10-08T21:35,110.6
TOS11000102,2026-10-08T21:40,110.6
TOS11000102,2026-10-08T21:45,110.6
TOS11000102,2026-10-08T21:50,110.6
TOS11000102,2026-10-08T21:55,110.6
TOS11000102,2026-10-08T22:00,110.6
TOS11000102,2026-10-08T22:05,110.6
TOS11000102,2026-10-08T22:10,110.6
TOS11000102,2026-10-08T22:15,110.6
TOS11000102,2026-10-08T22:20,110.6
TOS11000102,2026-10-08T22:25,111.0
TOS11000102,2026-10-08T22:30,111.2
TOS11000102,2026-10-08T22:35,111.2
TOS11000102,2026-10-08T22:40,111.2
TOS11000102,2026-10-08T22:45,111.2
TOS11000102,2026-10-08T22:50,111.2
TOS11000102,2026-10-08T22:55,111.6
TOS11000102,2026-10-08T23:00,111.6
TOS11000102,2026-10-08T23:05,111.6
TOS11000102,2026-10-08T23:10,111.6
TOS11000102,2026-10-08T23:15,111.6
TOS11000102,2026-10-08T23:20,111.6
TOS11000102,2026-10-08T23:25,111.6
TOS11000102,2026-10-08T23:30,111.6
TOS11000102,2026-10-08T23:35,111.6
TOS11000102,2026-10-08T23:40,111.6
TOS11000102,2026-10-08T23:45,111.6
TOS11000102,2026-10-08T23:50,111.6
TOS11000102,2026-10-08T23:55,111.6
TOS11000106,2026-10-08T00:30,0.2
TOS11000106,2026-10-08T00:45,0.6
TOS11000106,2026-10-08T01:00,2.0
TOS11000106,2026-10-08T01:15,2.4
TOS11000106,2026-10-08T01:30,2.6
TOS11000106,2026-10-08T01:45,2.6
TOS11000106,2026-10-08T02:00,3.4
TOS11000106,2026-10-08T02:15,3.6
TOS11000106,2026-10-08T02:30,3.6
TOS11000106,2026-10-08T02:45,3.6
TOS11000106,2026-10-08T03:00,3.6
TOS11000106,2026-10-08T03:15,3.6
TOS11000106,2026-10-08T03:30,3.8
TOS11000106,2026-10-08T03:45,3.8
TOS11000106,2026-10-08T04:00,5.4
TOS11000106,2026-10-08T04:15,7.0
TOS11000106,2026-10-08T04:30,8.2
TOS11000106,2026-10-08T04:45,9.6
TOS11000106,2026-10-08T05:00,11.8
TOS11000106,2026-10-08T05:15,13.8
TOS11000106,2026-10-08T05:30,14.0
TOS11000106,2026-10-08T05:45,14.0
TOS11000106,2026-10-08T06:00,14.0
TOS11000106,2026-10-08T06:15,14.0
TOS11000106,2026-10-08T06:30,14.0
TOS11000106,2026-10-08T06:45,14.0
TOS11000106,2026-10-08T07:00,14.4
TOS11000106,2026-10-08T07:15,14.6
TOS11000106,2026-10-08T07:30,14.6
TOS11000106,2026-10-08T07:45,16.0
TOS11000106,2026-10-08T08:00,16.8
TOS11000106,2026-10-08T08:15,18.2
TOS11000106,2026-10-08T08:30,18.6
TOS11000106,2026-10-08T08:45,19.0
TOS11000106,2026-10-08T09:00,19.0
TOS11000106,2026-10-08T09:15,19.0
TOS11000106,2026-10-08T09:30,19.8
TOS11000106,2026-10-08T09:45,21.6
TOS11000106,2026-10-08T10:00,24.9
TOS11000106,2026-10-08T10:15,26.9
TOS11000106,2026-10-08T10:30,27.1
TOS11000106,2026-10-08T10:45,27.1
TOS11000106,2026-10-08T11:00,27.1
TOS11000106,2026-10-08T11:15,27.1
TOS11000106,2026-10-08T11:30,27.1
TOS11000106,2026-10-08T11:45,27.1
TOS11000106,2026-10-08T12:00,27.1
TOS11000106,2026-10-08T12:15,27.1
TOS11000106,2026-10-08T12:30,27.1
TOS11000106,2026-10-08T12:45,27.1
TOS11000106,2026-10-08T13:00,27.1
TOS11000106,2026-10-08T13:15,27.1
TOS11000106,2026-10-08T13:30,27.3
TOS11000106,2026-10-08T13:45,27.3
TOS11000106,2026-10-08T14:00,27.3
TOS11000106,2026-10-08T14:15,27.3
TOS11000106,2026-10-08T14:30,27.3
TOS11000106,2026-10-08T14:45,27.3
TOS11000106,2026-10-08T15:00,27.7
TOS11000106,2026-10-08T15:15,27.7
TOS11000106,2026-10-08T15:30,27.7
TOS11000106,2026-10-08T15:45,27.7
TOS11000106,2026-10-08T16:00,27.7
TOS11000106,2026-10-08T16:15,28.1
TOS11000106,2026-10-08T16:30,29.5
TOS11000106,2026-10-08T16:45,29.9
TOS11000106,2026-10-08T17:00,30.5
TOS11000106,2026-10-08T17:15,32.5
TOS11000106,2026-10-08T17:30,33.7
TOS11000106,2026-10-08T17:45,34.3
TOS11000106,2026-10-08T18:00,34.7
TOS11000106,2026-10-08T18:15,35.1
TOS11000106,2026-10-08T18:30,35.3
TOS11000106,2026-10-08T18:45,35.9
TOS11000106,2026-10-08T19:00,37.1
TOS11000106,2026-10-08T19:15,37.7
TOS11000106,2026-10-08T19:30,38.1
TOS11000106,2026-10-08T19:45,38.1
TOS11000106,2026-10-08T20:00,38.1
TOS11000106,2026-10-08T20:15,38.3
TOS11000106,2026-10-08T20:30,38.3
TOS11000106,2026-10-08T20:45,38.3
TOS11000106,2026-10-08T21:00,38.3
TOS11000106,2026-10-08T21:15,38.3
TOS11000106,2026-10-08T21:30,38.3
TOS11000106,2026-10-08T21:45,38.5
TOS11000106,2026-10-08T22:00,39.5
TOS11000106,2026-10-08T22:15,40.5
TOS11000106,2026-10-08T22:30,40.5
TOS11000106,2026-10-08T22:45,40.5
TOS11000106,2026-10-08T23:00,40.7
TOS11000106,2026-10-08T23:15,40.7
TOS11000106,2026-10-08T23:30,41.3
TOS11000106,2026-10-08T23:45,41.5
TOS11000504,2026-10-08T04:45,0.2
TOS11000504,2026-10-08T05:00,0.2
TOS11000504,2026-10-08T05:15,0.2
TOS11000504,2026-10-08T05:30,0.6
TOS11000504,2026-10-08T05:45,0.8
TOS11000504,2026-10-08T06:00,0.8
TOS11000504,2026-10-08T06:15,0.8
TOS11000504,2026-10-08T06:30,0.8
TOS11000504,2026-10-08T06:45,0.8
TOS11000504,2026-10-08T07:00,0.8
TOS11000504,2026-10-08T07:15,0.8
TOS11000504,2026-10-08T07:30,0.8
TOS11000504,2026-10-08T07:45,0.8
TOS11000504,2026-10-08T08:00,0.8
TOS11000504,2026-10-08T08:15,0.8
TOS11000504,2026-10-08T08:30,0.8
TOS11000504,2026-10-08T08:45,0.8
TOS11000504,2026-10-08T09:00,0.8
TOS11000504,2026-10-08T09:15,0.8
TOS11000504,2026-10-08T09:30,0.8
TOS11000504,2026-10-08T09:45,0.8
TOS11000504,2026-10-08T10:00,0.8
TOS11000504,2026-10-08T10:15,0.8
TOS11000504,2026-10-08T10:30,0.8
TOS11000504,2026-10-08T10:45,0.8
TOS11000504,2026-10-08T11:00,0.8
TOS11000504,2026-10-08T11:15,4.3
TOS11000504,2026-10-08T11:30,11.9
TOS11000504,2026-10-08T11:45,13.1
TOS11000504,2026-10-08T12:00,14.1
TOS11000504,2026-10-08T12:15,14.1
TOS11000504,2026-10-08T12:30,14.1
TOS11000504,2026-10-08T12:45,14.7
TOS11000504,2026-10-08T13:00,14.9
TOS11000504,2026-10-08T13:15,14.9
TOS11000504,2026-10-08T13:30,14.9
TOS11000504,2026-10-08T13:45,14.9
TOS11000504,2026-10-08T14:00,14.9
TOS11000504,2026-10-08T14:15,14.9
TOS11000504,2026-10-08T14:30,14.9
TOS11000504,2026-10-08T14:45,15.7
TOS11000504,2026-10-08T15:00,15.9
TOS11000504,2026-10-08T15:15,15.9
TOS11000504,2026-10-08T15:30,15.9
TOS11000504,2026-10-08T15:45,15.9
TOS11000504,2026-10-08T16:00,15.9
TOS11000504,2026-10-08T16:15,15.9
TOS11000504,2026-10-08T16:30,15.9
TOS11000504,2026-10-08T16:45,15.9
TOS11000504,2026-10-08T17:00,15.9
TOS11000504,2026-10-08T17:15,15.9
TOS11000504,2026-10-08T17:30,15.9
TOS11000504,2026-10-08T17:45,15.9
TOS11000504,2026-10-08T18:00,15.9
TOS11000504,2026-10-08T18:15,15.9
TOS11000504,2026-10-08T18:30,15.9
TOS11000504,2026-10-08T18:45,15.9
TOS11000504,2026-10-08T19:00,15.9
TOS11000504,2026-10-08T19:15,15.9
TOS11000504,2026-10-08T19:30,15.9
TOS11000504,2026-10-08T19:45,15.9
TOS11000504,2026-10-08T20:00,15.9
TOS11000504,2026-10-08T20:15,15.9
TOS11000504,2026-10-08T20:30,15.9
TOS11000504,2026-10-08T20:45,15.9
TOS11000504,2026-10-08T21:00,15.9
TOS11000504,2026-10-08T21:15,15.9
TOS11000504,2026-10-08T21:30,15.9
TOS11000504,2026-10-08T21:45,15.9
TOS11000504,2026-10-08T22:00,15.9
TOS11000504,2026-10-08T22:15,16.1
TOS11000504,2026-10-08T22:30,16.9
TOS11000504,2026-10-08T22:45,17.1
TOS11000504,2026-10-08T23:00,17.3
TOS11000504,2026-10-08T23:15,17.7
TOS11000504,2026-10-08T23:30,18.1
TOS11000504,2026-10-08T23:45,19.1
TOS11000505,2026-10-08T05:00,0.2
TOS11000505,2026-10-08T05:15,0.2
TOS11000505,2026-10-08T05:30,0.4
TOS11000505,2026-10-08T05:45,0.6
TOS11000505,2026-10-08T06:00,0.6
TOS11000505,2026-10-08T06:15,0.6
TOS11000505,2026-10-08T06:30,0.6
TOS11000505,2026-10-08T06:45,0.6
TOS11000505,2026-10-08T07:00,0.6
TOS11000505,2026-10-08T07:15,0.6
TOS11000505,2026-10-08T07:30,0.6
TOS11000505,2026-10-08T07:45,0.6
TOS11000505,2026-10-08T08:00,0.6
TOS11000505,2026-10-08T08:15,0.6
TOS11000505,2026-10-08T08:30,0.6
TOS11000505,2026-10-08T08:45,0.6
TOS11000505,2026-10-08T09:00,0.6
TOS11000505,2026-10-08T09:15,0.6
TOS11000505,2026-10-08T09:30,0.6
TOS11000505,2026-10-08T09:45,0.6
TOS11000505,2026-10-08T10:00,0.6
TOS11000505,2026-10-08T10:15,0.6
TOS11000505,2026-10-08T10:30,0.6
TOS11000505,2026-10-08T10:45,0.6
TOS11000505,2026-10-08T11:00,0.6
TOS11000505,2026-10-08T11:15,0.6
TOS11000505,2026-10-08T11:30,7.6
TOS11000505,2026-10-08T11:45,12.3
TOS11000505,2026-10-08T12:00,13.1
TOS11000505,2026-10-08T12:15,13.1
TOS11000505,2026-10-08T12:30,13.1
TOS11000505,2026-10-08T12:45,13.1
TOS11000505,2026-10-08T13:00,13.3
TOS11000505,2026-10-08T13:15,13.3
TOS11000505,2026-10-08T13:30,13.3
TOS11000505,2026-10-08T13:45,13.3
TOS11000505,2026-10-08T14:00,13.3
TOS11000505,2026-10-08T14:15,13.3
TOS11000505,2026-10-08T14:30,13.3
TOS11000505,2026-10-08T14:45,13.3
TOS11000505,2026-10-08T15:00,13.3
TOS11000505,2026-10-08T15:15,13.3
TOS11000505,2026-10-08T15:30,13.3
TOS11000505,2026-10-08T15:45,13.3
TOS11000505,2026-10-08T16:00,13.3
TOS11000505,2026-10-08T16:15,13.3
TOS11000505,2026-10-08T16:30,13.3
TOS11000505,2026-10-08T16:45,13.3
TOS11000505,2026-10-08T17:00,13.3
TOS11000505,2026-10-08T17:15,13.3
TOS11000505,2026-10-08T17:30,13.3
TOS11000505,2026-10-08T17:45,13.3
TOS11000505,2026-10-08T18:00,13.3
TOS11000505,2026-10-08T18:15,13.3
TOS11000505,2026-10-08T18:30,13.3
TOS11000505,2026-10-08T18:45,13.3
TOS11000505,2026-10-08T19:00,13.3
TOS11000505,2026-10-08T19:15,13.3
TOS11000505,2026-10-08T19:30,13.3
TOS11000505,2026-10-08T19:45,13.3
TOS11000505,2026-10-08T20:00,13.3
TOS11000505,2026-10-08T20:15,13.3
TOS11000505,2026-10-08T20:30,13.3
TOS11000505,2026-10-08T20:45,13.3
TOS11000505,2026-10-08T21:00,13.3
TOS11000505,2026-10-08T21:15,13.3
TOS11000505,2026-10-08T21:30,13.3
TOS11000505,2026-10-08T21:45,13.3
TOS11000505,2026-10-08T22:00,13.3
TOS11000505,2026-10-08T22:15,13.5
TOS11000505,2026-10-08T22:30,13.7
TOS11000505,2026-10-08T22:45,15.7
TOS11000505,2026-10-08T23:00,15.9
TOS11000505,2026-10-08T23:15,15.9
TOS11000505,2026-10-08T23:30,15.9
TOS11000505,2026-10-08T23:45,15.9
TOS11000507,2026-10-08T04:30,0.2
TOS11000507,2026-10-08T04:45,0.4
TOS11000507,2026-10-08T05:00,0.4
TOS11000507,2026-10-08T05:15,0.8
TOS11000507,2026-10-08T05:30,1.4
TOS11000507,2026-10-08T05:45,1.4
TOS11000507,2026-10-08T06:00,1.4
TOS11000507,2026-10-08T06:15,1.4
TOS11000507,2026-10-08T06:30,1.4
TOS11000507,2026-10-08T06:45,1.4
TOS11000507,2026-10-08T07:00,1.4
TOS11000507,2026-10-08T07:15,1.4
TOS11000507,2026-10-08T07:30,1.4
TOS11000507,2026-10-08T07:45,1.4
TOS11000507,2026-10-08T08:00,1.4
TOS11000507,2026-10-08T08:15,1.4
TOS11000507,2026-10-08T08:30,1.4
TOS11000507,2026-10-08T08:45,1.4
TOS11000507,2026-10-08T09:00,1.4
TOS11000507,2026-10-08T09:15,1.4
TOS11000507,2026-10-08T09:30,1.4
TOS11000507,2026-10-08T09:45,1.4
TOS11000507,2026-10-08T10:00,1.4
TOS11000507,2026-10-08T10:15,1.4
TOS11000507,2026-10-08T10:30,1.4
TOS11000507,2026-10-08T10:45,1.4
TOS11000507,2026-10-08T11:00,1.4
TOS11000507,2026-10-08T11:15,9.5
TOS11000507,2026-10-08T11:30,9.9
TOS11000507,2026-10-08T11:45,10.1
TOS11000507,2026-10-08T12:00,10.1
TOS11000507,2026-10-08T12:15,10.1
TOS11000507,2026-10-08T12:30,10.1
TOS11000507,2026-10-08T12:45,10.3
TOS11000507,2026-10-08T13:00,10.3
TOS11000507,2026-10-08T13:15,10.3
TOS11000507,2026-10-08T13:30,10.3
TOS11000507,2026-10-08T13:45,10.3
TOS11000507,2026-10-08T14:00,10.3
TOS11000507,2026-10-08T14:15,10.3
TOS11000507,2026-10-08T14:30,10.3
TOS11000507,2026-10-08T14:45,10.5
TOS11000507,2026-10-08T15:00,10.7
TOS11000507,2026-10-08T15:15,10.9
TOS11000507,2026-10-08T15:30,10.9
TOS11000507,2026-10-08T15:45,10.9
TOS11000507,2026-10-08T16:00,10.9
TOS11000507,2026-10-08T16:15,10.9
TOS11000507,2026-10-08T16:30,10.9
TOS11000507,2026-10-08T16:45,10.9
TOS11000507,2026-10-08T17:00,10.9
TOS11000507,2026-10-08T17:15,10.9
TOS11000507,2026-10-08T17:30,10.9
TOS11000507,2026-10-08T17:45,10.9
TOS11000507,2026-10-08T18:00,10.9
TOS11000507,2026-10-08T18:15,10.9
TOS11000507,2026-10-08T18:30,10.9
TOS11000507,2026-10-08T18:45,10.9
TOS11000507,2026-10-08T19:00,10.9
TOS11000507,2026-10-08T19:15,10.9
TOS11000507,2026-10-08T19:30,10.9
TOS11000507,2026-10-08T19:45,10.9
TOS11000507,2026-10-08T20:00,10.9
TOS11000507,2026-10-08T20:15,10.9
TOS11000507,2026-10-08T20:30,10.9
TOS11000507,2026-10-08T20:45,10.9
TOS11000507,2026-10-08T21:00,10.9
TOS11000507,2026-10-08T21:15,10.9
TOS11000507,2026-10-08T21:30,10.9
TOS11000507,2026-10-08T21:45,10.9
TOS11000507,2026-10-08T22:00,11.5
TOS11000507,2026-10-08T22:15,11.9
TOS11000507,2026-10-08T22:30,12.5
TOS11000507,2026-10-08T22:45,12.9
TOS11000507,2026-10-08T23:00,13.3
TOS11000507,2026-10-08T23:15,13.5
TOS11000507,2026-10-08T23:30,13.9
TOS11000507,2026-10-08T23:45,14.3
TOS11000512,2026-10-08T03:45,0.2
TOS11000512,2026-10-08T04:00,0.6
TOS11000512,2026-10-08T04:15,1.0
TOS11000512,2026-10-08T04:30,2.0
TOS11000512,2026-10-08T04:45,6.0
TOS11000512,2026-10-08T05:00,8.7
TOS11000512,2026-10-08T05:15,8.9
TOS11000512,2026-10-08T05:30,8.9
TOS11000512,2026-10-08T05:45,8.9
TOS11000512,2026-10-08T06:00,8.9
TOS11000512,2026-10-08T06:15,8.9
TOS11000512,2026-10-08T06:30,8.9
TOS11000512,2026-10-08T06:45,8.9
TOS11000512,2026-10-08T07:00,8.9
TOS11000512,2026-10-08T07:15,8.9
TOS11000512,2026-10-08T07:30,8.9
TOS11000512,2026-10-08T07:45,8.9
TOS11000512,2026-10-08T08:00,8.9
TOS11000512,2026-10-08T08:15,8.9
TOS11000512,2026-10-08T08:30,8.9
TOS11000512,2026-10-08T08:45,8.9
TOS11000512,2026-10-08T09:00,8.9
TOS11000512,2026-10-08T09:15,8.9
TOS11000512,2026-10-08T09:30,8.9
TOS11000512,2026-10-08T09:45,8.9
TOS11000512,2026-10-08T10:00,8.9
TOS11000512,2026-10-08T10:15,9.7
TOS11000512,2026-10-08T10:30,9.7
TOS11000512,2026-10-08T10:45,9.9
TOS11000512,2026-10-08T11:00,10.1
TOS11000512,2026-10-08T11:15,10.1
TOS11000512,2026-10-08T11:30,10.1
TOS11000512,2026-10-08T11:45,10.1
TOS11000512,2026-10-08T12:00,12.3
TOS11000512,2026-10-08T12:15,12.3
TOS11000512,2026-10-08T12:30,12.3
TOS11000512,2026-10-08T12:45,12.3
TOS11000512,2026-10-08T13:00,12.3
TOS11000512,2026-10-08T13:15,12.3
TOS11000512,2026-10-08T13:30,12.3
TOS11000512,2026-10-08T13:45,15.8
TOS11000512,2026-10-08T14:00,15.8
TOS11000512,2026-10-08T14:15,15.8
TOS11000512,2026-10-08T14:30,15.8
TOS11000512,2026-10-08T14:45,15.8
TOS11000512,2026-10-08T15:00,15.8
TOS11000512,2026-10-08T15:15,15.8
TOS11000512,2026-10-08T15:30,15.8
TOS11000512,2026-10-08T15:45,15.8
TOS11000512,2026-10-08T16:00,15.8
TOS11000512,2026-10-08T16:15,15.8
TOS11000512,2026-10-08T16:30,15.8
TOS11000512,2026-10-08T16:45,15.8
TOS11000512,2026-10-08T17:00,15.8
TOS11000512,2026-10-08T17:15,15.8
TOS11000512,2026-10-08T17:30,15.8
TOS11000512,2026-10-08T17:45,15.8
TOS11000512,2026-10-08T18:00,15.8
TOS11000512,2026-10-08T18:15,15.8
TOS11000512,2026-10-08T18:30,15.8
TOS11000512,2026-10-08T18:45,15.8
TOS11000512,2026-10-08T19:00,15.8
TOS11000512,2026-10-08T19:15,15.8
TOS11000512,2026-10-08T19:30,15.8
TOS11000512,2026-10-08T19:45,15.8
TOS11000512,2026-10-08T20:00,15.8
TOS11000512,2026-10-08T20:15,15.8
TOS11000512,2026-10-08T20:30,15.8
TOS11000512,2026-10-08T20:45,15.8
TOS11000512,2026-10-08T21:00,15.8
TOS11000512,2026-10-08T21:15,15.8
TOS11000512,2026-10-08T21:30,15.8
TOS11000512,2026-10-08T21:45,15.8
TOS11000512,2026-10-08T22:00,16.0
TOS11000512,2026-10-08T22:15,16.2
TOS11000512,2026-10-08T22:30,16.2
TOS11000512,2026-10-08T22:45,16.2
TOS11000512,2026-10-08T23:00,16.2
TOS11000512,2026-10-08T23:15,17.7
TOS11000512,2026-10-08T23:30,17.7
TOS11000512,2026-10-08T23:45,17.9
TOS30150800,2026-10-08T00:10,0.2
TOS30150800,2026-10-08T00:15,0.4
TOS30150800,2026-10-08T00:20,1.0
TOS30150800,2026-10-08T00:25,1.4
TOS30150800,2026-10-08T00:30,1.4
TOS30150800,2026-10-08T00:35,1.6
TOS30150800,2026-10-08T00:40,1.8
TOS30150800,2026-10-08T00:45,2.2
TOS30150800,2026-10-08T00:50,2.6
TOS30150800,2026-10-08T00:55,2.6
TOS30150800,2026-10-08T01:00,2.8
TOS30150800,2026-10-08T01:05,3.0
TOS30150800,2026-10-08T01:10,4.4
TOS30150800,2026-10-08T01:15,5.8
TOS30150800,2026-10-08T01:20,7.5
TOS30150800,2026-10-08T01:25,8.1
TOS30150800,2026-10-08T01:30,8.5
TOS30150800,2026-10-08T01:35,8.7
TOS30150800,2026-10-08T01:40,8.7
TOS30150800,2026-10-08T01:45,8.7
TOS30150800,2026-10-08T01:50,8.7
TOS30150800,2026-10-08T01:55,8.7
TOS30150800,2026-10-08T02:00,8.9
TOS30150800,2026-10-08T02:05,8.9
TOS30150800,2026-10-08T02:10,8.9
TOS30150800,2026-10-08T02:15,9.3
TOS30150800,2026-10-08T02:20,9.3
TOS30150800,2026-10-08T02:25,9.3
TOS30150800,2026-10-08T02:30,9.3
TOS30150800,2026-10-08T02:35,9.5
TOS30150800,2026-10-08T02:40,9.5
TOS30150800,2026-10-08T02:45,9.7
TOS30150800,2026-10-08T02:50,9.7
TOS30150800,2026-10-08T02:55,9.9
TOS30150800,2026-10-08T03:00,9.9
TOS30150800,2026-10-08T03:05,9.9
TOS30150800,2026-10-08T03:10,9.9
TOS30150800,2026-10-08T03:15,9.9
TOS30150800,2026-10-08T03:20,9.9
TOS30150800,2026-10-08T03:25,9.9
TOS30150800,2026-10-08T03:30,9.9
TOS30150800,2026-10-08T03:35,9.9
TOS30150800,2026-10-08T03:40,10.1
TOS30150800,2026-10-08T03:45,11.3
TOS30150800,2026-10-08T03:50,11.9
TOS30150800,2026-10-08T03:55,12.1
TOS30150800,2026-10-08T04:00,12.1
TOS30150800,2026-10-08T04:05,12.1
TOS30150800,2026-10-08T04:10,12.1
TOS30150800,2026-10-08T04:15,12.5
TOS30150800,2026-10-08T04:20,12.9
TOS30150800,2026-10-08T04:25,12.9
TOS30150800,2026-10-08T04:30,12.9
TOS30150800,2026-10-08T04:35,13.1
TOS30150800,2026-10-08T04:40,13.1
TOS30150800,2026-10-08T04:45,13.3
TOS30150800,2026-10-08T04:50,13.5
TOS30150800,2026-10-08T04:55,14.1
TOS30150800,2026-10-08T05:00,15.3
TOS30150800,2026-10-08T05:05,16.7
TOS30150800,2026-10-08T05:10,17.3
TOS30150800,2026-10-08T05:15,17.7
TOS30150800,2026-10-08T05:20,18.7
TOS30150800,2026-10-08T05:25,18.9
TOS30150800,2026-10-08T05:30,19.3
TOS30150800,2026-10-08T05:35,19.9
TOS30150800,2026-10-08T05:40,20.3
TOS30150800,2026-10-08T05:45,20.7
TOS30150800,2026-10-08T05:50,20.9
TOS30150800,2026-10-08T05:55,21.1
TOS30150800,2026-10-08T06:00,21.1
TOS30150800,2026-10-08T06:05,21.1
TOS30150800,2026-10-08T06:10,21.1
TOS30150800,2026-10-08T06:15,21.1
TOS30150800,2026-10-08T06:20,21.1
TOS30150800,2026-10-08T06:25,21.1
TOS30150800,2026-10-08T06:30,21.1
TOS30150800,2026-10-08T06:35,21.1
TOS30150800,2026-10-08T06:40,21.1
TOS30150800,2026-10-08T06:45,21.1
TOS30150800,2026-10-08T06:50,21.1
TOS30150800,2026-10-08T06:55,21.1
TOS30150800,2026-10-08T07:00,21.1
TOS30150800,2026-10-08T07:05,21.1
TOS30150800,2026-10-08T07:10,21.1
TOS30150800,2026-10-08T07:15,21.3
TOS30150800,2026-10-08T07:20,21.5
TOS30150800,2026-10-08T07:25,21.5
TOS30150800,2026-10-08T07:30,21.7
TOS30150800,2026-10-08T07:35,21.7
TOS30150800,2026-10-08T07:40,21.7
TOS30150800,2026-10-08T07:45,21.7
TOS30150800,2026-10-08T07:50,21.7
TOS30150800,2026-10-08T07:55,21.7
TOS30150800,2026-10-08T08:00,21.7
TOS30150800,2026-10-08T08:05,21.7
TOS30150800,2026-10-08T08:10,21.7
TOS30150800,2026-10-08T08:15,21.7
TOS30150800,2026-10-08T08:20,21.7
TOS30150800,2026-10-08T08:25,21.7
TOS30150800,2026-10-08T08:30,21.9
TOS30150800,2026-10-08T08:35,21.9
TOS30150800,2026-10-08T08:40,21.9
TOS30150800,2026-10-08T08:45,21.9
TOS30150800,2026-10-08T08:50,21.9
TOS30150800,2026-10-08T08:55,21.9
TOS30150800,2026-10-08T09:00,21.9
TOS30150800,2026-10-08T09:05,21.9
TOS30150800,2026-10-08T09:10,21.9
TOS30150800,2026-10-08T09:15,21.9
TOS30150800,2026-10-08T09:20,21.9
TOS30150800,2026-10-08T09:25,21.9
TOS30150800,2026-10-08T09:30,21.9
TOS30150800,2026-10-08T09:35,21.9
TOS30150800,2026-10-08T09:40,21.9
TOS30150800,2026-10-08T09:45,21.9
TOS30150800,2026-10-08T09:50,21.9
TOS30150800,2026-10-08T09:55,21.9
TOS30150800,2026-10-08T10:00,21.9
TOS30150800,2026-10-08T10:05,21.9
TOS30150800,2026-10-08T10:10,21.9
TOS30150800,2026-10-08T10:15,21.9
TOS30150800,2026-10-08T10:20,21.9
TOS30150800,2026-10-08T10:25,21.9
TOS30150800,2026-10-08T10:30,21.9
TOS30150800,2026-10-08T10:35,21.9
TOS30150800,2026-10-08T10:40,22.1
TOS30150800,2026-10-08T10:45,22.1
TOS30150800,2026-10-08T10:50,22.3
TOS30150800,2026-10-08T10:55,22.9
TOS30150800,2026-10-08T11:00,23.5
TOS30150800,2026-10-08T11:05,23.7
TOS30150800,2026-10-08T11:10,23.9
TOS30150800,2026-10-08T11:15,24.3
TOS30150800,2026-10-08T11:20,24.7
TOS30150800,2026-10-08T11:25,24.7
TOS30150800,2026-10-08T11:30,24.7
TOS30150800,2026-10-08T11:35,24.7
TOS30150800,2026-10-08T11:40,24.9
TOS30150800,2026-10-08T11:45,24.9
TOS30150800,2026-10-08T11:50,24.9
TOS30150800,2026-10-08T11:55,24.9
TOS30150800,2026-10-08T12:00,24.9
TOS30150800,2026-10-08T12:05,24.9
TOS30150800,2026-10-08T12:10,24.9
TOS30150800,2026-10-08T12:15,24.9
TOS30150800,2026-10-08T12:20,24.9
TOS30150800,2026-10-08T12:25,24.9
TOS30150800,2026-10-08T12:30,24.9
TOS30150800,2026-10-08T12:35,24.9
TOS30150800,2026-10-08T12:40,24.9
TOS30150800,2026-10-08T12:45,24.9
TOS30150800,2026-10-08T12:50,24.9
TOS30150800,2026-10-08T12:55,24.9
TOS30150800,2026-10-08T13:00,24.9
TOS30150800,2026-10-08T13:05,24.9
TOS30150800,2026-10-08T13:10,24.9
TOS30150800,2026-10-08T13:15,24.9
TOS30150800,2026-10-08T13:20,24.9
TOS30150800,2026-10-08T13:25,24.9
TOS30150800,2026-10-08T13:30,24.9
TOS30150800,2026-10-08T13:35,24.9
TOS30150800,2026-10-08T13:40,24.9
TOS30150800,2026-10-08T13:45,24.9
TOS30150800,2026-10-08T13:50,24.9
TOS30150800,2026-10-08T13:55,24.9
TOS30150800,2026-10-08T14:00,24.9
TOS30150800,2026-10-08T14:05,24.9
TOS30150800,2026-10-08T14:10,24.9
TOS30150800,2026-10-08T14:15,24.9
TOS30150800,2026-10-08T14:20,24.9
TOS30150800,2026-10-08T14:25,24.9
TOS30150800,2026-10-08T14:30,24.9
TOS30150800,2026-10-08T14:35,24.9
TOS30150800,2026-10-08T14:40,24.9
TOS30150800,2026-10-08T14:45,24.9
TOS30150800,2026-10-08T14:50,24.9
TOS30150800,2026-10-08T14:55,24.9
TOS30150800,2026-10-08T15:00,24.9
TOS30150800,2026-10-08T15:05,24.9
TOS30150800,2026-10-08T15:10,24.9
TOS30150800,2026-10-08T15:15,24.9
TOS30150800,2026-10-08T15:20,24.9
TOS30150800,2026-10-08T15:25,24.9
TOS30150800,2026-10-08T15:30,24.9
TOS30150800,2026-10-08T15:35,24.9
TOS30150800,2026-10-08T15:40,24.9
TOS30150800,2026-10-08T15:45,24.9
TOS30150800,2026-10-08T15:50,24.9
TOS30150800,2026-10-08T15:55,24.9
TOS30150800,2026-10-08T16:00,24.9
TOS30150800,2026-10-08T16:05,24.9
TOS30150800,2026-10-08T16:10,24.9
TOS30150800,2026-10-08T16:15,24.9
TOS30150800,2026-10-08T16:20,24.9
TOS30150800,2026-10-08T16:25,24.9
TOS30150800,2026-10-08T16:30,24.9
TOS30150800,2026-10-08T16:35,24.9
TOS30150800,2026-10-08T16:40,24.9
TOS30150800,2026-10-08T16:45,24.9
TOS30150800,2026-10-08T16:50,24.9
TOS30150800,2026-10-08T16:55,25.1
TOS30150800,2026-10-08T17:00,26.3
TOS30150800,2026-10-08T17:05,28.1
TOS30150800,2026-10-08T17:10,28.8
TOS30150800,2026-10-08T17:15,28.8
TOS30150800,2026-10-08T17:20,28.8
TOS30150800,2026-10-08T17:25,28.8
TOS30150800,2026-10-08T17:30,28.8
TOS30150800,2026-10-08T17:35,28.8
TOS30150800,2026-10-08T17:40,28.8
TOS30150800,2026-10-08T17:45,29.0
TOS30150800,2026-10-08T17:50,29.2
TOS30150800,2026-10-08T17:55,29.6
TOS30150800,2026-10-08T18:00,29.6
TOS30150800,2026-10-08T18:05,29.6
TOS30150800,2026-10-08T18:10,29.6
TOS30150800,2026-10-08T18:15,29.6
TOS30150800,2026-10-08T18:20,29.6
TOS30150800,2026-10-08T18:25,29.6
TOS30150800,2026-10-08T18:30,29.6
TOS30150800,2026-10-08T18:35,29.6
TOS30150800,2026-10-08T18:40,29.6
TOS30150800,2026-10-08T18:45,29.6
TOS30150800,2026-10-08T18:50,29.6
TOS30150800,2026-10-08T18:55,29.6
TOS30150800,2026-10-08T19:00,29.6
TOS30150800,2026-10-08T19:05,29.6
TOS30150800,2026-10-08T19:10,29.6
TOS30150800,2026-10-08T19:15,29.6
TOS30150800,2026-10-08T19:20,29.6
TOS30150800,2026-10-08T19:25,29.6
TOS30150800,2026-10-08T19:30,29.6
TOS30150800,2026-10-08T19:35,29.6
TOS30150800,2026-10-08T19:40,29.6
TOS30150800,2026-10-08T19:45,29.8
TOS30150800,2026-10-08T19:50,29.8
TOS30150800,2026-10-08T19:55,29.8
TOS30150800,2026-10-08T20:00,29.8
TOS30150800,2026-10-08T20:05,29.8
TOS30150800,2026-10-08T20:10,29.8
TOS30150800,2026-10-08T20:15,29.8
TOS30150800,2026-10-08T20:20,29.8
TOS30150800,2026-10-08T20:25,29.8
TOS30150800,2026-10-08T20:30,29.8
TOS30150800,2026-10-08T20:35,29.8
TOS30150800,2026-10-08T20:40,29.8
TOS30150800,2026-10-08T20:45,29.8
TOS30150800,2026-10-08T20:50,29.8
TOS30150800,2026-10-08T20:55,29.8
TOS30150800,2026-10-08T21:00,29.8
TOS30150800,2026-10-08T21:05,29.8
TOS30150800,2026-10-08T21:10,29.8
TOS30150800,2026-10-08T21:15,29.8
TOS30150800,2026-10-08T21:20,29.8
TOS30150800,2026-10-08T21:25,29.8
TOS30150800,2026-10-08T21:30,29.8
TOS30150800,2026-10-08T21:35,29.8
TOS30150800,2026-10-08T21:40,29.8
TOS30150800,2026-10-08T21:45,29.8
TOS30150800,2026-10-08T21:50,29.8
TOS30150800,2026-10-08T21:55,29.8
TOS30150800,2026-10-08T22:00,29.8
TOS30150800,2026-10-08T22:05,29.8
TOS30150800,2026-10-08T22:10,30.0
TOS30150800,2026-10-08T22:15,30.2
TOS30150800,2026-10-08T22:20,30.2
TOS30150800,2026-10-08T22:25,30.8
TOS30150800,2026-10-08T22:30,31.8
TOS30150800,2026-10-08T22:35,35.1
TOS30150800,2026-10-08T22:40,35.9
TOS30150800,2026-10-08T22:45,36.1
TOS30150800,2026-10-08T22:50,36.1
TOS30150800,2026-10-08T22:55,36.1
TOS30150800,2026-10-08T23:00,36.1
TOS30150800,2026-10-08T23:05,36.1
TOS30150800,2026-10-08T23:10,36.1
TOS30150800,2026-10-08T23:15,36.1
TOS30150800,2026-10-08T23:20,36.1
TOS30150800,2026-10-08T23:25,36.1
TOS30150800,2026-10-08T23:30,36.3
TOS30150800,2026-10-08T23:35,36.3
TOS30150800,2026-10-08T23:40,36.5
TOS30150800,2026-10-08T23:45,36.5
TOS30150800,2026-10-08T23:50,36.7
TOS30150800,2026-10-08T23:55,36.9
TOS30209600,2026-10-08T00:20,0.2
TOS30209600,2026-10-08T00:25,0.6
TOS30209600,2026-10-08T00:30,1.2
TOS30209600,2026-10-08T00:35,1.4
TOS30209600,2026-10-08T00:40,1.4
TOS30209600,2026-10-08T00:45,1.4
TOS30209600,2026-10-08T00:50,1.6
TOS30209600,2026-10-08T00:55,1.6
TOS30209600,2026-10-08T01:00,1.6
TOS30209600,2026-10-08T01:05,1.6
TOS30209600,2026-10-08T01:10,1.6
TOS30209600,2026-10-08T01:15,1.6
TOS30209600,2026-10-08T01:20,1.8
TOS30209600,2026-10-08T01:25,1.8
TOS30209600,2026-10-08T01:30,2.0
TOS30209600,2026-10-08T01:35,2.2
TOS30209600,2026-10-08T01:40,2.2
TOS30209600,2026-10-08T01:45,2.4
TOS30209600,2026-10-08T01:50,2.4
TOS30209600,2026-10-08T01:55,2.4
TOS30209600,2026-10-08T02:00,2.4
TOS30209600,2026-10-08T02:05,2.6
TOS30209600,2026-10-08T02:10,2.6
TOS30209600,2026-10-08T02:15,2.8
TOS30209600,2026-10-08T02:20,3.4
TOS30209600,2026-10-08T02:25,3.6
TOS30209600,2026-10-08T02:30,3.6
TOS30209600,2026-10-08T02:35,3.6
TOS30209600,2026-10-08T02:40,3.6
TOS30209600,2026-10-08T02:45,3.6
TOS30209600,2026-10-08T02:50,3.6
TOS30209600,2026-10-08T02:55,3.6
TOS30209600,2026-10-08T03:00,3.8
TOS30209600,2026-10-08T03:05,3.8
TOS30209600,2026-10-08T03:10,3.8
TOS30209600,2026-10-08T03:15,3.8
TOS30209600,2026-10-08T03:20,3.8
TOS30209600,2026-10-08T03:25,3.8
TOS30209600,2026-10-08T03:30,3.8
TOS30209600,2026-10-08T03:35,3.8
TOS30209600,2026-10-08T03:40,3.8
TOS30209600,2026-10-08T03:45,3.8
TOS30209600,2026-10-08T03:50,3.8
TOS30209600,2026-10-08T03:55,3.8
TOS30209600,2026-10-08T04:00,3.8
TOS30209600,2026-10-08T04:05,4.0
TOS30209600,2026-10-08T04:10,4.0
TOS30209600,2026-10-08T04:15,4.0
TOS30209600,2026-10-08T04:20,4.0
TOS30209600,2026-10-08T04:25,4.0
TOS30209600,2026-10-08T04:30,4.0
TOS30209600,2026-10-08T04:35,4.4
TOS30209600,2026-10-08T04:40,4.8
TOS30209600,2026-10-08T04:45,5.0
TOS30209600,2026-10-08T04:50,5.2
TOS30209600,2026-10-08T04:55,5.6
TOS30209600,2026-10-08T05:00,5.8
TOS30209600,2026-10-08T05:05,6.2
TOS30209600,2026-10-08T05:10,6.2
TOS30209600,2026-10-08T05:15,6.4
TOS30209600,2026-10-08T05:20,6.4
TOS30209600,2026-10-08T05:25,6.4
TOS30209600,2026-10-08T05:30,6.4
TOS30209600,2026-10-08T05:35,6.4
TOS30209600,2026-10-08T05:40,6.4
TOS30209600,2026-10-08T05:45,6.4
TOS30209600,2026-10-08T05:50,6.4
TOS30209600,2026-10-08T05:55,6.4
TOS30209600,2026-10-08T06:00,6.4
TOS30209600,2026-10-08T06:05,6.4
TOS30209600,2026-10-08T06:10,6.4
TOS30209600,2026-10-08T06:15,6.4
TOS30209600,2026-10-08T06:20,6.4
TOS30209600,2026-10-08T06:25,6.4
TOS30209600,2026-10-08T06:30,6.4
TOS30209600,2026-10-08T06:35,6.4
TOS30209600,2026-10-08T06:40,6.4
TOS30209600,2026-10-08T06:45,6.4
TOS30209600,2026-10-08T06:50,6.4
TOS30209600,2026-10-08T06:55,6.4
TOS30209600,2026-10-08T07:00,6.4
TOS30209600,2026-10-08T07:05,6.4
TOS30209600,2026-10-08T07:10,6.4
TOS30209600,2026-10-08T07:15,7.2
TOS30209600,2026-10-08T07:20,7.6
TOS30209600,2026-10-08T07:25,7.8
TOS30209600,2026-10-08T07:30,8.0
TOS30209600,2026-10-08T07:35,8.2
TOS30209600,2026-10-08T07:40,8.2
TOS30209600,2026-10-08T07:45,8.4
TOS30209600,2026-10-08T07:50,8.4
TOS30209600,2026-10-08T07:55,8.6
TOS30209600,2026-10-08T08:00,9.0
TOS30209600,2026-10-08T08:05,9.2
TOS30209600,2026-10-08T08:10,9.4
TOS30209600,2026-10-08T08:15,9.4
TOS30209600,2026-10-08T08:20,9.6
TOS30209600,2026-10-08T08:25,10.0
TOS30209600,2026-10-08T08:30,10.2
TOS30209600,2026-10-08T08:35,10.4
TOS30209600,2026-10-08T08:40,10.6
TOS30209600,2026-10-08T08:45,10.8
TOS30209600,2026-10-08T08:50,11.0
TOS30209600,2026-10-08T08:55,11.6
TOS30209600,2026-10-08T09:00,12.6
TOS30209600,2026-10-08T09:05,13.6
TOS30209600,2026-10-08T09:10,15.0
TOS30209600,2026-10-08T09:15,15.8
TOS30209600,2026-10-08T09:20,16.4
TOS30209600,2026-10-08T09:25,17.6
TOS30209600,2026-10-08T09:30,18.0
TOS30209600,2026-10-08T09:35,18.8
TOS30209600,2026-10-08T09:40,20.0
TOS30209600,2026-10-08T09:45,20.4
TOS30209600,2026-10-08T09:50,20.8
TOS30209600,2026-10-08T09:55,20.8
TOS30209600,2026-10-08T10:00,20.8
TOS30209600,2026-10-08T10:05,21.0
TOS30209600,2026-10-08T10:10,21.2
TOS30209600,2026-10-08T10:15,21.2
TOS30209600,2026-10-08T10:20,21.4
TOS30209600,2026-10-08T10:25,21.4
TOS30209600,2026-10-08T10:30,21.4
TOS30209600,2026-10-08T10:35,21.4
TOS30209600,2026-10-08T10:40,21.4
TOS30209600,2026-10-08T10:45,21.4
TOS30209600,2026-10-08T10:50,21.4
TOS30209600,2026-10-08T10:55,21.4
TOS30209600,2026-10-08T11:00,21.4
TOS30209600,2026-10-08T11:05,21.4
TOS30209600,2026-10-08T11:10,21.4
TOS30209600,2026-10-08T11:15,21.6
TOS30209600,2026-10-08T11:20,21.6
TOS30209600,2026-10-08T11:25,21.6
TOS30209600,2026-10-08T11:30,21.8
TOS30209600,2026-10-08T11:35,21.8
TOS30209600,2026-10-08T11:40,21.8
TOS30209600,2026-10-08T11:45,21.8
TOS30209600,2026-10-08T11:50,21.8
TOS30209600,2026-10-08T11:55,22.0
TOS30209600,2026-10-08T12:00,22.0
TOS30209600,2026-10-08T12:05,22.0
TOS30209600,2026-10-08T12:10,22.0
TOS30209600,2026-10-08T12:15,22.0
TOS30209600,2026-10-08T12:20,22.0
TOS30209600,2026-10-08T12:25,22.2
TOS30209600,2026-10-08T12:30,22.4
TOS30209600,2026-10-08T12:35,22.6
TOS30209600,2026-10-08T12:40,22.8
TOS30209600,2026-10-08T12:45,22.8
TOS30209600,2026-10-08T12:50,23.0
TOS30209600,2026-10-08T12:55,23.8
TOS30209600,2026-10-08T13:00,26.3
TOS30209600,2026-10-08T13:05,28.3
TOS30209600,2026-10-08T13:10,28.7
TOS30209600,2026-10-08T13:15,29.1
TOS30209600,2026-10-08T13:20,29.7
TOS30209600,2026-10-08T13:25,33.7
TOS30209600,2026-10-08T13:30,33.9
TOS30209600,2026-10-08T13:35,34.1
TOS30209600,2026-10-08T13:40,34.1
TOS30209600,2026-10-08T13:45,34.1
TOS30209600,2026-10-08T13:50,34.1
TOS30209600,2026-10-08T13:55,34.1
TOS30209600,2026-10-08T14:00,34.1
TOS30209600,2026-10-08T14:05,34.1
TOS30209600,2026-10-08T14:10,34.1
TOS30209600,2026-10-08T14:15,34.3
TOS30209600,2026-10-08T14:20,34.5
TOS30209600,2026-10-08T14:25,35.1
TOS30209600,2026-10-08T14:30,35.9
TOS30209600,2026-10-08T14:35,36.3
TOS30209600,2026-10-08T14:40,36.3
TOS30209600,2026-10-08T14:45,36.5
TOS30209600,2026-10-08T14:50,36.5
TOS30209600,2026-10-08T14:55,36.5
TOS30209600,2026-10-08T15:00,36.5
TOS30209600,2026-10-08T15:05,36.5
TOS30209600,2026-10-08T15:10,36.5
TOS30209600,2026-10-08T15:15,36.5
TOS30209600,2026-10-08T15:20,36.5
TOS30209600,2026-10-08T15:25,36.5
TOS30209600,2026-10-08T15:30,36.5
TOS30209600,2026-10-08T15:35,36.5
TOS30209600,2026-10-08T15:40,36.5
TOS30209600,2026-10-08T15:45,36.5
TOS30209600,2026-10-08T15:50,36.5
TOS30209600,2026-10-08T15:55,36.5
TOS30209600,2026-10-08T16:00,36.5
TOS30209600,2026-10-08T16:05,36.5
TOS30209600,2026-10-08T16:10,36.5
TOS30209600,2026-10-08T16:15,36.5
TOS30209600,2026-10-08T16:20,36.5
TOS30209600,2026-10-08T16:25,38.4
TOS30209600,2026-10-08T16:30,40.4
TOS30209600,2026-10-08T16:35,40.8
TOS30209600,2026-10-08T16:40,40.8
TOS30209600,2026-10-08T16:45,41.2
TOS30209600,2026-10-08T16:50,41.2
TOS30209600,2026-10-08T16:55,41.2
TOS30209600,2026-10-08T17:00,41.4
TOS30209600,2026-10-08T17:05,41.6
TOS30209600,2026-10-08T17:10,41.8
TOS30209600,2026-10-08T17:15,42.0
TOS30209600,2026-10-08T17:20,42.2
TOS30209600,2026-10-08T17:25,42.2
TOS30209600,2026-10-08T17:30,43.1
TOS30209600,2026-10-08T17:35,46.6
TOS30209600,2026-10-08T17:40,48.3
TOS30209600,2026-10-08T17:45,48.5
TOS30209600,2026-10-08T17:50,48.5
TOS30209600,2026-10-08T17:55,48.5
TOS30209600,2026-10-08T18:00,48.7
TOS30209600,2026-10-08T18:05,48.9
TOS30209600,2026-10-08T18:10,49.3
TOS30209600,2026-10-08T18:15,51.0
TOS30209600,2026-10-08T18:20,51.8
TOS30209600,2026-10-08T18:25,51.8
TOS30209600,2026-10-08T18:30,51.8
TOS30209600,2026-10-08T18:35,52.4
TOS30209600,2026-10-08T18:40,52.6
TOS30209600,2026-10-08T18:45,52.6
TOS30209600,2026-10-08T18:50,52.6
TOS30209600,2026-10-08T18:55,52.6
TOS30209600,2026-10-08T19:00,52.6
TOS30209600,2026-10-08T19:05,52.6
TOS30209600,2026-10-08T19:10,52.6
TOS30209600,2026-10-08T19:15,52.8
TOS30209600,2026-10-08T19:20,52.8
TOS30209600,2026-10-08T19:25,53.0
TOS30209600,2026-10-08T19:30,53.0
TOS30209600,2026-10-08T19:35,53.0
TOS30209600,2026-10-08T19:40,53.0
TOS30209600,2026-10-08T19:45,53.2
TOS30209600,2026-10-08T19:50,53.2
TOS30209600,2026-10-08T19:55,53.2
TOS30209600,2026-10-08T20:00,53.2
TOS30209600,2026-10-08T20:05,53.2
TOS30209600,2026-10-08T20:10,53.2
TOS30209600,2026-10-08T20:15,53.2
TOS30209600,2026-10-08T20:20,53.2
TOS30209600,2026-10-08T20:25,53.2
TOS30209600,2026-10-08T20:30,53.2
TOS30209600,2026-10-08T20:35,53.2
TOS30209600,2026-10-08T20:40,53.2
TOS30209600,2026-10-08T20:45,53.2
TOS30209600,2026-10-08T20:50,53.4
TOS30209600,2026-10-08T20:55,53.8
TOS30209600,2026-10-08T21:00,53.8
TOS30209600,2026-10-08T21:05,54.0
TOS30209600,2026-10-08T21:10,54.0
TOS30209600,2026-10-08T21:15,54.4
TOS30209600,2026-10-08T21:20,55.2
TOS30209600,2026-10-08T21:25,55.4
TOS30209600,2026-10-08T21:30,55.4
TOS30209600,2026-10-08T21:35,55.4
TOS30209600,2026-10-08T21:40,55.4
TOS30209600,2026-10-08T21:45,55.4
TOS30209600,2026-10-08T21:50,55.4
TOS30209600,2026-10-08T21:55,55.4
TOS30209600,2026-10-08T22:00,55.4
TOS30209600,2026-10-08T22:05,55.4
TOS30209600,2026-10-08T22:10,55.4
TOS30209600,2026-10-08T22:15,55.6
TOS30209600,2026-10-08T22:20,55.6
TOS30209600,2026-10-08T22:25,55.6
TOS30209600,2026-10-08T22:30,55.6
TOS30209600,2026-10-08T22:35,55.6
TOS30209600,2026-10-08T22:40,55.6
TOS30209600,2026-10-08T22:45,55.6
TOS30209600,2026-10-08T22:50,55.6
TOS30209600,2026-10-08T22:55,55.6
TOS30209600,2026-10-08T23:00,55.6
TOS30209600,2026-10-08T23:05,55.6
TOS30209600,2026-10-08T23:10,55.6
TOS30209600,2026-10-08T23:15,55.6
TOS30209600,2026-10-08T23:20,55.6
TOS30209600,2026-10-08T23:25,55.6
TOS30209600,2026-10-08T23:30,55.6
TOS30209600,2026-10-08T23:35,55.6
TOS30209600,2026-10-08T23:40,55.6
TOS30209600,2026-10-08T23:45,55.6
TOS30209600,2026-10-08T23:50,55.6
TOS30209600,2026-10-08T23:55,55.6
TOS30290700,2026-10-08T00:40,0.2
TOS30290700,2026-10-08T00:45,0.2
TOS30290700,2026-10-08T00:50,0.2
TOS30290700,2026-10-08T00:55,0.4
TOS30290700,2026-10-08T01:00,0.4
TOS30290700,2026-10-08T01:05,0.4
TOS30290700,2026-10-08T01:10,0.4
TOS30290700,2026-10-08T01:15,0.6
TOS30290700,2026-10-08T01:20,0.6
TOS30290700,2026-10-08T01:25,0.6
TOS30290700,2026-10-08T01:30,0.8
TOS30290700,2026-10-08T01:35,0.8
TOS30290700,2026-10-08T01:40,0.8
TOS30290700,2026-10-08T01:45,1.0
TOS30290700,2026-10-08T01:50,1.4
TOS30290700,2026-10-08T01:55,1.6
TOS30290700,2026-10-08T02:00,1.6
TOS30290700,2026-10-08T02:05,1.6
TOS30290700,2026-10-08T02:10,1.8
TOS30290700,2026-10-08T02:15,1.8
TOS30290700,2026-10-08T02:20,1.8
TOS30290700,2026-10-08T02:25,1.8
TOS30290700,2026-10-08T02:30,2.0
TOS30290700,2026-10-08T02:35,2.0
TOS30290700,2026-10-08T02:40,2.0
TOS30290700,2026-10-08T02:45,2.4
TOS30290700,2026-10-08T02:50,2.4
TOS30290700,2026-10-08T02:55,2.6
TOS30290700,2026-10-08T03:00,2.6
TOS30290700,2026-10-08T03:05,2.8
TOS30290700,2026-10-08T03:10,2.8
TOS30290700,2026-10-08T03:15,2.8
TOS30290700,2026-10-08T03:20,2.8
TOS30290700,2026-10-08T03:25,2.8
TOS30290700,2026-10-08T03:30,2.8
TOS30290700,2026-10-08T03:35,3.0
TOS30290700,2026-10-08T03:40,3.0
TOS30290700,2026-10-08T03:45,3.0
TOS30290700,2026-10-08T03:50,3.0
TOS30290700,2026-10-08T03:55,3.0
TOS30290700,2026-10-08T04:00,3.0
TOS30290700,2026-10-08T04:05,3.2
TOS30290700,2026-10-08T04:10,3.2
TOS30290700,2026-10-08T04:15,3.2
TOS30290700,2026-10-08T04:20,3.2
TOS30290700,2026-10-08T04:25,3.2
TOS30290700,2026-10-08T04:30,3.2
TOS30290700,2026-10-08T04:35,3.2
TOS30290700,2026-10-08T04:40,3.2
TOS30290700,2026-10-08T04:45,3.4
TOS30290700,2026-10-08T04:50,3.4
TOS30290700,2026-10-08T04:55,4.8
TOS30290700,2026-10-08T05:00,5.8
TOS30290700,2026-10-08T05:05,6.0
TOS30290700,2026-10-08T05:10,6.8
TOS30290700,2026-10-08T05:15,7.4
TOS30290700,2026-10-08T05:20,7.4
TOS30290700,2026-10-08T05:25,8.2
TOS30290700,2026-10-08T05:30,11.5
TOS30290700,2026-10-08T05:35,13.8
TOS30290700,2026-10-08T05:40,14.6
TOS30290700,2026-10-08T05:45,15.0
TOS30290700,2026-10-08T05:50,15.6
TOS30290700,2026-10-08T05:55,16.0
TOS30290700,2026-10-08T06:00,16.4
TOS30290700,2026-10-08T06:05,16.4
TOS30290700,2026-10-08T06:10,16.4
TOS30290700,2026-10-08T06:15,16.4
TOS30290700,2026-10-08T06:20,16.4
TOS30290700,2026-10-08T06:25,16.4
TOS30290700,2026-10-08T06:30,16.4
TOS30290700,2026-10-08T06:35,16.6
TOS30290700,2026-10-08T06:40,16.6
TOS30290700,2026-10-08T06:45,16.6
TOS30290700,2026-10-08T06:50,16.6
TOS30290700,2026-10-08T06:55,16.6
TOS30290700,2026-10-08T07:00,16.6
TOS30290700,2026-10-08T07:05,16.6
TOS30290700,2026-10-08T07:10,16.6
TOS30290700,2026-10-08T07:15,16.6
TOS30290700,2026-10-08T07:20,16.6
TOS30290700,2026-10-08T07:25,16.6
TOS30290700,2026-10-08T07:30,16.6
TOS30290700,2026-10-08T07:35,16.6
TOS30290700,2026-10-08T07:40,16.6
TOS30290700,2026-10-08T07:45,16.6
TOS30290700,2026-10-08T07:50,16.6
TOS30290700,2026-10-08T07:55,16.6
TOS30290700,2026-10-08T08:00,16.6
TOS30290700,2026-10-08T08:05,16.6
TOS30290700,2026-10-08T08:10,16.6
TOS30290700,2026-10-08T08:15,16.6
TOS30290700,2026-10-08T08:20,16.6
TOS30290700,2026-10-08T08:25,16.6
TOS30290700,2026-10-08T08:30,16.6
TOS30290700,2026-10-08T08:35,16.6
TOS30290700,2026-10-08T08:40,16.6
TOS30290700,2026-10-08T08:45,16.6
TOS30290700,2026-10-08T08:50,16.6
TOS30290700,2026-10-08T08:55,16.6
TOS30290700,2026-10-08T09:00,16.6
TOS30290700,2026-10-08T09:05,16.6
TOS30290700,2026-10-08T09:10,16.6
TOS30290700,2026-10-08T09:15,16.6
TOS30290700,2026-10-08T09:20,16.6
TOS30290700,2026-10-08T09:25,16.6
TOS30290700,2026-10-08T09:30,16.6
TOS30290700,2026-10-08T09:35,16.6
TOS30290700,2026-10-08T09:40,16.6
TOS30290700,2026-10-08T09:45,16.6
TOS30290700,2026-10-08T09:50,16.6
TOS30290700,2026-10-08T09:55,16.6
TOS30290700,2026-10-08T10:00,16.6
TOS30290700,2026-10-08T10:05,16.6
TOS30290700,2026-10-08T10:10,16.6
TOS30290700,2026-10-08T10:15,16.6
TOS30290700,2026-10-08T10:20,16.6
TOS30290700,2026-10-08T10:25,16.6
TOS30290700,2026-10-08T10:30,16.6
TOS30290700,2026-10-08T10:35,16.6
TOS30290700,2026-10-08T10:40,16.6
TOS30290700,2026-10-08T10:45,16.6
TOS30290700,2026-10-08T10:50,16.6
TOS30290700,2026-10-08T10:55,16.6
TOS30290700,2026-10-08T11:00,16.6
TOS30290700,2026-10-08T11:05,16.6
TOS30290700,2026-10-08T11:10,16.8
TOS30290700,2026-10-08T11:15,17.2
TOS30290700,2026-10-08T11:20,17.2
TOS30290700,2026-10-08T11:25,17.2
TOS30290700,2026-10-08T11:30,17.2
TOS30290700,2026-10-08T11:35,17.2
TOS30290700,2026-10-08T11:40,17.2
TOS30290700,2026-10-08T11:45,17.2
TOS30290700,2026-10-08T11:50,17.2
TOS30290700,2026-10-08T11:55,17.2
TOS30290700,2026-10-08T12:00,17.2
TOS30290700,2026-10-08T12:05,17.2
TOS30290700,2026-10-08T12:10,17.2
TOS30290700,2026-10-08T12:15,17.2
TOS30290700,2026-10-08T12:20,17.2
TOS30290700,2026-10-08T12:25,17.2
TOS30290700,2026-10-08T12:30,17.2
TOS30290700,2026-10-08T12:35,17.2
TOS30290700,2026-10-08T12:40,17.2
TOS30290700,2026-10-08T12:45,17.2
TOS30290700,2026-10-08T12:50,17.2
TOS30290700,2026-10-08T12:55,17.2
TOS30290700,2026-10-08T13:00,17.2
TOS30290700,2026-10-08T13:05,17.2
TOS30290700,2026-10-08T13:10,17.2
TOS30290700,2026-10-08T13:15,17.2
TOS30290700,2026-10-08T13:20,17.2
TOS30290700,2026-10-08T13:25,17.2
TOS30290700,2026-10-08T13:30,17.2
TOS30290700,2026-10-08T13:35,17.2
TOS30290700,2026-10-08T13:40,17.2
TOS30290700,2026-10-08T13:45,17.2
TOS30290700,2026-10-08T13:50,17.2
TOS30290700,2026-10-08T13:55,17.2
TOS30290700,2026-10-08T14:00,17.2
TOS30290700,2026-10-08T14:05,17.2
TOS30290700,2026-10-08T14:10,17.2
TOS30290700,2026-10-08T14:15,17.2
TOS30290700,2026-10-08T14:20,17.2
TOS30290700,2026-10-08T14:25,17.2
TOS30290700,2026-10-08T14:30,17.2
TOS30290700,2026-10-08T14:35,18.0
TOS30290700,2026-10-08T14:40,18.2
TOS30290700,2026-10-08T14:45,18.2
TOS30290700,2026-10-08T14:50,18.2
TOS30290700,2026-10-08T14:55,18.2
TOS30290700,2026-10-08T15:00,18.2
TOS30290700,2026-10-08T15:05,18.2
TOS30290700,2026-10-08T15:10,18.2
TOS30290700,2026-10-08T15:15,18.2
TOS30290700,2026-10-08T15:20,18.2
TOS30290700,2026-10-08T15:25,18.2
TOS30290700,2026-10-08T15:30,18.2
TOS30290700,2026-10-08T15:35,18.2
TOS30290700,2026-10-08T15:40,18.2
TOS30290700,2026-10-08T15:45,18.2
TOS30290700,2026-10-08T15:50,18.2
TOS30290700,2026-10-08T15:55,18.2
TOS30290700,2026-10-08T16:00,18.2
TOS30290700,2026-10-08T16:05,18.2
TOS30290700,2026-10-08T16:10,18.2
TOS30290700,2026-10-08T16:15,18.2
TOS30290700,2026-10-08T16:20,18.2
TOS30290700,2026-10-08T16:25,18.2
TOS30290700,2026-10-08T16:30,18.2
TOS30290700,2026-10-08T16:35,18.2
TOS30290700,2026-10-08T16:40,18.2
TOS30290700,2026-10-08T16:45,18.2
TOS30290700,2026-10-08T16:50,18.2
TOS30290700,2026-10-08T16:55,18.2
TOS30290700,2026-10-08T17:00,18.2
TOS30290700,2026-10-08T17:05,18.2
TOS30290700,2026-10-08T17:10,18.2
TOS30290700,2026-10-08T17:15,18.2
TOS30290700,2026-10-08T17:20,18.2
TOS30290700,2026-10-08T17:25,18.2
TOS30290700,2026-10-08T17:30,18.2
TOS30290700,2026-10-08T17:35,18.2
TOS30290700,2026-10-08T17:40,18.2
TOS30290700,2026-10-08T17:45,18.2
TOS30290700,2026-10-08T17:50,18.2
TOS30290700,2026-10-08T17:55,18.2
TOS30290700,2026-10-08T18:00,18.6
TOS30290700,2026-10-08T18:05,18.8
TOS30290700,2026-10-08T18:10,19.4
TOS30290700,2026-10-08T18:15,20.8
TOS30290700,2026-10-08T18:20,20.8
TOS30290700,2026-10-08T18:25,20.8
TOS30290700,2026-10-08T18:30,20.8
TOS30290700,2026-10-08T18:35,20.8
TOS30290700,2026-10-08T18:40,20.8
TOS30290700,2026-10-08T18:45,20.8
TOS30290700,2026-10-08T18:50,20.8
TOS30290700,2026-10-08T18:55,20.8
TOS30290700,2026-10-08T19:00,20.8
TOS30290700,2026-10-08T19:05,20.8
TOS30290700,2026-10-08T19:10,20.8
TOS30290700,2026-10-08T19:15,20.8
TOS30290700,2026-10-08T19:20,20.8
TOS30290700,2026-10-08T19:25,20.8
TOS30290700,2026-10-08T19:30,20.8
TOS30290700,2026-10-08T19:35,20.8
TOS30290700,2026-10-08T19:40,20.8
TOS30290700,2026-10-08T19:45,20.8
TOS30290700,2026-10-08T19:50,20.8
TOS30290700,2026-10-08T19:55,20.8
TOS30290700,2026-10-08T20:00,20.8
TOS30290700,2026-10-08T20:05,20.8
TOS30290700,2026-10-08T20:10,20.8
TOS30290700,2026-10-08T20:15,20.8
TOS30290700,2026-10-08T20:20,20.8
TOS30290700,2026-10-08T20:25,20.8
TOS30290700,2026-10-08T20:30,20.8
TOS30290700,2026-10-08T20:35,20.8
TOS30290700,2026-10-08T20:40,20.8
TOS30290700,2026-10-08T20:45,20.8
TOS30290700,2026-10-08T20:50,20.8
TOS30290700,2026-10-08T20:55,20.8
TOS30290700,2026-10-08T21:00,20.8
TOS30290700,2026-10-08T21:05,20.8
TOS30290700,2026-10-08T21:10,20.8
TOS30290700,2026-10-08T21:15,20.8
TOS30290700,2026-10-08T21:20,20.8
TOS30290700,2026-10-08T21:25,20.8
TOS30290700,2026-10-08T21:30,20.8
TOS30290700,2026-10-08T21:35,20.8
TOS30290700,2026-10-08T21:40,20.8
TOS30290700,2026-10-08T21:45,20.8
TOS30290700,2026-10-08T21:50,20.8
TOS30290700,2026-10-08T21:55,20.8
TOS30290700,2026-10-08T22:00,20.8
TOS30290700,2026-10-08T22:05,20.8
TOS30290700,2026-10-08T22:10,21.0
TOS30290700,2026-10-08T22:15,21.0
TOS30290700,2026-10-08T22:20,21.0
TOS30290700,2026-10-08T22:25,21.0
TOS30290700,2026-10-08T22:30,21.0
TOS30290700,2026-10-08T22:35,21.0
TOS30290700,2026-10-08T22:40,21.6
TOS30290700,2026-10-08T22:45,22.8
TOS30290700,2026-10-08T22:50,25.3
TOS30290700,2026-10-08T22:55,26.3
TOS30290700,2026-10-08T23:00,26.7
TOS30290700,2026-10-08T23:05,26.7
TOS30290700,2026-10-08T23:10,26.7
TOS30290700,2026-10-08T23:15,26.7
TOS30290700,2026-10-08T23:20,26.7
TOS30290700,2026-10-08T23:25,26.9
TOS30290700,2026-10-08T23:30,27.1
TOS30290700,2026-10-08T23:35,27.3
TOS30290700,2026-10-08T23:40,27.5
TOS30290700,2026-10-08T23:45,27.7
TOS30290700,2026-10-08T23:50,27.9
TOS30290700,2026-10-08T23:55,28.3
TOS30355400,2026-10-08T00:05,0.2
TOS30355400,2026-10-08T00:10,0.2
TOS30355400,2026-10-08T00:15,0.2
TOS30355400,2026-10-08T00:20,0.4
TOS30355400,2026-10-08T00:25,0.4
TOS30355400,2026-10-08T00:30,0.4
TOS30355400,2026-10-08T00:35,0.4
TOS30355400,2026-10-08T00:40,0.4
TOS30355400,2026-10-08T00:45,0.6
TOS30355400,2026-10-08T00:50,1.2
TOS30355400,2026-10-08T00:55,2.0
TOS30355400,2026-10-08T01:00,2.4
TOS30355400,2026-10-08T01:05,2.6
TOS30355400,2026-10-08T01:10,3.0
TOS30355400,2026-10-08T01:15,3.4
TOS30355400,2026-10-08T01:20,3.6
TOS30355400,2026-10-08T01:25,3.6
TOS30355400,2026-10-08T01:30,3.6
TOS30355400,2026-10-08T01:35,3.6
TOS30355400,2026-10-08T01:40,3.8
TOS30355400,2026-10-08T01:45,3.8
TOS30355400,2026-10-08T01:50,3.8
TOS30355400,2026-10-08T01:55,5.0
TOS30355400,2026-10-08T02:00,5.4
TOS30355400,2026-10-08T02:05,5.4
TOS30355400,2026-10-08T02:10,5.4
TOS30355400,2026-10-08T02:15,5.6
TOS30355400,2026-10-08T02:20,5.6
TOS30355400,2026-10-08T02:25,5.6
TOS30355400,2026-10-08T02:30,5.6
TOS30355400,2026-10-08T02:35,5.6
TOS30355400,2026-10-08T02:40,5.6
TOS30355400,2026-10-08T02:45,5.6
TOS30355400,2026-10-08T02:50,5.6
TOS30355400,2026-10-08T02:55,5.6
TOS30355400,2026-10-08T03:00,5.6
TOS30355400,2026-10-08T03:05,5.6
TOS30355400,2026-10-08T03:10,5.6
TOS30355400,2026-10-08T03:15,5.6
TOS30355400,2026-10-08T03:20,5.6
TOS30355400,2026-10-08T03:25,5.6
TOS30355400,2026-10-08T03:30,5.6
TOS30355400,2026-10-08T03:35,5.6
TOS30355400,2026-10-08T03:40,5.6
TOS30355400,2026-10-08T03:45,5.8
TOS30355400,2026-10-08T03:50,6.0
TOS30355400,2026-10-08T03:55,6.2
TOS30355400,2026-10-08T04:00,6.4
TOS30355400,2026-10-08T04:05,6.8
TOS30355400,2026-10-08T04:10,7.2
TOS30355400,2026-10-08T04:15,7.8
TOS30355400,2026-10-08T04:20,8.2
TOS30355400,2026-10-08T04:25,8.4
TOS30355400,2026-10-08T04:30,8.6
TOS30355400,2026-10-08T04:35,9.0
TOS30355400,2026-10-08T04:40,9.4
TOS30355400,2026-10-08T04:45,10.0
TOS30355400,2026-10-08T04:50,10.6
TOS30355400,2026-10-08T04:55,11.4
TOS30355400,2026-10-08T05:00,12.6
TOS30355400,2026-10-08T05:05,13.2
TOS30355400,2026-10-08T05:10,13.8
TOS30355400,2026-10-08T05:15,14.6
TOS30355400,2026-10-08T05:20,14.8
TOS30355400,2026-10-08T05:25,14.8
TOS30355400,2026-10-08T05:30,14.8
TOS30355400,2026-10-08T05:35,14.8
TOS30355400,2026-10-08T05:40,14.8
TOS30355400,2026-10-08T05:45,14.8
TOS30355400,2026-10-08T05:50,14.8
TOS30355400,2026-10-08T05:55,14.8
TOS30355400,2026-10-08T06:00,14.8
TOS30355400,2026-10-08T06:05,14.8
TOS30355400,2026-10-08T06:10,14.8
TOS30355400,2026-10-08T06:15,14.8
TOS30355400,2026-10-08T06:20,15.0
TOS30355400,2026-10-08T06:25,15.0
TOS30355400,2026-10-08T06:30,15.0
TOS30355400,2026-10-08T06:35,15.0
TOS30355400,2026-10-08T06:40,15.0
TOS30355400,2026-10-08T06:45,15.0
TOS30355400,2026-10-08T06:50,15.2
TOS30355400,2026-10-08T06:55,15.2
TOS30355400,2026-10-08T07:00,15.4
TOS30355400,2026-10-08T07:05,15.4
TOS30355400,2026-10-08T07:10,15.4
TOS30355400,2026-10-08T07:15,15.6
TOS30355400,2026-10-08T07:20,15.6
TOS30355400,2026-10-08T07:25,15.6
TOS30355400,2026-10-08T07:30,15.6
TOS30355400,2026-10-08T07:35,15.8
TOS30355400,2026-10-08T07:40,16.0
TOS30355400,2026-10-08T07:45,16.0
TOS30355400,2026-10-08T07:50,16.2
TOS30355400,2026-10-08T07:55,16.6
TOS30355400,2026-10-08T08:00,16.8
TOS30355400,2026-10-08T08:05,17.0
TOS30355400,2026-10-08T08:10,17.6
TOS30355400,2026-10-08T08:15,18.7
TOS30355400,2026-10-08T08:20,19.7
TOS30355400,2026-10-08T08:25,20.1
TOS30355400,2026-10-08T08:30,20.1
TOS30355400,2026-10-08T08:35,20.3
TOS30355400,2026-10-08T08:40,20.7
TOS30355400,2026-10-08T08:45,20.9
TOS30355400,2026-10-08T08:50,20.9
TOS30355400,2026-10-08T08:55,20.9
TOS30355400,2026-10-08T09:00,20.9
TOS30355400,2026-10-08T09:05,20.9
TOS30355400,2026-10-08T09:10,20.9
TOS30355400,2026-10-08T09:15,21.1
TOS30355400,2026-10-08T09:20,21.7
TOS30355400,2026-10-08T09:25,21.9
TOS30355400,2026-10-08T09:30,22.3
TOS30355400,2026-10-08T09:35,22.5
TOS30355400,2026-10-08T09:40,23.3
TOS30355400,2026-10-08T09:45,23.5
TOS30355400,2026-10-08T09:50,23.9
TOS30355400,2026-10-08T09:55,24.3
TOS30355400,2026-10-08T10:00,26.5
TOS30355400,2026-10-08T10:05,28.7
TOS30355400,2026-10-08T10:10,29.5
TOS30355400,2026-10-08T10:15,29.5
TOS30355400,2026-10-08T10:20,29.7
TOS30355400,2026-10-08T10:25,29.9
TOS30355400,2026-10-08T10:30,29.9
TOS30355400,2026-10-08T10:35,29.9
TOS30355400,2026-10-08T10:40,29.9
TOS30355400,2026-10-08T10:45,29.9
TOS30355400,2026-10-08T10:50,29.9
TOS30355400,2026-10-08T10:55,29.9
TOS30355400,2026-10-08T11:00,29.9
TOS30355400,2026-10-08T11:05,29.9
TOS30355400,2026-10-08T11:10,29.9
TOS30355400,2026-10-08T11:15,29.9
TOS30355400,2026-10-08T11:20,29.9
TOS30355400,2026-10-08T11:25,29.9
TOS30355400,2026-10-08T11:30,29.9
TOS30355400,2026-10-08T11:35,29.9
TOS30355400,2026-10-08T11:40,29.9
TOS30355400,2026-10-08T11:45,29.9
TOS30355400,2026-10-08T11:50,29.9
TOS30355400,2026-10-08T11:55,29.9
TOS30355400,2026-10-08T12:00,29.9
TOS30355400,2026-10-08T12:05,29.9
TOS30355400,2026-10-08T12:10,29.9
TOS30355400,2026-10-08T12:15,29.9
TOS30355400,2026-10-08T12:20,30.1
TOS30355400,2026-10-08T12:25,30.1
TOS30355400,2026-10-08T12:30,30.1
TOS30355400,2026-10-08T12:35,30.1
TOS30355400,2026-10-08T12:40,30.1
TOS30355400,2026-10-08T12:45,30.1
TOS30355400,2026-10-08T12:50,30.1
TOS30355400,2026-10-08T12:55,30.1
TOS30355400,2026-10-08T13:00,30.1
TOS30355400,2026-10-08T13:05,30.1
TOS30355400,2026-10-08T13:10,30.1
TOS30355400,2026-10-08T13:15,30.1
TOS30355400,2026-10-08T13:20,30.1
TOS30355400,2026-10-08T13:25,30.1
TOS30355400,2026-10-08T13:30,30.1
TOS30355400,2026-10-08T13:35,30.1
TOS30355400,2026-10-08T13:40,30.1
TOS30355400,2026-10-08T13:45,30.1
TOS30355400,2026-10-08T13:50,30.1
TOS30355400,2026-10-08T13:55,30.1
TOS30355400,2026-10-08T14:00,30.1
TOS30355400,2026-10-08T14:05,30.1
TOS30355400,2026-10-08T14:10,30.1
TOS30355400,2026-10-08T14:15,30.3
TOS30355400,2026-10-08T14:20,30.7
TOS30355400,2026-10-08T14:25,30.7
TOS30355400,2026-10-08T14:30,30.7
TOS30355400,2026-10-08T14:35,30.7
TOS30355400,2026-10-08T14:40,30.7
TOS30355400,2026-10-08T14:45,30.7
TOS30355400,2026-10-08T14:50,30.7
TOS30355400,2026-10-08T14:55,30.7
TOS30355400,2026-10-08T15:00,30.7
TOS30355400,2026-10-08T15:05,30.7
TOS30355400,2026-10-08T15:10,30.7
TOS30355400,2026-10-08T15:15,30.7
TOS30355400,2026-10-08T15:20,30.7
TOS30355400,2026-10-08T15:25,30.7
TOS30355400,2026-10-08T15:30,30.7
TOS30355400,2026-10-08T15:35,30.7
TOS30355400,2026-10-08T15:40,30.7
TOS30355400,2026-10-08T15:45,30.7
TOS30355400,2026-10-08T15:50,30.7
TOS30355400,2026-10-08T15:55,30.7
TOS30355400,2026-10-08T16:00,30.7
TOS30355400,2026-10-08T16:05,30.7
TOS30355400,2026-10-08T16:10,30.9
TOS30355400,2026-10-08T16:15,30.9
TOS30355400,2026-10-08T16:20,30.9
TOS30355400,2026-10-08T16:25,32.1
TOS30355400,2026-10-08T16:30,32.5
TOS30355400,2026-10-08T16:35,32.7
TOS30355400,2026-10-08T16:40,33.3
TOS30355400,2026-10-08T16:45,33.7
TOS30355400,2026-10-08T16:50,33.9
TOS30355400,2026-10-08T16:55,33.9
TOS30355400,2026-10-08T17:00,34.1
TOS30355400,2026-10-08T17:05,34.3
TOS30355400,2026-10-08T17:10,34.7
TOS30355400,2026-10-08T17:15,35.8
TOS30355400,2026-10-08T17:20,37.2
TOS30355400,2026-10-08T17:25,38.0
TOS30355400,2026-10-08T17:30,38.4
TOS30355400,2026-10-08T17:35,38.6
TOS30355400,2026-10-08T17:40,38.8
TOS30355400,2026-10-08T17:45,38.8
TOS30355400,2026-10-08T17:50,38.8
TOS30355400,2026-10-08T17:55,38.8
TOS30355400,2026-10-08T18:00,39.0
TOS30355400,2026-10-08T18:05,39.2
TOS30355400,2026-10-08T18:10,39.2
TOS30355400,2026-10-08T18:15,39.6
TOS30355400,2026-10-08T18:20,39.6
TOS30355400,2026-10-08T18:25,39.8
TOS30355400,2026-10-08T18:30,39.8
TOS30355400,2026-10-08T18:35,40.0
TOS30355400,2026-10-08T18:40,40.4
TOS30355400,2026-10-08T18:45,40.6
TOS30355400,2026-10-08T18:50,40.6
TOS30355400,2026-10-08T18:55,40.8
TOS30355400,2026-10-08T19:00,41.2
TOS30355400,2026-10-08T19:05,41.4
TOS30355400,2026-10-08T19:10,41.4
TOS30355400,2026-10-08T19:15,41.6
TOS30355400,2026-10-08T19:20,41.6
TOS30355400,2026-10-08T19:25,41.8
TOS30355400,2026-10-08T19:30,41.8
TOS30355400,2026-10-08T19:35,41.8
TOS30355400,2026-10-08T19:40,41.8
TOS30355400,2026-10-08T19:45,41.8
TOS30355400,2026-10-08T19:50,41.8
TOS30355400,2026-10-08T19:55,41.8
TOS30355400,2026-10-08T20:00,42.0
TOS30355400,2026-10-08T20:05,42.0
TOS30355400,2026-10-08T20:10,42.0
TOS30355400,2026-10-08T20:15,42.0
TOS30355400,2026-10-08T20:20,42.0
TOS30355400,2026-10-08T20:25,42.0
TOS30355400,2026-10-08T20:30,42.0
TOS30355400,2026-10-08T20:35,42.0
TOS30355400,2026-10-08T20:40,42.0
TOS30355400,2026-10-08T20:45,42.0
TOS30355400,2026-10-08T20:50,42.0
TOS30355400,2026-10-08T20:55,42.0
TOS30355400,2026-10-08T21:00,42.0
TOS30355400,2026-10-08T21:05,42.0
TOS30355400,2026-10-08T21:10,42.0
TOS30355400,2026-10-08T21:15,42.0
TOS30355400,2026-10-08T21:20,42.0
TOS30355400,2026-10-08T21:25,42.0
TOS30355400,2026-10-08T21:30,42.0
TOS30355400,2026-10-08T21:35,42.0
TOS30355400,2026-10-08T21:40,42.0
TOS30355400,2026-10-08T21:45,42.4
TOS30355400,2026-10-08T21:50,42.6
TOS30355400,2026-10-08T21:55,42.8
TOS30355400,2026-10-08T22:00,43.6
TOS30355400,2026-10-08T22:05,44.4
TOS30355400,2026-10-08T22:10,45.4
TOS30355400,2026-10-08T22:15,45.6
TOS30355400,2026-10-08T22:20,45.6
TOS30355400,2026-10-08T22:25,45.6
TOS30355400,2026-10-08T22:30,45.6
TOS30355400,2026-10-08T22:35,45.6
TOS30355400,2026-10-08T22:40,45.6
TOS30355400,2026-10-08T22:45,45.6
TOS30355400,2026-10-08T22:50,45.8
TOS30355400,2026-10-08T22:55,45.8
TOS30355400,2026-10-08T23:00,45.8
TOS30355400,2026-10-08T23:05,45.8
TOS30355400,2026-10-08T23:10,45.8
TOS30355400,2026-10-08T23:15,45.8
TOS30355400,2026-10-08T23:20,45.8
TOS30355400,2026-10-08T23:25,46.0
TOS30355400,2026-10-08T23:30,46.4
TOS30355400,2026-10-08T23:35,46.4
TOS30355400,2026-10-08T23:40,46.4
TOS30355400,2026-10-08T23:45,46.4
TOS30355400,2026-10-08T23:50,46.6
TOS30355400,2026-10-08T23:55,46.6
