stazione,ora,vento_medio_ms,raffica_ms,direzione
TOS01001205,2026-10-09T00:00,0.4,0.8,100.0
TOS01001205,2026-10-09T00:15,0.7,1.4,147.0
TOS01001205,2026-10-09T00:30,0.8,1.7,130.0
TOS01001205,2026-10-09T00:45,1.0,1.8,91.0
TOS01001205,2026-10-09T01:00,0.8,1.3,134.0
TOS01001205,2026-10-09T01:15,0.9,1.7,107.0
TOS01001205,2026-10-09T01:30,0.7,1.3,98.0
TOS01001205,2026-10-09T01:45,0.6,1.2,59.0
TOS01001205,2026-10-09T02:00,1.1,2.3,99.0
TOS01001205,2026-10-09T02:15,1.8,3.8,98.0
TOS01001205,2026-10-09T02:30,0.9,4.0,92.0
TOS01001205,2026-10-09T02:45,1.1,2.1,48.0
TOS01001205,2026-10-09T03:00,1.2,2.1,43.0
TOS01001205,2026-10-09T03:15,0.8,1.6,261.0
TOS01001205,2026-10-09T03:30,0.8,1.7,299.0
TOS01001205,2026-10-09T03:45,0.7,1.4,262.0
TOS01001205,2026-10-09T04:00,0.4,1.0,242.0
TOS01001205,2026-10-09T04:15,0.8,1.8,38.0
TOS01001205,2026-10-09T04:30,0.8,1.7,223.0
TOS01001205,2026-10-09T04:45,0.6,1.2,234.0
TOS01001205,2026-10-09T05:00,0.6,1.1,57.0
TOS01001205,2026-10-09T05:15,0.4,1.0,217.0
TOS01001205,2026-10-09T05:30,0.6,1.2,240.0
TOS01001205,2026-10-09T05:45,0.8,1.6,82.0
TOS01001205,2026-10-09T06:00,0.7,1.1,114.0
TOS01001205,2026-10-09T06:15,1.5,2.7,238.0
TOS01001205,2026-10-09T06:30,1.3,3.0,242.0
TOS01001205,2026-10-09T06:45,0.9,1.8,55.0
TOS01001205,2026-10-09T07:00,1.0,2.2,51.0
TOS01001205,2026-10-09T07:15,1.0,2.4,55.0
TOS01001205,2026-10-09T07:30,1.0,2.3,51.0
TOS01001205,2026-10-09T07:45,1.0,1.6,70.0
TOS01001205,2026-10-09T08:00,1.3,2.6,120.0
TOS01001205,2026-10-09T08:15,1.6,3.0,100.0
TOS01001205,2026-10-09T08:30,1.4,3.0,54.0
TOS01001205,2026-10-09T08:45,1.6,4.7,47.0
TOS01001205,2026-10-09T09:00,1.3,2.7,64.0
TOS01001205,2026-10-09T09:15,1.0,2.6,75.0
TOS01001205,2026-10-09T09:30,0.6,1.5,236.0
TOS01001205,2026-10-09T09:45,1.3,2.7,71.0
TOS01001205,2026-10-09T10:00,0.9,2.7,57.0
TOS01001205,2026-10-09T10:15,1.5,3.1,55.0
TOS01001205,2026-10-09T10:30,1.6,2.9,57.0
TOS01001205,2026-10-09T10:45,1.5,2.9,57.0
TOS01001205,2026-10-09T11:00,1.8,3.7,50.0
TOS01001205,2026-10-09T11:15,1.5,3.1,59.0
TOS01001205,2026-10-09T11:30,1.5,3.2,53.0
TOS01001205,2026-10-09T11:45,1.6,2.8,73.0
TOS01001205,2026-10-09T12:00,1.3,2.8,98.0
TOS01001205,2026-10-09T12:15,1.5,4.4,92.0
TOS01001205,2026-10-09T12:30,1.1,2.3,120.0
TOS01001205,2026-10-09T12:45,1.1,2.2,106.0
TOS01001205,2026-10-09T13:00,1.7,3.4,101.0
TOS01001205,2026-10-09T13:15,1.5,3.4,95.0
TOS01001205,2026-10-09T13:30,1.3,3.1,122.0
TOS01001205,2026-10-09T13:45,0.9,2.3,170.0
TOS01001205,2026-10-09T14:00,1.0,2.5,132.0
TOS01001205,2026-10-09T14:15,1.1,2.8,173.0
TOS01001205,2026-10-09T14:30,0.9,1.9,216.0
TOS01001205,2026-10-09T14:45,1.5,2.6,106.0
TOS01001205,2026-10-09T15:00,1.1,2.5,151.0
TOS01001205,2026-10-09T15:15,1.8,4.5,218.0
TOS01001205,2026-10-09T15:30,2.0,5.9,197.0
TOS01001205,2026-10-09T15:45,0.9,1.8,135.0
TOS01001205,2026-10-09T16:00,1.4,3.4,41.0
TOS01001205,2026-10-09T16:15,0.9,2.1,242.0
TOS01001205,2026-10-09T16:30,1.4,3.3,62.0
TOS01001205,2026-10-09T16:45,1.2,3.1,329.0
TOS01001205,2026-10-09T17:00,1.8,4.0,53.0
TOS01001205,2026-10-09T17:15,1.3,3.5,0.0
TOS01001205,2026-10-09T17:30,1.4,4.0,27.0
TOS01001205,2026-10-09T17:45,1.3,3.0,290.0
TOS01001205,2026-10-09T18:00,1.0,3.9,161.0
TOS01001205,2026-10-09T18:15,0.9,2.2,254.0
TOS01001205,2026-10-09T18:30,1.0,2.4,262.0
TOS01001205,2026-10-09T18:45,0.9,2.3,260.0
TOS01001205,2026-10-09T19:00,1.3,3.2,321.0
TOS01001205,2026-10-09T19:15,1.3,3.6,294.0
TOS01001205,2026-10-09T19:30,1.1,2.3,315.0
TOS01001205,2026-10-09T19:45,1.8,4.1,45.0
TOS01001205,2026-10-09T20:00,1.7,4.3,48.0
TOS01001205,2026-10-09T20:15,1.2,2.8,313.0
TOS01001205,2026-10-09T20:30,1.1,3.1,328.0
TOS01001205,2026-10-09T20:45,1.1,2.4,266.0
TOS01001205,2026-10-09T21:00,1.2,2.4,259.0
TOS01001205,2026-10-09T21:15,1.2,3.5,333.0
TOS01001205,2026-10-09T21:30,1.5,4.5,45.0
TOS01001205,2026-10-09T21:45,1.6,3.8,41.0
TOS01001205,2026-10-09T22:00,1.6,4.0,3.0
TOS01001205,2026-10-09T22:15,1.3,3.7,18.0
TOS01001205,2026-10-09T22:30,1.0,2.5,267.0
TOS01001205,2026-10-09T22:45,1.1,2.7,262.0
TOS01001205,2026-10-09T23:00,1.5,4.8,19.0
TOS01001205,2026-10-09T23:15,2.1,4.4,47.0
TOS01001205,2026-10-09T23:30,1.6,3.5,47.0
TOS01001205,2026-10-09T23:45,1.5,3.9,30.0
TOS01001269,2026-10-09T00:00,0.6,1.1,312.0
TOS01001269,2026-10-09T00:15,1.6,3.4,245.0
TOS01001269,2026-10-09T00:30,2.3,4.0,251.0
TOS01001269,2026-10-09T00:45,1.1,2.6,227.0
TOS01001269,2026-10-09T01:00,1.5,2.0,169.0
TOS01001269,2026-10-09T01:15,0.7,1.0,73.0
TOS01001269,2026-10-09T01:30,1.5,2.1,111.0
TOS01001269,2026-10-09T01:45,0.9,1.2,163.0
TOS01001269,2026-10-09T02:00,1.5,2.3,165.0
TOS01001269,2026-10-09T02:15,1.6,2.4,140.0
TOS01001269,2026-10-09T02:30,1.1,1.8,120.0
TOS01001269,2026-10-09T02:45,0.6,1.0,97.0
TOS01001269,2026-10-09T03:00,0.3,0.8,275.0
TOS01001269,2026-10-09T03:15,1.0,2.1,271.0
TOS01001269,2026-10-09T03:30,1.1,2.4,309.0
TOS01001269,2026-10-09T03:45,1.3,2.1,314.0
TOS01001269,2026-10-09T04:00,1.5,2.3,334.0
TOS01001269,2026-10-09T04:15,0.5,1.0,12.0
TOS01001269,2026-10-09T04:30,1.4,1.9,181.0
TOS01001269,2026-10-09T04:45,1.5,2.2,193.0
TOS01001269,2026-10-09T05:00,0.6,0.9,255.0
TOS01001269,2026-10-09T05:15,0.6,2.0,275.0
TOS01001269,2026-10-09T05:30,1.2,2.3,273.0
TOS01001269,2026-10-09T05:45,1.2,2.0,242.0
TOS01001269,2026-10-09T06:00,1.2,2.4,255.0
TOS01001269,2026-10-09T06:15,1.0,1.8,295.0
TOS01001269,2026-10-09T06:30,1.2,1.8,346.0
TOS01001269,2026-10-09T06:45,1.1,1.6,351.0
TOS01001269,2026-10-09T07:00,1.3,1.6,357.0
TOS01001269,2026-10-09T07:15,0.5,0.8,64.0
TOS01001269,2026-10-09T07:30,1.5,2.3,167.0
TOS01001269,2026-10-09T07:45,1.3,2.0,209.0
TOS01001269,2026-10-09T08:00,1.7,2.5,192.0
TOS01001269,2026-10-09T08:15,1.7,2.4,191.0
TOS01001269,2026-10-09T08:30,1.2,2.0,157.0
TOS01001269,2026-10-09T08:45,1.3,2.2,118.0
TOS01001269,2026-10-09T09:00,0.8,1.5,168.0
TOS01001269,2026-10-09T09:15,1.5,2.3,187.0
TOS01001269,2026-10-09T09:30,1.4,2.2,210.0
TOS01001269,2026-10-09T09:45,1.5,2.5,189.0
TOS01001269,2026-10-09T10:00,1.3,2.9,185.0
TOS01001269,2026-10-09T10:15,0.9,2.0,133.0
TOS01001269,2026-10-09T10:30,0.7,1.9,66.0
TOS01001269,2026-10-09T10:45,1.3,2.5,18.0
TOS01001269,2026-10-09T11:00,1.4,2.2,343.0
TOS01001269,2026-10-09T11:15,0.7,1.7,43.0
TOS01001269,2026-10-09T11:30,0.9,1.9,34.0
TOS01001269,2026-10-09T11:45,1.3,2.2,37.0
TOS01001269,2026-10-09T12:00,1.5,3.0,52.0
TOS01001269,2026-10-09T12:15,1.2,2.8,90.0
TOS01001269,2026-10-09T12:30,1.3,2.9,148.0
TOS01001269,2026-10-09T12:45,1.3,2.5,122.0
TOS01001269,2026-10-09T13:00,1.8,3.3,46.0
TOS01001269,2026-10-09T13:15,1.5,4.5,34.0
TOS01001269,2026-10-09T13:30,2.0,3.8,78.0
TOS01001269,2026-10-09T13:45,1.1,2.5,179.0
TOS01001269,2026-10-09T14:00,0.7,2.4,163.0
TOS01001269,2026-10-09T14:15,0.6,1.3,242.0
TOS01001269,2026-10-09T14:30,0.8,1.5,255.0
TOS01001269,2026-10-09T14:45,1.4,2.6,296.0
TOS01001269,2026-10-09T15:00,0.9,1.8,262.0
TOS01001269,2026-10-09T15:15,3.4,8.0,176.0
TOS01001269,2026-10-09T15:30,7.2,12.3,206.0
TOS01001269,2026-10-09T15:45,1.3,3.2,176.0
TOS01001269,2026-10-09T16:00,1.7,3.2,40.0
TOS01001269,2026-10-09T16:15,2.9,5.6,358.0
TOS01001269,2026-10-09T16:30,1.3,3.3,72.0
TOS01001269,2026-10-09T16:45,0.9,1.7,227.0
TOS01001269,2026-10-09T17:00,1.8,3.0,292.0
TOS01001269,2026-10-09T17:15,2.1,3.9,234.0
TOS01001269,2026-10-09T17:30,1.5,2.5,210.0
TOS01001269,2026-10-09T17:45,1.5,2.3,178.0
TOS01001269,2026-10-09T18:00,0.6,1.0,198.0
TOS01001269,2026-10-09T18:15,0.7,1.1,204.0
TOS01001269,2026-10-09T18:30,1.0,1.7,347.0
TOS01001269,2026-10-09T18:45,0.4,1.2,262.0
TOS01001269,2026-10-09T19:00,0.7,1.3,177.0
TOS01001269,2026-10-09T19:15,0.9,1.5,214.0
TOS01001269,2026-10-09T19:30,0.9,1.5,230.0
TOS01001269,2026-10-09T19:45,1.3,1.8,238.0
TOS01001269,2026-10-09T20:00,0.9,2.0,275.0
TOS01001269,2026-10-09T20:15,0.9,1.4,342.0
TOS01001269,2026-10-09T20:30,1.2,2.0,0.0
TOS01001269,2026-10-09T20:45,1.3,2.3,247.0
TOS01001269,2026-10-09T21:00,1.3,2.2,233.0
TOS01001269,2026-10-09T21:15,1.0,1.8,236.0
TOS01001269,2026-10-09T21:30,0.9,1.8,262.0
TOS01001269,2026-10-09T21:45,0.7,1.8,304.0
TOS01001269,2026-10-09T22:00,1.3,2.2,331.0
TOS01001269,2026-10-09T22:15,0.8,1.4,343.0
TOS01001269,2026-10-09T22:30,0.3,0.9,279.0
TOS01001269,2026-10-09T22:45,0.7,1.4,208.0
TOS01001269,2026-10-09T23:00,1.4,2.0,209.0
TOS01001269,2026-10-09T23:15,0.9,2.4,266.0
TOS01001269,2026-10-09T23:30,0.5,1.3,332.0
TOS01001269,2026-10-09T23:45,1.3,2.0,337.0
TOS01004007,2026-10-09T00:00,1.0,2.1,93.0
TOS01004007,2026-10-09T00:15,0.9,2.4,57.0
TOS01004007,2026-10-09T00:30,1.5,3.3,34.0
TOS01004007,2026-10-09T00:45,1.5,3.5,33.0
TOS01004007,2026-10-09T01:00,1.6,2.9,39.0
TOS01004007,2026-10-09T01:15,1.7,2.9,59.0
TOS01004007,2026-10-09T01:30,1.7,2.7,54.0
TOS01004007,2026-10-09T01:45,1.5,3.0,48.0
TOS01004007,2026-10-09T02:00,1.8,3.9,30.0
TOS01004007,2026-10-09T02:15,1.7,3.4,62.0
TOS01004007,2026-10-09T02:30,1.3,2.9,59.0
TOS01004007,2026-10-09T02:45,1.7,2.9,43.0
TOS01004007,2026-10-09T03:00,1.6,2.6,47.0
TOS01004007,2026-10-09T03:15,1.4,3.0,136.0
TOS01004007,2026-10-09T03:30,0.8,2.1,108.0
TOS01004007,2026-10-09T03:45,1.3,2.1,74.0
TOS01004007,2026-10-09T04:00,1.0,2.2,59.0
TOS01004007,2026-10-09T04:15,1.0,1.7,46.0
TOS01004007,2026-10-09T04:30,0.9,1.5,109.0
TOS01004007,2026-10-09T04:45,1.2,2.5,89.0
TOS01004007,2026-10-09T05:00,0.5,1.2,53.0
TOS01004007,2026-10-09T05:15,1.3,2.1,2.0
TOS01004007,2026-10-09T05:30,1.2,2.3,336.0
TOS01004007,2026-10-09T05:45,0.8,1.5,339.0
TOS01004007,2026-10-09T06:00,0.9,1.7,327.0
TOS01004007,2026-10-09T06:15,1.1,2.0,323.0
TOS01004007,2026-10-09T06:30,1.1,2.1,306.0
TOS01004007,2026-10-09T06:45,1.6,2.9,288.0
TOS01004007,2026-10-09T07:00,1.0,2.0,328.0
TOS01004007,2026-10-09T07:15,0.9,1.6,303.0
TOS01004007,2026-10-09T07:30,1.0,1.9,317.0
TOS01004007,2026-10-09T07:45,1.1,2.1,287.0
TOS01004007,2026-10-09T08:00,1.2,2.0,302.0
TOS01004007,2026-10-09T08:15,1.6,2.2,289.0
TOS01004007,2026-10-09T08:30,1.1,2.5,310.0
TOS01004007,2026-10-09T08:45,1.0,2.2,330.0
TOS01004007,2026-10-09T09:00,1.8,2.9,290.0
TOS01004007,2026-10-09T09:15,1.8,3.0,282.0
TOS01004007,2026-10-09T09:30,1.9,2.8,290.0
TOS01004007,2026-10-09T09:45,1.3,2.6,252.0
TOS01004007,2026-10-09T10:00,1.0,1.8,209.0
TOS01004007,2026-10-09T10:15,1.0,1.5,185.0
TOS01004007,2026-10-09T10:30,1.3,2.4,170.0
TOS01004007,2026-10-09T10:45,1.4,2.6,166.0
TOS01004007,2026-10-09T11:00,1.7,3.3,172.0
TOS01004007,2026-10-09T11:15,1.6,3.5,171.0
TOS01004007,2026-10-09T11:30,1.8,3.1,190.0
TOS01004007,2026-10-09T11:45,1.8,3.1,182.0
TOS01004007,2026-10-09T12:00,1.8,3.1,183.0
TOS01004007,2026-10-09T12:15,2.2,4.4,185.0
TOS01004007,2026-10-09T12:30,2.2,3.5,186.0
TOS01004007,2026-10-09T12:45,2.1,4.1,185.0
TOS01004007,2026-10-09T13:00,2.3,5.0,194.0
TOS01004007,2026-10-09T13:15,1.7,3.6,208.0
TOS01004007,2026-10-09T13:30,1.2,2.6,195.0
TOS01004007,2026-10-09T13:45,1.0,2.4,213.0
TOS01004007,2026-10-09T14:00,1.5,3.5,16.0
TOS01004007,2026-10-09T14:15,2.4,4.0,20.0
TOS01004007,2026-10-09T14:30,1.7,2.6,18.0
TOS01004007,2026-10-09T14:45,1.4,2.9,356.0
TOS01004007,2026-10-09T15:00,1.5,3.0,328.0
TOS01004007,2026-10-09T15:15,1.8,2.8,297.0
TOS01004007,2026-10-09T15:30,1.5,2.5,336.0
TOS01004007,2026-10-09T15:45,1.2,2.1,324.0
TOS01004007,2026-10-09T16:00,1.6,2.6,243.0
TOS01004007,2026-10-09T16:15,1.9,3.4,301.0
TOS01004007,2026-10-09T16:30,1.7,2.7,310.0
TOS01004007,2026-10-09T16:45,1.4,2.5,278.0
TOS01004007,2026-10-09T17:00,1.3,2.9,283.0
TOS01004007,2026-10-09T17:15,1.1,2.0,304.0
TOS01004007,2026-10-09T17:30,1.3,2.1,334.0
TOS01004007,2026-10-09T17:45,1.0,2.0,27.0
TOS01004007,2026-10-09T18:00,1.0,1.8,30.0
TOS01004007,2026-10-09T18:15,1.7,2.7,4.0
TOS01004007,2026-10-09T18:30,1.0,1.7,27.0
TOS01004007,2026-10-09T18:45,1.2,2.6,18.0
TOS01004007,2026-10-09T19:00,1.3,2.8,9.0
TOS01004007,2026-10-09T19:15,2.0,3.3,22.0
TOS01004007,2026-10-09T19:30,2.2,3.6,20.0
TOS01004007,2026-10-09T19:45,0.9,2.3,74.0
TOS01004007,2026-10-09T20:00,1.4,2.9,5.0
TOS01004007,2026-10-09T20:15,1.9,3.5,14.0
TOS01004007,2026-10-09T20:30,1.9,3.3,18.0
TOS01004007,2026-10-09T20:45,1.2,2.6,30.0
TOS01004007,2026-10-09T21:00,1.3,2.6,18.0
TOS01004007,2026-10-09T21:15,1.5,2.2,319.0
TOS01004007,2026-10-09T21:30,1.2,2.2,325.0
TOS01004007,2026-10-09T21:45,0.7,1.6,324.0
TOS01004007,2026-10-09T22:00,1.0,2.0,289.0
TOS01004007,2026-10-09T22:15,1.4,2.1,304.0
TOS01004007,2026-10-09T22:30,1.0,2.0,313.0
TOS01004007,2026-10-09T22:45,0.8,1.6,353.0
TOS01004007,2026-10-09T23:00,0.9,1.6,289.0
TOS01004007,2026-10-09T23:15,0.8,1.3,285.0
TOS01004007,2026-10-09T23:30,1.0,1.7,306.0
TOS01004007,2026-10-09T23:45,1.0,1.7,308.0
TOS01004971,2026-10-09T00:00,0.4,1.0,199.0
TOS01004971,2026-10-09T00:15,0.4,1.3,259.0
TOS01004971,2026-10-09T00:30,0.8,1.3,317.0
TOS01004971,2026-10-09T00:45,0.8,1.4,303.0
TOS01004971,2026-10-09T01:00,1.0,1.6,165.0
TOS01004971,2026-10-09T01:15,1.0,2.5,159.0
TOS01004971,2026-10-09T01:30,1.1,2.2,165.0
TOS01004971,2026-10-09T01:45,1.0,1.7,158.0
TOS01004971,2026-10-09T02:00,0.8,1.7,168.0
TOS01004971,2026-10-09T02:15,1.0,1.8,162.0
TOS01004971,2026-10-09T02:30,0.7,1.7,192.0
TOS01004971,2026-10-09T02:45,0.5,1.5,109.0
TOS01004971,2026-10-09T03:00,0.4,0.8,178.0
TOS01004971,2026-10-09T03:15,0.4,0.7,188.0
TOS01004971,2026-10-09T03:30,0.4,0.9,147.0
TOS01004971,2026-10-09T03:45,0.7,1.3,159.0
TOS01004971,2026-10-09T04:00,0.8,1.3,133.0
TOS01004971,2026-10-09T04:15,0.7,1.2,130.0
TOS01004971,2026-10-09T04:30,0.6,1.3,162.0
TOS01004971,2026-10-09T04:45,0.8,1.7,152.0
TOS01004971,2026-10-09T05:00,0.7,1.3,173.0
TOS01004971,2026-10-09T05:15,0.7,1.6,184.0
TOS01004971,2026-10-09T05:30,1.1,1.8,148.0
TOS01004971,2026-10-09T05:45,0.9,1.8,161.0
TOS01004971,2026-10-09T06:00,0.8,1.8,177.0
TOS01004971,2026-10-09T06:15,0.4,0.7,258.0
TOS01004971,2026-10-09T06:30,0.4,1.0,308.0
TOS01004971,2026-10-09T06:45,0.5,1.2,229.0
TOS01004971,2026-10-09T07:00,0.4,0.9,107.0
TOS01004971,2026-10-09T07:15,0.4,1.4,105.0
TOS01004971,2026-10-09T07:30,0.8,1.7,84.0
TOS01004971,2026-10-09T07:45,0.9,1.7,47.0
TOS01004971,2026-10-09T08:00,0.5,1.3,16.0
TOS01004971,2026-10-09T08:15,0.7,1.8,68.0
TOS01004971,2026-10-09T08:30,0.7,2.2,121.0
TOS01004971,2026-10-09T08:45,0.6,1.5,175.0
TOS01004971,2026-10-09T09:00,0.8,1.6,176.0
TOS01004971,2026-10-09T09:15,0.8,1.4,171.0
TOS01004971,2026-10-09T09:30,0.7,1.7,135.0
TOS01004971,2026-10-09T09:45,1.0,2.0,135.0
TOS01004971,2026-10-09T10:00,1.1,2.4,154.0
TOS01004971,2026-10-09T10:15,1.0,2.4,154.0
TOS01004971,2026-10-09T10:30,0.4,1.0,153.0
TOS01004971,2026-10-09T10:45,0.8,2.0,68.0
TOS01004971,2026-10-09T11:00,0.5,1.4,17.0
TOS01004971,2026-10-09T11:15,0.8,1.7,200.0
TOS01004971,2026-10-09T11:30,1.1,2.6,110.0
TOS01004971,2026-10-09T11:45,1.1,2.2,132.0
TOS01004971,2026-10-09T12:00,0.9,2.2,98.0
TOS01004971,2026-10-09T12:15,0.9,2.4,52.0
TOS01004971,2026-10-09T12:30,0.9,2.2,0.0
TOS01004971,2026-10-09T12:45,0.9,2.7,104.0
TOS01004971,2026-10-09T13:00,0.7,1.9,140.0
TOS01004971,2026-10-09T13:15,0.8,1.7,179.0
TOS01004971,2026-10-09T13:30,0.7,1.6,211.0
TOS01004971,2026-10-09T13:45,0.6,1.9,85.0
TOS01004971,2026-10-09T14:00,0.9,2.0,348.0
TOS01004971,2026-10-09T14:15,0.8,2.0,296.0
TOS01004971,2026-10-09T14:30,1.3,2.7,147.0
TOS01004971,2026-10-09T14:45,0.8,2.0,88.0
TOS01004971,2026-10-09T15:00,1.6,3.4,61.0
TOS01004971,2026-10-09T15:15,1.3,2.5,51.0
TOS01004971,2026-10-09T15:30,1.0,2.4,29.0
TOS01004971,2026-10-09T15:45,0.8,1.6,6.0
TOS01004971,2026-10-09T16:00,1.0,2.1,315.0
TOS01004971,2026-10-09T16:15,0.7,2.1,294.0
TOS01004971,2026-10-09T16:30,1.3,2.7,173.0
TOS01004971,2026-10-09T16:45,1.1,2.1,161.0
TOS01004971,2026-10-09T17:00,0.8,1.6,159.0
TOS01004971,2026-10-09T17:15,1.0,1.8,161.0
TOS01004971,2026-10-09T17:30,1.1,1.9,165.0
TOS01004971,2026-10-09T17:45,0.8,1.4,173.0
TOS01004971,2026-10-09T18:00,1.2,1.8,151.0
TOS01004971,2026-10-09T18:15,1.0,1.5,165.0
TOS01004971,2026-10-09T18:30,1.0,1.6,166.0
TOS01004971,2026-10-09T18:45,0.6,1.1,161.0
TOS01004971,2026-10-09T19:00,0.8,1.7,140.0
TOS01004971,2026-10-09T19:15,1.0,1.6,122.0
TOS01004971,2026-10-09T19:30,1.3,2.2,124.0
TOS01004971,2026-10-09T19:45,0.8,1.7,71.0
TOS01004971,2026-10-09T20:00,0.4,1.1,312.0
TOS01004971,2026-10-09T20:15,0.4,1.0,187.0
TOS01004971,2026-10-09T20:30,0.6,1.0,174.0
TOS01004971,2026-10-09T20:45,0.9,1.7,186.0
TOS01004971,2026-10-09T21:00,0.9,2.0,146.0
TOS01004971,2026-10-09T21:15,0.3,0.8,331.0
TOS01004971,2026-10-09T21:30,0.8,1.7,96.0
TOS01004971,2026-10-09T21:45,0.7,1.3,115.0
TOS01004971,2026-10-09T22:00,0.7,1.5,165.0
TOS01004971,2026-10-09T22:15,0.8,1.4,139.0
TOS01004971,2026-10-09T22:30,0.7,1.7,309.0
TOS01004971,2026-10-09T22:45,0.6,1.3,173.0
TOS01004971,2026-10-09T23:00,1.2,2.1,118.0
TOS01004971,2026-10-09T23:15,0.6,1.3,151.0
TOS01004971,2026-10-09T23:30,0.9,1.3,176.0
TOS01004971,2026-10-09T23:45,0.9,1.5,167.0
TOS01005251,2026-10-09T00:00,8.6,11.5,264.0
TOS01005251,2026-10-09T00:15,7.1,11.3,269.0
TOS01005251,2026-10-09T00:30,6.5,10.1,273.0
TOS01005251,2026-10-09T00:45,6.5,10.5,274.0
TOS01005251,2026-10-09T01:00,5.8,9.2,283.0
TOS01005251,2026-10-09T01:15,5.6,7.9,275.0
TOS01005251,2026-10-09T01:30,6.9,9.4,272.0
TOS01005251,2026-10-09T01:45,5.4,8.9,276.0
TOS01005251,2026-10-09T02:00,4.6,7.4,284.0
TOS01005251,2026-10-09T02:15,4.9,7.3,283.0
TOS01005251,2026-10-09T02:30,4.5,6.3,275.0
TOS01005251,2026-10-09T02:45,2.9,5.5,263.0
TOS01005251,2026-10-09T03:00,2.7,5.8,113.0
TOS01005251,2026-10-09T03:15,3.7,6.2,110.0
TOS01005251,2026-10-09T03:30,2.9,4.1,97.0
TOS01005251,2026-10-09T03:45,2.5,3.9,115.0
TOS01005251,2026-10-09T04:00,2.6,3.5,122.0
TOS01005251,2026-10-09T04:15,2.3,3.4,124.0
TOS01005251,2026-10-09T04:30,2.1,3.0,125.0
TOS01005251,2026-10-09T04:45,2.5,3.4,114.0
TOS01005251,2026-10-09T05:00,2.3,3.6,118.0
TOS01005251,2026-10-09T05:15,1.9,2.6,125.0
TOS01005251,2026-10-09T05:30,2.5,3.1,86.0
TOS01005251,2026-10-09T05:45,2.4,3.0,78.0
TOS01005251,2026-10-09T06:00,2.1,3.0,79.0
TOS01005251,2026-10-09T06:15,2.5,3.6,106.0
TOS01005251,2026-10-09T06:30,2.2,3.1,133.0
TOS01005251,2026-10-09T06:45,2.4,3.3,132.0
TOS01005251,2026-10-09T07:00,2.8,3.8,109.0
TOS01005251,2026-10-09T07:15,2.0,3.0,72.0
TOS01005251,2026-10-09T07:30,1.9,2.7,82.0
TOS01005251,2026-10-09T07:45,1.9,2.5,83.0
TOS01005251,2026-10-09T08:00,2.1,2.5,89.0
TOS01005251,2026-10-09T08:15,2.4,3.1,90.0
TOS01005251,2026-10-09T08:30,2.7,3.2,95.0
TOS01005251,2026-10-09T08:45,2.9,4.1,112.0
TOS01005251,2026-10-09T09:00,3.0,4.7,125.0
TOS01005251,2026-10-09T09:15,2.8,4.4,127.0
TOS01005251,2026-10-09T09:30,3.0,4.5,120.0
TOS01005251,2026-10-09T09:45,3.4,4.9,120.0
TOS01005251,2026-10-09T10:00,3.2,4.3,126.0
TOS01005251,2026-10-09T10:15,2.8,3.8,127.0
TOS01005251,2026-10-09T10:30,2.1,3.4,122.0
TOS01005251,2026-10-09T10:45,2.6,3.6,93.0
TOS01005251,2026-10-09T11:00,4.0,5.2,95.0
TOS01005251,2026-10-09T11:15,3.9,5.3,97.0
TOS01005251,2026-10-09T11:30,3.9,4.9,108.0
TOS01005251,2026-10-09T11:45,3.1,4.7,110.0
TOS01005251,2026-10-09T12:00,3.2,5.0,106.0
TOS01005251,2026-10-09T12:15,2.2,3.3,119.0
TOS01005251,2026-10-09T12:30,1.7,3.1,126.0
TOS01005251,2026-10-09T12:45,1.1,2.2,19.0
TOS01005251,2026-10-09T13:00,1.2,2.6,296.0
TOS01005251,2026-10-09T13:15,2.4,3.8,298.0
TOS01005251,2026-10-09T13:30,3.0,4.2,306.0
TOS01005251,2026-10-09T13:45,3.4,4.4,309.0
TOS01005251,2026-10-09T14:00,4.4,5.5,308.0
TOS01005251,2026-10-09T14:15,3.6,5.1,304.0
TOS01005251,2026-10-09T14:30,3.4,5.2,310.0
TOS01005251,2026-10-09T14:45,3.1,5.1,347.0
TOS01005251,2026-10-09T15:00,3.1,4.5,313.0
TOS01005251,2026-10-09T15:15,3.9,5.3,331.0
TOS01005251,2026-10-09T15:30,3.8,5.3,321.0
TOS01005251,2026-10-09T15:45,3.7,4.9,329.0
TOS01005251,2026-10-09T16:00,3.4,4.4,323.0
TOS01005251,2026-10-09T16:15,3.7,4.6,331.0
TOS01005251,2026-10-09T16:30,3.8,4.4,329.0
TOS01005251,2026-10-09T16:45,4.4,5.8,329.0
TOS01005251,2026-10-09T17:00,4.0,5.3,332.0
TOS01005251,2026-10-09T17:15,4.3,5.2,347.0
TOS01005251,2026-10-09T17:30,4.0,5.2,359.0
TOS01005251,2026-10-09T17:45,2.1,3.9,34.0
TOS01005251,2026-10-09T18:00,1.8,2.8,106.0
TOS01005251,2026-10-09T18:15,2.3,4.1,120.0
TOS01005251,2026-10-09T18:30,1.9,3.7,145.0
TOS01005251,2026-10-09T18:45,2.1,3.2,159.0
TOS01005251,2026-10-09T19:00,2.3,3.0,118.0
TOS01005251,2026-10-09T19:15,3.5,4.6,92.0
TOS01005251,2026-10-09T19:30,2.8,4.3,107.0
TOS01005251,2026-10-09T19:45,2.8,3.9,74.0
TOS01005251,2026-10-09T20:00,3.1,4.0,79.0
TOS01005251,2026-10-09T20:15,3.2,4.1,101.0
TOS01005251,2026-10-09T20:30,3.8,4.3,97.0
TOS01005251,2026-10-09T20:45,3.3,3.9,97.0
TOS01005251,2026-10-09T21:00,3.5,4.3,100.0
TOS01005251,2026-10-09T21:15,3.3,4.7,112.0
TOS01005251,2026-10-09T21:30,2.3,3.3,115.0
TOS01005251,2026-10-09T21:45,3.4,4.3,92.0
TOS01005251,2026-10-09T22:00,3.4,4.3,106.0
TOS01005251,2026-10-09T22:15,3.0,4.2,114.0
TOS01005251,2026-10-09T22:30,3.6,4.7,102.0
TOS01005251,2026-10-09T22:45,3.5,4.6,95.0
TOS01005251,2026-10-09T23:00,3.3,4.6,112.0
TOS01005251,2026-10-09T23:15,2.2,3.3,94.0
TOS01005251,2026-10-09T23:30,2.3,3.0,59.0
TOS01005251,2026-10-09T23:45,2.6,3.6,69.0
TOS02000108,2026-10-09T00:00,1.8,3.7,312.0
TOS02000108,2026-10-09T00:15,1.2,4.9,344.0
TOS02000108,2026-10-09T00:30,1.1,2.7,338.0
TOS02000108,2026-10-09T00:45,1.1,2.3,331.0
TOS02000108,2026-10-09T01:00,1.1,2.4,341.0
TOS02000108,2026-10-09T01:15,1.1,2.1,357.0
TOS02000108,2026-10-09T01:30,0.9,1.7,4.0
TOS02000108,2026-10-09T01:45,1.2,2.2,17.0
TOS02000108,2026-10-09T02:00,1.1,2.1,0.0
TOS02000108,2026-10-09T02:15,1.1,1.7,10.0
TOS02000108,2026-10-09T02:30,0.8,1.8,356.0
TOS02000108,2026-10-09T02:45,1.0,1.3,18.0
TOS02000108,2026-10-09T03:00,1.1,1.7,3.0
TOS02000108,2026-10-09T03:15,1.0,1.5,13.0
TOS02000108,2026-10-09T03:30,1.0,1.4,14.0
TOS02000108,2026-10-09T03:45,1.1,1.8,16.0
TOS02000108,2026-10-09T04:00,1.0,1.8,25.0
TOS02000108,2026-10-09T04:15,1.3,1.9,11.0
TOS02000108,2026-10-09T04:30,1.2,1.5,14.0
TOS02000108,2026-10-09T04:45,1.0,1.5,16.0
TOS02000108,2026-10-09T05:00,1.1,1.6,15.0
TOS02000108,2026-10-09T05:15,1.0,1.4,9.0
TOS02000108,2026-10-09T05:30,0.9,1.3,11.0
TOS02000108,2026-10-09T05:45,1.0,1.4,14.0
TOS02000108,2026-10-09T06:00,1.2,1.6,10.0
TOS02000108,2026-10-09T06:15,1.0,1.3,8.0
TOS02000108,2026-10-09T06:30,1.1,1.4,11.0
TOS02000108,2026-10-09T06:45,1.0,1.3,10.0
TOS02000108,2026-10-09T07:00,1.1,1.5,16.0
TOS02000108,2026-10-09T07:15,1.1,1.5,11.0
TOS02000108,2026-10-09T07:30,1.1,1.4,9.0
TOS02000108,2026-10-09T07:45,1.0,1.4,2.0
TOS02000108,2026-10-09T08:00,0.8,1.0,10.0
TOS02000108,2026-10-09T08:15,0.7,1.2,22.0
TOS02000108,2026-10-09T08:30,0.9,2.4,251.0
TOS02000108,2026-10-09T08:45,0.3,1.1,9.0
TOS02000108,2026-10-09T09:00,0.5,1.5,260.0
TOS02000108,2026-10-09T09:15,0.7,1.3,167.0
TOS02000108,2026-10-09T09:30,0.4,1.1,193.0
TOS02000108,2026-10-09T09:45,0.7,1.6,261.0
TOS02000108,2026-10-09T10:00,0.5,1.3,207.0
TOS02000108,2026-10-09T10:15,0.8,2.0,214.0
TOS02000108,2026-10-09T10:30,0.8,2.1,217.0
TOS02000108,2026-10-09T10:45,0.9,2.1,215.0
TOS02000108,2026-10-09T11:00,0.9,2.2,246.0
TOS02000108,2026-10-09T11:15,0.9,1.8,254.0
TOS02000108,2026-10-09T11:30,0.7,1.6,214.0
TOS02000108,2026-10-09T11:45,0.6,1.5,225.0
TOS02000108,2026-10-09T12:00,0.7,1.7,225.0
TOS02000108,2026-10-09T12:15,0.6,1.9,177.0
TOS02000108,2026-10-09T12:30,1.0,2.1,217.0
TOS02000108,2026-10-09T12:45,0.7,1.5,224.0
TOS02000108,2026-10-09T13:00,0.7,1.7,229.0
TOS02000108,2026-10-09T13:15,1.2,2.5,238.0
TOS02000108,2026-10-09T13:30,1.2,2.9,201.0
TOS02000108,2026-10-09T13:45,0.8,2.4,213.0
TOS02000108,2026-10-09T14:00,0.7,2.2,240.0
TOS02000108,2026-10-09T14:15,1.0,2.2,261.0
TOS02000108,2026-10-09T14:30,0.9,2.0,233.0
TOS02000108,2026-10-09T14:45,0.7,1.9,207.0
TOS02000108,2026-10-09T15:00,0.8,2.6,188.0
TOS02000108,2026-10-09T15:15,0.6,1.4,248.0
TOS02000108,2026-10-09T15:30,1.2,2.8,273.0
TOS02000108,2026-10-09T15:45,1.3,3.2,202.0
TOS02000108,2026-10-09T16:00,0.9,2.3,176.0
TOS02000108,2026-10-09T16:15,1.1,3.5,330.0
TOS02000108,2026-10-09T16:30,1.5,3.8,111.0
TOS02000108,2026-10-09T16:45,1.3,3.4,82.0
TOS02000108,2026-10-09T17:00,0.7,2.4,224.0
TOS02000108,2026-10-09T17:15,0.9,2.0,273.0
TOS02000108,2026-10-09T17:30,0.7,1.9,230.0
TOS02000108,2026-10-09T17:45,1.1,2.7,123.0
TOS02000108,2026-10-09T18:00,0.9,2.6,42.0
TOS02000108,2026-10-09T18:15,0.9,1.5,11.0
TOS02000108,2026-10-09T18:30,1.4,3.2,42.0
TOS02000108,2026-10-09T18:45,1.6,4.0,26.0
TOS02000108,2026-10-09T19:00,1.5,4.9,305.0
TOS02000108,2026-10-09T19:15,1.3,3.9,64.0
TOS02000108,2026-10-09T19:30,1.5,4.7,342.0
TOS02000108,2026-10-09T19:45,1.7,3.9,57.0
TOS02000108,2026-10-09T20:00,1.3,3.0,21.0
TOS02000108,2026-10-09T20:15,1.5,4.8,46.0
TOS02000108,2026-10-09T20:30,1.3,3.1,90.0
TOS02000108,2026-10-09T20:45,0.8,2.0,326.0
TOS02000108,2026-10-09T21:00,0.9,2.3,7.0
TOS02000108,2026-10-09T21:15,1.1,3.3,341.0
TOS02000108,2026-10-09T21:30,1.2,2.8,224.0
TOS02000108,2026-10-09T21:45,1.5,4.9,333.0
TOS02000108,2026-10-09T22:00,2.1,5.9,82.0
TOS02000108,2026-10-09T22:15,1.4,3.0,70.0
TOS02000108,2026-10-09T22:30,1.4,4.1,37.0
TOS02000108,2026-10-09T22:45,1.2,3.2,358.0
TOS02000108,2026-10-09T23:00,1.0,2.0,17.0
TOS02000108,2026-10-09T23:15,1.2,3.5,352.0
TOS02000108,2026-10-09T23:30,1.0,1.8,32.0
TOS02000108,2026-10-09T23:45,1.1,1.6,13.0
TOS02000275,2026-10-09T00:00,2.7,4.7,321.0
TOS02000275,2026-10-09T00:15,2.5,3.8,325.0
TOS02000275,2026-10-09T00:30,2.7,5.1,321.0
TOS02000275,2026-10-09T00:45,4.2,7.2,313.0
TOS02000275,2026-10-09T01:00,4.5,8.4,313.0
TOS02000275,2026-10-09T01:15,2.8,4.8,313.0
TOS02000275,2026-10-09T01:30,2.8,4.8,311.0
TOS02000275,2026-10-09T01:45,2.8,5.7,311.0
TOS02000275,2026-10-09T02:00,4.1,7.0,302.0
TOS02000275,2026-10-09T02:15,3.6,6.4,298.0
TOS02000275,2026-10-09T02:30,5.3,8.2,299.0
TOS02000275,2026-10-09T02:45,4.7,7.8,301.0
TOS02000275,2026-10-09T03:00,5.6,8.5,301.0
TOS02000275,2026-10-09T03:15,4.1,6.4,289.0
TOS02000275,2026-10-09T03:30,4.3,6.7,285.0
TOS02000275,2026-10-09T03:45,3.6,6.3,281.0
TOS02000275,2026-10-09T04:00,1.9,3.2,291.0
TOS02000275,2026-10-09T04:15,3.1,4.7,267.0
TOS02000275,2026-10-09T04:30,3.3,5.1,249.0
TOS02000275,2026-10-09T04:45,2.8,4.9,257.0
TOS02000275,2026-10-09T05:00,2.2,4.1,274.0
TOS02000275,2026-10-09T05:15,2.1,3.7,225.0
TOS02000275,2026-10-09T05:30,2.4,3.5,238.0
TOS02000275,2026-10-09T05:45,2.6,4.5,231.0
TOS02000275,2026-10-09T06:00,1.8,3.5,228.0
TOS02000275,2026-10-09T06:15,1.7,2.7,259.0
TOS02000275,2026-10-09T06:30,1.9,3.0,302.0
TOS02000275,2026-10-09T06:45,1.1,1.7,309.0
TOS02000275,2026-10-09T07:00,1.7,2.3,320.0
TOS02000275,2026-10-09T07:15,2.1,2.4,313.0
TOS02000275,2026-10-09T07:30,1.3,2.4,300.0
TOS02000275,2026-10-09T07:45,1.5,2.5,135.0
TOS02000275,2026-10-09T08:00,1.6,2.9,162.0
TOS02000275,2026-10-09T08:15,2.7,3.4,117.0
TOS02000275,2026-10-09T08:30,2.5,3.9,117.0
TOS02000275,2026-10-09T08:45,2.2,3.4,113.0
TOS02000275,2026-10-09T09:00,2.4,5.1,119.0
TOS02000275,2026-10-09T09:15,3.0,4.8,115.0
TOS02000275,2026-10-09T09:30,4.1,6.8,114.0
TOS02000275,2026-10-09T09:45,5.1,7.9,115.0
TOS02000275,2026-10-09T10:00,4.9,7.2,116.0
TOS02000275,2026-10-09T10:15,4.5,7.1,109.0
TOS02000275,2026-10-09T10:30,4.2,7.3,108.0
TOS02000275,2026-10-09T10:45,4.3,7.0,111.0
TOS02000275,2026-10-09T11:00,4.4,8.5,107.0
TOS02000275,2026-10-09T11:15,4.9,8.2,111.0
TOS02000275,2026-10-09T11:30,4.7,7.6,108.0
TOS02000275,2026-10-09T11:45,4.6,7.3,113.0
TOS02000275,2026-10-09T12:00,4.1,7.2,111.0
TOS02000275,2026-10-09T12:15,3.2,5.6,108.0
TOS02000275,2026-10-09T12:30,2.9,5.3,106.0
TOS02000275,2026-10-09T12:45,2.4,5.5,105.0
TOS02000275,2026-10-09T13:00,2.9,4.8,107.0
TOS02000275,2026-10-09T13:15,1.7,4.2,93.0
TOS02000275,2026-10-09T13:30,1.6,3.1,139.0
TOS02000275,2026-10-09T13:45,2.9,5.0,112.0
TOS02000275,2026-10-09T14:00,3.1,4.8,109.0
TOS02000275,2026-10-09T14:15,2.1,4.3,109.0
TOS02000275,2026-10-09T14:30,1.0,2.7,347.0
TOS02000275,2026-10-09T14:45,2.1,4.1,127.0
TOS02000275,2026-10-09T15:00,1.8,3.2,163.0
TOS02000275,2026-10-09T15:15,1.4,3.3,100.0
TOS02000275,2026-10-09T15:30,0.7,2.1,23.0
TOS02000275,2026-10-09T15:45,0.8,2.2,217.0
TOS02000275,2026-10-09T16:00,2.6,6.5,110.0
TOS02000275,2026-10-09T16:15,2.2,5.2,113.0
TOS02000275,2026-10-09T16:30,0.7,2.4,298.0
TOS02000275,2026-10-09T16:45,1.8,4.1,111.0
TOS02000275,2026-10-09T17:00,2.0,3.2,107.0
TOS02000275,2026-10-09T17:15,3.2,5.7,110.0
TOS02000275,2026-10-09T17:30,4.1,6.2,118.0
TOS02000275,2026-10-09T17:45,3.2,5.2,120.0
TOS02000275,2026-10-09T18:00,3.6,4.5,119.0
TOS02000275,2026-10-09T18:15,3.3,4.4,121.0
TOS02000275,2026-10-09T18:30,3.1,3.5,130.0
TOS02000275,2026-10-09T18:45,2.6,3.2,119.0
TOS02000275,2026-10-09T19:00,2.3,3.0,109.0
TOS02000275,2026-10-09T19:15,1.1,2.0,187.0
TOS02000275,2026-10-09T19:30,1.2,2.0,226.0
TOS02000275,2026-10-09T19:45,1.5,2.5,224.0
TOS02000275,2026-10-09T20:00,1.9,2.7,174.0
TOS02000275,2026-10-09T20:15,2.0,3.3,168.0
TOS02000275,2026-10-09T20:30,2.3,4.1,154.0
TOS02000275,2026-10-09T20:45,2.3,3.3,131.0
TOS02000275,2026-10-09T21:00,2.0,3.8,179.0
TOS02000275,2026-10-09T21:15,1.5,2.9,270.0
TOS02000275,2026-10-09T21:30,1.6,3.6,157.0
TOS02000275,2026-10-09T21:45,2.6,5.0,162.0
TOS02000275,2026-10-09T22:00,3.7,6.0,180.0
TOS02000275,2026-10-09T22:15,3.1,5.0,168.0
TOS02000275,2026-10-09T22:30,3.2,5.4,164.0
TOS02000275,2026-10-09T22:45,3.0,4.9,173.0
TOS02000275,2026-10-09T23:00,3.0,5.3,166.0
TOS02000275,2026-10-09T23:15,2.8,4.8,159.0
TOS02000275,2026-10-09T23:30,2.2,3.9,158.0
TOS02000275,2026-10-09T23:45,2.2,4.1,161.0
TOS02000329,2026-10-09T00:00,1.2,3.3,327.0
TOS02000329,2026-10-09T00:15,2.1,6.9,238.0
TOS02000329,2026-10-09T00:30,1.3,6.3,297.0
TOS02000329,2026-10-09T00:45,1.2,3.3,283.0
TOS02000329,2026-10-09T01:00,0.8,1.9,304.0
TOS02000329,2026-10-09T01:15,0.8,2.4,284.0
TOS02000329,2026-10-09T01:30,0.9,2.0,41.0
TOS02000329,2026-10-09T01:45,0.9,1.6,77.0
TOS02000329,2026-10-09T02:00,0.5,1.0,40.0
TOS02000329,2026-10-09T02:15,1.2,1.9,71.0
TOS02000329,2026-10-09T02:30,0.8,1.2,4.0
TOS02000329,2026-10-09T02:45,0.6,1.0,14.0
TOS02000329,2026-10-09T03:00,0.6,1.3,68.0
TOS02000329,2026-10-09T03:15,0.8,1.4,23.0
TOS02000329,2026-10-09T03:30,0.8,1.8,130.0
TOS02000329,2026-10-09T03:45,0.6,1.4,24.0
TOS02000329,2026-10-09T04:00,0.8,1.5,332.0
TOS02000329,2026-10-09T04:15,0.9,2.1,15.0
TOS02000329,2026-10-09T04:30,0.7,1.7,338.0
TOS02000329,2026-10-09T04:45,0.9,2.0,347.0
TOS02000329,2026-10-09T05:00,1.0,2.2,325.0
TOS02000329,2026-10-09T05:15,0.8,1.7,310.0
TOS02000329,2026-10-09T05:30,0.7,2.0,5.0
TOS02000329,2026-10-09T05:45,0.6,1.4,10.0
TOS02000329,2026-10-09T06:00,0.6,1.2,17.0
TOS02000329,2026-10-09T06:15,0.8,2.2,73.0
TOS02000329,2026-10-09T06:30,0.5,1.0,177.0
TOS02000329,2026-10-09T06:45,0.5,1.0,111.0
TOS02000329,2026-10-09T07:00,0.4,0.7,356.0
TOS02000329,2026-10-09T07:15,0.7,1.6,307.0
TOS02000329,2026-10-09T07:30,0.6,1.2,309.0
TOS02000329,2026-10-09T07:45,0.6,1.3,320.0
TOS02000329,2026-10-09T08:00,0.8,2.1,128.0
TOS02000329,2026-10-09T08:15,1.5,2.5,129.0
TOS02000329,2026-10-09T08:30,1.0,3.1,165.0
TOS02000329,2026-10-09T08:45,1.0,2.0,160.0
TOS02000329,2026-10-09T09:00,1.2,2.3,116.0
TOS02000329,2026-10-09T09:15,0.6,1.3,164.0
TOS02000329,2026-10-09T09:30,1.4,3.2,137.0
TOS02000329,2026-10-09T09:45,1.8,3.1,106.0
TOS02000329,2026-10-09T10:00,1.1,2.6,118.0
TOS02000329,2026-10-09T10:15,1.0,1.8,143.0
TOS02000329,2026-10-09T10:30,0.9,1.8,170.0
TOS02000329,2026-10-09T10:45,1.8,4.6,126.0
TOS02000329,2026-10-09T11:00,1.7,3.0,120.0
TOS02000329,2026-10-09T11:15,1.3,2.8,117.0
TOS02000329,2026-10-09T11:30,1.4,2.6,135.0
TOS02000329,2026-10-09T11:45,1.7,3.2,107.0
TOS02000329,2026-10-09T12:00,0.8,1.7,120.0
TOS02000329,2026-10-09T12:15,0.7,1.2,199.0
TOS02000329,2026-10-09T12:30,1.1,2.0,137.0
TOS02000329,2026-10-09T12:45,1.7,2.7,108.0
TOS02000329,2026-10-09T13:00,1.4,2.6,119.0
TOS02000329,2026-10-09T13:15,1.5,2.7,127.0
TOS02000329,2026-10-09T13:30,2.0,4.6,102.0
TOS02000329,2026-10-09T13:45,2.1,4.7,93.0
TOS02000329,2026-10-09T14:00,1.4,2.9,79.0
TOS02000329,2026-10-09T14:15,1.1,2.5,87.0
TOS02000329,2026-10-09T14:30,1.3,3.1,99.0
TOS02000329,2026-10-09T14:45,1.5,3.8,99.0
TOS02000329,2026-10-09T15:00,1.4,4.1,77.0
TOS02000329,2026-10-09T15:15,1.6,3.6,91.0
TOS02000329,2026-10-09T15:30,1.0,2.0,101.0
TOS02000329,2026-10-09T15:45,1.6,3.3,105.0
TOS02000329,2026-10-09T16:00,1.6,3.0,99.0
TOS02000329,2026-10-09T16:15,1.3,3.1,87.0
TOS02000329,2026-10-09T16:30,0.8,2.2,75.0
TOS02000329,2026-10-09T16:45,1.6,2.9,95.0
TOS02000329,2026-10-09T17:00,1.9,3.5,94.0
TOS02000329,2026-10-09T17:15,1.5,3.9,86.0
TOS02000329,2026-10-09T17:30,0.9,1.9,78.0
TOS02000329,2026-10-09T17:45,0.8,2.0,65.0
TOS02000329,2026-10-09T18:00,0.9,1.8,65.0
TOS02000329,2026-10-09T18:15,0.6,1.2,57.0
TOS02000329,2026-10-09T18:30,0.6,1.1,60.0
TOS02000329,2026-10-09T18:45,0.6,1.5,68.0
TOS02000329,2026-10-09T19:00,0.7,2.5,57.0
TOS02000329,2026-10-09T19:15,0.7,1.5,80.0
TOS02000329,2026-10-09T19:30,0.5,1.2,58.0
TOS02000329,2026-10-09T19:45,0.9,2.4,73.0
TOS02000329,2026-10-09T20:00,1.0,2.9,75.0
TOS02000329,2026-10-09T20:15,1.0,2.7,68.0
TOS02000329,2026-10-09T20:30,0.9,2.2,61.0
TOS02000329,2026-10-09T20:45,0.9,1.9,77.0
TOS02000329,2026-10-09T21:00,0.7,1.7,59.0
TOS02000329,2026-10-09T21:15,0.9,2.1,69.0
TOS02000329,2026-10-09T21:30,1.0,2.1,79.0
TOS02000329,2026-10-09T21:45,1.0,2.4,70.0
TOS02000329,2026-10-09T22:00,1.0,2.1,57.0
TOS02000329,2026-10-09T22:15,1.0,2.2,70.0
TOS02000329,2026-10-09T22:30,0.9,1.8,58.0
TOS02000329,2026-10-09T22:45,0.9,2.0,59.0
TOS02000329,2026-10-09T23:00,1.0,1.7,36.0
TOS02000329,2026-10-09T23:15,0.8,1.5,38.0
TOS02000329,2026-10-09T23:30,1.0,1.5,12.0
TOS02000329,2026-10-09T23:45,1.0,1.7,352.0
TOS02000332,2026-10-09T00:00,0.4,0.8,178.0
TOS02000332,2026-10-09T00:15,0.4,0.9,193.0
TOS02000332,2026-10-09T00:30,0.6,1.2,358.0
TOS02000332,2026-10-09T00:45,0.5,0.9,173.0
TOS02000332,2026-10-09T01:00,0.3,0.6,246.0
TOS02000332,2026-10-09T01:15,0.4,1.0,103.0
TOS02000332,2026-10-09T01:30,0.5,1.2,263.0
TOS02000332,2026-10-09T01:45,0.6,1.4,186.0
TOS02000332,2026-10-09T02:00,0.6,1.5,208.0
TOS02000332,2026-10-09T02:15,0.7,1.8,63.0
TOS02000332,2026-10-09T02:30,0.5,1.0,253.0
TOS02000332,2026-10-09T02:45,0.5,0.9,183.0
TOS02000332,2026-10-09T03:00,0.4,0.8,48.0
TOS02000332,2026-10-09T03:15,0.5,1.0,209.0
TOS02000332,2026-10-09T03:30,0.5,1.3,306.0
TOS02000332,2026-10-09T03:45,0.3,0.8,324.0
TOS02000332,2026-10-09T04:00,0.5,1.0,210.0
TOS02000332,2026-10-09T04:15,0.5,1.2,237.0
TOS02000332,2026-10-09T04:30,0.4,1.0,206.0
TOS02000332,2026-10-09T04:45,0.8,1.2,207.0
TOS02000332,2026-10-09T05:00,1.0,1.5,197.0
TOS02000332,2026-10-09T05:15,0.6,1.3,230.0
TOS02000332,2026-10-09T05:30,0.4,1.0,201.0
TOS02000332,2026-10-09T05:45,0.4,0.8,17.0
TOS02000332,2026-10-09T06:00,0.7,1.4,178.0
TOS02000332,2026-10-09T06:15,0.5,1.0,179.0
TOS02000332,2026-10-09T06:30,0.5,1.1,226.0
TOS02000332,2026-10-09T06:45,1.0,1.5,186.0
TOS02000332,2026-10-09T07:00,0.9,1.3,194.0
TOS02000332,2026-10-09T07:15,0.4,0.9,242.0
TOS02000332,2026-10-09T07:30,0.4,0.9,104.0
TOS02000332,2026-10-09T07:45,0.8,2.1,83.0
TOS02000332,2026-10-09T08:00,0.5,1.2,80.0
TOS02000332,2026-10-09T08:15,0.5,1.3,99.0
TOS02000332,2026-10-09T08:30,0.5,1.1,74.0
TOS02000332,2026-10-09T08:45,0.4,0.8,60.0
TOS02000332,2026-10-09T09:00,0.5,0.8,183.0
TOS02000332,2026-10-09T09:15,0.8,2.1,162.0
TOS02000332,2026-10-09T09:30,0.4,0.8,109.0
TOS02000332,2026-10-09T09:45,0.5,1.0,149.0
TOS02000332,2026-10-09T10:00,0.7,1.7,163.0
TOS02000332,2026-10-09T10:15,0.7,1.5,73.0
TOS02000332,2026-10-09T10:30,0.8,1.7,130.0
TOS02000332,2026-10-09T10:45,0.8,2.3,119.0
TOS02000332,2026-10-09T11:00,0.6,2.4,126.0
TOS02000332,2026-10-09T11:15,0.8,1.9,153.0
TOS02000332,2026-10-09T11:30,0.6,1.5,132.0
TOS02000332,2026-10-09T11:45,0.8,1.7,96.0
TOS02000332,2026-10-09T12:00,1.1,2.0,68.0
TOS02000332,2026-10-09T12:15,1.1,2.1,70.0
TOS02000332,2026-10-09T12:30,0.7,1.7,66.0
TOS02000332,2026-10-09T12:45,0.9,1.9,83.0
TOS02000332,2026-10-09T13:00,0.8,1.7,92.0
TOS02000332,2026-10-09T13:15,0.6,1.3,92.0
TOS02000332,2026-10-09T13:30,0.8,1.5,75.0
TOS02000332,2026-10-09T13:45,0.9,1.8,57.0
TOS02000332,2026-10-09T14:00,0.9,2.1,93.0
TOS02000332,2026-10-09T14:15,0.7,1.6,56.0
TOS02000332,2026-10-09T14:30,0.5,1.5,119.0
TOS02000332,2026-10-09T14:45,0.8,1.7,80.0
TOS02000332,2026-10-09T15:00,0.7,1.6,84.0
TOS02000332,2026-10-09T15:15,0.5,0.9,89.0
TOS02000332,2026-10-09T15:30,0.5,1.2,149.0
TOS02000332,2026-10-09T15:45,0.7,1.4,35.0
TOS02000332,2026-10-09T16:00,0.5,1.8,159.0
TOS02000332,2026-10-09T16:15,1.1,2.1,102.0
TOS02000332,2026-10-09T16:30,0.6,1.4,199.0
TOS02000332,2026-10-09T16:45,0.4,0.9,290.0
TOS02000332,2026-10-09T17:00,0.4,0.7,289.0
TOS02000332,2026-10-09T17:15,0.3,0.9,261.0
TOS02000332,2026-10-09T17:30,0.3,0.6,267.0
TOS02000332,2026-10-09T17:45,0.4,1.0,267.0
TOS02000332,2026-10-09T18:00,0.5,1.2,215.0
TOS02000332,2026-10-09T18:15,0.6,1.7,222.0
TOS02000332,2026-10-09T18:30,0.6,1.3,252.0
TOS02000332,2026-10-09T18:45,0.6,1.7,202.0
TOS02000332,2026-10-09T19:00,0.6,1.5,225.0
TOS02000332,2026-10-09T19:15,0.6,1.2,215.0
TOS02000332,2026-10-09T19:30,0.6,1.1,196.0
TOS02000332,2026-10-09T19:45,0.4,1.0,236.0
TOS02000332,2026-10-09T20:00,0.4,1.1,259.0
TOS02000332,2026-10-09T20:15,0.7,1.6,215.0
TOS02000332,2026-10-09T20:30,0.6,1.2,210.0
TOS02000332,2026-10-09T20:45,0.8,1.5,202.0
TOS02000332,2026-10-09T21:00,0.5,1.0,256.0
TOS02000332,2026-10-09T21:15,0.4,1.1,210.0
TOS02000332,2026-10-09T21:30,0.4,1.0,248.0
TOS02000332,2026-10-09T21:45,0.4,1.2,240.0
TOS02000332,2026-10-09T22:00,0.3,0.7,306.0
TOS02000332,2026-10-09T22:15,0.5,1.3,198.0
TOS02000332,2026-10-09T22:30,0.8,1.6,231.0
TOS02000332,2026-10-09T22:45,0.6,1.5,209.0
TOS02000332,2026-10-09T23:00,1.1,2.4,179.0
TOS02000332,2026-10-09T23:15,0.6,1.6,211.0
TOS02000332,2026-10-09T23:30,0.3,1.0,278.0
TOS02000332,2026-10-09T23:45,0.3,0.7,224.0
TOS02000372,2026-10-09T00:00,2.0,3.5,161.0
TOS02000372,2026-10-09T00:15,2.2,4.2,158.0
TOS02000372,2026-10-09T00:30,2.1,4.7,158.0
TOS02000372,2026-10-09T00:45,3.3,6.2,162.0
TOS02000372,2026-10-09T01:00,3.1,5.7,160.0
TOS02000372,2026-10-09T01:15,3.2,5.9,161.0
TOS02000372,2026-10-09T01:30,2.8,6.2,165.0
TOS02000372,2026-10-09T01:45,2.7,5.6,175.0
TOS02000372,2026-10-09T02:00,2.6,5.2,167.0
TOS02000372,2026-10-09T02:15,2.8,5.6,161.0
TOS02000372,2026-10-09T02:30,1.8,4.6,161.0
TOS02000372,2026-10-09T02:45,2.4,5.0,164.0
TOS02000372,2026-10-09T03:00,1.2,2.4,165.0
TOS02000372,2026-10-09T03:15,0.9,4.4,146.0
TOS02000372,2026-10-09T03:30,1.6,3.0,158.0
TOS02000372,2026-10-09T03:45,1.8,3.0,155.0
TOS02000372,2026-10-09T04:00,2.0,5.3,158.0
TOS02000372,2026-10-09T04:15,2.2,4.0,181.0
TOS02000372,2026-10-09T04:30,2.6,4.8,167.0
TOS02000372,2026-10-09T04:45,1.5,3.9,160.0
TOS02000372,2026-10-09T05:00,1.9,3.5,156.0
TOS02000372,2026-10-09T05:15,2.9,4.3,139.0
TOS02000372,2026-10-09T05:30,2.1,3.7,148.0
TOS02000372,2026-10-09T05:45,2.6,3.8,141.0
TOS02000372,2026-10-09T06:00,2.1,3.4,145.0
TOS02000372,2026-10-09T06:15,1.7,2.2,156.0
TOS02000372,2026-10-09T06:30,0.8,1.3,172.0
TOS02000372,2026-10-09T06:45,1.1,1.8,235.0
TOS02000372,2026-10-09T07:00,1.4,2.6,260.0
TOS02000372,2026-10-09T07:15,0.8,1.4,234.0
TOS02000372,2026-10-09T07:30,1.0,1.5,259.0
TOS02000372,2026-10-09T07:45,1.4,1.9,287.0
TOS02000372,2026-10-09T08:00,1.2,1.9,318.0
TOS02000372,2026-10-09T08:15,1.6,3.6,331.0
TOS02000372,2026-10-09T08:30,1.6,3.6,332.0
TOS02000372,2026-10-09T08:45,2.3,4.0,335.0
TOS02000372,2026-10-09T09:00,2.1,3.6,338.0
TOS02000372,2026-10-09T09:15,1.7,3.0,327.0
TOS02000372,2026-10-09T09:30,1.9,3.8,329.0
TOS02000372,2026-10-09T09:45,2.0,3.5,334.0
TOS02000372,2026-10-09T10:00,1.9,3.9,327.0
TOS02000372,2026-10-09T10:15,1.9,3.9,330.0
TOS02000372,2026-10-09T10:30,2.1,3.5,341.0
TOS02000372,2026-10-09T10:45,2.1,4.9,330.0
TOS02000372,2026-10-09T11:00,2.1,5.9,338.0
TOS02000372,2026-10-09T11:15,2.1,5.0,326.0
TOS02000372,2026-10-09T11:30,1.5,4.4,336.0
TOS02000372,2026-10-09T11:45,1.5,4.2,324.0
TOS02000372,2026-10-09T12:00,1.8,3.0,337.0
TOS02000372,2026-10-09T12:15,2.4,4.9,33.0
TOS02000372,2026-10-09T12:30,1.3,3.0,12.0
TOS02000372,2026-10-09T12:45,1.5,3.0,118.0
TOS02000372,2026-10-09T13:00,2.6,5.4,122.0
TOS02000372,2026-10-09T13:15,1.8,5.8,122.0
TOS02000372,2026-10-09T13:30,1.8,4.2,139.0
TOS02000372,2026-10-09T13:45,1.8,4.2,154.0
TOS02000372,2026-10-09T14:00,2.0,4.8,148.0
TOS02000372,2026-10-09T14:15,2.0,3.1,156.0
TOS02000372,2026-10-09T14:30,2.4,3.8,161.0
TOS02000372,2026-10-09T14:45,3.2,6.9,157.0
TOS02000372,2026-10-09T15:00,2.3,3.6,154.0
TOS02000372,2026-10-09T15:15,1.6,3.0,160.0
TOS02000372,2026-10-09T15:30,1.8,3.1,160.0
TOS02000372,2026-10-09T15:45,3.0,4.5,157.0
TOS02000372,2026-10-09T16:00,2.7,5.6,158.0
TOS02000372,2026-10-09T16:15,2.9,4.7,154.0
TOS02000372,2026-10-09T16:30,3.7,6.1,148.0
TOS02000372,2026-10-09T16:45,3.0,6.0,143.0
TOS02000372,2026-10-09T17:00,2.6,4.6,143.0
TOS02000372,2026-10-09T17:15,2.0,3.9,150.0
TOS02000372,2026-10-09T17:30,2.7,5.2,145.0
TOS02000372,2026-10-09T17:45,2.3,3.6,151.0
TOS02000372,2026-10-09T18:00,2.0,2.8,158.0
TOS02000372,2026-10-09T18:15,2.0,2.6,152.0
TOS02000372,2026-10-09T18:30,2.8,3.8,143.0
TOS02000372,2026-10-09T18:45,3.7,5.2,133.0
TOS02000372,2026-10-09T19:00,3.7,4.6,138.0
TOS02000372,2026-10-09T19:15,3.4,4.6,133.0
TOS02000372,2026-10-09T19:30,4.0,5.5,129.0
TOS02000372,2026-10-09T19:45,3.2,5.3,140.0
TOS02000372,2026-10-09T20:00,1.9,3.7,152.0
TOS02000372,2026-10-09T20:15,3.2,5.1,138.0
TOS02000372,2026-10-09T20:30,4.1,5.5,127.0
TOS02000372,2026-10-09T20:45,2.4,4.9,149.0
TOS02000372,2026-10-09T21:00,2.6,5.1,139.0
TOS02000372,2026-10-09T21:15,3.7,5.0,121.0
TOS02000372,2026-10-09T21:30,4.3,5.7,129.0
TOS02000372,2026-10-09T21:45,3.9,5.5,127.0
TOS02000372,2026-10-09T22:00,4.2,5.7,121.0
TOS02000372,2026-10-09T22:15,4.3,5.6,125.0
TOS02000372,2026-10-09T22:30,3.6,5.8,128.0
TOS02000372,2026-10-09T22:45,3.0,5.2,125.0
TOS02000372,2026-10-09T23:00,3.3,5.4,124.0
TOS02000372,2026-10-09T23:15,3.1,4.9,133.0
TOS02000372,2026-10-09T23:30,2.9,4.6,133.0
TOS02000372,2026-10-09T23:45,2.4,3.7,151.0
TOS02004059,2026-10-09T00:00,1.1,2.1,63.0
TOS02004059,2026-10-09T00:15,1.6,3.4,53.0
TOS02004059,2026-10-09T00:30,1.3,2.1,49.0
TOS02004059,2026-10-09T00:45,1.2,2.2,62.0
TOS02004059,2026-10-09T01:00,1.0,1.7,63.0
TOS02004059,2026-10-09T01:15,1.0,1.8,60.0
TOS02004059,2026-10-09T01:30,1.3,2.6,57.0
TOS02004059,2026-10-09T01:45,1.8,2.8,45.0
TOS02004059,2026-10-09T02:00,1.2,1.8,65.0
TOS02004059,2026-10-09T02:15,1.1,2.3,56.0
TOS02004059,2026-10-09T02:30,1.1,2.5,54.0
TOS02004059,2026-10-09T02:45,1.5,3.0,54.0
TOS02004059,2026-10-09T03:00,1.4,2.5,60.0
TOS02004059,2026-10-09T03:15,1.5,2.3,49.0
TOS02004059,2026-10-09T03:30,1.9,2.9,47.0
TOS02004059,2026-10-09T03:45,1.6,2.4,53.0
TOS02004059,2026-10-09T04:00,1.7,3.0,55.0
TOS02004059,2026-10-09T04:15,1.4,1.9,59.0
TOS02004059,2026-10-09T04:30,1.3,2.0,61.0
TOS02004059,2026-10-09T04:45,1.1,1.6,64.0
TOS02004059,2026-10-09T05:00,1.3,2.0,57.0
TOS02004059,2026-10-09T05:15,1.7,3.0,60.0
TOS02004059,2026-10-09T05:30,1.4,2.1,67.0
TOS02004059,2026-10-09T05:45,1.6,2.3,53.0
TOS02004059,2026-10-09T06:00,1.1,2.1,66.0
TOS02004059,2026-10-09T06:15,1.8,2.7,52.0
TOS02004059,2026-10-09T06:30,1.6,2.6,55.0
TOS02004059,2026-10-09T06:45,1.3,1.8,56.0
TOS02004059,2026-10-09T07:00,1.4,2.1,58.0
TOS02004059,2026-10-09T07:15,1.3,1.8,57.0
TOS02004059,2026-10-09T07:30,1.6,2.4,52.0
TOS02004059,2026-10-09T07:45,1.5,2.1,54.0
TOS02004059,2026-10-09T08:00,1.3,2.0,67.0
TOS02004059,2026-10-09T08:15,1.6,2.9,45.0
TOS02004059,2026-10-09T08:30,1.1,1.9,67.0
TOS02004059,2026-10-09T08:45,0.9,1.7,65.0
TOS02004059,2026-10-09T09:00,1.0,1.7,57.0
TOS02004059,2026-10-09T09:15,1.2,2.0,66.0
TOS02004059,2026-10-09T09:30,0.5,1.7,91.0
TOS02004059,2026-10-09T09:45,0.5,1.3,85.0
TOS02004059,2026-10-09T10:00,1.3,2.4,54.0
TOS02004059,2026-10-09T10:15,1.1,1.6,57.0
TOS02004059,2026-10-09T10:30,0.7,1.3,33.0
TOS02004059,2026-10-09T10:45,0.5,1.2,189.0
TOS02004059,2026-10-09T11:00,0.5,1.1,40.0
TOS02004059,2026-10-09T11:15,0.6,1.9,95.0
TOS02004059,2026-10-09T11:30,0.5,1.3,85.0
TOS02004059,2026-10-09T11:45,0.7,1.5,54.0
TOS02004059,2026-10-09T12:00,0.6,1.8,77.0
TOS02004059,2026-10-09T12:15,0.5,1.0,55.0
TOS02004059,2026-10-09T12:30,0.7,1.5,47.0
TOS02004059,2026-10-09T12:45,0.7,1.5,237.0
TOS02004059,2026-10-09T13:00,0.3,1.1,143.0
TOS02004059,2026-10-09T13:15,0.6,1.6,39.0
TOS02004059,2026-10-09T13:30,0.7,1.7,219.0
TOS02004059,2026-10-09T13:45,1.3,2.3,221.0
TOS02004059,2026-10-09T14:00,1.1,2.1,197.0
TOS02004059,2026-10-09T14:15,1.3,2.6,209.0
TOS02004059,2026-10-09T14:30,1.4,2.7,228.0
TOS02004059,2026-10-09T14:45,1.5,2.9,207.0
TOS02004059,2026-10-09T15:00,1.3,2.1,218.0
TOS02004059,2026-10-09T15:15,0.5,1.4,132.0
TOS02004059,2026-10-09T15:30,0.5,1.3,161.0
TOS02004059,2026-10-09T15:45,0.5,1.4,141.0
TOS02004059,2026-10-09T16:00,0.9,1.9,229.0
TOS02004059,2026-10-09T16:15,0.4,1.0,138.0
TOS02004059,2026-10-09T16:30,0.8,1.3,204.0
TOS02004059,2026-10-09T16:45,1.4,2.4,213.0
TOS02004059,2026-10-09T17:00,1.1,1.8,200.0
TOS02004059,2026-10-09T17:15,0.8,1.6,173.0
TOS02004059,2026-10-09T17:30,0.6,1.5,54.0
TOS02004059,2026-10-09T17:45,0.7,1.1,58.0
TOS02004059,2026-10-09T18:00,0.9,1.4,69.0
TOS02004059,2026-10-09T18:15,0.9,1.3,71.0
TOS02004059,2026-10-09T18:30,1.1,1.7,64.0
TOS02004059,2026-10-09T18:45,1.3,2.1,57.0
TOS02004059,2026-10-09T19:00,1.3,2.0,62.0
TOS02004059,2026-10-09T19:15,1.2,2.0,56.0
TOS02004059,2026-10-09T19:30,0.8,1.7,78.0
TOS02004059,2026-10-09T19:45,0.2,0.5,135.0
TOS02004059,2026-10-09T20:00,0.5,1.3,69.0
TOS02004059,2026-10-09T20:15,0.7,1.6,59.0
TOS02004059,2026-10-09T20:30,1.1,2.0,52.0
TOS02004059,2026-10-09T20:45,1.3,2.4,56.0
TOS02004059,2026-10-09T21:00,1.4,1.8,51.0
TOS02004059,2026-10-09T21:15,1.2,2.1,55.0
TOS02004059,2026-10-09T21:30,0.8,1.1,70.0
TOS02004059,2026-10-09T21:45,1.2,1.6,60.0
TOS02004059,2026-10-09T22:00,0.5,1.2,80.0
TOS02004059,2026-10-09T22:15,0.5,1.0,51.0
TOS02004059,2026-10-09T22:30,0.6,0.9,56.0
TOS02004059,2026-10-09T22:45,0.8,1.4,59.0
TOS02004059,2026-10-09T23:00,0.8,1.4,61.0
TOS02004059,2026-10-09T23:15,1.2,2.1,54.0
TOS02004059,2026-10-09T23:30,1.1,2.4,72.0
TOS02004059,2026-10-09T23:45,1.7,2.7,50.0
TOS02004081,2026-10-09T00:00,0.7,2.1,327.0
TOS02004081,2026-10-09T00:15,0.4,1.2,236.0
TOS02004081,2026-10-09T00:30,0.7,2.4,132.0
TOS02004081,2026-10-09T00:45,1.4,2.4,86.0
TOS02004081,2026-10-09T01:00,1.8,2.9,26.0
TOS02004081,2026-10-09T01:15,0.5,1.9,21.0
TOS02004081,2026-10-09T01:30,1.6,3.7,44.0
TOS02004081,2026-10-09T01:45,4.3,6.4,132.0
TOS02004081,2026-10-09T02:00,5.4,6.4,125.0
TOS02004081,2026-10-09T02:15,4.0,5.8,127.0
TOS02004081,2026-10-09T02:30,2.9,5.0,128.0
TOS02004081,2026-10-09T02:45,2.8,4.0,111.0
TOS02004081,2026-10-09T03:00,1.4,3.3,88.0
TOS02004081,2026-10-09T03:15,2.8,4.8,58.0
TOS02004081,2026-10-09T03:30,1.8,3.3,72.0
TOS02004081,2026-10-09T03:45,1.9,3.7,91.0
TOS02004081,2026-10-09T04:00,2.0,3.8,61.0
TOS02004081,2026-10-09T04:15,1.7,4.1,83.0
TOS02004081,2026-10-09T04:30,1.6,2.6,154.0
TOS02004081,2026-10-09T04:45,0.7,2.2,188.0
TOS02004081,2026-10-09T05:00,0.8,1.5,191.0
TOS02004081,2026-10-09T05:15,1.5,3.1,168.0
TOS02004081,2026-10-09T05:30,2.6,3.8,148.0
TOS02004081,2026-10-09T05:45,2.6,4.0,153.0
TOS02004081,2026-10-09T06:00,2.3,3.1,149.0
TOS02004081,2026-10-09T06:15,2.0,2.7,142.0
TOS02004081,2026-10-09T06:30,2.1,3.4,62.0
TOS02004081,2026-10-09T06:45,1.6,3.3,52.0
TOS02004081,2026-10-09T07:00,1.3,2.6,62.0
TOS02004081,2026-10-09T07:15,1.4,2.2,28.0
TOS02004081,2026-10-09T07:30,1.4,2.3,37.0
TOS02004081,2026-10-09T07:45,0.9,1.9,39.0
TOS02004081,2026-10-09T08:00,0.8,1.7,82.0
TOS02004081,2026-10-09T08:15,1.4,2.3,153.0
TOS02004081,2026-10-09T08:30,1.0,2.0,131.0
TOS02004081,2026-10-09T08:45,2.1,3.7,94.0
TOS02004081,2026-10-09T09:00,1.6,2.6,124.0
TOS02004081,2026-10-09T09:15,2.3,4.3,132.0
TOS02004081,2026-10-09T09:30,2.5,3.2,128.0
TOS02004081,2026-10-09T09:45,3.1,4.2,122.0
TOS02004081,2026-10-09T10:00,1.9,3.8,112.0
TOS02004081,2026-10-09T10:15,0.9,1.9,77.0
TOS02004081,2026-10-09T10:30,1.4,2.8,73.0
TOS02004081,2026-10-09T10:45,2.0,3.8,85.0
TOS02004081,2026-10-09T11:00,2.1,3.6,86.0
TOS02004081,2026-10-09T11:15,2.6,4.2,95.0
TOS02004081,2026-10-09T11:30,2.7,4.3,91.0
TOS02004081,2026-10-09T11:45,2.4,4.1,93.0
TOS02004081,2026-10-09T12:00,2.5,3.5,105.0
TOS02004081,2026-10-09T12:15,1.4,2.8,78.0
TOS02004081,2026-10-09T12:30,1.5,3.1,83.0
TOS02004081,2026-10-09T12:45,1.6,2.6,60.0
TOS02004081,2026-10-09T13:00,1.1,1.6,26.0
TOS02004081,2026-10-09T13:15,1.1,1.9,69.0
TOS02004081,2026-10-09T13:30,0.5,1.1,0.0
TOS02004081,2026-10-09T13:45,0.7,1.2,166.0
TOS02004081,2026-10-09T14:00,0.5,1.1,195.0
TOS02004081,2026-10-09T14:15,0.5,1.0,151.0
TOS02004081,2026-10-09T14:30,0.7,2.6,314.0
TOS02004081,2026-10-09T14:45,0.8,2.9,267.0
TOS02004081,2026-10-09T15:00,0.5,1.9,252.0
TOS02004081,2026-10-09T15:15,1.6,2.8,322.0
TOS02004081,2026-10-09T15:30,1.7,3.4,341.0
TOS02004081,2026-10-09T15:45,1.7,3.5,326.0
TOS02004081,2026-10-09T16:00,1.1,2.4,303.0
TOS02004081,2026-10-09T16:15,1.2,2.1,317.0
TOS02004081,2026-10-09T16:30,0.5,1.5,274.0
TOS02004081,2026-10-09T16:45,0.5,1.9,189.0
TOS02004081,2026-10-09T17:00,0.4,1.0,286.0
TOS02004081,2026-10-09T17:15,0.7,1.6,305.0
TOS02004081,2026-10-09T17:30,1.2,2.4,336.0
TOS02004081,2026-10-09T17:45,1.7,3.0,340.0
TOS02004081,2026-10-09T18:00,1.8,4.5,34.0
TOS02004081,2026-10-09T18:15,4.0,5.5,110.0
TOS02004081,2026-10-09T18:30,5.1,6.9,109.0
TOS02004081,2026-10-09T18:45,5.5,8.6,124.0
TOS02004081,2026-10-09T19:00,3.5,7.8,75.0
TOS02004081,2026-10-09T19:15,2.8,4.1,115.0
TOS02004081,2026-10-09T19:30,2.9,4.5,132.0
TOS02004081,2026-10-09T19:45,2.8,3.9,104.0
TOS02004081,2026-10-09T20:00,1.6,2.6,147.0
TOS02004081,2026-10-09T20:15,2.0,3.7,155.0
TOS02004081,2026-10-09T20:30,3.1,4.4,112.0
TOS02004081,2026-10-09T20:45,2.9,4.1,92.0
TOS02004081,2026-10-09T21:00,3.5,4.6,105.0
TOS02004081,2026-10-09T21:15,3.7,5.3,96.0
TOS02004081,2026-10-09T21:30,3.8,5.2,96.0
TOS02004081,2026-10-09T21:45,3.6,5.2,88.0
TOS02004081,2026-10-09T22:00,3.7,5.2,89.0
TOS02004081,2026-10-09T22:15,4.3,5.6,94.0
TOS02004081,2026-10-09T22:30,3.8,5.2,89.0
TOS02004081,2026-10-09T22:45,2.3,4.4,59.0
TOS02004081,2026-10-09T23:00,2.5,4.0,46.0
TOS02004081,2026-10-09T23:15,1.4,2.5,22.0
TOS02004081,2026-10-09T23:30,1.6,3.3,74.0
TOS02004081,2026-10-09T23:45,1.3,3.2,21.0
TOS02004311,2026-10-09T00:00,0.6,1.5,47.0
TOS02004311,2026-10-09T00:15,1.4,2.2,54.0
TOS02004311,2026-10-09T00:30,1.4,2.1,16.0
TOS02004311,2026-10-09T00:45,1.5,3.0,37.0
TOS02004311,2026-10-09T01:00,1.5,2.9,9.0
TOS02004311,2026-10-09T01:15,1.4,2.5,20.0
TOS02004311,2026-10-09T01:30,0.9,1.9,77.0
TOS02004311,2026-10-09T01:45,0.8,1.7,271.0
TOS02004311,2026-10-09T02:00,0.9,1.7,172.0
TOS02004311,2026-10-09T02:15,1.1,2.1,24.0
TOS02004311,2026-10-09T02:30,2.1,3.1,37.0
TOS02004311,2026-10-09T02:45,1.5,2.6,25.0
TOS02004311,2026-10-09T03:00,1.9,3.1,29.0
TOS02004311,2026-10-09T03:15,2.0,3.6,18.0
TOS02004311,2026-10-09T03:30,2.1,3.7,19.0
TOS02004311,2026-10-09T03:45,2.0,3.1,359.0
TOS02004311,2026-10-09T04:00,1.7,2.7,3.0
TOS02004311,2026-10-09T04:15,1.7,3.2,14.0
TOS02004311,2026-10-09T04:30,1.5,2.4,8.0
TOS02004311,2026-10-09T04:45,1.4,2.6,12.0
TOS02004311,2026-10-09T05:00,1.3,2.5,13.0
TOS02004311,2026-10-09T05:15,1.3,2.1,12.0
TOS02004311,2026-10-09T05:30,1.2,2.0,38.0
TOS02004311,2026-10-09T05:45,1.2,1.7,60.0
TOS02004311,2026-10-09T06:00,1.6,2.7,45.0
TOS02004311,2026-10-09T06:15,2.0,3.0,34.0
TOS02004311,2026-10-09T06:30,2.5,3.8,28.0
TOS02004311,2026-10-09T06:45,2.3,4.0,2.0
TOS02004311,2026-10-09T07:00,1.5,2.6,358.0
TOS02004311,2026-10-09T07:15,1.7,2.4,0.0
TOS02004311,2026-10-09T07:30,1.7,2.8,359.0
TOS02004311,2026-10-09T07:45,1.8,3.0,2.0
TOS02004311,2026-10-09T08:00,1.4,2.3,20.0
TOS02004311,2026-10-09T08:15,1.4,2.5,53.0
TOS02004311,2026-10-09T08:30,1.1,2.1,57.0
TOS02004311,2026-10-09T08:45,1.3,2.7,61.0
TOS02004311,2026-10-09T09:00,1.0,1.5,59.0
TOS02004311,2026-10-09T09:15,1.1,2.2,54.0
TOS02004311,2026-10-09T09:30,1.9,3.8,18.0
TOS02004311,2026-10-09T09:45,2.0,3.6,11.0
TOS02004311,2026-10-09T10:00,2.5,4.4,17.0
TOS02004311,2026-10-09T10:15,2.0,3.9,17.0
TOS02004311,2026-10-09T10:30,2.1,4.3,15.0
TOS02004311,2026-10-09T10:45,2.4,4.8,12.0
TOS02004311,2026-10-09T11:00,2.6,4.8,17.0
TOS02004311,2026-10-09T11:15,2.1,4.0,6.0
TOS02004311,2026-10-09T11:30,1.9,3.0,355.0
TOS02004311,2026-10-09T11:45,1.7,3.2,3.0
TOS02004311,2026-10-09T12:00,1.9,3.5,4.0
TOS02004311,2026-10-09T12:15,1.9,3.2,6.0
TOS02004311,2026-10-09T12:30,1.8,3.3,356.0
TOS02004311,2026-10-09T12:45,1.8,3.5,11.0
TOS02004311,2026-10-09T13:00,2.1,3.6,358.0
TOS02004311,2026-10-09T13:15,1.8,3.4,16.0
TOS02004311,2026-10-09T13:30,1.9,3.7,13.0
TOS02004311,2026-10-09T13:45,1.8,3.7,9.0
TOS02004311,2026-10-09T14:00,1.4,2.7,10.0
TOS02004311,2026-10-09T14:15,1.5,2.7,15.0
TOS02004311,2026-10-09T14:30,1.0,1.8,0.0
TOS02004311,2026-10-09T14:45,1.3,3.1,9.0
TOS02004311,2026-10-09T15:00,0.6,2.1,39.0
TOS02004311,2026-10-09T15:15,1.3,2.2,353.0
TOS02004311,2026-10-09T15:30,1.0,2.2,12.0
TOS02004311,2026-10-09T15:45,0.8,1.5,23.0
TOS02004311,2026-10-09T16:00,0.8,1.9,28.0
TOS02004311,2026-10-09T16:15,1.2,2.2,10.0
TOS02004311,2026-10-09T16:30,0.9,1.9,333.0
TOS02004311,2026-10-09T16:45,1.3,5.2,333.0
TOS02004311,2026-10-09T17:00,2.0,4.5,9.0
TOS02004311,2026-10-09T17:15,2.1,3.7,8.0
TOS02004311,2026-10-09T17:30,1.7,3.6,12.0
TOS02004311,2026-10-09T17:45,1.3,3.3,346.0
TOS02004311,2026-10-09T18:00,1.2,3.1,25.0
TOS02004311,2026-10-09T18:15,1.0,2.4,353.0
TOS02004311,2026-10-09T18:30,1.5,5.0,291.0
TOS02004311,2026-10-09T18:45,1.7,4.5,203.0
TOS02004311,2026-10-09T19:00,1.2,1.8,52.0
TOS02004311,2026-10-09T19:15,0.7,1.6,83.0
TOS02004311,2026-10-09T19:30,1.2,2.1,21.0
TOS02004311,2026-10-09T19:45,1.7,2.4,58.0
TOS02004311,2026-10-09T20:00,1.5,2.2,54.0
TOS02004311,2026-10-09T20:15,1.1,2.0,32.0
TOS02004311,2026-10-09T20:30,1.7,2.4,47.0
TOS02004311,2026-10-09T20:45,1.2,1.7,51.0
TOS02004311,2026-10-09T21:00,1.1,1.9,47.0
TOS02004311,2026-10-09T21:15,1.1,2.2,33.0
TOS02004311,2026-10-09T21:30,2.0,3.0,43.0
TOS02004311,2026-10-09T21:45,2.0,3.0,27.0
TOS02004311,2026-10-09T22:00,1.6,2.6,6.0
TOS02004311,2026-10-09T22:15,1.2,2.5,54.0
TOS02004311,2026-10-09T22:30,1.4,3.6,27.0
TOS02004311,2026-10-09T22:45,1.8,3.1,8.0
TOS02004311,2026-10-09T23:00,2.6,4.6,11.0
TOS02004311,2026-10-09T23:15,2.1,3.3,349.0
TOS02004311,2026-10-09T23:30,2.5,3.7,356.0
TOS02004311,2026-10-09T23:45,2.9,4.3,30.0
TOS03000091,2026-10-09T00:00,1.0,2.9,138.0
TOS03000091,2026-10-09T00:15,0.8,1.9,29.0
TOS03000091,2026-10-09T00:30,0.9,2.0,2.0
TOS03000091,2026-10-09T00:45,0.7,1.6,124.0
TOS03000091,2026-10-09T01:00,0.5,1.1,31.0
TOS03000091,2026-10-09T01:15,0.5,0.9,151.0
TOS03000091,2026-10-09T01:30,0.7,1.6,274.0
TOS03000091,2026-10-09T01:45,0.7,1.7,212.0
TOS03000091,2026-10-09T02:00,1.1,2.8,257.0
TOS03000091,2026-10-09T02:15,0.8,2.8,138.0
TOS03000091,2026-10-09T02:30,1.4,2.6,138.0
TOS03000091,2026-10-09T02:45,1.0,3.1,96.0
TOS03000091,2026-10-09T03:00,1.4,3.0,98.0
TOS03000091,2026-10-09T03:15,0.6,1.6,72.0
TOS03000091,2026-10-09T03:30,0.9,2.3,127.0
TOS03000091,2026-10-09T03:45,1.2,2.4,86.0
TOS03000091,2026-10-09T04:00,0.8,2.3,163.0
TOS03000091,2026-10-09T04:15,1.2,2.0,155.0
TOS03000091,2026-10-09T04:30,1.2,1.9,161.0
TOS03000091,2026-10-09T04:45,0.3,1.2,64.0
TOS03000091,2026-10-09T05:00,0.3,1.0,154.0
TOS03000091,2026-10-09T05:15,1.2,2.4,169.0
TOS03000091,2026-10-09T05:30,0.8,2.0,147.0
TOS03000091,2026-10-09T05:45,0.7,1.7,297.0
TOS03000091,2026-10-09T06:00,0.6,0.9,262.0
TOS03000091,2026-10-09T06:15,0.6,0.9,247.0
TOS03000091,2026-10-09T06:30,0.4,0.9,3.0
TOS03000091,2026-10-09T06:45,0.3,0.7,207.0
TOS03000091,2026-10-09T07:00,0.3,0.6,33.0
TOS03000091,2026-10-09T07:15,0.2,0.6,33.0
TOS03000091,2026-10-09T07:30,0.6,1.0,250.0
TOS03000091,2026-10-09T07:45,0.6,0.9,309.0
TOS03000091,2026-10-09T08:00,0.5,1.2,243.0
TOS03000091,2026-10-09T08:15,0.8,1.4,289.0
TOS03000091,2026-10-09T08:30,0.6,1.4,92.0
TOS03000091,2026-10-09T08:45,0.6,1.6,224.0
TOS03000091,2026-10-09T09:00,1.1,1.9,174.0
TOS03000091,2026-10-09T09:15,1.0,1.8,171.0
TOS03000091,2026-10-09T09:30,1.3,2.3,154.0
TOS03000091,2026-10-09T09:45,1.2,1.9,166.0
TOS03000091,2026-10-09T10:00,0.9,1.9,160.0
TOS03000091,2026-10-09T10:15,0.5,1.4,118.0
TOS03000091,2026-10-09T10:30,0.8,1.6,230.0
TOS03000091,2026-10-09T10:45,1.2,2.7,249.0
TOS03000091,2026-10-09T11:00,1.2,2.6,180.0
TOS03000091,2026-10-09T11:15,0.9,1.9,310.0
TOS03000091,2026-10-09T11:30,0.7,1.6,59.0
TOS03000091,2026-10-09T11:45,1.4,2.3,277.0
TOS03000091,2026-10-09T12:00,1.7,2.5,249.0
TOS03000091,2026-10-09T12:15,1.5,2.6,240.0
TOS03000091,2026-10-09T12:30,1.0,1.9,190.0
TOS03000091,2026-10-09T12:45,1.4,2.6,182.0
TOS03000091,2026-10-09T13:00,1.3,2.2,172.0
TOS03000091,2026-10-09T13:15,0.9,1.7,188.0
TOS03000091,2026-10-09T13:30,1.0,2.7,236.0
TOS03000091,2026-10-09T13:45,1.2,3.1,285.0
TOS03000091,2026-10-09T14:00,1.5,3.1,359.0
TOS03000091,2026-10-09T14:15,2.3,3.8,344.0
TOS03000091,2026-10-09T14:30,2.1,3.7,337.0
TOS03000091,2026-10-09T14:45,2.0,3.4,335.0
TOS03000091,2026-10-09T15:00,1.4,3.0,346.0
TOS03000091,2026-10-09T15:15,1.3,2.8,359.0
TOS03000091,2026-10-09T15:30,1.5,3.3,356.0
TOS03000091,2026-10-09T15:45,1.6,2.7,301.0
TOS03000091,2026-10-09T16:00,1.8,3.4,309.0
TOS03000091,2026-10-09T16:15,1.3,2.2,305.0
TOS03000091,2026-10-09T16:30,1.0,1.6,315.0
TOS03000091,2026-10-09T16:45,1.3,2.2,312.0
TOS03000091,2026-10-09T17:00,0.8,2.1,306.0
TOS03000091,2026-10-09T17:15,0.7,1.5,342.0
TOS03000091,2026-10-09T17:30,0.4,0.9,17.0
TOS03000091,2026-10-09T17:45,0.6,1.0,80.0
TOS03000091,2026-10-09T18:00,0.5,0.9,205.0
TOS03000091,2026-10-09T18:15,0.4,0.9,70.0
TOS03000091,2026-10-09T18:30,0.5,1.0,337.0
TOS03000091,2026-10-09T18:45,0.4,0.7,263.0
TOS03000091,2026-10-09T19:00,0.5,1.5,73.0
TOS03000091,2026-10-09T19:15,0.9,2.0,126.0
TOS03000091,2026-10-09T19:30,0.8,1.8,184.0
TOS03000091,2026-10-09T19:45,0.7,1.6,194.0
TOS03000091,2026-10-09T20:00,0.4,0.8,12.0
TOS03000091,2026-10-09T20:15,0.4,1.1,108.0
TOS03000091,2026-10-09T20:30,0.4,1.0,80.0
TOS03000091,2026-10-09T20:45,0.5,1.0,133.0
TOS03000091,2026-10-09T21:00,0.7,1.5,121.0
TOS03000091,2026-10-09T21:15,0.5,1.3,86.0
TOS03000091,2026-10-09T21:30,0.3,0.8,121.0
TOS03000091,2026-10-09T21:45,0.3,1.1,43.0
TOS03000091,2026-10-09T22:00,0.6,1.3,289.0
TOS03000091,2026-10-09T22:15,1.0,2.5,297.0
TOS03000091,2026-10-09T22:30,0.6,1.9,355.0
TOS03000091,2026-10-09T22:45,0.4,1.0,324.0
TOS03000091,2026-10-09T23:00,0.6,1.2,341.0
TOS03000091,2026-10-09T23:15,0.5,0.9,323.0
TOS03000091,2026-10-09T23:30,0.5,0.9,251.0
TOS03000091,2026-10-09T23:45,0.3,0.8,88.0
TOS03000278,2026-10-09T00:00,0.9,2.1,72.0
TOS03000278,2026-10-09T00:15,0.7,1.8,120.0
TOS03000278,2026-10-09T00:30,1.1,2.3,131.0
TOS03000278,2026-10-09T00:45,0.8,2.0,144.0
TOS03000278,2026-10-09T01:00,1.0,2.8,31.0
TOS03000278,2026-10-09T01:15,0.9,2.2,70.0
TOS03000278,2026-10-09T01:30,0.9,1.8,65.0
TOS03000278,2026-10-09T01:45,0.8,1.7,95.0
TOS03000278,2026-10-09T02:00,0.8,2.1,151.0
TOS03000278,2026-10-09T02:15,0.7,2.6,167.0
TOS03000278,2026-10-09T02:30,0.8,1.4,89.0
TOS03000278,2026-10-09T02:45,0.5,1.6,97.0
TOS03000278,2026-10-09T03:00,0.7,1.5,142.0
TOS03000278,2026-10-09T03:15,0.7,1.4,79.0
TOS03000278,2026-10-09T03:30,0.6,1.6,177.0
TOS03000278,2026-10-09T03:45,0.9,1.6,38.0
TOS03000278,2026-10-09T04:00,0.9,1.9,297.0
TOS03000278,2026-10-09T04:15,0.7,2.1,179.0
TOS03000278,2026-10-09T04:30,1.0,2.7,31.0
TOS03000278,2026-10-09T04:45,0.8,1.6,65.0
TOS03000278,2026-10-09T05:00,1.0,2.2,52.0
TOS03000278,2026-10-09T05:15,0.6,1.4,74.0
TOS03000278,2026-10-09T05:30,0.8,1.5,60.0
TOS03000278,2026-10-09T05:45,0.6,1.3,53.0
TOS03000278,2026-10-09T06:00,0.5,1.1,96.0
TOS03000278,2026-10-09T06:15,0.6,1.1,131.0
TOS03000278,2026-10-09T06:30,0.7,1.2,69.0
TOS03000278,2026-10-09T06:45,0.4,1.0,121.0
TOS03000278,2026-10-09T07:00,0.5,1.0,172.0
TOS03000278,2026-10-09T07:15,0.6,1.1,141.0
TOS03000278,2026-10-09T07:30,0.5,1.0,83.0
TOS03000278,2026-10-09T07:45,0.8,1.3,53.0
TOS03000278,2026-10-09T08:00,0.5,1.2,343.0
TOS03000278,2026-10-09T08:15,0.9,2.4,221.0
TOS03000278,2026-10-09T08:30,0.6,1.7,339.0
TOS03000278,2026-10-09T08:45,0.7,1.4,23.0
TOS03000278,2026-10-09T09:00,0.6,1.7,36.0
TOS03000278,2026-10-09T09:15,0.3,0.6,193.0
TOS03000278,2026-10-09T09:30,0.5,1.2,341.0
TOS03000278,2026-10-09T09:45,0.6,1.3,200.0
TOS03000278,2026-10-09T10:00,0.7,1.8,141.0
TOS03000278,2026-10-09T10:15,0.6,1.6,223.0
TOS03000278,2026-10-09T10:30,0.8,1.7,241.0
TOS03000278,2026-10-09T10:45,0.8,2.0,247.0
TOS03000278,2026-10-09T11:00,0.8,2.1,239.0
TOS03000278,2026-10-09T11:15,0.8,2.4,239.0
TOS03000278,2026-10-09T11:30,0.6,1.5,230.0
TOS03000278,2026-10-09T11:45,0.7,1.8,239.0
TOS03000278,2026-10-09T12:00,0.5,1.3,276.0
TOS03000278,2026-10-09T12:15,0.7,1.6,260.0
TOS03000278,2026-10-09T12:30,0.5,1.2,262.0
TOS03000278,2026-10-09T12:45,0.5,1.6,252.0
TOS03000278,2026-10-09T13:00,0.6,1.6,242.0
TOS03000278,2026-10-09T13:15,0.6,1.7,287.0
TOS03000278,2026-10-09T13:30,0.7,1.8,270.0
TOS03000278,2026-10-09T13:45,1.0,2.4,299.0
TOS03000278,2026-10-09T14:00,0.5,1.3,254.0
TOS03000278,2026-10-09T14:15,0.6,1.6,256.0
TOS03000278,2026-10-09T14:30,0.6,1.4,255.0
TOS03000278,2026-10-09T14:45,0.7,1.7,274.0
TOS03000278,2026-10-09T15:00,0.6,1.7,280.0
TOS03000278,2026-10-09T15:15,0.7,1.8,283.0
TOS03000278,2026-10-09T15:30,0.9,2.0,218.0
TOS03000278,2026-10-09T15:45,0.8,2.3,266.0
TOS03000278,2026-10-09T16:00,1.1,2.4,261.0
TOS03000278,2026-10-09T16:15,0.7,1.4,215.0
TOS03000278,2026-10-09T16:30,1.1,2.3,346.0
TOS03000278,2026-10-09T16:45,0.7,2.1,216.0
TOS03000278,2026-10-09T17:00,0.7,1.9,266.0
TOS03000278,2026-10-09T17:15,0.3,1.2,67.0
TOS03000278,2026-10-09T17:30,0.7,1.6,217.0
TOS03000278,2026-10-09T17:45,0.5,1.5,184.0
TOS03000278,2026-10-09T18:00,0.7,1.6,238.0
TOS03000278,2026-10-09T18:15,0.8,1.7,0.0
TOS03000278,2026-10-09T18:30,0.5,1.5,21.0
TOS03000278,2026-10-09T18:45,0.8,1.6,166.0
TOS03000278,2026-10-09T19:00,0.6,2.2,143.0
TOS03000278,2026-10-09T19:15,0.5,1.6,99.0
TOS03000278,2026-10-09T19:30,0.5,1.6,53.0
TOS03000278,2026-10-09T19:45,0.4,1.3,57.0
TOS03000278,2026-10-09T20:00,0.6,1.5,61.0
TOS03000278,2026-10-09T20:15,1.0,2.2,48.0
TOS03000278,2026-10-09T20:30,0.9,1.9,45.0
TOS03000278,2026-10-09T20:45,0.6,1.8,153.0
TOS03000278,2026-10-09T21:00,0.7,2.4,251.0
TOS03000278,2026-10-09T21:15,0.4,1.2,157.0
TOS03000278,2026-10-09T21:30,0.5,1.5,128.0
TOS03000278,2026-10-09T21:45,0.5,1.5,189.0
TOS03000278,2026-10-09T22:00,0.5,1.2,117.0
TOS03000278,2026-10-09T22:15,0.6,1.5,27.0
TOS03000278,2026-10-09T22:30,0.7,1.6,50.0
TOS03000278,2026-10-09T22:45,0.9,2.6,49.0
TOS03000278,2026-10-09T23:00,0.8,1.6,41.0
TOS03000278,2026-10-09T23:15,0.9,1.6,345.0
TOS03000278,2026-10-09T23:30,0.5,1.1,36.0
TOS03000278,2026-10-09T23:45,0.5,1.1,67.0
TOS03000335,2026-10-09T00:00,3.4,9.4,352.0
TOS03000335,2026-10-09T00:15,3.7,9.3,359.0
TOS03000335,2026-10-09T00:30,2.5,5.6,25.0
TOS03000335,2026-10-09T00:45,3.9,9.5,143.0
TOS03000335,2026-10-09T01:00,4.3,6.5,168.0
TOS03000335,2026-10-09T01:15,1.7,3.7,30.0
TOS03000335,2026-10-09T01:30,2.2,6.0,81.0
TOS03000335,2026-10-09T01:45,2.4,9.0,132.0
TOS03000335,2026-10-09T02:00,2.0,5.4,163.0
TOS03000335,2026-10-09T02:15,2.1,5.4,170.0
TOS03000335,2026-10-09T02:30,2.1,5.5,146.0
TOS03000335,2026-10-09T02:45,2.5,4.4,126.0
TOS03000335,2026-10-09T03:00,2.3,4.4,151.0
TOS03000335,2026-10-09T03:15,2.3,4.2,178.0
TOS03000335,2026-10-09T03:30,1.8,4.3,182.0
TOS03000335,2026-10-09T03:45,4.2,7.3,153.0
TOS03000335,2026-10-09T04:00,2.5,4.1,130.0
TOS03000335,2026-10-09T04:15,3.4,4.6,170.0
TOS03000335,2026-10-09T04:30,5.5,7.1,164.0
TOS03000335,2026-10-09T04:45,5.7,7.2,171.0
TOS03000335,2026-10-09T05:00,5.0,5.7,171.0
TOS03000335,2026-10-09T05:15,5.2,6.2,175.0
TOS03000335,2026-10-09T05:30,4.3,5.2,176.0
TOS03000335,2026-10-09T05:45,5.1,5.6,173.0
TOS03000335,2026-10-09T06:00,4.2,5.2,176.0
TOS03000335,2026-10-09T06:15,3.1,4.3,174.0
TOS03000335,2026-10-09T06:30,1.4,2.6,180.0
TOS03000335,2026-10-09T06:45,1.6,2.6,180.0
TOS03000335,2026-10-09T07:00,2.4,3.5,199.0
TOS03000335,2026-10-09T07:15,1.6,2.7,295.0
TOS03000335,2026-10-09T07:30,1.1,1.5,300.0
TOS03000335,2026-10-09T07:45,0.9,2.0,187.0
TOS03000335,2026-10-09T08:00,2.9,3.8,327.0
TOS03000335,2026-10-09T08:15,3.0,4.4,332.0
TOS03000335,2026-10-09T08:30,1.3,2.5,336.0
TOS03000335,2026-10-09T08:45,1.6,5.3,170.0
TOS03000335,2026-10-09T09:00,1.6,4.0,123.0
TOS03000335,2026-10-09T09:15,1.8,3.6,353.0
TOS03000335,2026-10-09T09:30,5.4,6.4,342.0
TOS03000335,2026-10-09T09:45,4.8,5.7,339.0
TOS03000335,2026-10-09T10:00,5.5,6.6,339.0
TOS03000335,2026-10-09T10:15,5.0,5.9,337.0
TOS03000335,2026-10-09T10:30,4.6,6.1,339.0
TOS03000335,2026-10-09T10:45,3.4,4.2,337.0
TOS03000335,2026-10-09T11:00,3.6,4.2,335.0
TOS03000335,2026-10-09T11:15,3.2,4.3,336.0
TOS03000335,2026-10-09T11:30,2.8,4.3,340.0
TOS03000335,2026-10-09T11:45,1.2,2.8,326.0
TOS03000335,2026-10-09T12:00,1.8,3.5,290.0
TOS03000335,2026-10-09T12:15,1.8,5.7,303.0
TOS03000335,2026-10-09T12:30,2.2,3.6,327.0
TOS03000335,2026-10-09T12:45,2.3,5.6,163.0
TOS03000335,2026-10-09T13:00,3.4,8.1,156.0
TOS03000335,2026-10-09T13:15,5.5,8.4,166.0
TOS03000335,2026-10-09T13:30,4.5,7.3,162.0
TOS03000335,2026-10-09T13:45,4.2,6.3,167.0
TOS03000335,2026-10-09T14:00,3.8,5.9,168.0
TOS03000335,2026-10-09T14:15,4.8,5.9,161.0
TOS03000335,2026-10-09T14:30,5.9,8.1,157.0
TOS03000335,2026-10-09T14:45,6.4,8.5,157.0
TOS03000335,2026-10-09T15:00,5.1,7.1,157.0
TOS03000335,2026-10-09T15:15,2.2,5.5,152.0
TOS03000335,2026-10-09T15:30,5.2,7.7,159.0
TOS03000335,2026-10-09T15:45,5.1,8.9,160.0
TOS03000335,2026-10-09T16:00,2.8,5.5,174.0
TOS03000335,2026-10-09T16:15,3.7,6.9,161.0
TOS03000335,2026-10-09T16:30,3.7,5.3,162.0
TOS03000335,2026-10-09T16:45,2.3,3.5,173.0
TOS03000335,2026-10-09T17:00,1.1,1.9,231.0
TOS03000335,2026-10-09T17:15,0.9,2.5,320.0
TOS03000335,2026-10-09T17:30,2.5,6.3,180.0
TOS03000335,2026-10-09T17:45,1.5,3.1,160.0
TOS03000335,2026-10-09T18:00,2.4,3.6,186.0
TOS03000335,2026-10-09T18:15,2.5,3.7,174.0
TOS03000335,2026-10-09T18:30,3.0,4.3,172.0
TOS03000335,2026-10-09T18:45,3.3,4.3,177.0
TOS03000335,2026-10-09T19:00,3.0,4.2,184.0
TOS03000335,2026-10-09T19:15,4.0,5.3,181.0
TOS03000335,2026-10-09T19:30,3.2,4.4,181.0
TOS03000335,2026-10-09T19:45,4.0,5.2,175.0
TOS03000335,2026-10-09T20:00,5.2,7.2,175.0
TOS03000335,2026-10-09T20:15,5.8,6.7,173.0
TOS03000335,2026-10-09T20:30,4.9,5.6,176.0
TOS03000335,2026-10-09T20:45,4.5,5.2,177.0
TOS03000335,2026-10-09T21:00,4.9,6.0,178.0
TOS03000335,2026-10-09T21:15,4.9,6.5,170.0
TOS03000335,2026-10-09T21:30,4.8,7.2,167.0
TOS03000335,2026-10-09T21:45,3.8,8.3,180.0
TOS03000335,2026-10-09T22:00,3.7,5.8,182.0
TOS03000335,2026-10-09T22:15,4.9,6.6,177.0
TOS03000335,2026-10-09T22:30,5.5,6.7,170.0
TOS03000335,2026-10-09T22:45,5.4,6.8,175.0
TOS03000335,2026-10-09T23:00,5.4,7.9,175.0
TOS03000335,2026-10-09T23:15,5.3,7.1,173.0
TOS03000335,2026-10-09T23:30,6.2,7.8,169.0
TOS03000335,2026-10-09T23:45,7.3,8.9,166.0
TOS03000481,2026-10-09T00:00,3.3,6.7,274.0
TOS03000481,2026-10-09T00:15,5.7,9.5,279.0
TOS03000481,2026-10-09T00:30,6.4,8.9,286.0
TOS03000481,2026-10-09T00:45,6.3,9.8,292.0
TOS03000481,2026-10-09T01:00,3.7,6.6,302.0
TOS03000481,2026-10-09T01:15,1.4,3.3,342.0
TOS03000481,2026-10-09T01:30,1.3,2.8,46.0
TOS03000481,2026-10-09T01:45,1.6,2.3,84.0
TOS03000481,2026-10-09T02:00,2.2,4.0,135.0
TOS03000481,2026-10-09T02:15,3.2,5.4,143.0
TOS03000481,2026-10-09T02:30,3.4,5.2,105.0
TOS03000481,2026-10-09T02:45,3.3,4.8,114.0
TOS03000481,2026-10-09T03:00,3.3,4.6,109.0
TOS03000481,2026-10-09T03:15,2.6,3.7,95.0
TOS03000481,2026-10-09T03:30,2.6,3.3,107.0
TOS03000481,2026-10-09T03:45,2.7,4.2,126.0
TOS03000481,2026-10-09T04:00,2.5,4.1,95.0
TOS03000481,2026-10-09T04:15,2.5,3.5,109.0
TOS03000481,2026-10-09T04:30,2.8,3.9,123.0
TOS03000481,2026-10-09T04:45,2.8,4.2,122.0
TOS03000481,2026-10-09T05:00,2.3,3.0,98.0
TOS03000481,2026-10-09T05:15,2.3,3.0,107.0
TOS03000481,2026-10-09T05:30,3.7,5.5,135.0
TOS03000481,2026-10-09T05:45,3.3,4.5,141.0
TOS03000481,2026-10-09T06:00,2.8,4.5,122.0
TOS03000481,2026-10-09T06:15,2.5,3.9,61.0
TOS03000481,2026-10-09T06:30,2.5,3.5,72.0
TOS03000481,2026-10-09T06:45,2.2,3.0,81.0
TOS03000481,2026-10-09T07:00,2.4,3.0,75.0
TOS03000481,2026-10-09T07:15,1.8,2.4,73.0
TOS03000481,2026-10-09T07:30,2.2,2.8,77.0
TOS03000481,2026-10-09T07:45,2.0,2.6,58.0
TOS03000481,2026-10-09T08:00,1.2,2.0,54.0
TOS03000481,2026-10-09T08:15,1.2,1.9,76.0
TOS03000481,2026-10-09T08:30,1.0,2.3,104.0
TOS03000481,2026-10-09T08:45,0.9,1.5,146.0
TOS03000481,2026-10-09T09:00,1.3,2.4,133.0
TOS03000481,2026-10-09T09:15,2.6,4.5,130.0
TOS03000481,2026-10-09T09:30,2.1,3.7,112.0
TOS03000481,2026-10-09T09:45,1.9,3.0,107.0
TOS03000481,2026-10-09T10:00,2.4,4.2,115.0
TOS03000481,2026-10-09T10:15,2.5,3.8,128.0
TOS03000481,2026-10-09T10:30,3.1,5.1,129.0
TOS03000481,2026-10-09T10:45,2.1,4.8,121.0
TOS03000481,2026-10-09T11:00,2.8,5.0,109.0
TOS03000481,2026-10-09T11:15,2.7,4.7,124.0
TOS03000481,2026-10-09T11:30,3.5,5.2,130.0
TOS03000481,2026-10-09T11:45,3.0,5.3,120.0
TOS03000481,2026-10-09T12:00,2.3,4.5,109.0
TOS03000481,2026-10-09T12:15,2.6,4.7,128.0
TOS03000481,2026-10-09T12:30,2.0,3.8,111.0
TOS03000481,2026-10-09T12:45,2.5,4.1,139.0
TOS03000481,2026-10-09T13:00,2.3,3.8,150.0
TOS03000481,2026-10-09T13:15,2.0,4.0,170.0
TOS03000481,2026-10-09T13:30,0.7,2.1,241.0
TOS03000481,2026-10-09T13:45,1.4,3.3,256.0
TOS03000481,2026-10-09T14:00,2.8,4.5,281.0
TOS03000481,2026-10-09T14:15,4.0,5.3,295.0
TOS03000481,2026-10-09T14:30,3.8,4.8,306.0
TOS03000481,2026-10-09T14:45,3.6,5.1,305.0
TOS03000481,2026-10-09T15:00,2.6,5.0,331.0
TOS03000481,2026-10-09T15:15,3.9,5.4,331.0
TOS03000481,2026-10-09T15:30,3.2,5.4,344.0
TOS03000481,2026-10-09T15:45,2.3,3.8,350.0
TOS03000481,2026-10-09T16:00,3.9,6.1,325.0
TOS03000481,2026-10-09T16:15,3.8,5.9,327.0
TOS03000481,2026-10-09T16:30,4.1,5.5,323.0
TOS03000481,2026-10-09T16:45,3.2,4.9,320.0
TOS03000481,2026-10-09T17:00,3.1,4.8,322.0
TOS03000481,2026-10-09T17:15,2.7,4.0,337.0
TOS03000481,2026-10-09T17:30,2.2,3.8,4.0
TOS03000481,2026-10-09T17:45,1.9,3.0,20.0
TOS03000481,2026-10-09T18:00,1.7,2.4,47.0
TOS03000481,2026-10-09T18:15,1.4,2.4,82.0
TOS03000481,2026-10-09T18:30,1.7,3.2,97.0
TOS03000481,2026-10-09T18:45,2.3,5.2,117.0
TOS03000481,2026-10-09T19:00,5.2,10.1,123.0
TOS03000481,2026-10-09T19:15,2.5,4.4,126.0
TOS03000481,2026-10-09T19:30,3.1,5.0,130.0
TOS03000481,2026-10-09T19:45,2.5,4.1,122.0
TOS03000481,2026-10-09T20:00,2.1,3.1,96.0
TOS03000481,2026-10-09T20:15,2.1,3.0,89.0
TOS03000481,2026-10-09T20:30,2.7,3.8,120.0
TOS03000481,2026-10-09T20:45,2.3,3.4,116.0
TOS03000481,2026-10-09T21:00,2.7,4.3,119.0
TOS03000481,2026-10-09T21:15,2.5,3.9,100.0
TOS03000481,2026-10-09T21:30,2.0,3.1,106.0
TOS03000481,2026-10-09T21:45,2.5,4.4,112.0
TOS03000481,2026-10-09T22:00,3.2,4.8,121.0
TOS03000481,2026-10-09T22:15,2.7,4.7,93.0
TOS03000481,2026-10-09T22:30,1.4,2.7,83.0
TOS03000481,2026-10-09T22:45,1.6,3.0,117.0
TOS03000481,2026-10-09T23:00,1.6,2.5,97.0
TOS03000481,2026-10-09T23:15,1.8,2.5,108.0
TOS03000481,2026-10-09T23:30,2.1,2.9,91.0
TOS03000481,2026-10-09T23:45,2.3,4.1,73.0
TOS03000513,2026-10-09T00:00,0.8,1.8,258.0
TOS03000513,2026-10-09T00:15,1.2,1.7,292.0
TOS03000513,2026-10-09T00:30,0.9,1.9,278.0
TOS03000513,2026-10-09T00:45,0.7,1.4,268.0
TOS03000513,2026-10-09T01:00,0.6,1.1,188.0
TOS03000513,2026-10-09T01:15,0.7,1.2,222.0
TOS03000513,2026-10-09T01:30,1.0,1.8,177.0
TOS03000513,2026-10-09T01:45,1.4,2.5,205.0
TOS03000513,2026-10-09T02:00,0.9,2.0,178.0
TOS03000513,2026-10-09T02:15,0.8,1.3,156.0
TOS03000513,2026-10-09T02:30,0.7,1.7,323.0
TOS03000513,2026-10-09T02:45,0.5,1.1,148.0
TOS03000513,2026-10-09T03:00,0.6,1.2,286.0
TOS03000513,2026-10-09T03:15,0.7,1.4,355.0
TOS03000513,2026-10-09T03:30,0.8,1.0,21.0
TOS03000513,2026-10-09T03:45,0.6,1.8,134.0
TOS03000513,2026-10-09T04:00,0.9,1.7,184.0
TOS03000513,2026-10-09T04:15,0.8,1.3,311.0
TOS03000513,2026-10-09T04:30,0.7,1.1,287.0
TOS03000513,2026-10-09T04:45,0.4,0.7,309.0
TOS03000513,2026-10-09T05:00,1.3,1.8,180.0
TOS03000513,2026-10-09T05:15,0.8,1.9,212.0
TOS03000513,2026-10-09T05:30,0.5,1.3,178.0
TOS03000513,2026-10-09T05:45,0.6,1.4,199.0
TOS03000513,2026-10-09T06:00,0.7,1.0,25.0
TOS03000513,2026-10-09T06:15,0.5,0.9,309.0
TOS03000513,2026-10-09T06:30,0.9,2.0,327.0
TOS03000513,2026-10-09T06:45,1.2,2.1,311.0
TOS03000513,2026-10-09T07:00,0.7,1.3,269.0
TOS03000513,2026-10-09T07:15,0.9,1.4,225.0
TOS03000513,2026-10-09T07:30,1.3,2.3,228.0
TOS03000513,2026-10-09T07:45,0.6,1.4,239.0
TOS03000513,2026-10-09T08:00,0.4,1.2,269.0
TOS03000513,2026-10-09T08:15,0.9,1.7,144.0
TOS03000513,2026-10-09T08:30,0.6,1.7,263.0
TOS03000513,2026-10-09T08:45,0.8,1.4,351.0
TOS03000513,2026-10-09T09:00,0.8,1.5,27.0
TOS03000513,2026-10-09T09:15,0.8,1.6,36.0
TOS03000513,2026-10-09T09:30,0.6,1.0,22.0
TOS03000513,2026-10-09T09:45,0.6,1.3,45.0
TOS03000513,2026-10-09T10:00,0.8,1.5,70.0
TOS03000513,2026-10-09T10:15,1.0,1.8,63.0
TOS03000513,2026-10-09T10:30,1.7,3.5,95.0
TOS03000513,2026-10-09T10:45,1.9,3.3,126.0
TOS03000513,2026-10-09T11:00,1.6,3.0,155.0
TOS03000513,2026-10-09T11:15,1.3,2.5,116.0
TOS03000513,2026-10-09T11:30,1.3,2.5,132.0
TOS03000513,2026-10-09T11:45,1.3,2.5,124.0
TOS03000513,2026-10-09T12:00,1.2,2.2,74.0
TOS03000513,2026-10-09T12:15,1.3,2.3,65.0
TOS03000513,2026-10-09T12:30,0.8,2.1,70.0
TOS03000513,2026-10-09T12:45,1.3,2.6,143.0
TOS03000513,2026-10-09T13:00,1.1,2.5,62.0
TOS03000513,2026-10-09T13:15,1.2,2.5,48.0
TOS03000513,2026-10-09T13:30,1.1,2.6,74.0
TOS03000513,2026-10-09T13:45,1.2,3.1,135.0
TOS03000513,2026-10-09T14:00,1.2,2.9,116.0
TOS03000513,2026-10-09T14:15,1.3,2.4,92.0
TOS03000513,2026-10-09T14:30,1.5,2.8,155.0
TOS03000513,2026-10-09T14:45,1.2,2.6,185.0
TOS03000513,2026-10-09T15:00,0.8,1.8,225.0
TOS03000513,2026-10-09T15:15,0.9,1.8,213.0
TOS03000513,2026-10-09T15:30,0.9,2.0,248.0
TOS03000513,2026-10-09T15:45,0.5,1.7,219.0
TOS03000513,2026-10-09T16:00,1.1,3.8,186.0
TOS03000513,2026-10-09T16:15,2.8,4.9,83.0
TOS03000513,2026-10-09T16:30,2.3,3.9,92.0
TOS03000513,2026-10-09T16:45,1.9,3.6,106.0
TOS03000513,2026-10-09T17:00,1.7,2.7,97.0
TOS03000513,2026-10-09T17:15,1.6,3.4,116.0
TOS03000513,2026-10-09T17:30,1.5,2.9,107.0
TOS03000513,2026-10-09T17:45,1.6,3.0,124.0
TOS03000513,2026-10-09T18:00,1.1,2.8,127.0
TOS03000513,2026-10-09T18:15,1.3,2.6,129.0
TOS03000513,2026-10-09T18:30,1.4,3.0,132.0
TOS03000513,2026-10-09T18:45,1.6,3.1,131.0
TOS03000513,2026-10-09T19:00,1.3,2.7,114.0
TOS03000513,2026-10-09T19:15,1.0,2.0,99.0
TOS03000513,2026-10-09T19:30,0.4,0.8,100.0
TOS03000513,2026-10-09T19:45,0.5,1.1,88.0
TOS03000513,2026-10-09T20:00,1.1,2.4,208.0
TOS03000513,2026-10-09T20:15,1.1,1.7,211.0
TOS03000513,2026-10-09T20:30,1.3,1.8,199.0
TOS03000513,2026-10-09T20:45,0.5,1.4,256.0
TOS03000513,2026-10-09T21:00,0.3,0.5,251.0
TOS03000513,2026-10-09T21:15,0.4,0.6,280.0
TOS03000513,2026-10-09T21:30,0.6,1.0,284.0
TOS03000513,2026-10-09T21:45,0.8,1.3,254.0
TOS03000513,2026-10-09T22:00,0.3,0.6,225.0
TOS03000513,2026-10-09T22:15,0.7,1.5,204.0
TOS03000513,2026-10-09T22:30,1.2,2.0,186.0
TOS03000513,2026-10-09T22:45,0.4,0.9,337.0
TOS03000513,2026-10-09T23:00,0.5,0.9,341.0
TOS03000513,2026-10-09T23:15,0.7,1.5,233.0
TOS03000513,2026-10-09T23:30,0.5,0.9,201.0
TOS03000513,2026-10-09T23:45,0.4,1.1,232.0
TOS03001241,2026-10-09T00:00,0.8,1.6,47.0
TOS03001241,2026-10-09T00:15,0.6,1.2,28.0
TOS03001241,2026-10-09T00:30,0.8,2.0,73.0
TOS03001241,2026-10-09T00:45,0.9,1.6,28.0
TOS03001241,2026-10-09T01:00,0.8,1.4,39.0
TOS03001241,2026-10-09T01:15,1.0,1.8,29.0
TOS03001241,2026-10-09T01:30,1.1,2.1,28.0
TOS03001241,2026-10-09T01:45,1.4,2.2,30.0
TOS03001241,2026-10-09T02:00,1.2,2.4,33.0
TOS03001241,2026-10-09T02:15,1.1,2.9,38.0
TOS03001241,2026-10-09T02:30,1.2,2.2,31.0
TOS03001241,2026-10-09T02:45,1.0,1.7,41.0
TOS03001241,2026-10-09T03:00,0.9,1.5,41.0
TOS03001241,2026-10-09T03:15,1.0,1.6,37.0
TOS03001241,2026-10-09T03:30,0.7,1.2,40.0
TOS03001241,2026-10-09T03:45,0.8,1.1,42.0
TOS03001241,2026-10-09T04:00,0.9,1.2,40.0
TOS03001241,2026-10-09T04:15,0.9,1.0,42.0
TOS03001241,2026-10-09T04:30,1.2,1.7,43.0
TOS03001241,2026-10-09T04:45,1.1,2.0,37.0
TOS03001241,2026-10-09T05:00,0.7,1.1,42.0
TOS03001241,2026-10-09T05:15,0.7,1.1,47.0
TOS03001241,2026-10-09T05:30,0.7,1.0,44.0
TOS03001241,2026-10-09T05:45,0.8,1.4,34.0
TOS03001241,2026-10-09T06:00,0.9,1.7,355.0
TOS03001241,2026-10-09T06:15,0.9,1.8,38.0
TOS03001241,2026-10-09T06:30,0.8,1.7,37.0
TOS03001241,2026-10-09T06:45,1.0,2.0,44.0
TOS03001241,2026-10-09T07:00,1.2,2.4,44.0
TOS03001241,2026-10-09T07:15,1.1,2.0,40.0
TOS03001241,2026-10-09T07:30,1.1,1.6,44.0
TOS03001241,2026-10-09T07:45,1.0,1.8,41.0
TOS03001241,2026-10-09T08:00,0.9,1.8,22.0
TOS03001241,2026-10-09T08:15,0.8,1.6,60.0
TOS03001241,2026-10-09T08:30,0.6,1.9,115.0
TOS03001241,2026-10-09T08:45,0.3,1.1,100.0
TOS03001241,2026-10-09T09:00,0.5,1.1,201.0
TOS03001241,2026-10-09T09:15,0.6,1.8,174.0
TOS03001241,2026-10-09T09:30,0.5,1.3,235.0
TOS03001241,2026-10-09T09:45,0.9,2.4,38.0
TOS03001241,2026-10-09T10:00,0.9,2.1,116.0
TOS03001241,2026-10-09T10:15,1.3,2.7,191.0
TOS03001241,2026-10-09T10:30,1.4,2.5,203.0
TOS03001241,2026-10-09T10:45,0.6,1.4,246.0
TOS03001241,2026-10-09T11:00,1.3,2.9,356.0
TOS03001241,2026-10-09T11:15,1.1,3.9,38.0
TOS03001241,2026-10-09T11:30,1.0,3.3,18.0
TOS03001241,2026-10-09T11:45,1.0,3.8,359.0
TOS03001241,2026-10-09T12:00,1.0,2.3,287.0
TOS03001241,2026-10-09T12:15,0.9,2.3,193.0
TOS03001241,2026-10-09T12:30,1.3,2.7,210.0
TOS03001241,2026-10-09T12:45,0.8,3.0,156.0
TOS03001241,2026-10-09T13:00,0.6,1.5,80.0
TOS03001241,2026-10-09T13:15,0.9,1.9,219.0
TOS03001241,2026-10-09T13:30,0.6,1.4,83.0
TOS03001241,2026-10-09T13:45,0.5,0.9,200.0
TOS03001241,2026-10-09T14:00,1.6,4.7,223.0
TOS03001241,2026-10-09T14:15,1.4,3.0,254.0
TOS03001241,2026-10-09T14:30,1.4,3.1,228.0
TOS03001241,2026-10-09T14:45,0.9,2.0,230.0
TOS03001241,2026-10-09T15:00,0.9,2.9,198.0
TOS03001241,2026-10-09T15:15,0.2,0.6,190.0
TOS03001241,2026-10-09T15:30,0.6,1.4,254.0
TOS03001241,2026-10-09T15:45,1.1,2.2,240.0
TOS03001241,2026-10-09T16:00,1.0,2.4,223.0
TOS03001241,2026-10-09T16:15,0.5,1.2,72.0
TOS03001241,2026-10-09T16:30,0.7,1.6,29.0
TOS03001241,2026-10-09T16:45,0.8,1.6,30.0
TOS03001241,2026-10-09T17:00,0.8,1.3,27.0
TOS03001241,2026-10-09T17:15,1.0,1.6,33.0
TOS03001241,2026-10-09T17:30,1.0,1.7,36.0
TOS03001241,2026-10-09T17:45,1.2,1.9,32.0
TOS03001241,2026-10-09T18:00,1.4,2.0,32.0
TOS03001241,2026-10-09T18:15,1.4,2.0,29.0
TOS03001241,2026-10-09T18:30,1.4,2.0,33.0
TOS03001241,2026-10-09T18:45,1.2,1.6,30.0
TOS03001241,2026-10-09T19:00,0.7,1.8,29.0
TOS03001241,2026-10-09T19:15,1.1,1.6,29.0
TOS03001241,2026-10-09T19:30,1.0,1.7,31.0
TOS03001241,2026-10-09T19:45,1.1,1.8,30.0
TOS03001241,2026-10-09T20:00,1.0,1.6,37.0
TOS03001241,2026-10-09T20:15,1.3,1.7,36.0
TOS03001241,2026-10-09T20:30,1.4,2.1,37.0
TOS03001241,2026-10-09T20:45,1.4,2.1,38.0
TOS03001241,2026-10-09T21:00,1.5,2.2,36.0
TOS03001241,2026-10-09T21:15,1.3,2.2,39.0
TOS03001241,2026-10-09T21:30,1.4,2.3,39.0
TOS03001241,2026-10-09T21:45,1.2,1.4,45.0
TOS03001241,2026-10-09T22:00,1.2,1.4,48.0
TOS03001241,2026-10-09T22:15,1.2,1.3,46.0
TOS03001241,2026-10-09T22:30,1.2,1.3,46.0
TOS03001241,2026-10-09T22:45,1.2,1.6,44.0
TOS03001241,2026-10-09T23:00,1.2,1.4,43.0
TOS03001241,2026-10-09T23:15,1.2,1.3,45.0
TOS03001241,2026-10-09T23:30,1.2,1.4,44.0
TOS03001241,2026-10-09T23:45,1.2,1.4,44.0
TOS03001841,2026-10-09T00:00,4.3,8.7,260.0
TOS03001841,2026-10-09T00:15,4.3,9.3,267.0
TOS03001841,2026-10-09T00:30,6.4,9.3,250.0
TOS03001841,2026-10-09T00:45,4.4,6.9,281.0
TOS03001841,2026-10-09T01:00,5.4,8.5,276.0
TOS03001841,2026-10-09T01:15,3.6,7.4,315.0
TOS03001841,2026-10-09T01:30,2.7,6.2,320.0
TOS03001841,2026-10-09T01:45,3.1,5.7,293.0
TOS03001841,2026-10-09T02:00,3.5,6.8,262.0
TOS03001841,2026-10-09T02:15,3.4,5.8,261.0
TOS03001841,2026-10-09T02:30,3.1,4.4,236.0
TOS03001841,2026-10-09T02:45,1.9,3.7,261.0
TOS03001841,2026-10-09T03:00,2.7,4.2,355.0
TOS03001841,2026-10-09T03:15,1.7,3.6,111.0
TOS03001841,2026-10-09T03:30,1.2,2.7,58.0
TOS03001841,2026-10-09T03:45,1.4,2.2,65.0
TOS03001841,2026-10-09T04:00,1.5,3.0,129.0
TOS03001841,2026-10-09T04:15,0.9,2.2,229.0
TOS03001841,2026-10-09T04:30,1.6,2.1,207.0
TOS03001841,2026-10-09T04:45,1.8,2.4,178.0
TOS03001841,2026-10-09T05:00,1.8,3.1,195.0
TOS03001841,2026-10-09T05:15,2.7,3.4,182.0
TOS03001841,2026-10-09T05:30,2.2,3.8,174.0
TOS03001841,2026-10-09T05:45,2.2,2.9,198.0
TOS03001841,2026-10-09T06:00,2.8,3.5,219.0
TOS03001841,2026-10-09T06:15,1.5,2.4,344.0
TOS03001841,2026-10-09T06:30,1.3,3.5,333.0
TOS03001841,2026-10-09T06:45,1.3,2.1,321.0
TOS03001841,2026-10-09T07:00,1.2,3.4,18.0
TOS03001841,2026-10-09T07:15,1.5,2.8,22.0
TOS03001841,2026-10-09T07:30,2.8,6.7,20.0
TOS03001841,2026-10-09T07:45,1.6,6.4,32.0
TOS03001841,2026-10-09T08:00,1.2,3.2,52.0
TOS03001841,2026-10-09T08:15,1.2,2.7,80.0
TOS03001841,2026-10-09T08:30,0.9,2.0,51.0
TOS03001841,2026-10-09T08:45,1.4,2.2,20.0
TOS03001841,2026-10-09T09:00,0.9,1.6,71.0
TOS03001841,2026-10-09T09:15,1.6,3.2,202.0
TOS03001841,2026-10-09T09:30,1.6,2.6,221.0
TOS03001841,2026-10-09T09:45,1.3,2.5,203.0
TOS03001841,2026-10-09T10:00,1.1,2.7,66.0
TOS03001841,2026-10-09T10:15,1.3,2.2,208.0
TOS03001841,2026-10-09T10:30,1.1,2.5,228.0
TOS03001841,2026-10-09T10:45,1.1,2.3,178.0
TOS03001841,2026-10-09T11:00,1.1,2.2,185.0
TOS03001841,2026-10-09T11:15,1.1,2.5,129.0
TOS03001841,2026-10-09T11:30,1.1,3.4,154.0
TOS03001841,2026-10-09T11:45,1.7,4.8,163.0
TOS03001841,2026-10-09T12:00,1.7,4.5,156.0
TOS03001841,2026-10-09T12:15,1.7,4.5,144.0
TOS03001841,2026-10-09T12:30,1.8,4.9,121.0
TOS03001841,2026-10-09T12:45,2.1,4.8,113.0
TOS03001841,2026-10-09T13:00,2.0,4.8,110.0
TOS03001841,2026-10-09T13:15,1.6,5.1,100.0
TOS03001841,2026-10-09T13:30,2.1,4.7,176.0
TOS03001841,2026-10-09T13:45,1.5,4.5,170.0
TOS03001841,2026-10-09T14:00,2.2,4.5,232.0
TOS03001841,2026-10-09T14:15,1.6,4.2,207.0
TOS03001841,2026-10-09T14:30,1.7,4.8,228.0
TOS03001841,2026-10-09T14:45,1.5,3.9,174.0
TOS03001841,2026-10-09T15:00,1.3,3.0,227.0
TOS03001841,2026-10-09T15:15,1.3,3.1,174.0
TOS03001841,2026-10-09T15:30,0.8,2.1,96.0
TOS03001841,2026-10-09T15:45,1.1,2.5,134.0
TOS03001841,2026-10-09T16:00,1.3,3.0,125.0
TOS03001841,2026-10-09T16:15,1.2,3.0,50.0
TOS03001841,2026-10-09T16:30,1.6,3.5,38.0
TOS03001841,2026-10-09T16:45,1.8,5.0,59.0
TOS03001841,2026-10-09T17:00,1.7,4.2,54.0
TOS03001841,2026-10-09T17:15,1.4,4.2,69.0
TOS03001841,2026-10-09T17:30,1.8,3.8,63.0
TOS03001841,2026-10-09T17:45,1.7,4.1,64.0
TOS03001841,2026-10-09T18:00,1.6,4.2,66.0
TOS03001841,2026-10-09T18:15,1.5,3.1,60.0
TOS03001841,2026-10-09T18:30,1.3,3.0,61.0
TOS03001841,2026-10-09T18:45,1.1,3.1,85.0
TOS03001841,2026-10-09T19:00,1.1,3.3,89.0
TOS03001841,2026-10-09T19:15,1.4,3.2,109.0
TOS03001841,2026-10-09T19:30,1.0,2.4,58.0
TOS03001841,2026-10-09T19:45,1.0,3.5,90.0
TOS03001841,2026-10-09T20:00,1.1,3.1,80.0
TOS03001841,2026-10-09T20:15,1.1,2.9,62.0
TOS03001841,2026-10-09T20:30,1.1,4.1,70.0
TOS03001841,2026-10-09T20:45,1.1,3.2,96.0
TOS03001841,2026-10-09T21:00,1.0,2.8,102.0
TOS03001841,2026-10-09T21:15,1.1,2.9,61.0
TOS03001841,2026-10-09T21:30,1.2,2.8,86.0
TOS03001841,2026-10-09T21:45,1.0,3.3,79.0
TOS03001841,2026-10-09T22:00,1.2,2.6,92.0
TOS03001841,2026-10-09T22:15,1.2,3.0,68.0
TOS03001841,2026-10-09T22:30,1.4,3.9,54.0
TOS03001841,2026-10-09T22:45,1.2,3.2,65.0
TOS03001841,2026-10-09T23:00,1.3,3.7,82.0
TOS03001841,2026-10-09T23:15,1.5,4.1,61.0
TOS03001841,2026-10-09T23:30,1.6,3.1,69.0
TOS03001841,2026-10-09T23:45,1.8,4.4,56.0
TOS03001963,2026-10-09T00:00,1.7,0.0,243.0
TOS03001963,2026-10-09T00:15,1.4,0.0,249.0
TOS03001963,2026-10-09T00:30,1.7,0.0,251.0
TOS03001963,2026-10-09T00:45,1.3,0.0,247.0
TOS03001963,2026-10-09T01:00,2.1,0.0,244.0
TOS03001963,2026-10-09T01:15,0.9,0.0,239.0
TOS03001963,2026-10-09T01:30,1.1,0.0,237.0
TOS03001963,2026-10-09T01:45,0.5,0.0,210.0
TOS03001963,2026-10-09T02:00,0.5,0.0,179.0
TOS03001963,2026-10-09T02:15,0.7,0.0,98.0
TOS03001963,2026-10-09T02:30,1.4,0.0,182.0
TOS03001963,2026-10-09T02:45,1.1,0.0,132.0
TOS03001963,2026-10-09T03:00,3.1,0.0,100.0
TOS03001963,2026-10-09T03:15,2.8,0.0,107.0
TOS03001963,2026-10-09T03:30,3.2,0.0,111.0
TOS03001963,2026-10-09T03:45,3.3,0.0,108.0
TOS03001963,2026-10-09T04:00,3.1,0.0,113.0
TOS03001963,2026-10-09T04:15,1.4,0.0,141.0
TOS03001963,2026-10-09T04:30,1.6,0.0,118.0
TOS03001963,2026-10-09T04:45,1.9,0.0,113.0
TOS03001963,2026-10-09T05:00,1.8,0.0,107.0
TOS03001963,2026-10-09T05:15,1.7,0.0,119.0
TOS03001963,2026-10-09T05:30,1.4,0.0,120.0
TOS03001963,2026-10-09T05:45,1.1,0.0,137.0
TOS03001963,2026-10-09T06:00,1.0,0.0,137.0
TOS03001963,2026-10-09T06:15,0.5,0.0,113.0
TOS03001963,2026-10-09T06:30,1.7,0.0,99.0
TOS03001963,2026-10-09T06:45,2.4,0.0,105.0
TOS03001963,2026-10-09T07:00,2.6,0.0,113.0
TOS03001963,2026-10-09T07:15,1.5,0.0,126.0
TOS03001963,2026-10-09T07:30,0.9,0.0,127.0
TOS03001963,2026-10-09T07:45,0.7,0.0,116.0
TOS03001963,2026-10-09T08:00,1.7,0.0,103.0
TOS03001963,2026-10-09T08:15,2.3,0.0,82.0
TOS03001963,2026-10-09T08:30,2.8,0.0,99.0
TOS03001963,2026-10-09T08:45,2.5,0.0,93.0
TOS03001963,2026-10-09T09:00,2.4,0.0,85.0
TOS03001963,2026-10-09T09:15,2.9,0.0,102.0
TOS03001963,2026-10-09T09:30,2.1,0.0,87.0
TOS03001963,2026-10-09T09:45,1.8,0.0,78.0
TOS03001963,2026-10-09T10:00,1.4,0.0,102.0
TOS03001963,2026-10-09T10:15,0.8,0.0,75.0
TOS03001963,2026-10-09T10:30,1.3,0.0,61.0
TOS03001963,2026-10-09T10:45,1.6,0.0,74.0
TOS03001963,2026-10-09T11:00,1.8,0.0,69.0
TOS03001963,2026-10-09T11:15,2.0,0.0,62.0
TOS03001963,2026-10-09T11:30,1.9,0.0,57.0
TOS03001963,2026-10-09T11:45,1.9,0.0,60.0
TOS03001963,2026-10-09T12:00,1.7,0.0,51.0
TOS03001963,2026-10-09T12:15,1.6,0.0,48.0
TOS03001963,2026-10-09T12:30,1.1,0.0,43.0
TOS03001963,2026-10-09T12:45,1.1,0.0,55.0
TOS03001963,2026-10-09T13:00,1.1,0.0,42.0
TOS03001963,2026-10-09T13:15,1.4,0.0,339.0
TOS03001963,2026-10-09T13:30,1.2,0.0,20.0
TOS03001963,2026-10-09T13:45,1.1,0.0,355.0
TOS03001963,2026-10-09T14:00,1.0,0.0,358.0
TOS03001963,2026-10-09T14:15,0.8,0.0,121.0
TOS03001963,2026-10-09T14:30,2.1,0.0,228.0
TOS03001963,2026-10-09T14:45,1.0,0.0,197.0
TOS03001963,2026-10-09T15:00,0.6,0.0,349.0
TOS03001963,2026-10-09T15:15,0.7,0.0,199.0
TOS03001963,2026-10-09T15:30,0.6,0.0,20.0
TOS03001963,2026-10-09T15:45,0.7,0.0,299.0
TOS03001963,2026-10-09T16:00,1.2,0.0,323.0
TOS03001963,2026-10-09T16:15,0.7,0.0,259.0
TOS03001963,2026-10-09T16:30,1.0,0.0,289.0
TOS03001963,2026-10-09T16:45,0.8,0.0,275.0
TOS03001963,2026-10-09T17:00,0.8,0.0,208.0
TOS03001963,2026-10-09T17:15,0.9,0.0,168.0
TOS03001963,2026-10-09T17:30,1.9,0.0,122.0
TOS03001963,2026-10-09T17:45,1.0,0.0,118.0
TOS03001963,2026-10-09T18:00,1.6,0.0,95.0
TOS03001963,2026-10-09T18:15,1.9,0.0,103.0
TOS03001963,2026-10-09T18:30,2.2,0.0,101.0
TOS03001963,2026-10-09T18:45,1.1,0.0,72.0
TOS03001963,2026-10-09T19:00,0.8,0.0,103.0
TOS03001963,2026-10-09T19:15,1.0,0.0,113.0
TOS03001963,2026-10-09T19:30,1.0,0.0,90.0
TOS03001963,2026-10-09T19:45,1.2,0.0,106.0
TOS03001963,2026-10-09T20:00,1.1,0.0,102.0
TOS03001963,2026-10-09T20:15,1.6,0.0,108.0
TOS03001963,2026-10-09T20:30,1.7,0.0,97.0
TOS03001963,2026-10-09T20:45,1.8,0.0,96.0
TOS03001963,2026-10-09T21:00,1.9,0.0,96.0
TOS03001963,2026-10-09T21:15,2.0,0.0,101.0
TOS03001963,2026-10-09T21:30,2.1,0.0,115.0
TOS03001963,2026-10-09T21:45,2.9,0.0,114.0
TOS03001963,2026-10-09T22:00,2.5,0.0,102.0
TOS03001963,2026-10-09T22:15,1.8,0.0,87.0
TOS03001963,2026-10-09T22:30,2.7,0.0,101.0
TOS03001963,2026-10-09T22:45,2.9,0.0,108.0
TOS03001963,2026-10-09T23:00,2.6,0.0,106.0
TOS03001963,2026-10-09T23:15,2.1,0.0,99.0
TOS03001963,2026-10-09T23:30,2.3,0.0,105.0
TOS03001963,2026-10-09T23:45,2.3,0.0,100.0
TOS11000001,2026-10-09T00:00,0.6,1.2,317.0
TOS11000001,2026-10-09T00:15,1.3,1.7,52.0
TOS11000001,2026-10-09T00:30,1.5,2.1,46.0
TOS11000001,2026-10-09T00:45,1.3,2.1,50.0
TOS11000001,2026-10-09T01:00,0.8,1.5,68.0
TOS11000001,2026-10-09T01:15,0.5,1.1,46.0
TOS11000001,2026-10-09T01:30,1.4,2.3,157.0
TOS11000001,2026-10-09T01:45,2.2,3.5,90.0
TOS11000001,2026-10-09T02:00,2.9,4.0,80.0
TOS11000001,2026-10-09T02:15,3.0,4.4,93.0
TOS11000001,2026-10-09T02:30,2.6,4.4,58.0
TOS11000001,2026-10-09T02:45,1.8,2.8,57.0
TOS11000001,2026-10-09T03:00,1.7,2.6,55.0
TOS11000001,2026-10-09T03:15,1.7,2.7,43.0
TOS11000001,2026-10-09T03:30,1.3,2.3,210.0
TOS11000001,2026-10-09T03:45,2.6,4.3,93.0
TOS11000001,2026-10-09T04:00,1.6,2.2,93.0
TOS11000001,2026-10-09T04:15,1.1,1.5,103.0
TOS11000001,2026-10-09T04:30,0.7,1.7,100.0
TOS11000001,2026-10-09T04:45,0.7,1.9,232.0
TOS11000001,2026-10-09T05:00,0.3,0.6,134.0
TOS11000001,2026-10-09T05:15,1.0,2.1,137.0
TOS11000001,2026-10-09T05:30,1.4,2.5,95.0
TOS11000001,2026-10-09T05:45,1.5,2.4,54.0
TOS11000001,2026-10-09T06:00,0.8,1.1,109.0
TOS11000001,2026-10-09T06:15,1.2,1.7,142.0
TOS11000001,2026-10-09T06:30,1.1,1.8,151.0
TOS11000001,2026-10-09T06:45,0.7,1.3,35.0
TOS11000001,2026-10-09T07:00,0.6,1.0,178.0
TOS11000001,2026-10-09T07:15,0.6,0.8,256.0
TOS11000001,2026-10-09T07:30,1.0,2.8,29.0
TOS11000001,2026-10-09T07:45,1.5,2.6,39.0
TOS11000001,2026-10-09T08:00,1.3,2.5,83.0
TOS11000001,2026-10-09T08:15,1.6,2.2,73.0
TOS11000001,2026-10-09T08:30,1.8,2.5,95.0
TOS11000001,2026-10-09T08:45,1.4,2.3,95.0
TOS11000001,2026-10-09T09:00,1.9,2.5,106.0
TOS11000001,2026-10-09T09:15,1.5,2.1,78.0
TOS11000001,2026-10-09T09:30,1.5,3.1,68.0
TOS11000001,2026-10-09T09:45,1.6,2.8,47.0
TOS11000001,2026-10-09T10:00,1.3,2.5,36.0
TOS11000001,2026-10-09T10:15,1.4,2.8,65.0
TOS11000001,2026-10-09T10:30,1.0,2.5,80.0
TOS11000001,2026-10-09T10:45,0.8,1.8,114.0
TOS11000001,2026-10-09T11:00,1.3,2.4,66.0
TOS11000001,2026-10-09T11:15,1.3,2.2,68.0
TOS11000001,2026-10-09T11:30,1.0,2.2,50.0
TOS11000001,2026-10-09T11:45,0.8,2.2,112.0
TOS11000001,2026-10-09T12:00,1.0,1.8,52.0
TOS11000001,2026-10-09T12:15,1.0,2.2,9.0
TOS11000001,2026-10-09T12:30,1.0,2.6,322.0
TOS11000001,2026-10-09T12:45,1.3,3.2,5.0
TOS11000001,2026-10-09T13:00,1.4,3.1,300.0
TOS11000001,2026-10-09T13:15,1.1,2.4,222.0
TOS11000001,2026-10-09T13:30,1.3,2.5,286.0
TOS11000001,2026-10-09T13:45,1.3,2.7,312.0
TOS11000001,2026-10-09T14:00,1.2,2.0,278.0
TOS11000001,2026-10-09T14:15,1.9,3.1,268.0
TOS11000001,2026-10-09T14:30,1.8,3.0,239.0
TOS11000001,2026-10-09T14:45,2.2,3.8,258.0
TOS11000001,2026-10-09T15:00,1.9,3.4,280.0
TOS11000001,2026-10-09T15:15,2.2,3.9,331.0
TOS11000001,2026-10-09T15:30,1.7,3.8,358.0
TOS11000001,2026-10-09T15:45,1.2,2.4,358.0
TOS11000001,2026-10-09T16:00,1.0,2.4,351.0
TOS11000001,2026-10-09T16:15,1.5,2.9,312.0
TOS11000001,2026-10-09T16:30,1.1,2.8,286.0
TOS11000001,2026-10-09T16:45,1.1,2.7,271.0
TOS11000001,2026-10-09T17:00,1.4,2.2,290.0
TOS11000001,2026-10-09T17:15,1.9,3.1,305.0
TOS11000001,2026-10-09T17:30,1.1,2.6,345.0
TOS11000001,2026-10-09T17:45,1.4,2.7,62.0
TOS11000001,2026-10-09T18:00,0.4,1.2,6.0
TOS11000001,2026-10-09T18:15,1.4,3.2,122.0
TOS11000001,2026-10-09T18:30,2.5,5.9,134.0
TOS11000001,2026-10-09T18:45,1.9,5.6,86.0
TOS11000001,2026-10-09T19:00,1.3,1.8,85.0
TOS11000001,2026-10-09T19:15,1.7,2.1,97.0
TOS11000001,2026-10-09T19:30,1.5,2.1,82.0
TOS11000001,2026-10-09T19:45,0.6,0.9,100.0
TOS11000001,2026-10-09T20:00,0.6,1.8,146.0
TOS11000001,2026-10-09T20:15,1.6,2.3,80.0
TOS11000001,2026-10-09T20:30,1.9,2.6,66.0
TOS11000001,2026-10-09T20:45,1.9,2.4,52.0
TOS11000001,2026-10-09T21:00,2.2,2.9,71.0
TOS11000001,2026-10-09T21:15,1.7,2.6,58.0
TOS11000001,2026-10-09T21:30,1.3,1.7,56.0
TOS11000001,2026-10-09T21:45,1.8,2.4,48.0
TOS11000001,2026-10-09T22:00,1.8,2.2,52.0
TOS11000001,2026-10-09T22:15,2.2,3.1,68.0
TOS11000001,2026-10-09T22:30,2.3,2.9,64.0
TOS11000001,2026-10-09T22:45,2.0,2.4,80.0
TOS11000001,2026-10-09T23:00,1.4,2.3,50.0
TOS11000001,2026-10-09T23:15,1.4,2.6,14.0
TOS11000001,2026-10-09T23:30,2.3,3.4,17.0
TOS11000001,2026-10-09T23:45,1.5,3.1,8.0
TOS11000011,2026-10-09T00:00,0.8,1.3,12.0
TOS11000011,2026-10-09T00:15,1.2,2.5,24.0
TOS11000011,2026-10-09T00:30,0.8,1.7,27.0
TOS11000011,2026-10-09T00:45,1.1,2.1,31.0
TOS11000011,2026-10-09T01:00,0.7,1.6,29.0
TOS11000011,2026-10-09T01:15,0.9,1.8,340.0
TOS11000011,2026-10-09T01:30,1.0,1.9,54.0
TOS11000011,2026-10-09T01:45,0.8,1.6,83.0
TOS11000011,2026-10-09T02:00,1.1,2.7,106.0
TOS11000011,2026-10-09T02:15,2.5,5.1,125.0
TOS11000011,2026-10-09T02:30,2.3,4.1,104.0
TOS11000011,2026-10-09T02:45,1.7,3.1,109.0
TOS11000011,2026-10-09T03:00,1.2,2.0,112.0
TOS11000011,2026-10-09T03:15,1.6,2.4,121.0
TOS11000011,2026-10-09T03:30,1.3,2.1,115.0
TOS11000011,2026-10-09T03:45,0.7,2.1,73.0
TOS11000011,2026-10-09T04:00,1.0,2.1,88.0
TOS11000011,2026-10-09T04:15,1.4,2.4,133.0
TOS11000011,2026-10-09T04:30,1.1,2.3,94.0
TOS11000011,2026-10-09T04:45,1.6,2.7,115.0
TOS11000011,2026-10-09T05:00,0.6,1.3,35.0
TOS11000011,2026-10-09T05:15,1.5,3.0,126.0
TOS11000011,2026-10-09T05:30,2.7,3.5,133.0
TOS11000011,2026-10-09T05:45,1.7,3.2,111.0
TOS11000011,2026-10-09T06:00,1.0,1.8,32.0
TOS11000011,2026-10-09T06:15,1.0,1.6,58.0
TOS11000011,2026-10-09T06:30,0.8,1.1,69.0
TOS11000011,2026-10-09T06:45,0.5,1.0,114.0
TOS11000011,2026-10-09T07:00,0.5,0.6,95.0
TOS11000011,2026-10-09T07:15,0.5,1.0,345.0
TOS11000011,2026-10-09T07:30,0.5,0.8,18.0
TOS11000011,2026-10-09T07:45,0.4,0.7,72.0
TOS11000011,2026-10-09T08:00,0.6,1.3,343.0
TOS11000011,2026-10-09T08:15,0.9,1.9,16.0
TOS11000011,2026-10-09T08:30,0.7,1.2,24.0
TOS11000011,2026-10-09T08:45,0.9,1.7,228.0
TOS11000011,2026-10-09T09:00,0.6,1.4,222.0
TOS11000011,2026-10-09T09:15,1.4,2.6,110.0
TOS11000011,2026-10-09T09:30,1.4,2.6,133.0
TOS11000011,2026-10-09T09:45,1.5,2.2,138.0
TOS11000011,2026-10-09T10:00,1.4,2.5,125.0
TOS11000011,2026-10-09T10:15,1.0,1.8,107.0
TOS11000011,2026-10-09T10:30,1.6,4.0,113.0
TOS11000011,2026-10-09T10:45,1.7,3.2,120.0
TOS11000011,2026-10-09T11:00,1.5,3.0,141.0
TOS11000011,2026-10-09T11:15,1.2,3.0,155.0
TOS11000011,2026-10-09T11:30,1.3,3.2,132.0
TOS11000011,2026-10-09T11:45,2.0,3.3,121.0
TOS11000011,2026-10-09T12:00,1.9,3.8,117.0
TOS11000011,2026-10-09T12:15,1.8,3.1,126.0
TOS11000011,2026-10-09T12:30,1.6,2.9,106.0
TOS11000011,2026-10-09T12:45,1.9,3.5,142.0
TOS11000011,2026-10-09T13:00,1.7,3.0,147.0
TOS11000011,2026-10-09T13:15,1.7,3.1,162.0
TOS11000011,2026-10-09T13:30,1.9,3.3,193.0
TOS11000011,2026-10-09T13:45,2.6,4.4,255.0
TOS11000011,2026-10-09T14:00,2.5,3.7,268.0
TOS11000011,2026-10-09T14:15,2.4,3.8,266.0
TOS11000011,2026-10-09T14:30,1.8,3.8,293.0
TOS11000011,2026-10-09T14:45,2.4,3.7,344.0
TOS11000011,2026-10-09T15:00,1.8,3.4,349.0
TOS11000011,2026-10-09T15:15,2.2,3.6,338.0
TOS11000011,2026-10-09T15:30,2.0,3.6,342.0
TOS11000011,2026-10-09T15:45,1.1,2.1,311.0
TOS11000011,2026-10-09T16:00,1.9,3.7,288.0
TOS11000011,2026-10-09T16:15,1.2,3.5,277.0
TOS11000011,2026-10-09T16:30,1.2,2.1,324.0
TOS11000011,2026-10-09T16:45,0.8,1.6,291.0
TOS11000011,2026-10-09T17:00,1.1,1.7,282.0
TOS11000011,2026-10-09T17:15,1.3,2.0,356.0
TOS11000011,2026-10-09T17:30,0.8,1.8,15.0
TOS11000011,2026-10-09T17:45,0.5,0.8,94.0
TOS11000011,2026-10-09T18:00,0.4,0.7,112.0
TOS11000011,2026-10-09T18:15,0.5,1.2,120.0
TOS11000011,2026-10-09T18:30,1.0,1.9,115.0
TOS11000011,2026-10-09T18:45,1.6,2.5,133.0
TOS11000011,2026-10-09T19:00,3.2,6.6,116.0
TOS11000011,2026-10-09T19:15,3.1,5.5,115.0
TOS11000011,2026-10-09T19:30,2.4,3.7,128.0
TOS11000011,2026-10-09T19:45,1.6,2.9,123.0
TOS11000011,2026-10-09T20:00,1.3,2.2,134.0
TOS11000011,2026-10-09T20:15,1.4,2.1,136.0
TOS11000011,2026-10-09T20:30,1.4,2.2,119.0
TOS11000011,2026-10-09T20:45,1.4,2.1,121.0
TOS11000011,2026-10-09T21:00,1.1,1.7,123.0
TOS11000011,2026-10-09T21:15,1.5,2.3,124.0
TOS11000011,2026-10-09T21:30,1.3,2.4,119.0
TOS11000011,2026-10-09T21:45,1.6,2.4,145.0
TOS11000011,2026-10-09T22:00,1.7,3.6,134.0
TOS11000011,2026-10-09T22:15,0.8,1.8,132.0
TOS11000011,2026-10-09T22:30,0.8,2.1,156.0
TOS11000011,2026-10-09T22:45,0.7,1.4,190.0
TOS11000011,2026-10-09T23:00,1.2,1.8,189.0
TOS11000011,2026-10-09T23:15,0.9,1.5,134.0
TOS11000011,2026-10-09T23:30,1.5,2.2,121.0
TOS11000011,2026-10-09T23:45,0.8,2.0,5.0
TOS11000020,2026-10-09T00:00,2.6,4.4,323.0
TOS11000020,2026-10-09T00:15,2.7,4.0,321.0
TOS11000020,2026-10-09T00:30,2.7,3.7,326.0
TOS11000020,2026-10-09T00:45,2.4,3.6,322.0
TOS11000020,2026-10-09T01:00,2.1,3.0,326.0
TOS11000020,2026-10-09T01:15,2.3,3.6,326.0
TOS11000020,2026-10-09T01:30,2.0,2.7,323.0
TOS11000020,2026-10-09T01:45,1.5,2.9,326.0
TOS11000020,2026-10-09T02:00,1.4,2.4,314.0
TOS11000020,2026-10-09T02:15,1.6,2.3,323.0
TOS11000020,2026-10-09T02:30,1.6,2.5,326.0
TOS11000020,2026-10-09T02:45,1.3,2.0,324.0
TOS11000020,2026-10-09T03:00,1.2,1.6,322.0
TOS11000020,2026-10-09T03:15,1.4,2.6,327.0
TOS11000020,2026-10-09T03:30,1.1,1.8,331.0
TOS11000020,2026-10-09T03:45,0.9,1.3,330.0
TOS11000020,2026-10-09T04:00,0.9,1.5,333.0
TOS11000020,2026-10-09T04:15,0.9,1.3,350.0
TOS11000020,2026-10-09T04:30,0.9,1.2,0.0
TOS11000020,2026-10-09T04:45,0.7,1.1,351.0
TOS11000020,2026-10-09T05:00,0.6,1.1,329.0
TOS11000020,2026-10-09T05:15,0.6,0.9,325.0
TOS11000020,2026-10-09T05:30,0.6,1.1,325.0
TOS11000020,2026-10-09T05:45,0.6,0.8,333.0
TOS11000020,2026-10-09T06:00,0.8,1.0,356.0
TOS11000020,2026-10-09T06:15,0.9,1.2,346.0
TOS11000020,2026-10-09T06:30,0.6,0.8,353.0
TOS11000020,2026-10-09T06:45,0.6,0.8,352.0
TOS11000020,2026-10-09T07:00,0.7,0.9,342.0
TOS11000020,2026-10-09T07:15,0.7,0.9,338.0
TOS11000020,2026-10-09T07:30,0.6,0.9,346.0
TOS11000020,2026-10-09T07:45,0.9,1.3,346.0
TOS11000020,2026-10-09T08:00,0.6,1.3,337.0
TOS11000020,2026-10-09T08:15,0.5,0.9,13.0
TOS11000020,2026-10-09T08:30,0.5,0.9,37.0
TOS11000020,2026-10-09T08:45,0.7,3.0,138.0
TOS11000020,2026-10-09T09:00,0.4,0.7,62.0
TOS11000020,2026-10-09T09:15,0.5,1.0,145.0
TOS11000020,2026-10-09T09:30,0.5,1.0,189.0
TOS11000020,2026-10-09T09:45,0.7,2.2,232.0
TOS11000020,2026-10-09T10:00,0.8,2.6,180.0
TOS11000020,2026-10-09T10:15,1.1,2.3,157.0
TOS11000020,2026-10-09T10:30,0.8,2.1,164.0
TOS11000020,2026-10-09T10:45,1.0,3.2,193.0
TOS11000020,2026-10-09T11:00,0.7,1.6,154.0
TOS11000020,2026-10-09T11:15,0.8,1.9,144.0
TOS11000020,2026-10-09T11:30,0.9,2.0,110.0
TOS11000020,2026-10-09T11:45,1.0,2.0,101.0
TOS11000020,2026-10-09T12:00,1.3,2.8,107.0
TOS11000020,2026-10-09T12:15,1.5,3.5,113.0
TOS11000020,2026-10-09T12:30,1.3,2.7,117.0
TOS11000020,2026-10-09T12:45,1.8,4.4,136.0
TOS11000020,2026-10-09T13:00,1.8,3.7,141.0
TOS11000020,2026-10-09T13:15,1.5,4.1,147.0
TOS11000020,2026-10-09T13:30,1.5,2.7,160.0
TOS11000020,2026-10-09T13:45,1.3,2.4,133.0
TOS11000020,2026-10-09T14:00,1.2,2.5,110.0
TOS11000020,2026-10-09T14:15,1.1,2.7,113.0
TOS11000020,2026-10-09T14:30,1.2,2.4,106.0
TOS11000020,2026-10-09T14:45,1.1,2.0,107.0
TOS11000020,2026-10-09T15:00,0.7,1.7,116.0
TOS11000020,2026-10-09T15:15,0.8,2.2,155.0
TOS11000020,2026-10-09T15:30,1.1,2.4,130.0
TOS11000020,2026-10-09T15:45,1.4,2.6,133.0
TOS11000020,2026-10-09T16:00,1.5,3.5,143.0
TOS11000020,2026-10-09T16:15,1.1,3.5,139.0
TOS11000020,2026-10-09T16:30,1.0,2.4,121.0
TOS11000020,2026-10-09T16:45,0.6,2.1,123.0
TOS11000020,2026-10-09T17:00,0.5,1.2,10.0
TOS11000020,2026-10-09T17:15,0.5,1.6,72.0
TOS11000020,2026-10-09T17:30,0.9,1.6,108.0
TOS11000020,2026-10-09T17:45,1.4,2.2,102.0
TOS11000020,2026-10-09T18:00,1.3,2.9,99.0
TOS11000020,2026-10-09T18:15,0.9,3.0,71.0
TOS11000020,2026-10-09T18:30,0.8,2.8,92.0
TOS11000020,2026-10-09T18:45,0.7,2.0,87.0
TOS11000020,2026-10-09T19:00,0.7,1.8,79.0
TOS11000020,2026-10-09T19:15,0.7,2.0,39.0
TOS11000020,2026-10-09T19:30,0.7,3.5,63.0
TOS11000020,2026-10-09T19:45,0.7,1.4,42.0
TOS11000020,2026-10-09T20:00,0.7,1.6,53.0
TOS11000020,2026-10-09T20:15,0.6,1.7,59.0
TOS11000020,2026-10-09T20:30,0.6,1.2,24.0
TOS11000020,2026-10-09T20:45,0.7,1.4,32.0
TOS11000020,2026-10-09T21:00,0.5,1.2,66.0
TOS11000020,2026-10-09T21:15,0.6,1.5,65.0
TOS11000020,2026-10-09T21:30,0.6,1.4,80.0
TOS11000020,2026-10-09T21:45,0.5,1.5,86.0
TOS11000020,2026-10-09T22:00,0.6,1.5,97.0
TOS11000020,2026-10-09T22:15,0.6,1.5,80.0
TOS11000020,2026-10-09T22:30,0.6,2.1,81.0
TOS11000020,2026-10-09T22:45,1.0,2.5,83.0
TOS11000020,2026-10-09T23:00,0.9,2.1,86.0
TOS11000020,2026-10-09T23:15,1.1,2.4,74.0
TOS11000020,2026-10-09T23:30,1.1,2.3,83.0
TOS11000020,2026-10-09T23:45,0.8,1.8,67.0
TOS11000027,2026-10-09T00:00,0.4,1.9,277.0
TOS11000027,2026-10-09T00:15,0.6,1.4,297.0
TOS11000027,2026-10-09T00:30,0.7,2.5,23.0
TOS11000027,2026-10-09T00:45,1.5,2.4,28.0
TOS11000027,2026-10-09T01:00,2.1,3.0,26.0
TOS11000027,2026-10-09T01:15,1.9,2.7,2.0
TOS11000027,2026-10-09T01:30,0.9,1.9,2.0
TOS11000027,2026-10-09T01:45,1.0,1.6,38.0
TOS11000027,2026-10-09T02:00,1.1,1.6,29.0
TOS11000027,2026-10-09T02:15,0.5,1.4,342.0
TOS11000027,2026-10-09T02:30,0.9,1.9,321.0
TOS11000027,2026-10-09T02:45,0.8,1.7,19.0
TOS11000027,2026-10-09T03:00,1.7,2.6,38.0
TOS11000027,2026-10-09T03:15,1.3,2.8,46.0
TOS11000027,2026-10-09T03:30,0.9,2.1,23.0
TOS11000027,2026-10-09T03:45,1.5,2.1,33.0
TOS11000027,2026-10-09T04:00,1.6,2.1,23.0
TOS11000027,2026-10-09T04:15,1.6,2.3,22.0
TOS11000027,2026-10-09T04:30,0.6,1.9,42.0
TOS11000027,2026-10-09T04:45,0.7,1.4,53.0
TOS11000027,2026-10-09T05:00,1.4,2.4,39.0
TOS11000027,2026-10-09T05:15,1.8,3.0,38.0
TOS11000027,2026-10-09T05:30,1.4,2.0,35.0
TOS11000027,2026-10-09T05:45,1.3,2.3,24.0
TOS11000027,2026-10-09T06:00,0.1,1.5,23.0
TOS11000027,2026-10-09T06:15,0.8,1.2,11.0
TOS11000027,2026-10-09T06:30,0.9,1.4,4.0
TOS11000027,2026-10-09T06:45,1.0,1.8,292.0
TOS11000027,2026-10-09T07:00,0.7,1.3,213.0
TOS11000027,2026-10-09T07:15,0.7,1.0,297.0
TOS11000027,2026-10-09T07:30,1.0,1.5,352.0
TOS11000027,2026-10-09T07:45,0.1,0.6,255.0
TOS11000027,2026-10-09T08:00,0.6,1.3,328.0
TOS11000027,2026-10-09T08:15,0.3,0.7,244.0
TOS11000027,2026-10-09T08:30,0.5,0.9,327.0
TOS11000027,2026-10-09T08:45,0.9,1.8,339.0
TOS11000027,2026-10-09T09:00,0.6,1.3,188.0
TOS11000027,2026-10-09T09:15,0.3,1.0,167.0
TOS11000027,2026-10-09T09:30,0.3,0.8,216.0
TOS11000027,2026-10-09T09:45,0.4,1.3,191.0
TOS11000027,2026-10-09T10:00,0.5,1.5,189.0
TOS11000027,2026-10-09T10:15,0.3,0.9,167.0
TOS11000027,2026-10-09T10:30,0.2,0.7,212.0
TOS11000027,2026-10-09T10:45,0.2,0.5,192.0
TOS11000027,2026-10-09T11:00,0.3,0.9,196.0
TOS11000027,2026-10-09T11:15,0.5,1.4,192.0
TOS11000027,2026-10-09T11:30,0.5,1.2,191.0
TOS11000027,2026-10-09T11:45,0.5,1.4,198.0
TOS11000027,2026-10-09T12:00,0.2,0.6,196.0
TOS11000027,2026-10-09T12:15,0.2,0.6,214.0
TOS11000027,2026-10-09T12:30,0.2,0.7,220.0
TOS11000027,2026-10-09T12:45,0.4,1.4,193.0
TOS11000027,2026-10-09T13:00,0.3,1.7,224.0
TOS11000027,2026-10-09T13:15,0.2,0.5,170.0
TOS11000027,2026-10-09T13:30,0.2,0.7,232.0
TOS11000027,2026-10-09T13:45,0.4,1.3,23.0
TOS11000027,2026-10-09T14:00,1.0,2.1,356.0
TOS11000027,2026-10-09T14:15,0.9,2.7,2.0
TOS11000027,2026-10-09T14:30,1.5,3.3,5.0
TOS11000027,2026-10-09T14:45,1.3,2.3,349.0
TOS11000027,2026-10-09T15:00,1.7,3.6,351.0
TOS11000027,2026-10-09T15:15,1.7,3.2,351.0
TOS11000027,2026-10-09T15:30,1.2,2.8,9.0
TOS11000027,2026-10-09T15:45,1.3,3.0,338.0
TOS11000027,2026-10-09T16:00,0.3,0.7,226.0
TOS11000027,2026-10-09T16:15,0.6,1.7,298.0
TOS11000027,2026-10-09T16:30,0.9,1.9,358.0
TOS11000027,2026-10-09T16:45,0.2,0.6,91.0
TOS11000027,2026-10-09T17:00,0.1,0.7,228.0
TOS11000027,2026-10-09T17:15,0.2,0.7,140.0
TOS11000027,2026-10-09T17:30,1.4,2.3,5.0
TOS11000027,2026-10-09T17:45,2.0,2.7,15.0
TOS11000027,2026-10-09T18:00,0.7,2.3,31.0
TOS11000027,2026-10-09T18:15,1.1,1.6,15.0
TOS11000027,2026-10-09T18:30,0.6,1.4,246.0
TOS11000027,2026-10-09T18:45,0.4,1.2,222.0
TOS11000027,2026-10-09T19:00,0.4,1.0,259.0
TOS11000027,2026-10-09T19:15,0.4,1.3,340.0
TOS11000027,2026-10-09T19:30,0.8,1.7,267.0
TOS11000027,2026-10-09T19:45,0.6,1.9,177.0
TOS11000027,2026-10-09T20:00,0.3,0.9,5.0
TOS11000027,2026-10-09T20:15,0.6,1.1,17.0
TOS11000027,2026-10-09T20:30,0.1,0.4,156.0
TOS11000027,2026-10-09T20:45,0.6,1.1,43.0
TOS11000027,2026-10-09T21:00,0.8,1.0,356.0
TOS11000027,2026-10-09T21:15,0.5,1.1,286.0
TOS11000027,2026-10-09T21:30,0.4,0.9,252.0
TOS11000027,2026-10-09T21:45,0.5,1.0,291.0
TOS11000027,2026-10-09T22:00,0.7,1.1,345.0
TOS11000027,2026-10-09T22:15,0.7,1.5,278.0
TOS11000027,2026-10-09T22:30,1.1,2.0,279.0
TOS11000027,2026-10-09T22:45,0.4,1.3,254.0
TOS11000027,2026-10-09T23:00,0.6,1.2,325.0
TOS11000027,2026-10-09T23:15,0.7,1.6,329.0
TOS11000027,2026-10-09T23:30,0.8,1.1,337.0
TOS11000027,2026-10-09T23:45,1.0,2.1,8.0
TOS11000029,2026-10-09T00:00,2.7,6.3,162.0
TOS11000029,2026-10-09T00:15,2.3,5.2,158.0
TOS11000029,2026-10-09T00:30,2.0,5.2,122.0
TOS11000029,2026-10-09T00:45,2.1,4.4,152.0
TOS11000029,2026-10-09T01:00,2.2,4.4,132.0
TOS11000029,2026-10-09T01:15,1.6,4.5,109.0
TOS11000029,2026-10-09T01:30,1.4,4.3,106.0
TOS11000029,2026-10-09T01:45,2.2,4.2,156.0
TOS11000029,2026-10-09T02:00,2.0,3.9,164.0
TOS11000029,2026-10-09T02:15,1.9,3.7,136.0
TOS11000029,2026-10-09T02:30,1.6,3.0,144.0
TOS11000029,2026-10-09T02:45,1.6,3.6,141.0
TOS11000029,2026-10-09T03:00,1.7,4.0,142.0
TOS11000029,2026-10-09T03:15,1.0,2.9,112.0
TOS11000029,2026-10-09T03:30,1.3,2.2,113.0
TOS11000029,2026-10-09T03:45,1.3,2.6,82.0
TOS11000029,2026-10-09T04:00,1.8,3.0,128.0
TOS11000029,2026-10-09T04:15,2.7,5.4,129.0
TOS11000029,2026-10-09T04:30,3.6,7.0,140.0
TOS11000029,2026-10-09T04:45,4.9,7.6,162.0
TOS11000029,2026-10-09T05:00,3.7,7.6,156.0
TOS11000029,2026-10-09T05:15,3.8,6.1,160.0
TOS11000029,2026-10-09T05:30,2.2,5.2,148.0
TOS11000029,2026-10-09T05:45,1.7,2.8,156.0
TOS11000029,2026-10-09T06:00,2.0,3.8,120.0
TOS11000029,2026-10-09T06:15,1.3,2.5,78.0
TOS11000029,2026-10-09T06:30,0.7,1.9,31.0
TOS11000029,2026-10-09T06:45,0.7,1.4,18.0
TOS11000029,2026-10-09T07:00,1.1,2.4,22.0
TOS11000029,2026-10-09T07:15,1.2,2.1,31.0
TOS11000029,2026-10-09T07:30,1.4,2.8,28.0
TOS11000029,2026-10-09T07:45,1.2,2.4,17.0
TOS11000029,2026-10-09T08:00,1.0,2.1,40.0
TOS11000029,2026-10-09T08:15,1.6,3.0,22.0
TOS11000029,2026-10-09T08:30,1.1,2.7,31.0
TOS11000029,2026-10-09T08:45,0.6,1.2,26.0
TOS11000029,2026-10-09T09:00,0.9,2.3,33.0
TOS11000029,2026-10-09T09:15,1.8,4.5,53.0
TOS11000029,2026-10-09T09:30,1.4,2.9,115.0
TOS11000029,2026-10-09T09:45,1.0,2.1,131.0
TOS11000029,2026-10-09T10:00,1.6,3.9,127.0
TOS11000029,2026-10-09T10:15,1.5,3.8,129.0
TOS11000029,2026-10-09T10:30,0.9,2.7,176.0
TOS11000029,2026-10-09T10:45,0.7,1.8,95.0
TOS11000029,2026-10-09T11:00,0.9,2.7,115.0
TOS11000029,2026-10-09T11:15,0.9,2.2,159.0
TOS11000029,2026-10-09T11:30,0.9,1.8,142.0
TOS11000029,2026-10-09T11:45,0.7,2.2,151.0
TOS11000029,2026-10-09T12:00,1.0,2.4,201.0
TOS11000029,2026-10-09T12:15,0.7,1.8,193.0
TOS11000029,2026-10-09T12:30,1.0,2.2,174.0
TOS11000029,2026-10-09T12:45,1.3,3.2,187.0
TOS11000029,2026-10-09T13:00,1.3,2.9,204.0
TOS11000029,2026-10-09T13:15,1.1,2.0,204.0
TOS11000029,2026-10-09T13:30,0.5,1.6,94.0
TOS11000029,2026-10-09T13:45,1.2,4.5,154.0
TOS11000029,2026-10-09T14:00,1.4,4.3,149.0
TOS11000029,2026-10-09T14:15,0.5,1.0,118.0
TOS11000029,2026-10-09T14:30,0.5,1.2,304.0
TOS11000029,2026-10-09T14:45,0.9,2.0,256.0
TOS11000029,2026-10-09T15:00,0.5,1.2,335.0
TOS11000029,2026-10-09T15:15,1.2,3.2,36.0
TOS11000029,2026-10-09T15:30,1.3,3.1,20.0
TOS11000029,2026-10-09T15:45,1.4,4.2,35.0
TOS11000029,2026-10-09T16:00,2.1,4.2,28.0
TOS11000029,2026-10-09T16:15,0.9,1.9,50.0
TOS11000029,2026-10-09T16:30,0.5,1.3,306.0
TOS11000029,2026-10-09T16:45,0.7,1.5,321.0
TOS11000029,2026-10-09T17:00,0.6,1.0,264.0
TOS11000029,2026-10-09T17:15,0.7,1.4,130.0
TOS11000029,2026-10-09T17:30,1.2,2.4,165.0
TOS11000029,2026-10-09T17:45,0.8,1.9,61.0
TOS11000029,2026-10-09T18:00,1.5,2.8,60.0
TOS11000029,2026-10-09T18:15,1.5,2.8,43.0
TOS11000029,2026-10-09T18:30,1.5,3.1,24.0
TOS11000029,2026-10-09T18:45,1.5,3.1,15.0
TOS11000029,2026-10-09T19:00,1.1,2.3,26.0
TOS11000029,2026-10-09T19:15,1.4,2.7,32.0
TOS11000029,2026-10-09T19:30,0.9,2.3,17.0
TOS11000029,2026-10-09T19:45,1.1,2.4,358.0
TOS11000029,2026-10-09T20:00,1.1,2.7,8.0
TOS11000029,2026-10-09T20:15,0.9,2.8,63.0
TOS11000029,2026-10-09T20:30,1.4,2.8,19.0
TOS11000029,2026-10-09T20:45,1.3,2.4,38.0
TOS11000029,2026-10-09T21:00,1.0,1.8,1.0
TOS11000029,2026-10-09T21:15,1.0,2.3,343.0
TOS11000029,2026-10-09T21:30,1.1,2.6,25.0
TOS11000029,2026-10-09T21:45,1.6,3.7,35.0
TOS11000029,2026-10-09T22:00,0.9,1.8,1.0
TOS11000029,2026-10-09T22:15,1.2,2.0,344.0
TOS11000029,2026-10-09T22:30,1.0,2.4,357.0
TOS11000029,2026-10-09T22:45,1.4,2.7,355.0
TOS11000029,2026-10-09T23:00,1.6,2.7,352.0
TOS11000029,2026-10-09T23:15,1.3,2.6,3.0
TOS11000029,2026-10-09T23:30,1.1,2.6,7.0
TOS11000029,2026-10-09T23:45,1.3,2.6,359.0
TOS11000031,2026-10-09T00:00,0.6,1.8,237.0
TOS11000031,2026-10-09T00:15,0.4,0.9,251.0
TOS11000031,2026-10-09T00:30,0.5,1.1,71.0
TOS11000031,2026-10-09T00:45,0.5,1.0,45.0
TOS11000031,2026-10-09T01:00,0.7,1.2,46.0
TOS11000031,2026-10-09T01:15,0.4,0.9,137.0
TOS11000031,2026-10-09T01:30,0.4,1.0,80.0
TOS11000031,2026-10-09T01:45,0.4,0.9,32.0
TOS11000031,2026-10-09T02:00,0.4,1.2,319.0
TOS11000031,2026-10-09T02:15,0.6,1.1,0.0
TOS11000031,2026-10-09T02:30,0.5,0.8,61.0
TOS11000031,2026-10-09T02:45,0.5,0.8,54.0
TOS11000031,2026-10-09T03:00,0.6,1.4,67.0
TOS11000031,2026-10-09T03:15,0.7,1.6,28.0
TOS11000031,2026-10-09T03:30,1.4,2.4,6.0
TOS11000031,2026-10-09T03:45,0.5,1.5,18.0
TOS11000031,2026-10-09T04:00,0.5,1.0,38.0
TOS11000031,2026-10-09T04:15,0.3,0.7,87.0
TOS11000031,2026-10-09T04:30,0.7,1.4,48.0
TOS11000031,2026-10-09T04:45,0.6,1.1,46.0
TOS11000031,2026-10-09T05:00,0.6,1.1,358.0
TOS11000031,2026-10-09T05:15,0.4,1.1,44.0
TOS11000031,2026-10-09T05:30,0.6,1.2,313.0
TOS11000031,2026-10-09T05:45,0.4,0.8,1.0
TOS11000031,2026-10-09T06:00,0.4,0.9,20.0
TOS11000031,2026-10-09T06:15,0.5,1.0,25.0
TOS11000031,2026-10-09T06:30,0.6,1.7,4.0
TOS11000031,2026-10-09T06:45,0.4,1.1,35.0
TOS11000031,2026-10-09T07:00,0.5,0.9,327.0
TOS11000031,2026-10-09T07:15,1.0,1.7,322.0
TOS11000031,2026-10-09T07:30,0.5,0.9,319.0
TOS11000031,2026-10-09T07:45,0.6,1.0,317.0
TOS11000031,2026-10-09T08:00,0.6,1.2,49.0
TOS11000031,2026-10-09T08:15,0.8,1.5,148.0
TOS11000031,2026-10-09T08:30,0.7,1.1,99.0
TOS11000031,2026-10-09T08:45,0.7,1.3,114.0
TOS11000031,2026-10-09T09:00,1.0,1.9,144.0
TOS11000031,2026-10-09T09:15,1.3,2.5,147.0
TOS11000031,2026-10-09T09:30,1.1,2.0,117.0
TOS11000031,2026-10-09T09:45,1.3,2.2,135.0
TOS11000031,2026-10-09T10:00,1.5,3.1,146.0
TOS11000031,2026-10-09T10:15,1.2,2.7,101.0
TOS11000031,2026-10-09T10:30,1.1,2.4,107.0
TOS11000031,2026-10-09T10:45,1.2,2.3,136.0
TOS11000031,2026-10-09T11:00,1.0,1.9,153.0
TOS11000031,2026-10-09T11:15,1.0,2.4,141.0
TOS11000031,2026-10-09T11:30,1.0,2.5,180.0
TOS11000031,2026-10-09T11:45,0.9,2.4,159.0
TOS11000031,2026-10-09T12:00,0.9,2.0,190.0
TOS11000031,2026-10-09T12:15,0.7,1.5,198.0
TOS11000031,2026-10-09T12:30,0.8,1.7,178.0
TOS11000031,2026-10-09T12:45,0.9,2.1,356.0
TOS11000031,2026-10-09T13:00,1.2,2.4,90.0
TOS11000031,2026-10-09T13:15,1.1,2.6,70.0
TOS11000031,2026-10-09T13:30,1.3,3.0,97.0
TOS11000031,2026-10-09T13:45,1.3,2.9,87.0
TOS11000031,2026-10-09T14:00,0.9,1.9,79.0
TOS11000031,2026-10-09T14:15,1.1,2.5,108.0
TOS11000031,2026-10-09T14:30,1.3,2.5,89.0
TOS11000031,2026-10-09T14:45,0.7,1.6,74.0
TOS11000031,2026-10-09T15:00,0.8,2.1,119.0
TOS11000031,2026-10-09T15:15,0.7,1.8,33.0
TOS11000031,2026-10-09T15:30,1.0,2.4,60.0
TOS11000031,2026-10-09T15:45,1.2,3.2,124.0
TOS11000031,2026-10-09T16:00,1.6,3.5,77.0
TOS11000031,2026-10-09T16:15,1.3,3.1,64.0
TOS11000031,2026-10-09T16:30,1.1,2.8,57.0
TOS11000031,2026-10-09T16:45,1.5,3.7,51.0
TOS11000031,2026-10-09T17:00,1.5,4.1,49.0
TOS11000031,2026-10-09T17:15,1.6,3.7,53.0
TOS11000031,2026-10-09T17:30,1.2,2.4,48.0
TOS11000031,2026-10-09T17:45,1.1,2.6,33.0
TOS11000031,2026-10-09T18:00,0.7,1.9,54.0
TOS11000031,2026-10-09T18:15,1.2,1.9,21.0
TOS11000031,2026-10-09T18:30,1.2,2.2,28.0
TOS11000031,2026-10-09T18:45,1.2,2.5,28.0
TOS11000031,2026-10-09T19:00,0.7,1.5,28.0
TOS11000031,2026-10-09T19:15,0.7,1.3,50.0
TOS11000031,2026-10-09T19:30,0.8,1.9,29.0
TOS11000031,2026-10-09T19:45,1.2,1.8,31.0
TOS11000031,2026-10-09T20:00,0.9,1.6,39.0
TOS11000031,2026-10-09T20:15,0.8,1.7,43.0
TOS11000031,2026-10-09T20:30,0.7,1.4,42.0
TOS11000031,2026-10-09T20:45,0.7,1.4,66.0
TOS11000031,2026-10-09T21:00,0.6,1.3,45.0
TOS11000031,2026-10-09T21:15,0.8,1.5,48.0
TOS11000031,2026-10-09T21:30,0.5,1.2,52.0
TOS11000031,2026-10-09T21:45,0.6,1.5,52.0
TOS11000031,2026-10-09T22:00,0.8,1.4,31.0
TOS11000031,2026-10-09T22:15,0.7,1.7,47.0
TOS11000031,2026-10-09T22:30,1.3,2.9,18.0
TOS11000031,2026-10-09T22:45,1.8,3.5,8.0
TOS11000031,2026-10-09T23:00,1.6,3.1,11.0
TOS11000031,2026-10-09T23:15,1.1,2.1,23.0
TOS11000031,2026-10-09T23:30,1.0,2.2,24.0
TOS11000031,2026-10-09T23:45,1.9,3.1,10.0
TOS11000032,2026-10-09T00:00,1.4,2.3,359.0
TOS11000032,2026-10-09T00:15,1.5,2.6,357.0
TOS11000032,2026-10-09T00:30,2.0,5.2,349.0
TOS11000032,2026-10-09T00:45,2.1,3.5,359.0
TOS11000032,2026-10-09T01:00,2.1,3.7,349.0
TOS11000032,2026-10-09T01:15,1.3,3.0,346.0
TOS11000032,2026-10-09T01:30,1.1,2.1,190.0
TOS11000032,2026-10-09T01:45,1.1,2.0,149.0
TOS11000032,2026-10-09T02:00,1.2,2.0,57.0
TOS11000032,2026-10-09T02:15,1.7,3.7,48.0
TOS11000032,2026-10-09T02:30,0.8,1.9,123.0
TOS11000032,2026-10-09T02:45,1.3,2.6,333.0
TOS11000032,2026-10-09T03:00,1.7,2.9,11.0
TOS11000032,2026-10-09T03:15,1.2,1.9,8.0
TOS11000032,2026-10-09T03:30,2.0,3.6,13.0
TOS11000032,2026-10-09T03:45,1.3,3.1,13.0
TOS11000032,2026-10-09T04:00,1.1,2.5,340.0
TOS11000032,2026-10-09T04:15,1.2,2.1,344.0
TOS11000032,2026-10-09T04:30,1.4,4.5,343.0
TOS11000032,2026-10-09T04:45,2.0,3.3,5.0
TOS11000032,2026-10-09T05:00,2.2,3.6,10.0
TOS11000032,2026-10-09T05:15,1.9,3.4,12.0
TOS11000032,2026-10-09T05:30,2.0,3.9,9.0
TOS11000032,2026-10-09T05:45,1.5,3.4,11.0
TOS11000032,2026-10-09T06:00,1.0,1.6,329.0
TOS11000032,2026-10-09T06:15,1.9,4.1,2.0
TOS11000032,2026-10-09T06:30,1.7,3.2,18.0
TOS11000032,2026-10-09T06:45,1.3,2.2,338.0
TOS11000032,2026-10-09T07:00,0.9,2.0,308.0
TOS11000032,2026-10-09T07:15,1.3,2.4,1.0
TOS11000032,2026-10-09T07:30,1.0,2.6,16.0
TOS11000032,2026-10-09T07:45,0.9,1.5,148.0
TOS11000032,2026-10-09T08:00,0.9,1.7,62.0
TOS11000032,2026-10-09T08:15,1.3,2.2,103.0
TOS11000032,2026-10-09T08:30,1.1,2.6,141.0
TOS11000032,2026-10-09T08:45,0.8,1.3,141.0
TOS11000032,2026-10-09T09:00,0.6,1.4,126.0
TOS11000032,2026-10-09T09:15,1.2,2.1,167.0
TOS11000032,2026-10-09T09:30,1.0,2.6,179.0
TOS11000032,2026-10-09T09:45,0.9,1.9,190.0
TOS11000032,2026-10-09T10:00,1.1,2.4,199.0
TOS11000032,2026-10-09T10:15,1.7,3.3,173.0
TOS11000032,2026-10-09T10:30,1.8,3.0,172.0
TOS11000032,2026-10-09T10:45,1.7,3.7,187.0
TOS11000032,2026-10-09T11:00,1.3,2.8,166.0
TOS11000032,2026-10-09T11:15,1.0,2.5,171.0
TOS11000032,2026-10-09T11:30,1.0,2.4,168.0
TOS11000032,2026-10-09T11:45,0.8,2.4,173.0
TOS11000032,2026-10-09T12:00,1.3,2.9,192.0
TOS11000032,2026-10-09T12:15,0.8,1.9,136.0
TOS11000032,2026-10-09T12:30,1.4,3.0,174.0
TOS11000032,2026-10-09T12:45,1.3,2.5,152.0
TOS11000032,2026-10-09T13:00,1.8,5.1,75.0
TOS11000032,2026-10-09T13:15,2.5,5.9,116.0
TOS11000032,2026-10-09T13:30,2.2,4.8,128.0
TOS11000032,2026-10-09T13:45,2.0,4.2,149.0
TOS11000032,2026-10-09T14:00,2.1,3.5,154.0
TOS11000032,2026-10-09T14:15,1.7,3.5,126.0
TOS11000032,2026-10-09T14:30,1.8,3.4,115.0
TOS11000032,2026-10-09T14:45,1.1,2.5,97.0
TOS11000032,2026-10-09T15:00,1.0,1.8,118.0
TOS11000032,2026-10-09T15:15,1.4,3.2,129.0
TOS11000032,2026-10-09T15:30,1.4,2.8,112.0
TOS11000032,2026-10-09T15:45,1.5,3.4,88.0
TOS11000032,2026-10-09T16:00,1.8,4.1,83.0
TOS11000032,2026-10-09T16:15,2.1,4.2,85.0
TOS11000032,2026-10-09T16:30,1.2,3.9,62.0
TOS11000032,2026-10-09T16:45,2.0,3.7,24.0
TOS11000032,2026-10-09T17:00,2.1,3.7,29.0
TOS11000032,2026-10-09T17:15,2.6,4.4,37.0
TOS11000032,2026-10-09T17:30,2.0,4.4,23.0
TOS11000032,2026-10-09T17:45,2.9,4.6,23.0
TOS11000032,2026-10-09T18:00,2.9,4.8,21.0
TOS11000032,2026-10-09T18:15,3.1,5.4,23.0
TOS11000032,2026-10-09T18:30,2.6,5.4,32.0
TOS11000032,2026-10-09T18:45,2.4,3.8,28.0
TOS11000032,2026-10-09T19:00,2.6,4.1,24.0
TOS11000032,2026-10-09T19:15,2.0,3.5,28.0
TOS11000032,2026-10-09T19:30,2.0,3.1,30.0
TOS11000032,2026-10-09T19:45,1.8,3.9,30.0
TOS11000032,2026-10-09T20:00,2.2,3.5,12.0
TOS11000032,2026-10-09T20:15,2.1,3.5,19.0
TOS11000032,2026-10-09T20:30,2.1,3.8,23.0
TOS11000032,2026-10-09T20:45,2.5,3.7,15.0
TOS11000032,2026-10-09T21:00,2.3,4.1,28.0
TOS11000032,2026-10-09T21:15,2.3,3.3,30.0
TOS11000032,2026-10-09T21:30,2.1,3.3,32.0
TOS11000032,2026-10-09T21:45,2.6,4.1,25.0
TOS11000032,2026-10-09T22:00,2.7,4.3,22.0
TOS11000032,2026-10-09T22:15,2.9,4.6,19.0
TOS11000032,2026-10-09T22:30,2.9,4.6,18.0
TOS11000032,2026-10-09T22:45,2.8,4.2,17.0
TOS11000032,2026-10-09T23:00,2.6,4.6,19.0
TOS11000032,2026-10-09T23:15,2.4,3.9,21.0
TOS11000032,2026-10-09T23:30,2.8,4.3,17.0
TOS11000032,2026-10-09T23:45,3.1,4.4,9.0
TOS11000033,2026-10-09T00:00,0.5,1.4,166.0
TOS11000033,2026-10-09T00:15,1.0,1.6,171.0
TOS11000033,2026-10-09T00:30,0.8,1.3,190.0
TOS11000033,2026-10-09T00:45,0.9,2.1,215.0
TOS11000033,2026-10-09T01:00,1.1,2.1,241.0
TOS11000033,2026-10-09T01:15,0.7,1.8,243.0
TOS11000033,2026-10-09T01:30,0.6,1.9,251.0
TOS11000033,2026-10-09T01:45,1.2,2.4,272.0
TOS11000033,2026-10-09T02:00,0.8,1.6,201.0
TOS11000033,2026-10-09T02:15,0.8,1.7,222.0
TOS11000033,2026-10-09T02:30,0.8,1.8,202.0
TOS11000033,2026-10-09T02:45,0.8,2.3,242.0
TOS11000033,2026-10-09T03:00,0.5,1.3,254.0
TOS11000033,2026-10-09T03:15,0.7,1.2,179.0
TOS11000033,2026-10-09T03:30,0.8,1.8,208.0
TOS11000033,2026-10-09T03:45,0.8,1.7,237.0
TOS11000033,2026-10-09T04:00,0.8,1.6,203.0
TOS11000033,2026-10-09T04:15,1.2,2.2,232.0
TOS11000033,2026-10-09T04:30,0.6,1.1,278.0
TOS11000033,2026-10-09T04:45,0.6,1.2,201.0
TOS11000033,2026-10-09T05:00,0.8,1.3,258.0
TOS11000033,2026-10-09T05:15,0.5,1.1,229.0
TOS11000033,2026-10-09T05:30,0.6,1.2,261.0
TOS11000033,2026-10-09T05:45,0.5,1.1,220.0
TOS11000033,2026-10-09T06:00,0.6,1.0,216.0
TOS11000033,2026-10-09T06:15,0.7,1.5,280.0
TOS11000033,2026-10-09T06:30,0.5,0.9,259.0
TOS11000033,2026-10-09T06:45,0.6,1.6,258.0
TOS11000033,2026-10-09T07:00,0.7,1.9,267.0
TOS11000033,2026-10-09T07:15,0.9,1.8,275.0
TOS11000033,2026-10-09T07:30,0.6,1.6,269.0
TOS11000033,2026-10-09T07:45,0.7,1.5,309.0
TOS11000033,2026-10-09T08:00,0.8,2.0,258.0
TOS11000033,2026-10-09T08:15,0.5,0.9,139.0
TOS11000033,2026-10-09T08:30,0.4,0.8,159.0
TOS11000033,2026-10-09T08:45,0.9,2.0,107.0
TOS11000033,2026-10-09T09:00,0.7,1.7,92.0
TOS11000033,2026-10-09T09:15,1.0,1.8,114.0
TOS11000033,2026-10-09T09:30,0.8,1.8,123.0
TOS11000033,2026-10-09T09:45,0.6,1.7,90.0
TOS11000033,2026-10-09T10:00,0.6,1.4,83.0
TOS11000033,2026-10-09T10:15,0.8,1.7,129.0
TOS11000033,2026-10-09T10:30,0.6,1.7,101.0
TOS11000033,2026-10-09T10:45,0.7,1.7,106.0
TOS11000033,2026-10-09T11:00,0.6,1.5,129.0
TOS11000033,2026-10-09T11:15,0.9,1.8,121.0
TOS11000033,2026-10-09T11:30,0.9,1.7,102.0
TOS11000033,2026-10-09T11:45,0.7,1.7,23.0
TOS11000033,2026-10-09T12:00,0.5,1.8,25.0
TOS11000033,2026-10-09T12:15,0.8,1.6,85.0
TOS11000033,2026-10-09T12:30,0.7,2.1,308.0
TOS11000033,2026-10-09T12:45,0.8,1.9,340.0
TOS11000033,2026-10-09T13:00,0.7,1.8,314.0
TOS11000033,2026-10-09T13:15,0.7,1.4,198.0
TOS11000033,2026-10-09T13:30,0.8,1.5,278.0
TOS11000033,2026-10-09T13:45,0.8,1.6,303.0
TOS11000033,2026-10-09T14:00,0.8,1.3,272.0
TOS11000033,2026-10-09T14:15,0.6,1.1,259.0
TOS11000033,2026-10-09T14:30,0.6,1.3,277.0
TOS11000033,2026-10-09T14:45,0.8,1.5,296.0
TOS11000033,2026-10-09T15:00,0.6,1.4,279.0
TOS11000033,2026-10-09T15:15,0.7,1.8,176.0
TOS11000033,2026-10-09T15:30,1.3,2.1,137.0
TOS11000033,2026-10-09T15:45,1.0,1.8,147.0
TOS11000033,2026-10-09T16:00,0.9,2.1,111.0
TOS11000033,2026-10-09T16:15,0.7,1.9,165.0
TOS11000033,2026-10-09T16:30,0.9,1.7,204.0
TOS11000033,2026-10-09T16:45,0.9,1.5,189.0
TOS11000033,2026-10-09T17:00,0.9,1.6,262.0
TOS11000033,2026-10-09T17:15,1.0,1.9,270.0
TOS11000033,2026-10-09T17:30,0.7,1.2,238.0
TOS11000033,2026-10-09T17:45,1.0,2.4,258.0
TOS11000033,2026-10-09T18:00,0.9,1.9,261.0
TOS11000033,2026-10-09T18:15,0.9,2.0,250.0
TOS11000033,2026-10-09T18:30,0.7,2.1,247.0
TOS11000033,2026-10-09T18:45,0.8,1.6,247.0
TOS11000033,2026-10-09T19:00,1.2,1.9,259.0
TOS11000033,2026-10-09T19:15,1.0,2.1,259.0
TOS11000033,2026-10-09T19:30,0.8,1.6,257.0
TOS11000033,2026-10-09T19:45,0.6,1.5,231.0
TOS11000033,2026-10-09T20:00,0.8,1.9,257.0
TOS11000033,2026-10-09T20:15,0.9,2.1,277.0
TOS11000033,2026-10-09T20:30,0.8,1.8,273.0
TOS11000033,2026-10-09T20:45,1.0,1.7,266.0
TOS11000033,2026-10-09T21:00,1.0,1.8,261.0
TOS11000033,2026-10-09T21:15,0.9,1.8,268.0
TOS11000033,2026-10-09T21:30,0.8,1.7,258.0
TOS11000033,2026-10-09T21:45,1.2,2.4,267.0
TOS11000033,2026-10-09T22:00,1.0,2.0,272.0
TOS11000033,2026-10-09T22:15,1.1,1.8,261.0
TOS11000033,2026-10-09T22:30,0.9,1.6,267.0
TOS11000033,2026-10-09T22:45,1.0,1.6,273.0
TOS11000033,2026-10-09T23:00,1.0,1.7,268.0
TOS11000033,2026-10-09T23:15,1.1,2.1,269.0
TOS11000033,2026-10-09T23:30,1.3,2.3,270.0
TOS11000033,2026-10-09T23:45,1.0,2.0,282.0
TOS11000034,2026-10-09T00:00,1.2,2.1,135.0
TOS11000034,2026-10-09T00:15,0.6,2.1,190.0
TOS11000034,2026-10-09T00:30,1.0,1.8,164.0
TOS11000034,2026-10-09T00:45,1.1,2.6,125.0
TOS11000034,2026-10-09T01:00,1.0,2.6,109.0
TOS11000034,2026-10-09T01:15,0.6,1.7,118.0
TOS11000034,2026-10-09T01:30,0.6,1.4,252.0
TOS11000034,2026-10-09T01:45,0.4,1.2,293.0
TOS11000034,2026-10-09T02:00,1.0,1.5,240.0
TOS11000034,2026-10-09T02:15,0.8,1.9,237.0
TOS11000034,2026-10-09T02:30,0.3,0.7,359.0
TOS11000034,2026-10-09T02:45,0.4,0.6,323.0
TOS11000034,2026-10-09T03:00,0.5,1.3,356.0
TOS11000034,2026-10-09T03:15,0.4,1.1,347.0
TOS11000034,2026-10-09T03:30,0.3,0.9,320.0
TOS11000034,2026-10-09T03:45,0.3,0.7,321.0
TOS11000034,2026-10-09T04:00,0.4,0.6,335.0
TOS11000034,2026-10-09T04:15,0.8,1.8,358.0
TOS11000034,2026-10-09T04:30,0.8,1.4,1.0
TOS11000034,2026-10-09T04:45,0.7,1.6,351.0
TOS11000034,2026-10-09T05:00,0.7,1.6,327.0
TOS11000034,2026-10-09T05:15,0.7,2.1,283.0
TOS11000034,2026-10-09T05:30,0.4,1.0,309.0
TOS11000034,2026-10-09T05:45,0.4,0.6,320.0
TOS11000034,2026-10-09T06:00,0.4,1.3,286.0
TOS11000034,2026-10-09T06:15,0.4,1.2,319.0
TOS11000034,2026-10-09T06:30,0.4,0.6,312.0
TOS11000034,2026-10-09T06:45,0.4,1.1,326.0
TOS11000034,2026-10-09T07:00,0.4,0.6,335.0
TOS11000034,2026-10-09T07:15,0.4,0.9,312.0
TOS11000034,2026-10-09T07:30,0.4,1.1,309.0
TOS11000034,2026-10-09T07:45,0.4,1.0,356.0
TOS11000034,2026-10-09T08:00,0.4,1.0,349.0
TOS11000034,2026-10-09T08:15,0.4,0.9,49.0
TOS11000034,2026-10-09T08:30,0.5,1.2,230.0
TOS11000034,2026-10-09T08:45,0.5,1.5,255.0
TOS11000034,2026-10-09T09:00,1.1,2.6,185.0
TOS11000034,2026-10-09T09:15,1.4,2.4,233.0
TOS11000034,2026-10-09T09:30,1.4,2.3,234.0
TOS11000034,2026-10-09T09:45,0.7,1.4,207.0
TOS11000034,2026-10-09T10:00,1.0,2.1,196.0
TOS11000034,2026-10-09T10:15,1.4,2.3,165.0
TOS11000034,2026-10-09T10:30,1.2,2.5,173.0
TOS11000034,2026-10-09T10:45,1.9,4.1,136.0
TOS11000034,2026-10-09T11:00,2.2,3.3,142.0
TOS11000034,2026-10-09T11:15,1.6,3.6,162.0
TOS11000034,2026-10-09T11:30,1.5,2.4,210.0
TOS11000034,2026-10-09T11:45,1.3,2.8,185.0
TOS11000034,2026-10-09T12:00,1.2,2.6,157.0
TOS11000034,2026-10-09T12:15,0.9,1.9,144.0
TOS11000034,2026-10-09T12:30,1.1,2.1,168.0
TOS11000034,2026-10-09T12:45,1.1,1.9,149.0
TOS11000034,2026-10-09T13:00,1.3,2.5,184.0
TOS11000034,2026-10-09T13:15,1.2,2.1,194.0
TOS11000034,2026-10-09T13:30,1.6,3.0,164.0
TOS11000034,2026-10-09T13:45,2.1,4.4,124.0
TOS11000034,2026-10-09T14:00,0.5,1.5,86.0
TOS11000034,2026-10-09T14:15,0.4,1.2,7.0
TOS11000034,2026-10-09T14:30,0.5,1.4,180.0
TOS11000034,2026-10-09T14:45,0.4,0.8,16.0
TOS11000034,2026-10-09T15:00,0.6,1.6,73.0
TOS11000034,2026-10-09T15:15,0.5,1.2,61.0
TOS11000034,2026-10-09T15:30,0.5,1.3,153.0
TOS11000034,2026-10-09T15:45,0.5,0.9,8.0
TOS11000034,2026-10-09T16:00,0.4,1.0,7.0
TOS11000034,2026-10-09T16:15,0.4,1.1,21.0
TOS11000034,2026-10-09T16:30,1.0,2.6,102.0
TOS11000034,2026-10-09T16:45,0.5,1.6,122.0
TOS11000034,2026-10-09T17:00,0.9,1.9,113.0
TOS11000034,2026-10-09T17:15,0.8,2.1,122.0
TOS11000034,2026-10-09T17:30,0.5,1.0,183.0
TOS11000034,2026-10-09T17:45,0.5,0.8,177.0
TOS11000034,2026-10-09T18:00,0.3,1.2,131.0
TOS11000034,2026-10-09T18:15,0.3,0.7,345.0
TOS11000034,2026-10-09T18:30,0.5,1.4,353.0
TOS11000034,2026-10-09T18:45,0.6,1.2,346.0
TOS11000034,2026-10-09T19:00,0.5,1.3,48.0
TOS11000034,2026-10-09T19:15,0.4,1.1,315.0
TOS11000034,2026-10-09T19:30,0.8,2.0,11.0
TOS11000034,2026-10-09T19:45,0.5,1.3,354.0
TOS11000034,2026-10-09T20:00,0.6,1.7,354.0
TOS11000034,2026-10-09T20:15,0.6,1.6,348.0
TOS11000034,2026-10-09T20:30,0.5,1.1,35.0
TOS11000034,2026-10-09T20:45,0.4,1.0,332.0
TOS11000034,2026-10-09T21:00,0.4,1.3,343.0
TOS11000034,2026-10-09T21:15,0.4,1.4,328.0
TOS11000034,2026-10-09T21:30,0.6,1.2,341.0
TOS11000034,2026-10-09T21:45,0.5,1.6,354.0
TOS11000034,2026-10-09T22:00,0.5,1.4,348.0
TOS11000034,2026-10-09T22:15,0.5,1.7,347.0
TOS11000034,2026-10-09T22:30,0.4,1.2,335.0
TOS11000034,2026-10-09T22:45,0.3,0.7,345.0
TOS11000034,2026-10-09T23:00,0.3,1.2,334.0
TOS11000034,2026-10-09T23:15,0.4,1.2,287.0
TOS11000034,2026-10-09T23:30,0.3,0.7,348.0
TOS11000034,2026-10-09T23:45,0.4,1.0,314.0
TOS11000036,2026-10-09T00:00,0.3,1.6,197.0
TOS11000036,2026-10-09T00:15,0.7,1.4,289.0
TOS11000036,2026-10-09T00:30,0.7,1.4,291.0
TOS11000036,2026-10-09T00:45,0.9,1.7,242.0
TOS11000036,2026-10-09T01:00,2.9,5.1,167.0
TOS11000036,2026-10-09T01:15,1.0,2.2,191.0
TOS11000036,2026-10-09T01:30,0.5,1.3,344.0
TOS11000036,2026-10-09T01:45,0.4,0.9,184.0
TOS11000036,2026-10-09T02:00,0.4,1.0,297.0
TOS11000036,2026-10-09T02:15,0.8,1.5,211.0
TOS11000036,2026-10-09T02:30,0.8,2.2,236.0
TOS11000036,2026-10-09T02:45,0.5,1.3,96.0
TOS11000036,2026-10-09T03:00,0.3,1.1,100.0
TOS11000036,2026-10-09T03:15,0.5,1.0,162.0
TOS11000036,2026-10-09T03:30,0.4,0.9,200.0
TOS11000036,2026-10-09T03:45,1.0,1.5,192.0
TOS11000036,2026-10-09T04:00,1.3,2.4,194.0
TOS11000036,2026-10-09T04:15,0.8,1.2,192.0
TOS11000036,2026-10-09T04:30,1.1,1.9,171.0
TOS11000036,2026-10-09T04:45,0.6,1.3,148.0
TOS11000036,2026-10-09T05:00,0.8,1.4,221.0
TOS11000036,2026-10-09T05:15,0.7,1.1,169.0
TOS11000036,2026-10-09T05:30,0.6,1.1,154.0
TOS11000036,2026-10-09T05:45,0.7,1.2,204.0
TOS11000036,2026-10-09T06:00,0.3,0.7,110.0
TOS11000036,2026-10-09T06:15,0.4,1.1,316.0
TOS11000036,2026-10-09T06:30,0.7,1.2,201.0
TOS11000036,2026-10-09T06:45,0.7,1.1,204.0
TOS11000036,2026-10-09T07:00,0.7,1.4,236.0
TOS11000036,2026-10-09T07:15,0.8,1.5,145.0
TOS11000036,2026-10-09T07:30,1.0,1.4,152.0
TOS11000036,2026-10-09T07:45,0.3,1.0,136.0
TOS11000036,2026-10-09T08:00,0.5,1.3,78.0
TOS11000036,2026-10-09T08:15,0.6,2.2,81.0
TOS11000036,2026-10-09T08:30,0.7,2.7,82.0
TOS11000036,2026-10-09T08:45,0.7,1.8,97.0
TOS11000036,2026-10-09T09:00,1.1,2.7,143.0
TOS11000036,2026-10-09T09:15,1.1,2.3,124.0
TOS11000036,2026-10-09T09:30,0.8,1.7,128.0
TOS11000036,2026-10-09T09:45,1.0,2.0,140.0
TOS11000036,2026-10-09T10:00,0.9,1.7,170.0
TOS11000036,2026-10-09T10:15,0.9,1.6,155.0
TOS11000036,2026-10-09T10:30,0.6,1.8,98.0
TOS11000036,2026-10-09T10:45,0.5,1.5,73.0
TOS11000036,2026-10-09T11:00,0.7,2.3,82.0
TOS11000036,2026-10-09T11:15,0.6,2.3,72.0
TOS11000036,2026-10-09T11:30,0.6,1.7,85.0
TOS11000036,2026-10-09T11:45,0.6,1.7,89.0
TOS11000036,2026-10-09T12:00,0.7,1.9,91.0
TOS11000036,2026-10-09T12:15,0.7,3.3,63.0
TOS11000036,2026-10-09T12:30,0.9,2.9,61.0
TOS11000036,2026-10-09T12:45,1.4,2.6,9.0
TOS11000036,2026-10-09T13:00,2.1,4.3,358.0
TOS11000036,2026-10-09T13:15,1.3,3.7,28.0
TOS11000036,2026-10-09T13:30,1.3,3.7,41.0
TOS11000036,2026-10-09T13:45,2.0,4.0,24.0
TOS11000036,2026-10-09T14:00,1.4,3.4,33.0
TOS11000036,2026-10-09T14:15,0.9,2.7,30.0
TOS11000036,2026-10-09T14:30,0.7,1.4,267.0
TOS11000036,2026-10-09T14:45,1.3,2.7,327.0
TOS11000036,2026-10-09T15:00,1.4,5.1,292.0
TOS11000036,2026-10-09T15:15,1.8,3.9,338.0
TOS11000036,2026-10-09T15:30,1.2,3.0,316.0
TOS11000036,2026-10-09T15:45,1.6,3.1,352.0
TOS11000036,2026-10-09T16:00,1.6,2.5,348.0
TOS11000036,2026-10-09T16:15,1.1,2.3,334.0
TOS11000036,2026-10-09T16:30,1.2,2.1,342.0
TOS11000036,2026-10-09T16:45,0.6,1.4,308.0
TOS11000036,2026-10-09T17:00,0.6,1.2,231.0
TOS11000036,2026-10-09T17:15,0.8,1.5,172.0
TOS11000036,2026-10-09T17:30,1.7,3.3,188.0
TOS11000036,2026-10-09T17:45,2.3,3.8,180.0
TOS11000036,2026-10-09T18:00,2.5,3.5,165.0
TOS11000036,2026-10-09T18:15,1.4,2.3,181.0
TOS11000036,2026-10-09T18:30,0.5,0.9,258.0
TOS11000036,2026-10-09T18:45,1.1,1.6,181.0
TOS11000036,2026-10-09T19:00,1.1,1.5,199.0
TOS11000036,2026-10-09T19:15,0.7,1.4,197.0
TOS11000036,2026-10-09T19:30,0.6,0.8,279.0
TOS11000036,2026-10-09T19:45,0.6,1.2,271.0
TOS11000036,2026-10-09T20:00,0.2,0.6,38.0
TOS11000036,2026-10-09T20:15,0.5,1.1,213.0
TOS11000036,2026-10-09T20:30,0.7,1.4,326.0
TOS11000036,2026-10-09T20:45,0.4,1.0,224.0
TOS11000036,2026-10-09T21:00,0.7,1.4,181.0
TOS11000036,2026-10-09T21:15,1.2,1.7,191.0
TOS11000036,2026-10-09T21:30,1.0,1.7,181.0
TOS11000036,2026-10-09T21:45,1.1,1.7,205.0
TOS11000036,2026-10-09T22:00,0.5,1.2,276.0
TOS11000036,2026-10-09T22:15,0.8,1.3,172.0
TOS11000036,2026-10-09T22:30,0.5,1.1,315.0
TOS11000036,2026-10-09T22:45,1.0,1.3,178.0
TOS11000036,2026-10-09T23:00,0.6,1.5,240.0
TOS11000036,2026-10-09T23:15,1.0,1.4,173.0
TOS11000036,2026-10-09T23:30,0.6,1.5,178.0
TOS11000036,2026-10-09T23:45,1.0,1.6,327.0
TOS11000045,2026-10-09T00:00,0.9,2.4,271.0
TOS11000045,2026-10-09T00:15,0.7,1.4,256.0
TOS11000045,2026-10-09T00:30,1.5,2.4,300.0
TOS11000045,2026-10-09T00:45,0.9,2.3,62.0
TOS11000045,2026-10-09T01:00,1.1,1.7,76.0
TOS11000045,2026-10-09T01:15,2.1,3.1,135.0
TOS11000045,2026-10-09T01:30,2.3,3.3,138.0
TOS11000045,2026-10-09T01:45,2.8,4.4,143.0
TOS11000045,2026-10-09T02:00,3.3,5.1,142.0
TOS11000045,2026-10-09T02:15,2.6,4.2,148.0
TOS11000045,2026-10-09T02:30,2.1,3.2,147.0
TOS11000045,2026-10-09T02:45,1.7,2.9,143.0
TOS11000045,2026-10-09T03:00,1.8,2.6,160.0
TOS11000045,2026-10-09T03:15,2.5,3.2,167.0
TOS11000045,2026-10-09T03:30,0.9,2.1,235.0
TOS11000045,2026-10-09T03:45,1.3,1.7,13.0
TOS11000045,2026-10-09T04:00,0.9,1.8,150.0
TOS11000045,2026-10-09T04:15,1.7,2.5,104.0
TOS11000045,2026-10-09T04:30,1.8,2.5,119.0
TOS11000045,2026-10-09T04:45,1.8,3.0,139.0
TOS11000045,2026-10-09T05:00,2.6,4.0,145.0
TOS11000045,2026-10-09T05:15,2.0,2.8,141.0
TOS11000045,2026-10-09T05:30,0.8,1.7,126.0
TOS11000045,2026-10-09T05:45,0.9,1.2,346.0
TOS11000045,2026-10-09T06:00,1.0,1.6,341.0
TOS11000045,2026-10-09T06:15,0.7,1.7,311.0
TOS11000045,2026-10-09T06:30,0.9,1.5,278.0
TOS11000045,2026-10-09T06:45,0.9,1.8,158.0
TOS11000045,2026-10-09T07:00,1.0,1.7,128.0
TOS11000045,2026-10-09T07:15,1.8,3.1,23.0
TOS11000045,2026-10-09T07:30,0.9,1.7,52.0
TOS11000045,2026-10-09T07:45,1.6,2.7,84.0
TOS11000045,2026-10-09T08:00,1.9,3.3,112.0
TOS11000045,2026-10-09T08:15,2.1,2.8,128.0
TOS11000045,2026-10-09T08:30,2.1,2.9,117.0
TOS11000045,2026-10-09T08:45,1.9,2.5,129.0
TOS11000045,2026-10-09T09:00,2.0,3.1,139.0
TOS11000045,2026-10-09T09:15,2.4,3.4,142.0
TOS11000045,2026-10-09T09:30,2.9,4.2,131.0
TOS11000045,2026-10-09T09:45,2.0,2.9,102.0
TOS11000045,2026-10-09T10:00,1.1,2.1,64.0
TOS11000045,2026-10-09T10:15,1.5,2.9,73.0
TOS11000045,2026-10-09T10:30,1.2,2.1,51.0
TOS11000045,2026-10-09T10:45,1.4,3.5,114.0
TOS11000045,2026-10-09T11:00,1.4,2.9,104.0
TOS11000045,2026-10-09T11:15,1.2,2.7,63.0
TOS11000045,2026-10-09T11:30,1.2,3.2,80.0
TOS11000045,2026-10-09T11:45,1.5,3.4,86.0
TOS11000045,2026-10-09T12:00,1.2,2.5,101.0
TOS11000045,2026-10-09T12:15,1.6,3.3,101.0
TOS11000045,2026-10-09T12:30,1.8,3.4,88.0
TOS11000045,2026-10-09T12:45,1.3,2.7,90.0
TOS11000045,2026-10-09T13:00,0.8,2.1,70.0
TOS11000045,2026-10-09T13:15,1.3,2.3,118.0
TOS11000045,2026-10-09T13:30,1.0,2.1,125.0
TOS11000045,2026-10-09T13:45,1.5,2.7,144.0
TOS11000045,2026-10-09T14:00,0.8,1.9,96.0
TOS11000045,2026-10-09T14:15,0.9,2.1,356.0
TOS11000045,2026-10-09T14:30,0.9,1.8,67.0
TOS11000045,2026-10-09T14:45,2.6,4.0,119.0
TOS11000045,2026-10-09T15:00,2.9,4.6,111.0
TOS11000045,2026-10-09T15:15,1.8,3.7,104.0
TOS11000045,2026-10-09T15:30,1.9,3.8,73.0
TOS11000045,2026-10-09T15:45,1.6,2.9,52.0
TOS11000045,2026-10-09T16:00,1.0,1.8,69.0
TOS11000045,2026-10-09T16:15,1.1,1.8,76.0
TOS11000045,2026-10-09T16:30,1.3,2.6,357.0
TOS11000045,2026-10-09T16:45,1.0,1.6,339.0
TOS11000045,2026-10-09T17:00,1.3,2.8,50.0
TOS11000045,2026-10-09T17:15,1.6,2.8,63.0
TOS11000045,2026-10-09T17:30,2.0,3.2,81.0
TOS11000045,2026-10-09T17:45,1.4,2.0,75.0
TOS11000045,2026-10-09T18:00,1.4,1.8,98.0
TOS11000045,2026-10-09T18:15,1.4,2.1,124.0
TOS11000045,2026-10-09T18:30,1.9,3.2,146.0
TOS11000045,2026-10-09T18:45,1.9,2.6,137.0
TOS11000045,2026-10-09T19:00,2.0,2.7,104.0
TOS11000045,2026-10-09T19:15,2.5,3.8,143.0
TOS11000045,2026-10-09T19:30,2.6,3.5,129.0
TOS11000045,2026-10-09T19:45,3.2,4.3,135.0
TOS11000045,2026-10-09T20:00,3.4,5.5,142.0
TOS11000045,2026-10-09T20:15,3.6,5.1,135.0
TOS11000045,2026-10-09T20:30,3.6,5.0,143.0
TOS11000045,2026-10-09T20:45,3.4,4.9,139.0
TOS11000045,2026-10-09T21:00,2.4,3.5,128.0
TOS11000045,2026-10-09T21:15,2.5,3.0,114.0
TOS11000045,2026-10-09T21:30,2.1,3.0,133.0
TOS11000045,2026-10-09T21:45,2.8,3.4,124.0
TOS11000045,2026-10-09T22:00,2.3,2.8,142.0
TOS11000045,2026-10-09T22:15,2.2,3.0,148.0
TOS11000045,2026-10-09T22:30,2.2,3.1,144.0
TOS11000045,2026-10-09T22:45,2.4,3.7,145.0
TOS11000045,2026-10-09T23:00,2.4,3.1,119.0
TOS11000045,2026-10-09T23:15,2.7,3.4,105.0
TOS11000045,2026-10-09T23:30,2.4,3.9,129.0
TOS11000045,2026-10-09T23:45,2.3,3.2,129.0
TOS11000046,2026-10-09T00:00,0.6,0.9,158.0
TOS11000046,2026-10-09T00:15,0.7,1.2,151.0
TOS11000046,2026-10-09T00:30,0.6,1.5,139.0
TOS11000046,2026-10-09T00:45,0.8,1.6,140.0
TOS11000046,2026-10-09T01:00,0.8,2.0,129.0
TOS11000046,2026-10-09T01:15,0.8,2.0,113.0
TOS11000046,2026-10-09T01:30,0.8,2.2,146.0
TOS11000046,2026-10-09T01:45,0.8,1.6,157.0
TOS11000046,2026-10-09T02:00,0.5,1.0,139.0
TOS11000046,2026-10-09T02:15,0.7,1.6,131.0
TOS11000046,2026-10-09T02:30,0.5,1.4,150.0
TOS11000046,2026-10-09T02:45,0.3,0.9,44.0
TOS11000046,2026-10-09T03:00,0.6,1.2,170.0
TOS11000046,2026-10-09T03:15,0.3,0.7,23.0
TOS11000046,2026-10-09T03:30,0.4,0.9,143.0
TOS11000046,2026-10-09T03:45,0.4,1.3,145.0
TOS11000046,2026-10-09T04:00,1.0,2.3,144.0
TOS11000046,2026-10-09T04:15,0.6,1.8,138.0
TOS11000046,2026-10-09T04:30,0.5,1.4,129.0
TOS11000046,2026-10-09T04:45,0.5,1.3,119.0
TOS11000046,2026-10-09T05:00,0.5,1.7,117.0
TOS11000046,2026-10-09T05:15,0.4,0.8,282.0
TOS11000046,2026-10-09T05:30,0.5,0.9,177.0
TOS11000046,2026-10-09T05:45,0.4,0.8,1.0
TOS11000046,2026-10-09T06:00,0.5,1.1,102.0
TOS11000046,2026-10-09T06:15,0.5,0.8,149.0
TOS11000046,2026-10-09T06:30,0.5,1.0,138.0
TOS11000046,2026-10-09T06:45,0.4,0.8,113.0
TOS11000046,2026-10-09T07:00,0.3,0.7,130.0
TOS11000046,2026-10-09T07:15,0.3,0.8,250.0
TOS11000046,2026-10-09T07:30,0.5,1.0,172.0
TOS11000046,2026-10-09T07:45,0.4,1.3,112.0
TOS11000046,2026-10-09T08:00,0.7,1.3,47.0
TOS11000046,2026-10-09T08:15,0.7,1.5,86.0
TOS11000046,2026-10-09T08:30,0.6,1.3,129.0
TOS11000046,2026-10-09T08:45,0.8,1.5,110.0
TOS11000046,2026-10-09T09:00,0.7,1.9,112.0
TOS11000046,2026-10-09T09:15,1.2,2.5,143.0
TOS11000046,2026-10-09T09:30,0.7,1.8,138.0
TOS11000046,2026-10-09T09:45,0.4,1.4,88.0
TOS11000046,2026-10-09T10:00,0.6,1.3,101.0
TOS11000046,2026-10-09T10:15,0.6,1.3,84.0
TOS11000046,2026-10-09T10:30,1.1,2.8,53.0
TOS11000046,2026-10-09T10:45,0.6,1.6,51.0
TOS11000046,2026-10-09T11:00,1.0,2.0,17.0
TOS11000046,2026-10-09T11:15,1.0,2.0,23.0
TOS11000046,2026-10-09T11:30,0.9,2.1,333.0
TOS11000046,2026-10-09T11:45,1.2,3.0,40.0
TOS11000046,2026-10-09T12:00,1.2,2.7,84.0
TOS11000046,2026-10-09T12:15,1.1,2.8,104.0
TOS11000046,2026-10-09T12:30,0.9,1.9,78.0
TOS11000046,2026-10-09T12:45,1.2,3.1,45.0
TOS11000046,2026-10-09T13:00,1.2,2.5,25.0
TOS11000046,2026-10-09T13:15,1.3,3.0,49.0
TOS11000046,2026-10-09T13:30,0.8,2.2,66.0
TOS11000046,2026-10-09T13:45,0.9,2.4,60.0
TOS11000046,2026-10-09T14:00,0.7,1.8,73.0
TOS11000046,2026-10-09T14:15,1.3,3.2,49.0
TOS11000046,2026-10-09T14:30,1.0,2.5,56.0
TOS11000046,2026-10-09T14:45,0.7,1.6,66.0
TOS11000046,2026-10-09T15:00,0.7,2.4,65.0
TOS11000046,2026-10-09T15:15,1.0,1.9,82.0
TOS11000046,2026-10-09T15:30,0.8,2.3,81.0
TOS11000046,2026-10-09T15:45,0.9,2.3,83.0
TOS11000046,2026-10-09T16:00,1.3,3.0,62.0
TOS11000046,2026-10-09T16:15,1.4,2.8,62.0
TOS11000046,2026-10-09T16:30,0.7,1.6,63.0
TOS11000046,2026-10-09T16:45,0.8,1.4,74.0
TOS11000046,2026-10-09T17:00,0.4,0.8,130.0
TOS11000046,2026-10-09T17:15,0.5,1.2,134.0
TOS11000046,2026-10-09T17:30,0.5,1.2,141.0
TOS11000046,2026-10-09T17:45,0.7,1.3,146.0
TOS11000046,2026-10-09T18:00,0.8,2.0,139.0
TOS11000046,2026-10-09T18:15,0.7,1.8,136.0
TOS11000046,2026-10-09T18:30,0.7,1.7,137.0
TOS11000046,2026-10-09T18:45,0.6,1.2,131.0
TOS11000046,2026-10-09T19:00,0.6,1.1,128.0
TOS11000046,2026-10-09T19:15,0.6,1.2,105.0
TOS11000046,2026-10-09T19:30,0.6,1.3,146.0
TOS11000046,2026-10-09T19:45,0.6,1.3,119.0
TOS11000046,2026-10-09T20:00,0.5,1.3,108.0
TOS11000046,2026-10-09T20:15,0.7,1.4,145.0
TOS11000046,2026-10-09T20:30,0.5,1.6,109.0
TOS11000046,2026-10-09T20:45,0.8,1.4,162.0
TOS11000046,2026-10-09T21:00,0.6,1.9,129.0
TOS11000046,2026-10-09T21:15,0.5,1.0,178.0
TOS11000046,2026-10-09T21:30,0.7,1.4,110.0
TOS11000046,2026-10-09T21:45,0.4,1.2,157.0
TOS11000046,2026-10-09T22:00,0.3,0.7,90.0
TOS11000046,2026-10-09T22:15,0.6,1.3,134.0
TOS11000046,2026-10-09T22:30,0.9,2.4,115.0
TOS11000046,2026-10-09T22:45,0.9,1.9,124.0
TOS11000046,2026-10-09T23:00,1.0,2.5,126.0
TOS11000046,2026-10-09T23:15,0.8,1.9,105.0
TOS11000046,2026-10-09T23:30,0.8,1.5,117.0
TOS11000046,2026-10-09T23:45,0.8,1.8,120.0
TOS11000048,2026-10-09T00:00,0.4,0.9,140.0
TOS11000048,2026-10-09T00:15,0.4,1.2,230.0
TOS11000048,2026-10-09T00:30,0.6,2.1,99.0
TOS11000048,2026-10-09T00:45,0.8,2.4,294.0
TOS11000048,2026-10-09T01:00,0.6,1.3,11.0
TOS11000048,2026-10-09T01:15,0.4,0.8,263.0
TOS11000048,2026-10-09T01:30,0.3,1.1,254.0
TOS11000048,2026-10-09T01:45,0.9,1.5,83.0
TOS11000048,2026-10-09T02:00,0.9,1.5,61.0
TOS11000048,2026-10-09T02:15,0.5,1.1,358.0
TOS11000048,2026-10-09T02:30,0.8,1.3,112.0
TOS11000048,2026-10-09T02:45,0.5,1.3,207.0
TOS11000048,2026-10-09T03:00,0.8,1.4,29.0
TOS11000048,2026-10-09T03:15,0.4,1.2,18.0
TOS11000048,2026-10-09T03:30,0.7,1.5,29.0
TOS11000048,2026-10-09T03:45,0.6,1.3,358.0
TOS11000048,2026-10-09T04:00,0.9,2.3,6.0
TOS11000048,2026-10-09T04:15,0.5,1.0,130.0
TOS11000048,2026-10-09T04:30,1.0,1.6,61.0
TOS11000048,2026-10-09T04:45,0.6,1.5,28.0
TOS11000048,2026-10-09T05:00,0.7,1.1,33.0
TOS11000048,2026-10-09T05:15,0.5,0.9,347.0
TOS11000048,2026-10-09T05:30,0.6,1.4,128.0
TOS11000048,2026-10-09T05:45,0.6,1.2,14.0
TOS11000048,2026-10-09T06:00,0.4,0.7,9.0
TOS11000048,2026-10-09T06:15,0.8,1.9,20.0
TOS11000048,2026-10-09T06:30,1.0,1.9,346.0
TOS11000048,2026-10-09T06:45,1.1,1.9,347.0
TOS11000048,2026-10-09T07:00,1.6,3.3,2.0
TOS11000048,2026-10-09T07:15,1.3,2.2,355.0
TOS11000048,2026-10-09T07:30,1.0,1.8,355.0
TOS11000048,2026-10-09T07:45,1.1,2.4,347.0
TOS11000048,2026-10-09T08:00,0.9,1.6,346.0
TOS11000048,2026-10-09T08:15,0.6,1.7,339.0
TOS11000048,2026-10-09T08:30,1.0,2.4,6.0
TOS11000048,2026-10-09T08:45,0.7,1.7,31.0
TOS11000048,2026-10-09T09:00,0.6,1.5,300.0
TOS11000048,2026-10-09T09:15,0.7,1.4,239.0
TOS11000048,2026-10-09T09:30,0.7,1.7,225.0
TOS11000048,2026-10-09T09:45,0.8,2.0,120.0
TOS11000048,2026-10-09T10:00,1.1,2.9,97.0
TOS11000048,2026-10-09T10:15,1.7,2.7,128.0
TOS11000048,2026-10-09T10:30,0.9,1.9,44.0
TOS11000048,2026-10-09T10:45,0.7,1.6,296.0
TOS11000048,2026-10-09T11:00,0.7,1.5,258.0
TOS11000048,2026-10-09T11:15,0.5,1.1,270.0
TOS11000048,2026-10-09T11:30,0.4,0.8,300.0
TOS11000048,2026-10-09T11:45,0.4,1.0,277.0
TOS11000048,2026-10-09T12:00,0.4,0.9,248.0
TOS11000048,2026-10-09T12:15,0.7,1.2,219.0
TOS11000048,2026-10-09T12:30,0.5,1.2,229.0
TOS11000048,2026-10-09T12:45,0.7,1.4,204.0
TOS11000048,2026-10-09T13:00,0.7,1.7,171.0
TOS11000048,2026-10-09T13:15,0.4,1.0,209.0
TOS11000048,2026-10-09T13:30,0.8,2.6,292.0
TOS11000048,2026-10-09T13:45,0.9,2.3,296.0
TOS11000048,2026-10-09T14:00,0.8,1.8,310.0
TOS11000048,2026-10-09T14:15,0.6,1.1,301.0
TOS11000048,2026-10-09T14:30,0.9,2.0,334.0
TOS11000048,2026-10-09T14:45,1.0,2.0,322.0
TOS11000048,2026-10-09T15:00,0.8,1.7,297.0
TOS11000048,2026-10-09T15:15,0.7,1.6,271.0
TOS11000048,2026-10-09T15:30,0.4,0.8,210.0
TOS11000048,2026-10-09T15:45,0.8,1.6,344.0
TOS11000048,2026-10-09T16:00,0.4,1.5,156.0
TOS11000048,2026-10-09T16:15,0.5,1.1,176.0
TOS11000048,2026-10-09T16:30,0.5,1.2,274.0
TOS11000048,2026-10-09T16:45,0.2,0.5,127.0
TOS11000048,2026-10-09T17:00,0.5,1.4,213.0
TOS11000048,2026-10-09T17:15,0.3,0.8,174.0
TOS11000048,2026-10-09T17:30,0.4,1.0,274.0
TOS11000048,2026-10-09T17:45,1.1,1.7,82.0
TOS11000048,2026-10-09T18:00,0.6,1.6,132.0
TOS11000048,2026-10-09T18:15,0.3,1.4,357.0
TOS11000048,2026-10-09T18:30,1.1,1.6,133.0
TOS11000048,2026-10-09T18:45,0.4,1.0,217.0
TOS11000048,2026-10-09T19:00,0.4,1.0,254.0
TOS11000048,2026-10-09T19:15,0.6,1.0,48.0
TOS11000048,2026-10-09T19:30,0.8,1.2,99.0
TOS11000048,2026-10-09T19:45,0.4,1.0,76.0
TOS11000048,2026-10-09T20:00,0.8,1.5,139.0
TOS11000048,2026-10-09T20:15,0.4,0.8,24.0
TOS11000048,2026-10-09T20:30,0.6,1.5,78.0
TOS11000048,2026-10-09T20:45,0.7,1.3,85.0
TOS11000048,2026-10-09T21:00,0.5,0.9,84.0
TOS11000048,2026-10-09T21:15,0.7,1.3,78.0
TOS11000048,2026-10-09T21:30,0.7,1.2,136.0
TOS11000048,2026-10-09T21:45,0.4,1.0,56.0
TOS11000048,2026-10-09T22:00,0.4,0.8,59.0
TOS11000048,2026-10-09T22:15,0.5,0.9,28.0
TOS11000048,2026-10-09T22:30,0.6,1.2,23.0
TOS11000048,2026-10-09T22:45,0.5,1.0,68.0
TOS11000048,2026-10-09T23:00,0.4,0.9,77.0
TOS11000048,2026-10-09T23:15,0.4,0.9,62.0
TOS11000048,2026-10-09T23:30,0.5,0.9,58.0
TOS11000048,2026-10-09T23:45,0.9,1.9,81.0
