stazione,ora,vento_medio_ms,raffica_ms,direzione
TOS01001205,2026-10-08T00:00,1.1,1.7,109.0
TOS01001205,2026-10-08T00:15,1.0,2.5,131.0
TOS01001205,2026-10-08T00:30,1.1,2.8,148.0
TOS01001205,2026-10-08T00:45,1.0,2.6,166.0
TOS01001205,2026-10-08T01:00,1.6,3.8,122.0
TOS01001205,2026-10-08T01:15,2.1,4.0,114.0
TOS01001205,2026-10-08T01:30,2.4,4.3,113.0
TOS01001205,2026-10-08T01:45,2.4,4.9,123.0
TOS01001205,2026-10-08T02:00,2.5,7.1,110.0
TOS01001205,2026-10-08T02:15,3.1,5.4,97.0
TOS01001205,2026-10-08T02:30,2.9,5.8,92.0
TOS01001205,2026-10-08T02:45,3.1,5.7,94.0
TOS01001205,2026-10-08T03:00,1.6,4.2,125.0
TOS01001205,2026-10-08T03:15,1.6,3.8,117.0
TOS01001205,2026-10-08T03:30,1.7,3.5,125.0
TOS01001205,2026-10-08T03:45,1.2,4.2,149.0
TOS01001205,2026-10-08T04:00,1.1,2.8,192.0
TOS01001205,2026-10-08T04:15,0.8,1.9,172.0
TOS01001205,2026-10-08T04:30,1.1,3.0,143.0
TOS01001205,2026-10-08T04:45,1.0,3.0,150.0
TOS01001205,2026-10-08T05:00,0.8,2.3,140.0
TOS01001205,2026-10-08T05:15,1.0,2.3,156.0
TOS01001205,2026-10-08T05:30,0.8,1.8,155.0
TOS01001205,2026-10-08T05:45,0.9,1.8,114.0
TOS01001205,2026-10-08T06:00,0.5,1.2,286.0
TOS01001205,2026-10-08T06:15,0.8,1.3,135.0
TOS01001205,2026-10-08T06:30,0.7,1.7,129.0
TOS01001205,2026-10-08T06:45,1.2,1.9,115.0
TOS01001205,2026-10-08T07:00,1.1,2.2,103.0
TOS01001205,2026-10-08T07:15,1.2,2.3,107.0
TOS01001205,2026-10-08T07:30,1.0,2.0,113.0
TOS01001205,2026-10-08T07:45,0.7,1.7,84.0
TOS01001205,2026-10-08T08:00,0.6,1.3,281.0
TOS01001205,2026-10-08T08:15,0.8,1.6,83.0
TOS01001205,2026-10-08T08:30,0.7,1.3,100.0
TOS01001205,2026-10-08T08:45,1.3,2.7,140.0
TOS01001205,2026-10-08T09:00,1.2,2.7,142.0
TOS01001205,2026-10-08T09:15,1.5,3.1,121.0
TOS01001205,2026-10-08T09:30,1.6,3.2,133.0
TOS01001205,2026-10-08T09:45,1.5,3.0,147.0
TOS01001205,2026-10-08T10:00,1.4,2.5,135.0
TOS01001205,2026-10-08T10:15,1.8,4.2,112.0
TOS01001205,2026-10-08T10:30,1.3,3.4,144.0
TOS01001205,2026-10-08T10:45,1.1,2.5,123.0
TOS01001205,2026-10-08T11:00,1.1,2.2,225.0
TOS01001205,2026-10-08T11:15,0.7,1.3,129.0
TOS01001205,2026-10-08T11:30,0.6,1.3,220.0
TOS01001205,2026-10-08T11:45,2.3,8.7,327.0
TOS01001205,2026-10-08T12:00,1.8,3.7,229.0
TOS01001205,2026-10-08T12:15,0.8,2.4,212.0
TOS01001205,2026-10-08T12:30,1.1,2.8,126.0
TOS01001205,2026-10-08T12:45,1.1,2.6,116.0
TOS01001205,2026-10-08T13:00,1.1,2.1,247.0
TOS01001205,2026-10-08T13:15,0.8,1.4,104.0
TOS01001205,2026-10-08T13:30,1.0,2.3,72.0
TOS01001205,2026-10-08T13:45,1.4,3.1,96.0
TOS01001205,2026-10-08T14:00,1.2,4.1,176.0
TOS01001205,2026-10-08T14:15,1.8,4.4,237.0
TOS01001205,2026-10-08T14:30,1.9,4.5,231.0
TOS01001205,2026-10-08T14:45,2.3,7.4,230.0
TOS01001205,2026-10-08T15:00,1.2,2.6,133.0
TOS01001205,2026-10-08T15:15,0.7,2.0,118.0
TOS01001205,2026-10-08T15:30,1.0,2.9,230.0
TOS01001205,2026-10-08T15:45,0.9,2.6,212.0
TOS01001205,2026-10-08T16:00,0.9,2.2,176.0
TOS01001205,2026-10-08T16:15,1.2,2.9,157.0
TOS01001205,2026-10-08T16:30,0.8,1.7,131.0
TOS01001205,2026-10-08T16:45,0.9,1.5,159.0
TOS01001205,2026-10-08T17:00,1.0,1.8,122.0
TOS01001205,2026-10-08T17:15,1.3,2.3,116.0
TOS01001205,2026-10-08T17:30,1.0,1.9,136.0
TOS01001205,2026-10-08T17:45,1.0,1.9,130.0
TOS01001205,2026-10-08T18:00,1.3,2.4,124.0
TOS01001205,2026-10-08T18:15,1.5,3.6,143.0
TOS01001205,2026-10-08T18:30,1.2,3.3,146.0
TOS01001205,2026-10-08T18:45,1.1,2.3,139.0
TOS01001205,2026-10-08T19:00,0.8,1.9,125.0
TOS01001205,2026-10-08T19:15,0.7,1.3,130.0
TOS01001205,2026-10-08T19:30,0.9,1.6,108.0
TOS01001205,2026-10-08T19:45,0.4,0.9,100.0
TOS01001205,2026-10-08T20:00,0.5,1.2,65.0
TOS01001205,2026-10-08T20:15,0.7,1.1,77.0
TOS01001205,2026-10-08T20:30,0.9,2.2,88.0
TOS01001205,2026-10-08T20:45,0.6,1.1,123.0
TOS01001205,2026-10-08T21:00,0.5,1.1,115.0
TOS01001205,2026-10-08T21:15,0.8,1.3,105.0
TOS01001205,2026-10-08T21:30,0.8,1.3,108.0
TOS01001205,2026-10-08T21:45,1.0,2.1,137.0
TOS01001205,2026-10-08T22:00,1.0,2.2,114.0
TOS01001205,2026-10-08T22:15,0.7,1.6,94.0
TOS01001205,2026-10-08T22:30,0.5,1.0,69.0
TOS01001205,2026-10-08T22:45,0.8,1.3,58.0
TOS01001205,2026-10-08T23:00,1.2,2.7,231.0
TOS01001205,2026-10-08T23:15,1.2,2.9,184.0
TOS01001205,2026-10-08T23:30,1.0,2.3,122.0
TOS01001205,2026-10-08T23:45,0.9,1.6,107.0
TOS01001269,2026-10-08T00:00,0.9,1.4,85.0
TOS01001269,2026-10-08T00:15,1.3,1.9,82.0
TOS01001269,2026-10-08T00:30,1.6,3.0,100.0
TOS01001269,2026-10-08T00:45,1.5,2.8,106.0
TOS01001269,2026-10-08T01:00,1.5,2.7,107.0
TOS01001269,2026-10-08T01:15,2.6,5.7,122.0
TOS01001269,2026-10-08T01:30,2.9,5.0,136.0
TOS01001269,2026-10-08T01:45,2.9,4.5,133.0
TOS01001269,2026-10-08T02:00,2.7,4.2,129.0
TOS01001269,2026-10-08T02:15,3.0,4.4,133.0
TOS01001269,2026-10-08T02:30,2.9,4.7,137.0
TOS01001269,2026-10-08T02:45,2.7,3.8,139.0
TOS01001269,2026-10-08T03:00,1.9,2.8,119.0
TOS01001269,2026-10-08T03:15,1.3,2.3,87.0
TOS01001269,2026-10-08T03:30,1.3,2.7,80.0
TOS01001269,2026-10-08T03:45,1.1,2.2,57.0
TOS01001269,2026-10-08T04:00,1.0,2.2,61.0
TOS01001269,2026-10-08T04:15,0.6,1.2,213.0
TOS01001269,2026-10-08T04:30,0.8,2.3,198.0
TOS01001269,2026-10-08T04:45,1.6,2.2,227.0
TOS01001269,2026-10-08T05:00,1.3,1.8,201.0
TOS01001269,2026-10-08T05:15,0.6,1.1,229.0
TOS01001269,2026-10-08T05:30,0.8,1.7,251.0
TOS01001269,2026-10-08T05:45,0.9,1.7,322.0
TOS01001269,2026-10-08T06:00,1.1,1.9,142.0
TOS01001269,2026-10-08T06:15,1.8,3.0,81.0
TOS01001269,2026-10-08T06:30,0.9,1.5,112.0
TOS01001269,2026-10-08T06:45,1.2,1.8,107.0
TOS01001269,2026-10-08T07:00,0.9,1.3,40.0
TOS01001269,2026-10-08T07:15,0.8,1.2,48.0
TOS01001269,2026-10-08T07:30,0.7,1.2,162.0
TOS01001269,2026-10-08T07:45,0.3,0.7,324.0
TOS01001269,2026-10-08T08:00,0.6,1.1,351.0
TOS01001269,2026-10-08T08:15,0.5,0.9,305.0
TOS01001269,2026-10-08T08:30,0.8,1.7,194.0
TOS01001269,2026-10-08T08:45,1.3,2.2,229.0
TOS01001269,2026-10-08T09:00,1.1,2.0,259.0
TOS01001269,2026-10-08T09:15,0.8,1.5,268.0
TOS01001269,2026-10-08T09:30,0.8,1.5,300.0
TOS01001269,2026-10-08T09:45,1.0,2.6,308.0
TOS01001269,2026-10-08T10:00,1.2,2.5,24.0
TOS01001269,2026-10-08T10:15,0.6,1.4,301.0
TOS01001269,2026-10-08T10:30,0.8,1.8,88.0
TOS01001269,2026-10-08T10:45,1.1,2.1,147.0
TOS01001269,2026-10-08T11:00,0.9,1.8,113.0
TOS01001269,2026-10-08T11:15,0.9,2.2,9.0
TOS01001269,2026-10-08T11:30,3.7,12.1,341.0
TOS01001269,2026-10-08T11:45,3.3,6.4,303.0
TOS01001269,2026-10-08T12:00,2.3,4.3,323.0
TOS01001269,2026-10-08T12:15,1.2,2.8,344.0
TOS01001269,2026-10-08T12:30,1.2,1.8,327.0
TOS01001269,2026-10-08T12:45,1.5,2.9,346.0
TOS01001269,2026-10-08T13:00,1.1,2.3,73.0
TOS01001269,2026-10-08T13:15,1.1,2.2,198.0
TOS01001269,2026-10-08T13:30,0.8,2.4,225.0
TOS01001269,2026-10-08T13:45,1.1,2.2,174.0
TOS01001269,2026-10-08T14:00,1.1,2.9,323.0
TOS01001269,2026-10-08T14:15,0.9,2.4,163.0
TOS01001269,2026-10-08T14:30,1.2,1.9,291.0
TOS01001269,2026-10-08T14:45,1.7,4.6,282.0
TOS01001269,2026-10-08T15:00,3.0,6.6,272.0
TOS01001269,2026-10-08T15:15,2.8,6.0,272.0
TOS01001269,2026-10-08T15:30,3.1,6.4,265.0
TOS01001269,2026-10-08T15:45,2.1,4.1,257.0
TOS01001269,2026-10-08T16:00,1.6,3.3,262.0
TOS01001269,2026-10-08T16:15,1.0,2.2,286.0
TOS01001269,2026-10-08T16:30,0.9,2.5,278.0
TOS01001269,2026-10-08T16:45,0.8,2.3,278.0
TOS01001269,2026-10-08T17:00,0.5,1.0,282.0
TOS01001269,2026-10-08T17:15,1.5,2.9,221.0
TOS01001269,2026-10-08T17:30,2.0,4.8,245.0
TOS01001269,2026-10-08T17:45,1.8,3.7,229.0
TOS01001269,2026-10-08T18:00,1.0,1.8,251.0
TOS01001269,2026-10-08T18:15,0.9,2.1,278.0
TOS01001269,2026-10-08T18:30,0.8,2.2,299.0
TOS01001269,2026-10-08T18:45,0.8,1.8,277.0
TOS01001269,2026-10-08T19:00,0.8,1.9,304.0
TOS01001269,2026-10-08T19:15,0.8,2.6,281.0
TOS01001269,2026-10-08T19:30,1.6,3.2,237.0
TOS01001269,2026-10-08T19:45,2.1,3.2,243.0
TOS01001269,2026-10-08T20:00,1.5,2.6,267.0
TOS01001269,2026-10-08T20:15,1.0,1.9,264.0
TOS01001269,2026-10-08T20:30,0.7,1.3,200.0
TOS01001269,2026-10-08T20:45,1.4,1.7,180.0
TOS01001269,2026-10-08T21:00,0.9,1.7,211.0
TOS01001269,2026-10-08T21:15,0.4,1.0,215.0
TOS01001269,2026-10-08T21:30,0.6,1.4,103.0
TOS01001269,2026-10-08T21:45,1.5,1.9,91.0
TOS01001269,2026-10-08T22:00,1.6,2.4,111.0
TOS01001269,2026-10-08T22:15,1.5,2.4,110.0
TOS01001269,2026-10-08T22:30,1.8,3.1,172.0
TOS01001269,2026-10-08T22:45,2.0,3.1,220.0
TOS01001269,2026-10-08T23:00,1.1,2.9,259.0
TOS01001269,2026-10-08T23:15,0.4,1.1,281.0
TOS01001269,2026-10-08T23:30,1.2,2.2,334.0
TOS01001269,2026-10-08T23:45,0.7,1.5,337.0
TOS01004007,2026-10-08T00:00,1.0,1.8,58.0
TOS01004007,2026-10-08T00:15,0.9,1.6,37.0
TOS01004007,2026-10-08T00:30,0.8,1.4,63.0
TOS01004007,2026-10-08T00:45,1.2,2.8,48.0
TOS01004007,2026-10-08T01:00,1.5,2.4,63.0
TOS01004007,2026-10-08T01:15,1.9,5.4,108.0
TOS01004007,2026-10-08T01:30,1.8,3.4,77.0
TOS01004007,2026-10-08T01:45,1.7,3.4,68.0
TOS01004007,2026-10-08T02:00,2.1,4.3,59.0
TOS01004007,2026-10-08T02:15,1.4,2.5,60.0
TOS01004007,2026-10-08T02:30,1.4,2.6,64.0
TOS01004007,2026-10-08T02:45,1.3,2.2,83.0
TOS01004007,2026-10-08T03:00,1.3,2.1,84.0
TOS01004007,2026-10-08T03:15,0.9,1.6,28.0
TOS01004007,2026-10-08T03:30,1.3,2.7,16.0
TOS01004007,2026-10-08T03:45,1.0,2.1,338.0
TOS01004007,2026-10-08T04:00,1.1,2.3,297.0
TOS01004007,2026-10-08T04:15,1.4,9.1,150.0
TOS01004007,2026-10-08T04:30,6.5,11.2,194.0
TOS01004007,2026-10-08T04:45,2.6,5.9,122.0
TOS01004007,2026-10-08T05:00,2.6,6.2,118.0
TOS01004007,2026-10-08T05:15,1.8,4.5,108.0
TOS01004007,2026-10-08T05:30,1.2,2.9,102.0
TOS01004007,2026-10-08T05:45,1.0,1.9,95.0
TOS01004007,2026-10-08T06:00,1.4,2.2,68.0
TOS01004007,2026-10-08T06:15,1.6,3.5,77.0
TOS01004007,2026-10-08T06:30,1.2,2.9,77.0
TOS01004007,2026-10-08T06:45,1.4,2.4,69.0
TOS01004007,2026-10-08T07:00,1.7,3.5,58.0
TOS01004007,2026-10-08T07:15,1.5,3.5,67.0
TOS01004007,2026-10-08T07:30,1.7,3.3,65.0
TOS01004007,2026-10-08T07:45,1.7,3.2,75.0
TOS01004007,2026-10-08T08:00,1.7,3.7,109.0
TOS01004007,2026-10-08T08:15,1.9,3.4,111.0
TOS01004007,2026-10-08T08:30,2.4,5.2,104.0
TOS01004007,2026-10-08T08:45,2.3,4.7,102.0
TOS01004007,2026-10-08T09:00,2.6,4.0,96.0
TOS01004007,2026-10-08T09:15,1.6,3.8,123.0
TOS01004007,2026-10-08T09:30,0.9,2.1,103.0
TOS01004007,2026-10-08T09:45,1.4,3.1,107.0
TOS01004007,2026-10-08T10:00,1.7,3.5,106.0
TOS01004007,2026-10-08T10:15,2.1,3.9,131.0
TOS01004007,2026-10-08T10:30,2.9,4.9,118.0
TOS01004007,2026-10-08T10:45,3.2,6.1,117.0
TOS01004007,2026-10-08T11:15,2.1,3.6,110.0
TOS01004007,2026-10-08T11:30,2.6,5.6,127.0
TOS01004007,2026-10-08T12:30,2.0,5.1,132.0
TOS01004007,2026-10-08T12:45,2.2,6.9,127.0
TOS01004007,2026-10-08T13:00,1.9,4.3,124.0
TOS01004007,2026-10-08T13:15,2.1,5.1,143.0
TOS01004007,2026-10-08T13:30,2.4,4.5,148.0
TOS01004007,2026-10-08T13:45,2.6,4.2,173.0
TOS01004007,2026-10-08T14:00,3.3,5.9,207.0
TOS01004007,2026-10-08T14:15,3.2,6.0,230.0
TOS01004007,2026-10-08T14:30,3.2,6.4,218.0
TOS01004007,2026-10-08T14:45,2.3,4.4,212.0
TOS01004007,2026-10-08T15:00,2.1,4.3,202.0
TOS01004007,2026-10-08T15:15,2.1,4.0,210.0
TOS01004007,2026-10-08T15:30,1.6,3.4,200.0
TOS01004007,2026-10-08T15:45,3.6,10.1,282.0
TOS01004007,2026-10-08T16:00,1.7,4.5,13.0
TOS01004007,2026-10-08T16:15,1.7,3.3,52.0
TOS01004007,2026-10-08T16:30,1.9,4.5,75.0
TOS01004007,2026-10-08T16:45,1.8,3.9,139.0
TOS01004007,2026-10-08T17:00,2.0,4.3,135.0
TOS01004007,2026-10-08T17:15,2.3,6.1,182.0
TOS01004007,2026-10-08T17:30,2.5,5.7,193.0
TOS01004007,2026-10-08T17:45,3.5,6.5,200.0
TOS01004007,2026-10-08T18:00,3.8,5.6,195.0
TOS01004007,2026-10-08T18:15,3.0,8.0,205.0
TOS01004007,2026-10-08T18:30,2.6,6.2,209.0
TOS01004007,2026-10-08T18:45,2.9,5.3,199.0
TOS01004007,2026-10-08T19:00,2.7,5.1,191.0
TOS01004007,2026-10-08T19:15,2.7,5.6,189.0
TOS01004007,2026-10-08T19:30,2.2,4.7,180.0
TOS01004007,2026-10-08T19:45,1.8,3.2,176.0
TOS01004007,2026-10-08T20:00,2.1,3.2,184.0
TOS01004007,2026-10-08T20:15,2.3,4.8,193.0
TOS01004007,2026-10-08T20:30,2.1,4.4,202.0
TOS01004007,2026-10-08T20:45,2.4,5.1,207.0
TOS01004007,2026-10-08T21:00,3.6,8.2,220.0
TOS01004007,2026-10-08T21:15,3.3,6.5,237.0
TOS01004007,2026-10-08T21:30,2.4,6.0,247.0
TOS01004007,2026-10-08T21:45,0.9,2.2,251.0
TOS01004007,2026-10-08T22:00,0.9,1.9,347.0
TOS01004007,2026-10-08T22:15,2.1,3.8,26.0
TOS01004007,2026-10-08T22:30,1.2,2.3,23.0
TOS01004007,2026-10-08T22:45,1.4,2.4,2.0
TOS01004007,2026-10-08T23:00,1.1,2.4,46.0
TOS01004007,2026-10-08T23:15,1.4,3.4,152.0
TOS01004007,2026-10-08T23:30,1.9,3.9,332.0
TOS01004007,2026-10-08T23:45,1.6,3.0,33.0
TOS01004971,2026-10-08T00:00,1.2,2.9,162.0
TOS01004971,2026-10-08T00:15,1.3,2.8,155.0
TOS01004971,2026-10-08T00:30,2.1,3.6,141.0
TOS01004971,2026-10-08T00:45,2.4,4.2,136.0
TOS01004971,2026-10-08T01:00,1.8,3.5,135.0
TOS01004971,2026-10-08T01:15,1.8,3.6,138.0
TOS01004971,2026-10-08T01:30,1.4,2.7,148.0
TOS01004971,2026-10-08T01:45,1.1,2.4,149.0
TOS01004971,2026-10-08T02:00,1.3,2.3,138.0
TOS01004971,2026-10-08T02:15,1.0,2.0,143.0
TOS01004971,2026-10-08T02:30,1.7,3.6,126.0
TOS01004971,2026-10-08T02:45,1.5,2.7,152.0
TOS01004971,2026-10-08T03:00,1.9,3.7,139.0
TOS01004971,2026-10-08T03:15,1.4,2.8,159.0
TOS01004971,2026-10-08T03:30,1.1,2.0,168.0
TOS01004971,2026-10-08T03:45,1.2,3.0,161.0
TOS01004971,2026-10-08T04:00,1.5,3.1,142.0
TOS01004971,2026-10-08T04:15,1.7,3.3,146.0
TOS01004971,2026-10-08T04:30,1.2,2.3,158.0
TOS01004971,2026-10-08T04:45,1.2,2.4,138.0
TOS01004971,2026-10-08T05:00,0.9,2.2,194.0
TOS01004971,2026-10-08T05:15,0.5,1.2,236.0
TOS01004971,2026-10-08T05:30,0.7,1.3,291.0
TOS01004971,2026-10-08T05:45,0.4,0.9,232.0
TOS01004971,2026-10-08T06:00,0.7,1.6,165.0
TOS01004971,2026-10-08T06:15,0.8,1.5,177.0
TOS01004971,2026-10-08T06:30,0.6,1.3,174.0
TOS01004971,2026-10-08T06:45,0.9,1.9,314.0
TOS01004971,2026-10-08T07:00,0.7,2.0,328.0
TOS01004971,2026-10-08T07:15,0.5,2.0,310.0
TOS01004971,2026-10-08T07:30,0.6,1.6,309.0
TOS01004971,2026-10-08T07:45,0.4,1.3,300.0
TOS01004971,2026-10-08T08:00,0.5,1.5,161.0
TOS01004971,2026-10-08T08:15,0.9,1.9,139.0
TOS01004971,2026-10-08T08:30,1.7,3.3,130.0
TOS01004971,2026-10-08T08:45,1.7,3.1,136.0
TOS01004971,2026-10-08T09:00,1.1,2.5,158.0
TOS01004971,2026-10-08T09:15,1.7,3.3,155.0
TOS01004971,2026-10-08T09:30,1.6,2.6,152.0
TOS01004971,2026-10-08T09:45,1.8,3.9,147.0
TOS01004971,2026-10-08T10:00,2.3,4.3,135.0
TOS01004971,2026-10-08T10:15,2.5,4.5,144.0
TOS01004971,2026-10-08T10:30,2.5,4.4,140.0
TOS01004971,2026-10-08T10:45,1.9,4.1,141.0
TOS01004971,2026-10-08T11:00,2.4,4.6,120.0
TOS01004971,2026-10-08T11:15,2.6,9.1,146.0
TOS01004971,2026-10-08T11:30,3.8,12.9,321.0
TOS01004971,2026-10-08T11:45,0.7,1.6,226.0
TOS01004971,2026-10-08T12:00,1.0,3.3,143.0
TOS01004971,2026-10-08T12:15,0.9,2.5,171.0
TOS01004971,2026-10-08T12:30,0.6,1.4,270.0
TOS01004971,2026-10-08T12:45,1.6,3.3,190.0
TOS01004971,2026-10-08T13:00,1.2,3.5,244.0
TOS01004971,2026-10-08T13:15,0.9,3.1,244.0
TOS01004971,2026-10-08T13:30,1.4,4.6,257.0
TOS01004971,2026-10-08T13:45,1.1,3.4,248.0
TOS01004971,2026-10-08T14:00,1.2,3.8,269.0
TOS01004971,2026-10-08T14:15,1.4,3.5,245.0
TOS01004971,2026-10-08T14:30,1.3,3.6,232.0
TOS01004971,2026-10-08T14:45,1.4,4.7,224.0
TOS01004971,2026-10-08T15:00,1.3,2.8,231.0
TOS01004971,2026-10-08T15:15,0.9,3.1,226.0
TOS01004971,2026-10-08T15:30,0.8,2.9,275.0
TOS01004971,2026-10-08T15:45,0.4,2.0,280.0
TOS01004971,2026-10-08T16:00,0.7,2.3,230.0
TOS01004971,2026-10-08T16:15,0.9,2.5,217.0
TOS01004971,2026-10-08T16:30,1.1,2.6,209.0
TOS01004971,2026-10-08T16:45,0.9,2.1,203.0
TOS01004971,2026-10-08T17:00,0.9,1.9,176.0
TOS01004971,2026-10-08T17:15,0.8,1.9,156.0
TOS01004971,2026-10-08T17:30,0.4,0.9,202.0
TOS01004971,2026-10-08T17:45,0.4,1.1,220.0
TOS01004971,2026-10-08T18:00,0.8,2.3,230.0
TOS01004971,2026-10-08T18:15,0.9,2.1,216.0
TOS01004971,2026-10-08T18:30,0.8,1.9,182.0
TOS01004971,2026-10-08T18:45,0.9,1.3,168.0
TOS01004971,2026-10-08T19:00,1.0,1.7,153.0
TOS01004971,2026-10-08T19:15,0.5,0.8,183.0
TOS01004971,2026-10-08T19:30,0.5,0.9,152.0
TOS01004971,2026-10-08T19:45,0.6,1.1,158.0
TOS01004971,2026-10-08T20:00,0.9,1.5,163.0
TOS01004971,2026-10-08T20:15,1.0,1.9,163.0
TOS01004971,2026-10-08T20:30,0.9,1.5,162.0
TOS01004971,2026-10-08T20:45,0.6,1.2,171.0
TOS01004971,2026-10-08T21:00,0.9,1.3,165.0
TOS01004971,2026-10-08T21:15,0.8,1.7,171.0
TOS01004971,2026-10-08T21:30,0.9,1.5,172.0
TOS01004971,2026-10-08T21:45,0.9,1.9,166.0
TOS01004971,2026-10-08T22:00,1.0,3.2,161.0
TOS01004971,2026-10-08T22:15,1.2,2.9,151.0
TOS01004971,2026-10-08T22:30,0.5,1.0,203.0
TOS01004971,2026-10-08T22:45,0.5,1.2,310.0
TOS01004971,2026-10-08T23:00,0.6,1.1,318.0
TOS01004971,2026-10-08T23:15,1.1,3.2,317.0
TOS01004971,2026-10-08T23:30,0.8,2.0,319.0
TOS01004971,2026-10-08T23:45,0.8,1.5,323.0
TOS01005251,2026-10-08T00:00,2.6,3.8,129.0
TOS01005251,2026-10-08T00:15,2.6,5.2,167.0
TOS01005251,2026-10-08T00:30,3.8,6.2,206.0
TOS01005251,2026-10-08T00:45,3.9,6.6,201.0
TOS01005251,2026-10-08T01:00,4.0,6.8,190.0
TOS01005251,2026-10-08T01:15,4.5,7.5,188.0
TOS01005251,2026-10-08T01:30,3.9,6.8,182.0
TOS01005251,2026-10-08T01:45,2.4,5.4,124.0
TOS01005251,2026-10-08T02:00,2.8,3.7,129.0
TOS01005251,2026-10-08T02:15,2.5,3.7,122.0
TOS01005251,2026-10-08T02:30,3.0,4.4,135.0
TOS01005251,2026-10-08T02:45,3.2,4.9,140.0
TOS01005251,2026-10-08T03:00,3.5,5.7,165.0
TOS01005251,2026-10-08T03:15,3.4,5.5,162.0
TOS01005251,2026-10-08T03:30,3.4,6.0,156.0
TOS01005251,2026-10-08T03:45,4.2,7.2,164.0
TOS01005251,2026-10-08T04:00,5.8,11.7,172.0
TOS01005251,2026-10-08T04:15,6.3,12.7,223.0
TOS01005251,2026-10-08T04:30,7.7,12.4,278.0
TOS01005251,2026-10-08T04:45,2.4,7.4,296.0
TOS01005251,2026-10-08T05:00,2.0,3.5,23.0
TOS01005251,2026-10-08T05:15,3.0,4.3,82.0
TOS01005251,2026-10-08T05:30,3.1,5.1,81.0
TOS01005251,2026-10-08T05:45,3.3,4.3,82.0
TOS01005251,2026-10-08T06:00,2.8,3.5,87.0
TOS01005251,2026-10-08T06:15,2.8,3.5,87.0
TOS01005251,2026-10-08T06:30,2.2,3.4,96.0
TOS01005251,2026-10-08T06:45,2.6,3.8,94.0
TOS01005251,2026-10-08T07:00,2.8,4.1,116.0
TOS01005251,2026-10-08T07:15,3.5,5.2,117.0
TOS01005251,2026-10-08T07:30,3.1,4.4,116.0
TOS01005251,2026-10-08T07:45,3.3,4.9,122.0
TOS01005251,2026-10-08T08:00,3.3,5.1,122.0
TOS01005251,2026-10-08T08:15,3.1,4.7,119.0
TOS01005251,2026-10-08T08:30,2.8,4.2,133.0
TOS01005251,2026-10-08T08:45,4.0,6.0,128.0
TOS01005251,2026-10-08T09:00,4.3,6.3,122.0
TOS01005251,2026-10-08T09:15,4.5,7.5,125.0
TOS01005251,2026-10-08T09:30,3.6,5.8,130.0
TOS01005251,2026-10-08T09:45,3.4,5.5,127.0
TOS01005251,2026-10-08T10:00,2.3,4.9,145.0
TOS01005251,2026-10-08T10:15,3.6,5.1,95.0
TOS01005251,2026-10-08T10:30,2.6,3.9,119.0
TOS01005251,2026-10-08T10:45,1.7,3.9,97.0
TOS01005251,2026-10-08T11:00,3.2,4.4,67.0
TOS01005251,2026-10-08T11:15,2.0,3.3,70.0
TOS01005251,2026-10-08T11:30,1.8,3.7,39.0
TOS01005251,2026-10-08T11:45,2.7,5.8,3.0
TOS01005251,2026-10-08T12:00,2.5,4.9,315.0
TOS01005251,2026-10-08T12:15,5.2,9.1,249.0
TOS01005251,2026-10-08T12:30,7.0,8.9,250.0
TOS01005251,2026-10-08T12:45,7.8,10.2,254.0
TOS01005251,2026-10-08T13:00,7.1,9.7,254.0
TOS01005251,2026-10-08T13:15,7.8,10.6,252.0
TOS01005251,2026-10-08T13:30,8.8,10.7,259.0
TOS01005251,2026-10-08T13:45,8.7,10.2,260.0
TOS01005251,2026-10-08T14:00,8.1,10.5,256.0
TOS01005251,2026-10-08T14:15,7.8,10.0,255.0
TOS01005251,2026-10-08T14:30,7.2,9.8,256.0
TOS01005251,2026-10-08T14:45,6.6,8.7,255.0
TOS01005251,2026-10-08T15:00,6.3,9.4,249.0
TOS01005251,2026-10-08T15:15,5.9,8.5,245.0
TOS01005251,2026-10-08T15:30,5.6,9.1,245.0
TOS01005251,2026-10-08T15:45,6.3,9.3,251.0
TOS01005251,2026-10-08T16:00,7.1,10.4,243.0
TOS01005251,2026-10-08T16:15,7.0,9.5,240.0
TOS01005251,2026-10-08T16:30,7.2,9.9,240.0
TOS01005251,2026-10-08T16:45,8.0,10.9,245.0
TOS01005251,2026-10-08T17:00,9.2,12.6,251.0
TOS01005251,2026-10-08T17:15,9.8,13.2,253.0
TOS01005251,2026-10-08T17:30,10.4,14.6,249.0
TOS01005251,2026-10-08T17:45,9.1,14.2,251.0
TOS01005251,2026-10-08T18:00,10.3,13.4,249.0
TOS01005251,2026-10-08T18:15,10.7,14.3,251.0
TOS01005251,2026-10-08T18:30,9.6,13.4,252.0
TOS01005251,2026-10-08T18:45,9.2,13.0,250.0
TOS01005251,2026-10-08T19:00,8.6,11.5,257.0
TOS01005251,2026-10-08T19:15,7.9,10.6,251.0
TOS01005251,2026-10-08T19:30,8.2,11.7,250.0
TOS01005251,2026-10-08T19:45,8.2,10.7,252.0
TOS01005251,2026-10-08T20:00,8.1,10.9,256.0
TOS01005251,2026-10-08T20:15,8.4,11.1,255.0
TOS01005251,2026-10-08T20:30,8.0,10.2,255.0
TOS01005251,2026-10-08T20:45,7.2,9.7,251.0
TOS01005251,2026-10-08T21:00,8.8,11.6,256.0
TOS01005251,2026-10-08T21:15,9.8,12.7,261.0
TOS01005251,2026-10-08T21:30,9.1,12.1,263.0
TOS01005251,2026-10-08T21:45,9.4,11.7,264.0
TOS01005251,2026-10-08T22:00,7.9,11.7,271.0
TOS01005251,2026-10-08T22:15,6.8,9.8,275.0
TOS01005251,2026-10-08T22:30,7.5,13.0,274.0
TOS01005251,2026-10-08T22:45,8.6,11.6,270.0
TOS01005251,2026-10-08T23:00,7.6,11.6,277.0
TOS01005251,2026-10-08T23:15,8.4,10.6,264.0
TOS01005251,2026-10-08T23:30,7.2,11.8,272.0
TOS01005251,2026-10-08T23:45,8.8,13.5,264.0
TOS02000108,2026-10-08T00:00,1.1,3.7,210.0
TOS02000108,2026-10-08T00:15,1.5,3.9,262.0
TOS02000108,2026-10-08T00:30,1.5,4.2,281.0
TOS02000108,2026-10-08T00:45,1.3,4.5,318.0
TOS02000108,2026-10-08T01:00,0.9,2.7,200.0
TOS02000108,2026-10-08T01:15,1.3,3.6,300.0
TOS02000108,2026-10-08T01:30,1.5,3.1,297.0
TOS02000108,2026-10-08T01:45,1.5,3.9,264.0
TOS02000108,2026-10-08T02:00,1.6,3.2,298.0
TOS02000108,2026-10-08T02:15,1.5,2.9,288.0
TOS02000108,2026-10-08T02:30,1.6,3.4,273.0
TOS02000108,2026-10-08T02:45,2.0,4.7,273.0
TOS02000108,2026-10-08T03:00,2.3,5.5,293.0
TOS02000108,2026-10-08T03:15,1.5,3.0,308.0
TOS02000108,2026-10-08T03:30,2.0,5.7,223.0
TOS02000108,2026-10-08T03:45,1.9,7.7,201.0
TOS02000108,2026-10-08T04:00,1.3,4.2,222.0
TOS02000108,2026-10-08T04:15,2.2,7.8,165.0
TOS02000108,2026-10-08T04:30,2.5,6.0,253.0
TOS02000108,2026-10-08T04:45,1.6,3.9,294.0
TOS02000108,2026-10-08T05:00,1.1,3.4,333.0
TOS02000108,2026-10-08T05:15,1.0,1.9,15.0
TOS02000108,2026-10-08T05:30,1.3,2.2,10.0
TOS02000108,2026-10-08T05:45,1.5,2.0,11.0
TOS02000108,2026-10-08T06:00,1.3,2.1,10.0
TOS02000108,2026-10-08T06:15,1.3,1.7,11.0
TOS02000108,2026-10-08T06:30,1.4,2.3,357.0
TOS02000108,2026-10-08T06:45,1.3,2.1,345.0
TOS02000108,2026-10-08T07:00,1.1,1.5,349.0
TOS02000108,2026-10-08T07:15,0.9,1.5,20.0
TOS02000108,2026-10-08T07:30,1.1,2.3,332.0
TOS02000108,2026-10-08T07:45,1.2,2.5,331.0
TOS02000108,2026-10-08T08:00,1.1,2.8,319.0
TOS02000108,2026-10-08T08:15,0.8,1.6,303.0
TOS02000108,2026-10-08T08:30,0.8,2.1,299.0
TOS02000108,2026-10-08T08:45,1.1,2.9,271.0
TOS02000108,2026-10-08T09:00,1.1,2.9,263.0
TOS02000108,2026-10-08T09:15,1.2,2.8,273.0
TOS02000108,2026-10-08T09:30,1.4,4.9,229.0
TOS02000108,2026-10-08T09:45,1.4,3.8,304.0
TOS02000108,2026-10-08T10:00,1.8,3.8,269.0
TOS02000108,2026-10-08T10:15,1.4,3.4,253.0
TOS02000108,2026-10-08T10:30,1.1,2.7,298.0
TOS02000108,2026-10-08T10:45,1.6,4.0,296.0
TOS02000108,2026-10-08T11:00,1.2,2.8,305.0
TOS02000108,2026-10-08T11:15,1.0,2.3,302.0
TOS02000108,2026-10-08T11:30,1.1,2.3,297.0
TOS02000108,2026-10-08T11:45,1.2,2.4,280.0
TOS02000108,2026-10-08T12:00,0.9,2.3,259.0
TOS02000108,2026-10-08T12:15,1.3,4.9,287.0
TOS02000108,2026-10-08T12:30,1.8,5.4,278.0
TOS02000108,2026-10-08T12:45,1.6,3.0,280.0
TOS02000108,2026-10-08T13:00,1.4,4.3,289.0
TOS02000108,2026-10-08T13:15,1.8,4.0,286.0
TOS02000108,2026-10-08T13:30,2.4,5.0,290.0
TOS02000108,2026-10-08T13:45,2.1,5.0,293.0
TOS02000108,2026-10-08T14:00,2.2,5.7,273.0
TOS02000108,2026-10-08T14:15,2.0,4.6,272.0
TOS02000108,2026-10-08T14:30,2.1,5.7,288.0
TOS02000108,2026-10-08T14:45,2.1,4.4,283.0
TOS02000108,2026-10-08T15:00,1.9,3.9,287.0
TOS02000108,2026-10-08T15:15,1.2,3.2,290.0
TOS02000108,2026-10-08T15:30,2.0,6.2,294.0
TOS02000108,2026-10-08T15:45,1.5,4.0,299.0
TOS02000108,2026-10-08T16:00,2.5,4.8,290.0
TOS02000108,2026-10-08T16:15,1.4,3.0,307.0
TOS02000108,2026-10-08T16:30,1.7,6.2,315.0
TOS02000108,2026-10-08T16:45,2.1,4.4,293.0
TOS02000108,2026-10-08T17:00,1.5,4.2,275.0
TOS02000108,2026-10-08T17:15,2.4,5.2,287.0
TOS02000108,2026-10-08T17:30,2.5,6.6,289.0
TOS02000108,2026-10-08T17:45,2.7,5.3,302.0
TOS02000108,2026-10-08T18:00,2.5,5.9,303.0
TOS02000108,2026-10-08T18:15,2.0,4.2,283.0
TOS02000108,2026-10-08T18:30,2.3,5.2,294.0
TOS02000108,2026-10-08T18:45,2.2,5.1,306.0
TOS02000108,2026-10-08T19:00,2.2,8.0,287.0
TOS02000108,2026-10-08T19:15,1.8,3.7,300.0
TOS02000108,2026-10-08T19:30,2.2,4.0,286.0
TOS02000108,2026-10-08T19:45,1.8,4.8,290.0
TOS02000108,2026-10-08T20:00,1.7,3.4,290.0
TOS02000108,2026-10-08T20:15,1.3,2.7,281.0
TOS02000108,2026-10-08T20:30,1.2,2.5,285.0
TOS02000108,2026-10-08T20:45,1.4,3.0,258.0
TOS02000108,2026-10-08T21:00,2.1,4.9,288.0
TOS02000108,2026-10-08T21:15,2.1,6.2,309.0
TOS02000108,2026-10-08T21:30,2.0,5.1,304.0
TOS02000108,2026-10-08T21:45,2.3,5.6,291.0
TOS02000108,2026-10-08T22:00,2.0,4.3,283.0
TOS02000108,2026-10-08T22:15,1.2,3.2,197.0
TOS02000108,2026-10-08T22:30,1.4,3.8,229.0
TOS02000108,2026-10-08T22:45,1.3,3.6,252.0
TOS02000108,2026-10-08T23:00,1.5,3.4,312.0
TOS02000108,2026-10-08T23:15,1.5,2.7,297.0
TOS02000108,2026-10-08T23:30,1.8,4.6,293.0
TOS02000108,2026-10-08T23:45,1.4,4.8,309.0
TOS02000275,2026-10-08T00:00,6.0,9.2,255.0
TOS02000275,2026-10-08T00:15,5.2,8.8,265.0
TOS02000275,2026-10-08T00:30,5.7,9.3,264.0
TOS02000275,2026-10-08T00:45,7.9,12.5,255.0
TOS02000275,2026-10-08T01:00,8.7,14.8,258.0
TOS02000275,2026-10-08T01:15,8.0,11.7,260.0
TOS02000275,2026-10-08T01:30,8.7,12.9,264.0
TOS02000275,2026-10-08T01:45,7.1,13.2,277.0
TOS02000275,2026-10-08T02:00,6.8,12.9,278.0
TOS02000275,2026-10-08T02:15,7.8,12.7,281.0
TOS02000275,2026-10-08T02:30,8.5,12.6,284.0
TOS02000275,2026-10-08T02:45,8.0,13.0,288.0
TOS02000275,2026-10-08T03:00,7.2,12.2,292.0
TOS02000275,2026-10-08T03:15,9.4,14.3,284.0
TOS02000275,2026-10-08T03:30,9.8,15.0,293.0
TOS02000275,2026-10-08T03:45,7.5,13.1,298.0
TOS02000275,2026-10-08T04:00,10.2,17.3,296.0
TOS02000275,2026-10-08T04:15,8.3,13.4,300.0
TOS02000275,2026-10-08T04:30,6.5,11.5,303.0
TOS02000275,2026-10-08T04:45,5.7,9.2,306.0
TOS02000275,2026-10-08T05:00,7.3,12.4,304.0
TOS02000275,2026-10-08T05:15,5.3,8.7,298.0
TOS02000275,2026-10-08T05:30,6.8,11.4,290.0
TOS02000275,2026-10-08T05:45,9.8,15.3,293.0
TOS02000275,2026-10-08T06:00,10.0,15.1,298.0
TOS02000275,2026-10-08T06:15,9.4,14.0,301.0
TOS02000275,2026-10-08T06:30,7.9,14.1,306.0
TOS02000275,2026-10-08T06:45,8.0,12.4,305.0
TOS02000275,2026-10-08T07:00,9.9,18.4,304.0
TOS02000275,2026-10-08T07:15,10.4,15.4,306.0
TOS02000275,2026-10-08T07:30,11.0,19.6,307.0
TOS02000275,2026-10-08T07:45,10.7,16.6,305.0
TOS02000275,2026-10-08T08:00,9.5,15.2,308.0
TOS02000275,2026-10-08T08:15,10.7,18.0,302.0
TOS02000275,2026-10-08T08:30,11.0,16.8,306.0
TOS02000275,2026-10-08T08:45,11.4,17.8,308.0
TOS02000275,2026-10-08T09:00,12.4,17.4,305.0
TOS02000275,2026-10-08T09:15,11.1,17.4,306.0
TOS02000275,2026-10-08T09:30,9.1,14.9,313.0
TOS02000275,2026-10-08T09:45,9.1,16.6,311.0
TOS02000275,2026-10-08T10:00,8.7,13.5,312.0
TOS02000275,2026-10-08T10:15,9.5,15.2,312.0
TOS02000275,2026-10-08T10:30,9.8,14.8,312.0
TOS02000275,2026-10-08T10:45,10.2,15.0,308.0
TOS02000275,2026-10-08T11:00,9.6,14.8,307.0
TOS02000275,2026-10-08T11:15,9.5,14.6,309.0
TOS02000275,2026-10-08T11:30,9.4,15.0,309.0
TOS02000275,2026-10-08T11:45,9.9,15.7,311.0
TOS02000275,2026-10-08T12:00,10.2,16.4,309.0
TOS02000275,2026-10-08T12:15,10.9,17.2,310.0
TOS02000275,2026-10-08T12:30,10.4,18.1,311.0
TOS02000275,2026-10-08T12:45,11.0,17.5,311.0
TOS02000275,2026-10-08T13:00,11.0,17.9,311.0
TOS02000275,2026-10-08T13:15,9.5,16.2,312.0
TOS02000275,2026-10-08T13:30,9.5,16.1,314.0
TOS02000275,2026-10-08T13:45,9.8,15.5,307.0
TOS02000275,2026-10-08T14:00,7.9,13.5,316.0
TOS02000275,2026-10-08T14:15,10.5,17.8,313.0
TOS02000275,2026-10-08T14:30,10.5,15.9,313.0
TOS02000275,2026-10-08T14:45,10.6,17.9,310.0
TOS02000275,2026-10-08T15:00,10.1,19.6,313.0
TOS02000275,2026-10-08T15:15,10.1,15.6,311.0
TOS02000275,2026-10-08T15:30,9.4,15.2,311.0
TOS02000275,2026-10-08T15:45,9.6,14.2,308.0
TOS02000275,2026-10-08T16:00,10.2,14.2,302.0
TOS02000275,2026-10-08T16:15,8.3,13.2,304.0
TOS02000275,2026-10-08T16:30,9.8,16.2,311.0
TOS02000275,2026-10-08T16:45,10.7,17.7,301.0
TOS02000275,2026-10-08T17:00,9.3,15.0,303.0
TOS02000275,2026-10-08T17:15,6.3,10.4,311.0
TOS02000275,2026-10-08T17:30,5.8,9.7,317.0
TOS02000275,2026-10-08T17:45,7.8,13.8,318.0
TOS02000275,2026-10-08T18:00,10.8,16.7,308.0
TOS02000275,2026-10-08T18:15,10.2,15.0,308.0
TOS02000275,2026-10-08T18:30,11.3,17.7,309.0
TOS02000275,2026-10-08T18:45,10.8,15.9,306.0
TOS02000275,2026-10-08T19:00,10.3,16.9,310.0
TOS02000275,2026-10-08T19:15,11.4,18.2,305.0
TOS02000275,2026-10-08T19:30,10.6,15.5,307.0
TOS02000275,2026-10-08T19:45,10.7,15.9,309.0
TOS02000275,2026-10-08T20:00,10.8,18.2,310.0
TOS02000275,2026-10-08T20:15,11.1,16.0,309.0
TOS02000275,2026-10-08T20:30,10.9,15.7,308.0
TOS02000275,2026-10-08T20:45,10.3,14.6,306.0
TOS02000275,2026-10-08T21:00,11.1,17.6,308.0
TOS02000275,2026-10-08T21:15,10.3,16.3,310.0
TOS02000275,2026-10-08T21:30,10.2,16.1,309.0
TOS02000275,2026-10-08T21:45,8.2,13.6,310.0
TOS02000275,2026-10-08T22:00,8.9,13.9,312.0
TOS02000275,2026-10-08T22:15,9.0,14.2,317.0
TOS02000275,2026-10-08T22:30,7.1,13.7,313.0
TOS02000275,2026-10-08T22:45,5.7,9.4,318.0
TOS02000275,2026-10-08T23:00,4.9,8.1,319.0
TOS02000275,2026-10-08T23:15,3.9,6.7,318.0
TOS02000275,2026-10-08T23:30,4.0,7.3,316.0
TOS02000275,2026-10-08T23:45,2.2,3.9,325.0
TOS02000329,2026-10-08T00:00,1.9,5.2,281.0
TOS02000329,2026-10-08T00:15,1.9,5.0,275.0
TOS02000329,2026-10-08T00:30,2.6,8.3,270.0
TOS02000329,2026-10-08T00:45,2.6,7.3,234.0
TOS02000329,2026-10-08T01:00,1.1,2.8,308.0
TOS02000329,2026-10-08T01:15,2.5,9.0,264.0
TOS02000329,2026-10-08T01:30,2.4,7.9,278.0
TOS02000329,2026-10-08T01:45,2.2,9.4,264.0
TOS02000329,2026-10-08T02:00,2.6,6.3,269.0
TOS02000329,2026-10-08T02:15,3.2,9.1,265.0
TOS02000329,2026-10-08T02:30,3.3,9.6,259.0
TOS02000329,2026-10-08T02:45,1.4,4.1,276.0
TOS02000329,2026-10-08T03:00,2.6,7.8,259.0
TOS02000329,2026-10-08T03:15,2.0,7.1,281.0
TOS02000329,2026-10-08T03:30,2.9,11.6,250.0
TOS02000329,2026-10-08T03:45,4.6,13.4,198.0
TOS02000329,2026-10-08T04:00,1.4,7.3,347.0
TOS02000329,2026-10-08T04:15,2.0,5.5,122.0
TOS02000329,2026-10-08T04:30,3.4,8.6,251.0
TOS02000329,2026-10-08T04:45,3.4,7.7,271.0
TOS02000329,2026-10-08T05:00,1.6,4.1,296.0
TOS02000329,2026-10-08T05:15,1.0,3.3,312.0
TOS02000329,2026-10-08T05:30,0.8,1.5,292.0
TOS02000329,2026-10-08T05:45,1.0,2.2,302.0
TOS02000329,2026-10-08T06:00,1.0,2.1,294.0
TOS02000329,2026-10-08T06:15,1.1,2.8,198.0
TOS02000329,2026-10-08T06:30,1.1,2.4,207.0
TOS02000329,2026-10-08T06:45,1.1,3.1,295.0
TOS02000329,2026-10-08T07:00,1.5,4.7,219.0
TOS02000329,2026-10-08T07:15,2.1,8.5,224.0
TOS02000329,2026-10-08T07:30,2.1,5.4,219.0
TOS02000329,2026-10-08T07:45,2.3,6.0,227.0
TOS02000329,2026-10-08T08:00,1.1,2.6,238.0
TOS02000329,2026-10-08T08:15,1.1,3.0,254.0
TOS02000329,2026-10-08T08:30,1.6,4.1,248.0
TOS02000329,2026-10-08T08:45,2.0,5.5,269.0
TOS02000329,2026-10-08T09:00,2.1,5.2,262.0
TOS02000329,2026-10-08T09:15,2.2,6.6,264.0
TOS02000329,2026-10-08T09:30,2.8,8.8,240.0
TOS02000329,2026-10-08T09:45,2.4,6.9,261.0
TOS02000329,2026-10-08T10:00,2.5,6.8,244.0
TOS02000329,2026-10-08T10:15,2.5,5.8,244.0
TOS02000329,2026-10-08T10:30,2.8,6.6,262.0
TOS02000329,2026-10-08T10:45,2.8,7.7,233.0
TOS02000329,2026-10-08T11:00,1.6,3.9,246.0
TOS02000329,2026-10-08T11:15,2.0,5.9,197.0
TOS02000329,2026-10-08T11:30,3.0,7.0,237.0
TOS02000329,2026-10-08T11:45,3.4,10.6,250.0
TOS02000329,2026-10-08T12:00,3.4,9.4,238.0
TOS02000329,2026-10-08T12:15,2.9,11.4,253.0
TOS02000329,2026-10-08T12:30,3.5,10.2,259.0
TOS02000329,2026-10-08T12:45,3.4,7.4,255.0
TOS02000329,2026-10-08T13:00,3.1,7.6,260.0
TOS02000329,2026-10-08T13:15,3.3,7.0,277.0
TOS02000329,2026-10-08T13:30,2.9,6.4,278.0
TOS02000329,2026-10-08T13:45,3.6,8.9,264.0
TOS02000329,2026-10-08T14:00,2.7,7.4,261.0
TOS02000329,2026-10-08T14:15,2.6,7.9,272.0
TOS02000329,2026-10-08T14:30,2.6,7.0,259.0
TOS02000329,2026-10-08T14:45,4.0,8.8,259.0
TOS02000329,2026-10-08T15:00,2.8,6.7,250.0
TOS02000329,2026-10-08T15:15,1.4,4.8,289.0
TOS02000329,2026-10-08T15:30,1.5,4.2,278.0
TOS02000329,2026-10-08T15:45,2.0,4.4,273.0
TOS02000329,2026-10-08T16:00,3.9,9.9,237.0
TOS02000329,2026-10-08T16:15,2.8,6.2,271.0
TOS02000329,2026-10-08T16:30,3.2,7.0,274.0
TOS02000329,2026-10-08T16:45,1.9,5.9,260.0
TOS02000329,2026-10-08T17:00,1.4,3.1,277.0
TOS02000329,2026-10-08T17:15,3.8,10.0,269.0
TOS02000329,2026-10-08T17:30,4.8,12.0,267.0
TOS02000329,2026-10-08T17:45,3.7,10.6,270.0
TOS02000329,2026-10-08T18:00,2.9,7.0,278.0
TOS02000329,2026-10-08T18:15,3.0,7.4,272.0
TOS02000329,2026-10-08T18:30,2.7,8.3,275.0
TOS02000329,2026-10-08T18:45,4.0,9.1,267.0
TOS02000329,2026-10-08T19:00,3.6,8.2,259.0
TOS02000329,2026-10-08T19:15,3.4,8.8,264.0
TOS02000329,2026-10-08T19:30,2.2,6.1,269.0
TOS02000329,2026-10-08T19:45,3.3,6.8,269.0
TOS02000329,2026-10-08T20:00,2.2,5.9,265.0
TOS02000329,2026-10-08T20:15,2.6,6.5,271.0
TOS02000329,2026-10-08T20:30,2.5,6.1,277.0
TOS02000329,2026-10-08T20:45,3.2,9.9,271.0
TOS02000329,2026-10-08T21:00,3.6,7.4,269.0
TOS02000329,2026-10-08T21:15,3.0,7.0,259.0
TOS02000329,2026-10-08T21:30,4.2,9.2,252.0
TOS02000329,2026-10-08T21:45,4.0,8.8,256.0
TOS02000329,2026-10-08T22:00,2.6,6.2,231.0
TOS02000329,2026-10-08T22:15,2.2,6.9,293.0
TOS02000329,2026-10-08T22:30,2.2,5.4,288.0
TOS02000329,2026-10-08T22:45,2.0,5.4,293.0
TOS02000329,2026-10-08T23:00,1.5,5.9,286.0
TOS02000329,2026-10-08T23:15,2.0,4.7,308.0
TOS02000329,2026-10-08T23:30,2.0,6.7,300.0
TOS02000329,2026-10-08T23:45,1.6,4.5,293.0
TOS02000332,2026-10-08T00:00,0.7,1.5,324.0
TOS02000332,2026-10-08T00:15,0.5,1.1,40.0
TOS02000332,2026-10-08T00:30,0.6,1.4,155.0
TOS02000332,2026-10-08T00:45,1.3,3.7,109.0
TOS02000332,2026-10-08T01:00,0.7,1.2,57.0
TOS02000332,2026-10-08T01:15,0.4,0.9,178.0
TOS02000332,2026-10-08T01:30,0.6,1.1,340.0
TOS02000332,2026-10-08T01:45,0.7,1.3,86.0
TOS02000332,2026-10-08T02:00,0.6,1.5,94.0
TOS02000332,2026-10-08T02:15,0.3,0.7,111.0
TOS02000332,2026-10-08T02:30,0.4,0.8,189.0
TOS02000332,2026-10-08T02:45,0.5,1.4,94.0
TOS02000332,2026-10-08T03:00,0.7,1.7,90.0
TOS02000332,2026-10-08T03:15,1.1,2.2,151.0
TOS02000332,2026-10-08T03:30,0.6,1.7,301.0
TOS02000332,2026-10-08T03:45,1.0,2.6,75.0
TOS02000332,2026-10-08T04:00,0.6,1.5,26.0
TOS02000332,2026-10-08T04:15,0.8,1.9,47.0
TOS02000332,2026-10-08T04:30,1.4,3.3,20.0
TOS02000332,2026-10-08T04:45,1.5,3.8,127.0
TOS02000332,2026-10-08T05:00,0.6,2.8,344.0
TOS02000332,2026-10-08T05:15,0.7,3.0,75.0
TOS02000332,2026-10-08T05:30,0.6,1.4,85.0
TOS02000332,2026-10-08T05:45,0.4,1.2,183.0
TOS02000332,2026-10-08T06:00,0.7,1.3,212.0
TOS02000332,2026-10-08T06:15,0.6,1.5,285.0
TOS02000332,2026-10-08T06:30,0.5,1.3,204.0
TOS02000332,2026-10-08T06:45,0.4,1.1,252.0
TOS02000332,2026-10-08T07:00,0.5,1.0,236.0
TOS02000332,2026-10-08T07:15,0.6,1.1,174.0
TOS02000332,2026-10-08T07:30,0.6,1.9,47.0
TOS02000332,2026-10-08T07:45,0.7,1.3,72.0
TOS02000332,2026-10-08T08:00,0.4,1.0,108.0
TOS02000332,2026-10-08T08:15,0.7,1.9,98.0
TOS02000332,2026-10-08T08:30,0.6,1.1,132.0
TOS02000332,2026-10-08T08:45,0.4,1.0,42.0
TOS02000332,2026-10-08T09:00,0.5,1.7,190.0
TOS02000332,2026-10-08T09:15,0.6,1.6,173.0
TOS02000332,2026-10-08T09:30,1.0,2.7,314.0
TOS02000332,2026-10-08T09:45,1.1,2.6,284.0
TOS02000332,2026-10-08T10:00,1.1,2.7,285.0
TOS02000332,2026-10-08T10:15,1.0,2.9,262.0
TOS02000332,2026-10-08T10:30,1.1,2.8,237.0
TOS02000332,2026-10-08T10:45,0.6,1.1,48.0
TOS02000332,2026-10-08T11:00,0.7,1.5,85.0
TOS02000332,2026-10-08T11:15,0.8,1.7,58.0
TOS02000332,2026-10-08T11:30,0.5,1.2,275.0
TOS02000332,2026-10-08T11:45,0.5,1.4,65.0
TOS02000332,2026-10-08T12:00,0.6,1.6,157.0
TOS02000332,2026-10-08T12:15,0.6,1.4,65.0
TOS02000332,2026-10-08T12:30,1.0,2.1,72.0
TOS02000332,2026-10-08T12:45,0.8,2.6,91.0
TOS02000332,2026-10-08T13:00,0.9,2.3,52.0
TOS02000332,2026-10-08T13:15,0.6,1.2,102.0
TOS02000332,2026-10-08T13:30,0.7,1.8,183.0
TOS02000332,2026-10-08T13:45,0.5,1.3,128.0
TOS02000332,2026-10-08T14:00,0.6,1.5,79.0
TOS02000332,2026-10-08T14:15,0.7,3.6,56.0
TOS02000332,2026-10-08T14:30,0.7,1.9,143.0
TOS02000332,2026-10-08T14:45,1.0,2.9,140.0
TOS02000332,2026-10-08T15:00,0.7,2.7,149.0
TOS02000332,2026-10-08T15:15,0.6,1.0,21.0
TOS02000332,2026-10-08T15:30,0.8,2.1,176.0
TOS02000332,2026-10-08T15:45,1.2,3.9,336.0
TOS02000332,2026-10-08T16:00,1.0,2.2,177.0
TOS02000332,2026-10-08T16:15,0.8,1.8,205.0
TOS02000332,2026-10-08T16:30,0.8,1.8,145.0
TOS02000332,2026-10-08T16:45,0.8,1.8,323.0
TOS02000332,2026-10-08T17:00,0.9,2.6,44.0
TOS02000332,2026-10-08T17:15,1.0,1.9,44.0
TOS02000332,2026-10-08T17:30,1.0,2.0,249.0
TOS02000332,2026-10-08T17:45,0.6,1.3,81.0
TOS02000332,2026-10-08T18:00,0.6,1.5,45.0
TOS02000332,2026-10-08T18:15,0.5,1.2,205.0
TOS02000332,2026-10-08T18:30,0.5,1.2,157.0
TOS02000332,2026-10-08T18:45,0.5,1.1,234.0
TOS02000332,2026-10-08T19:00,0.7,1.4,359.0
TOS02000332,2026-10-08T19:15,0.6,1.2,30.0
TOS02000332,2026-10-08T19:30,0.5,1.0,348.0
TOS02000332,2026-10-08T19:45,0.5,0.9,337.0
TOS02000332,2026-10-08T20:00,0.7,1.2,152.0
TOS02000332,2026-10-08T20:15,0.5,1.4,254.0
TOS02000332,2026-10-08T20:30,0.4,1.3,111.0
TOS02000332,2026-10-08T20:45,0.4,0.8,19.0
TOS02000332,2026-10-08T21:00,0.6,1.4,100.0
TOS02000332,2026-10-08T21:15,0.6,1.3,158.0
TOS02000332,2026-10-08T21:30,1.1,2.0,188.0
TOS02000332,2026-10-08T21:45,0.6,1.4,58.0
TOS02000332,2026-10-08T22:00,0.5,1.1,202.0
TOS02000332,2026-10-08T22:15,0.4,1.2,313.0
TOS02000332,2026-10-08T22:30,0.5,1.5,61.0
TOS02000332,2026-10-08T22:45,0.6,1.8,122.0
TOS02000332,2026-10-08T23:00,0.6,1.8,131.0
TOS02000332,2026-10-08T23:15,0.6,1.4,166.0
TOS02000332,2026-10-08T23:30,0.4,0.8,273.0
TOS02000332,2026-10-08T23:45,0.5,1.0,3.0
TOS02000372,2026-10-08T00:00,5.7,8.5,159.0
TOS02000372,2026-10-08T00:15,4.8,7.1,160.0
TOS02000372,2026-10-08T00:30,4.1,6.8,160.0
TOS02000372,2026-10-08T00:45,5.1,7.7,159.0
TOS02000372,2026-10-08T01:00,6.3,8.8,159.0
TOS02000372,2026-10-08T01:15,5.6,11.6,159.0
TOS02000372,2026-10-08T01:30,4.8,9.4,159.0
TOS02000372,2026-10-08T01:45,5.2,7.6,160.0
TOS02000372,2026-10-08T02:00,5.8,9.8,160.0
TOS02000372,2026-10-08T02:15,6.3,10.8,160.0
TOS02000372,2026-10-08T02:30,6.6,10.8,161.0
TOS02000372,2026-10-08T02:45,7.4,11.7,160.0
TOS02000372,2026-10-08T03:00,7.3,11.8,159.0
TOS02000372,2026-10-08T03:15,7.4,10.0,159.0
TOS02000372,2026-10-08T03:30,7.3,10.7,159.0
TOS02000372,2026-10-08T03:45,5.1,10.9,159.0
TOS02000372,2026-10-08T04:00,5.0,9.7,159.0
TOS02000372,2026-10-08T04:15,4.7,9.9,161.0
TOS02000372,2026-10-08T04:30,5.0,7.3,160.0
TOS02000372,2026-10-08T04:45,6.1,10.1,160.0
TOS02000372,2026-10-08T05:00,5.2,10.2,159.0
TOS02000372,2026-10-08T05:15,5.7,12.2,167.0
TOS02000372,2026-10-08T05:30,7.6,15.0,160.0
TOS02000372,2026-10-08T05:45,6.7,9.7,160.0
TOS02000372,2026-10-08T06:00,7.3,10.6,160.0
TOS02000372,2026-10-08T06:15,7.9,13.6,159.0
TOS02000372,2026-10-08T06:30,7.5,11.1,160.0
TOS02000372,2026-10-08T06:45,6.9,12.0,160.0
TOS02000372,2026-10-08T07:00,7.3,10.6,159.0
TOS02000372,2026-10-08T07:15,8.7,15.4,160.0
TOS02000372,2026-10-08T07:30,7.2,11.9,159.0
TOS02000372,2026-10-08T07:45,7.8,13.5,158.0
TOS02000372,2026-10-08T08:00,8.6,11.1,159.0
TOS02000372,2026-10-08T08:15,8.3,12.6,159.0
TOS02000372,2026-10-08T08:30,8.5,14.6,159.0
TOS02000372,2026-10-08T08:45,8.0,11.8,159.0
TOS02000372,2026-10-08T09:00,8.0,10.8,159.0
TOS02000372,2026-10-08T09:15,7.7,14.9,159.0
TOS02000372,2026-10-08T09:30,8.2,12.0,159.0
TOS02000372,2026-10-08T09:45,7.9,11.5,159.0
TOS02000372,2026-10-08T10:00,8.0,11.1,159.0
TOS02000372,2026-10-08T10:15,7.6,10.6,160.0
TOS02000372,2026-10-08T10:30,7.1,9.3,159.0
TOS02000372,2026-10-08T10:45,8.0,11.6,158.0
TOS02000372,2026-10-08T11:00,7.9,11.1,159.0
TOS02000372,2026-10-08T11:15,7.5,16.1,159.0
TOS02000372,2026-10-08T11:30,5.4,8.6,159.0
TOS02000372,2026-10-08T11:45,6.6,10.0,159.0
TOS02000372,2026-10-08T12:00,7.2,11.6,158.0
TOS02000372,2026-10-08T12:15,6.9,10.4,159.0
TOS02000372,2026-10-08T12:30,7.1,11.2,160.0
TOS02000372,2026-10-08T12:45,7.9,12.0,160.0
TOS02000372,2026-10-08T13:00,7.0,13.7,160.0
TOS02000372,2026-10-08T13:15,6.6,13.1,160.0
TOS02000372,2026-10-08T13:30,7.0,14.4,160.0
TOS02000372,2026-10-08T13:45,6.6,11.1,159.0
TOS02000372,2026-10-08T14:00,6.9,11.2,159.0
TOS02000372,2026-10-08T14:15,9.0,11.9,159.0
TOS02000372,2026-10-08T14:30,7.8,12.6,159.0
TOS02000372,2026-10-08T14:45,5.4,12.4,159.0
TOS02000372,2026-10-08T15:00,5.9,8.9,159.0
TOS02000372,2026-10-08T15:15,5.5,8.9,160.0
TOS02000372,2026-10-08T15:30,6.4,12.4,160.0
TOS02000372,2026-10-08T15:45,6.1,8.9,159.0
TOS02000372,2026-10-08T16:00,6.6,10.7,159.0
TOS02000372,2026-10-08T16:15,7.1,11.8,158.0
TOS02000372,2026-10-08T16:30,8.8,13.5,158.0
TOS02000372,2026-10-08T16:45,7.5,10.6,159.0
TOS02000372,2026-10-08T17:00,7.0,10.3,159.0
TOS02000372,2026-10-08T17:15,6.9,10.9,158.0
TOS02000372,2026-10-08T17:30,8.0,15.0,159.0
TOS02000372,2026-10-08T17:45,6.6,12.6,159.0
TOS02000372,2026-10-08T18:00,9.0,19.8,160.0
TOS02000372,2026-10-08T18:15,8.4,14.6,160.0
TOS02000372,2026-10-08T18:30,9.5,16.4,159.0
TOS02000372,2026-10-08T18:45,8.5,14.0,159.0
TOS02000372,2026-10-08T19:00,8.6,15.7,159.0
TOS02000372,2026-10-08T19:15,9.6,15.2,159.0
TOS02000372,2026-10-08T19:30,8.5,14.0,158.0
TOS02000372,2026-10-08T19:45,8.5,13.1,159.0
TOS02000372,2026-10-08T20:00,9.1,12.7,160.0
TOS02000372,2026-10-08T20:15,7.9,13.6,159.0
TOS02000372,2026-10-08T20:30,8.1,12.5,159.0
TOS02000372,2026-10-08T20:45,8.7,16.4,159.0
TOS02000372,2026-10-08T21:00,8.6,12.1,159.0
TOS02000372,2026-10-08T21:15,9.2,14.4,159.0
TOS02000372,2026-10-08T21:30,8.7,13.0,159.0
TOS02000372,2026-10-08T21:45,7.7,11.3,159.0
TOS02000372,2026-10-08T22:00,5.8,9.8,159.0
TOS02000372,2026-10-08T22:15,4.3,9.9,159.0
TOS02000372,2026-10-08T22:30,6.8,11.1,160.0
TOS02000372,2026-10-08T22:45,6.1,10.2,161.0
TOS02000372,2026-10-08T23:00,4.6,10.3,161.0
TOS02000372,2026-10-08T23:15,3.2,6.5,161.0
TOS02000372,2026-10-08T23:30,2.5,5.5,167.0
TOS02000372,2026-10-08T23:45,2.2,4.6,163.0
TOS02004059,2026-10-08T00:00,0.6,1.1,60.0
TOS02004059,2026-10-08T00:15,0.7,1.6,48.0
TOS02004059,2026-10-08T00:30,0.9,2.0,338.0
TOS02004059,2026-10-08T00:45,1.0,2.4,42.0
TOS02004059,2026-10-08T01:00,1.1,1.7,47.0
TOS02004059,2026-10-08T01:15,1.3,2.2,48.0
TOS02004059,2026-10-08T01:30,1.3,2.3,54.0
TOS02004059,2026-10-08T01:45,1.1,1.7,58.0
TOS02004059,2026-10-08T02:00,1.3,2.5,65.0
TOS02004059,2026-10-08T02:15,1.2,2.0,63.0
TOS02004059,2026-10-08T02:30,1.0,2.5,73.0
TOS02004059,2026-10-08T02:45,1.1,2.6,44.0
TOS02004059,2026-10-08T03:00,0.7,2.0,23.0
TOS02004059,2026-10-08T03:15,0.9,3.1,74.0
TOS02004059,2026-10-08T03:30,1.1,3.6,47.0
TOS02004059,2026-10-08T03:45,1.3,3.1,44.0
TOS02004059,2026-10-08T04:00,1.3,2.8,20.0
TOS02004059,2026-10-08T04:15,2.1,8.3,23.0
TOS02004059,2026-10-08T04:30,2.7,9.0,221.0
TOS02004059,2026-10-08T04:45,0.8,1.9,107.0
TOS02004059,2026-10-08T05:00,1.2,2.4,52.0
TOS02004059,2026-10-08T05:15,1.3,2.3,61.0
TOS02004059,2026-10-08T05:30,1.4,2.5,43.0
TOS02004059,2026-10-08T05:45,1.2,1.9,62.0
TOS02004059,2026-10-08T06:00,1.3,2.2,60.0
TOS02004059,2026-10-08T06:15,1.4,2.3,59.0
TOS02004059,2026-10-08T06:30,1.3,2.3,67.0
TOS02004059,2026-10-08T06:45,2.0,2.9,48.0
TOS02004059,2026-10-08T07:00,1.4,2.5,60.0
TOS02004059,2026-10-08T07:15,1.4,2.5,62.0
TOS02004059,2026-10-08T07:30,1.5,2.3,55.0
TOS02004059,2026-10-08T07:45,1.9,2.5,50.0
TOS02004059,2026-10-08T08:00,1.9,2.6,58.0
TOS02004059,2026-10-08T08:15,1.8,2.5,56.0
TOS02004059,2026-10-08T08:30,1.5,2.5,64.0
TOS02004059,2026-10-08T08:45,1.4,2.6,60.0
TOS02004059,2026-10-08T09:00,1.8,2.9,57.0
TOS02004059,2026-10-08T09:15,2.1,3.6,53.0
TOS02004059,2026-10-08T09:30,1.7,3.1,57.0
TOS02004059,2026-10-08T09:45,1.3,2.6,43.0
TOS02004059,2026-10-08T10:00,1.6,4.5,45.0
TOS02004059,2026-10-08T10:15,1.6,4.5,53.0
TOS02004059,2026-10-08T10:30,1.1,1.9,58.0
TOS02004059,2026-10-08T10:45,1.1,2.2,68.0
TOS02004059,2026-10-08T11:00,1.3,2.4,45.0
TOS02004059,2026-10-08T11:15,1.0,1.9,66.0
TOS02004059,2026-10-08T11:30,1.5,2.5,57.0
TOS02004059,2026-10-08T11:45,1.9,3.4,53.0
TOS02004059,2026-10-08T12:00,1.6,3.1,56.0
TOS02004059,2026-10-08T12:15,0.4,0.9,86.0
TOS02004059,2026-10-08T12:30,1.0,2.2,72.0
TOS02004059,2026-10-08T12:45,1.2,2.3,65.0
TOS02004059,2026-10-08T13:00,1.1,1.8,63.0
TOS02004059,2026-10-08T13:15,1.1,1.9,92.0
TOS02004059,2026-10-08T13:30,0.8,2.1,245.0
TOS02004059,2026-10-08T13:45,0.9,2.0,244.0
TOS02004059,2026-10-08T14:00,1.4,3.7,244.0
TOS02004059,2026-10-08T14:15,1.7,3.8,219.0
TOS02004059,2026-10-08T14:30,2.8,6.0,202.0
TOS02004059,2026-10-08T14:45,2.4,4.9,217.0
TOS02004059,2026-10-08T15:00,1.7,4.0,212.0
TOS02004059,2026-10-08T15:15,1.4,4.1,240.0
TOS02004059,2026-10-08T15:30,0.8,2.0,179.0
TOS02004059,2026-10-08T15:45,0.7,2.4,35.0
TOS02004059,2026-10-08T16:00,0.7,2.4,156.0
TOS02004059,2026-10-08T16:15,0.8,1.4,77.0
TOS02004059,2026-10-08T16:30,1.0,2.5,50.0
TOS02004059,2026-10-08T16:45,0.9,2.8,96.0
TOS02004059,2026-10-08T17:00,1.0,2.0,44.0
TOS02004059,2026-10-08T17:15,1.0,2.2,62.0
TOS02004059,2026-10-08T17:30,0.6,1.3,44.0
TOS02004059,2026-10-08T17:45,0.5,1.1,50.0
TOS02004059,2026-10-08T18:00,0.7,1.4,88.0
TOS02004059,2026-10-08T18:15,0.7,1.4,86.0
TOS02004059,2026-10-08T18:30,0.5,1.0,78.0
TOS02004059,2026-10-08T18:45,0.7,1.3,52.0
TOS02004059,2026-10-08T19:00,1.0,1.4,63.0
TOS02004059,2026-10-08T19:15,0.6,1.1,71.0
TOS02004059,2026-10-08T19:30,0.7,1.3,57.0
TOS02004059,2026-10-08T19:45,1.2,1.7,56.0
TOS02004059,2026-10-08T20:00,0.9,1.4,66.0
TOS02004059,2026-10-08T20:15,1.0,1.8,60.0
TOS02004059,2026-10-08T20:30,1.0,1.7,69.0
TOS02004059,2026-10-08T20:45,0.9,2.0,60.0
TOS02004059,2026-10-08T21:00,0.9,1.6,65.0
TOS02004059,2026-10-08T21:15,0.8,3.2,36.0
TOS02004059,2026-10-08T21:30,1.0,3.7,197.0
TOS02004059,2026-10-08T21:45,1.5,4.2,211.0
TOS02004059,2026-10-08T22:00,0.6,1.9,77.0
TOS02004059,2026-10-08T22:15,0.6,1.1,54.0
TOS02004059,2026-10-08T22:30,0.9,1.5,53.0
TOS02004059,2026-10-08T22:45,0.5,1.1,80.0
TOS02004059,2026-10-08T23:00,1.0,1.9,62.0
TOS02004059,2026-10-08T23:15,1.4,2.0,37.0
TOS02004059,2026-10-08T23:30,1.2,2.0,62.0
TOS02004059,2026-10-08T23:45,1.0,1.8,67.0
TOS02004081,2026-10-08T00:00,2.5,3.8,147.0
TOS02004081,2026-10-08T00:15,1.5,3.6,142.0
TOS02004081,2026-10-08T00:30,1.7,2.4,133.0
TOS02004081,2026-10-08T00:45,1.4,2.9,158.0
TOS02004081,2026-10-08T01:00,1.2,3.1,163.0
TOS02004081,2026-10-08T01:15,0.7,2.4,120.0
TOS02004081,2026-10-08T01:30,1.4,2.7,64.0
TOS02004081,2026-10-08T01:45,1.1,2.6,323.0
TOS02004081,2026-10-08T02:00,1.8,3.8,127.0
TOS02004081,2026-10-08T02:15,2.5,4.3,149.0
TOS02004081,2026-10-08T02:30,2.4,4.2,147.0
TOS02004081,2026-10-08T02:45,3.4,5.3,144.0
TOS02004081,2026-10-08T03:00,3.7,4.9,145.0
TOS02004081,2026-10-08T03:15,3.0,4.4,149.0
TOS02004081,2026-10-08T03:30,3.2,4.8,148.0
TOS02004081,2026-10-08T03:45,3.1,5.5,142.0
TOS02004081,2026-10-08T04:00,3.8,5.4,142.0
TOS02004081,2026-10-08T04:15,3.1,5.3,148.0
TOS02004081,2026-10-08T04:30,1.3,4.4,145.0
TOS02004081,2026-10-08T04:45,4.1,6.0,142.0
TOS02004081,2026-10-08T05:00,3.5,5.5,98.0
TOS02004081,2026-10-08T05:15,2.6,3.8,52.0
TOS02004081,2026-10-08T05:30,3.1,4.7,51.0
TOS02004081,2026-10-08T05:45,2.6,4.5,90.0
TOS02004081,2026-10-08T06:00,1.9,4.0,59.0
TOS02004081,2026-10-08T06:15,1.5,2.6,91.0
TOS02004081,2026-10-08T06:30,1.7,3.6,155.0
TOS02004081,2026-10-08T06:45,2.4,4.4,91.0
TOS02004081,2026-10-08T07:00,1.9,3.4,139.0
TOS02004081,2026-10-08T07:15,2.9,4.4,88.0
TOS02004081,2026-10-08T07:30,2.1,4.1,60.0
TOS02004081,2026-10-08T07:45,2.5,3.9,110.0
TOS02004081,2026-10-08T08:00,1.5,2.7,75.0
TOS02004081,2026-10-08T08:15,2.0,3.7,86.0
TOS02004081,2026-10-08T08:30,3.0,4.6,111.0
TOS02004081,2026-10-08T08:45,3.0,4.7,140.0
TOS02004081,2026-10-08T09:00,3.5,4.9,125.0
TOS02004081,2026-10-08T09:15,4.0,5.7,104.0
TOS02004081,2026-10-08T09:30,1.9,4.1,80.0
TOS02004081,2026-10-08T09:45,3.0,4.9,85.0
TOS02004081,2026-10-08T10:00,2.3,4.0,36.0
TOS02004081,2026-10-08T10:15,3.0,6.8,130.0
TOS02004081,2026-10-08T10:30,1.2,3.1,248.0
TOS02004081,2026-10-08T10:45,0.9,2.5,134.0
TOS02004081,2026-10-08T11:00,2.2,4.0,105.0
TOS02004081,2026-10-08T11:15,1.4,3.0,46.0
TOS02004081,2026-10-08T11:30,2.0,3.3,48.0
TOS02004081,2026-10-08T11:45,1.3,2.5,64.0
TOS02004081,2026-10-08T12:00,1.4,2.4,91.0
TOS02004081,2026-10-08T12:15,1.0,1.8,102.0
TOS02004081,2026-10-08T12:30,1.3,2.1,109.0
TOS02004081,2026-10-08T12:45,0.9,1.5,98.0
TOS02004081,2026-10-08T13:00,0.9,2.9,123.0
TOS02004081,2026-10-08T13:15,0.8,2.4,307.0
TOS02004081,2026-10-08T13:30,0.6,1.9,189.0
TOS02004081,2026-10-08T13:45,0.7,2.0,305.0
TOS02004081,2026-10-08T14:00,0.9,2.2,336.0
TOS02004081,2026-10-08T14:15,0.8,2.2,346.0
TOS02004081,2026-10-08T14:30,0.8,2.0,314.0
TOS02004081,2026-10-08T14:45,1.0,2.9,16.0
TOS02004081,2026-10-08T15:00,0.9,2.5,333.0
TOS02004081,2026-10-08T15:15,0.7,2.3,153.0
TOS02004081,2026-10-08T15:30,0.7,1.8,155.0
TOS02004081,2026-10-08T15:45,0.9,2.4,320.0
TOS02004081,2026-10-08T16:00,0.3,1.1,316.0
TOS02004081,2026-10-08T16:15,0.6,1.1,85.0
TOS02004081,2026-10-08T16:30,0.7,2.1,135.0
TOS02004081,2026-10-08T16:45,1.2,2.3,119.0
TOS02004081,2026-10-08T17:00,1.2,3.3,3.0
TOS02004081,2026-10-08T17:15,1.2,2.7,29.0
TOS02004081,2026-10-08T17:30,1.2,2.8,334.0
TOS02004081,2026-10-08T17:45,1.3,3.7,353.0
TOS02004081,2026-10-08T18:00,1.1,3.2,353.0
TOS02004081,2026-10-08T18:15,1.0,2.6,350.0
TOS02004081,2026-10-08T18:30,1.0,2.8,24.0
TOS02004081,2026-10-08T18:45,1.1,2.9,333.0
TOS02004081,2026-10-08T19:00,0.9,3.2,322.0
TOS02004081,2026-10-08T19:15,1.0,2.7,335.0
TOS02004081,2026-10-08T19:30,1.0,2.7,4.0
TOS02004081,2026-10-08T19:45,0.8,2.1,343.0
TOS02004081,2026-10-08T20:00,0.6,1.5,21.0
TOS02004081,2026-10-08T20:15,0.6,1.4,26.0
TOS02004081,2026-10-08T20:30,0.7,2.0,312.0
TOS02004081,2026-10-08T20:45,0.7,1.9,33.0
TOS02004081,2026-10-08T21:00,0.7,2.4,125.0
TOS02004081,2026-10-08T21:15,1.2,2.9,6.0
TOS02004081,2026-10-08T21:30,1.0,3.0,304.0
TOS02004081,2026-10-08T21:45,1.0,2.7,329.0
TOS02004081,2026-10-08T22:00,1.1,3.2,340.0
TOS02004081,2026-10-08T22:15,1.0,2.2,332.0
TOS02004081,2026-10-08T22:30,0.8,1.9,317.0
TOS02004081,2026-10-08T22:45,0.8,3.1,302.0
TOS02004081,2026-10-08T23:00,0.7,2.0,291.0
TOS02004081,2026-10-08T23:15,0.7,1.5,336.0
TOS02004081,2026-10-08T23:30,0.6,1.4,175.0
TOS02004081,2026-10-08T23:45,0.5,1.5,152.0
TOS02004311,2026-10-08T00:00,0.6,1.4,6.0
TOS02004311,2026-10-08T00:15,0.9,1.7,28.0
TOS02004311,2026-10-08T00:30,1.0,1.9,26.0
TOS02004311,2026-10-08T00:45,0.8,1.8,356.0
TOS02004311,2026-10-08T01:00,0.7,1.4,2.0
TOS02004311,2026-10-08T01:15,1.5,2.7,49.0
TOS02004311,2026-10-08T01:30,0.8,2.0,93.0
TOS02004311,2026-10-08T01:45,0.8,2.4,343.0
TOS02004311,2026-10-08T02:00,1.4,2.7,357.0
TOS02004311,2026-10-08T02:15,1.1,1.9,33.0
TOS02004311,2026-10-08T02:30,1.3,2.7,88.0
TOS02004311,2026-10-08T02:45,1.1,3.3,238.0
TOS02004311,2026-10-08T03:00,1.1,2.3,352.0
TOS02004311,2026-10-08T03:15,1.0,2.0,5.0
TOS02004311,2026-10-08T03:30,1.1,1.9,25.0
TOS02004311,2026-10-08T03:45,1.4,3.1,16.0
TOS02004311,2026-10-08T04:00,1.1,2.2,13.0
TOS02004311,2026-10-08T04:15,1.1,2.2,328.0
TOS02004311,2026-10-08T04:30,2.7,11.7,222.0
TOS02004311,2026-10-08T04:45,2.2,4.3,184.0
TOS02004311,2026-10-08T05:00,1.4,2.8,37.0
TOS02004311,2026-10-08T05:15,1.4,2.8,25.0
TOS02004311,2026-10-08T05:30,2.0,3.4,358.0
TOS02004311,2026-10-08T05:45,1.9,3.3,7.0
TOS02004311,2026-10-08T06:00,1.8,3.2,7.0
TOS02004311,2026-10-08T06:15,1.8,3.0,21.0
TOS02004311,2026-10-08T06:30,1.8,3.1,27.0
TOS02004311,2026-10-08T06:45,1.8,2.7,38.0
TOS02004311,2026-10-08T07:00,1.9,3.3,27.0
TOS02004311,2026-10-08T07:15,2.6,4.0,33.0
TOS02004311,2026-10-08T07:30,1.8,4.0,16.0
TOS02004311,2026-10-08T07:45,2.5,3.6,30.0
TOS02004311,2026-10-08T08:00,1.8,2.9,11.0
TOS02004311,2026-10-08T08:15,1.9,3.4,15.0
TOS02004311,2026-10-08T08:30,2.1,3.7,19.0
TOS02004311,2026-10-08T08:45,2.2,3.9,18.0
TOS02004311,2026-10-08T09:00,2.0,3.9,12.0
TOS02004311,2026-10-08T09:15,2.4,4.8,11.0
TOS02004311,2026-10-08T09:30,2.3,4.2,5.0
TOS02004311,2026-10-08T09:45,2.4,5.5,6.0
TOS02004311,2026-10-08T10:00,1.8,3.1,17.0
TOS02004311,2026-10-08T10:15,2.3,4.0,23.0
TOS02004311,2026-10-08T10:30,1.7,4.5,300.0
TOS02004311,2026-10-08T10:45,1.6,3.2,44.0
TOS02004311,2026-10-08T11:00,1.3,2.8,352.0
TOS02004311,2026-10-08T11:15,1.8,2.9,40.0
TOS02004311,2026-10-08T11:30,1.4,2.6,23.0
TOS02004311,2026-10-08T11:45,1.7,3.3,18.0
TOS02004311,2026-10-08T12:00,1.3,2.4,23.0
TOS02004311,2026-10-08T12:15,1.1,2.3,16.0
TOS02004311,2026-10-08T12:30,1.0,1.7,7.0
TOS02004311,2026-10-08T12:45,1.0,1.9,33.0
TOS02004311,2026-10-08T13:00,0.9,1.8,42.0
TOS02004311,2026-10-08T13:15,1.8,6.0,220.0
TOS02004311,2026-10-08T13:30,4.0,7.7,206.0
TOS02004311,2026-10-08T13:45,3.4,7.0,204.0
TOS02004311,2026-10-08T14:00,3.0,4.6,202.0
TOS02004311,2026-10-08T14:15,4.0,7.1,199.0
TOS02004311,2026-10-08T14:30,3.8,7.2,205.0
TOS02004311,2026-10-08T14:45,3.6,5.9,205.0
TOS02004311,2026-10-08T15:00,3.2,5.3,200.0
TOS02004311,2026-10-08T15:15,2.7,4.5,206.0
TOS02004311,2026-10-08T15:30,2.7,4.6,201.0
TOS02004311,2026-10-08T15:45,3.0,5.1,203.0
TOS02004311,2026-10-08T16:00,2.5,3.8,213.0
TOS02004311,2026-10-08T16:15,2.5,3.9,204.0
TOS02004311,2026-10-08T16:30,2.8,5.0,201.0
TOS02004311,2026-10-08T16:45,3.4,5.2,205.0
TOS02004311,2026-10-08T17:00,4.7,7.8,201.0
TOS02004311,2026-10-08T17:15,5.1,9.0,209.0
TOS02004311,2026-10-08T17:30,4.7,8.4,207.0
TOS02004311,2026-10-08T17:45,3.5,6.1,209.0
TOS02004311,2026-10-08T18:00,3.6,6.0,199.0
TOS02004311,2026-10-08T18:15,2.9,4.9,204.0
TOS02004311,2026-10-08T18:30,2.7,4.8,203.0
TOS02004311,2026-10-08T18:45,2.7,5.0,204.0
TOS02004311,2026-10-08T19:00,2.1,3.8,205.0
TOS02004311,2026-10-08T19:15,2.4,4.5,210.0
TOS02004311,2026-10-08T19:30,1.9,3.1,191.0
TOS02004311,2026-10-08T19:45,1.6,2.7,188.0
TOS02004311,2026-10-08T20:00,1.9,3.5,198.0
TOS02004311,2026-10-08T20:15,1.7,3.1,187.0
TOS02004311,2026-10-08T20:30,1.1,1.8,239.0
TOS02004311,2026-10-08T20:45,1.2,2.4,214.0
TOS02004311,2026-10-08T21:00,1.3,2.1,210.0
TOS02004311,2026-10-08T21:15,1.7,3.7,211.0
TOS02004311,2026-10-08T21:30,2.6,4.7,208.0
TOS02004311,2026-10-08T21:45,3.4,7.1,207.0
TOS02004311,2026-10-08T22:00,2.2,5.7,211.0
TOS02004311,2026-10-08T22:15,1.6,3.9,212.0
TOS02004311,2026-10-08T22:30,2.1,4.6,270.0
TOS02004311,2026-10-08T22:45,1.8,3.8,202.0
TOS02004311,2026-10-08T23:00,1.8,5.0,216.0
TOS02004311,2026-10-08T23:15,1.2,2.8,158.0
TOS02004311,2026-10-08T23:30,1.4,3.3,176.0
TOS02004311,2026-10-08T23:45,0.7,1.6,132.0
TOS03000091,2026-10-08T00:00,0.4,1.7,1.0
TOS03000091,2026-10-08T00:15,0.8,2.7,355.0
TOS03000091,2026-10-08T00:30,1.2,2.6,92.0
TOS03000091,2026-10-08T00:45,1.0,2.1,103.0
TOS03000091,2026-10-08T01:00,1.2,1.9,85.0
TOS03000091,2026-10-08T01:15,0.7,1.6,113.0
TOS03000091,2026-10-08T01:30,0.5,1.9,46.0
TOS03000091,2026-10-08T01:45,0.5,1.4,192.0
TOS03000091,2026-10-08T02:00,0.6,1.1,169.0
TOS03000091,2026-10-08T02:15,0.5,1.1,200.0
TOS03000091,2026-10-08T02:30,0.8,1.8,90.0
TOS03000091,2026-10-08T02:45,0.9,2.0,341.0
TOS03000091,2026-10-08T03:00,1.2,2.3,125.0
TOS03000091,2026-10-08T03:15,1.3,3.2,139.0
TOS03000091,2026-10-08T03:30,1.9,3.5,133.0
TOS03000091,2026-10-08T03:45,2.5,4.7,159.0
TOS03000091,2026-10-08T04:00,3.3,9.7,170.0
TOS03000091,2026-10-08T04:15,3.7,10.8,230.0
TOS03000091,2026-10-08T04:30,3.0,9.1,214.0
TOS03000091,2026-10-08T04:45,2.1,5.0,84.0
TOS03000091,2026-10-08T05:00,1.5,3.0,107.0
TOS03000091,2026-10-08T05:15,1.0,2.0,108.0
TOS03000091,2026-10-08T05:30,1.0,2.0,161.0
TOS03000091,2026-10-08T05:45,1.0,1.7,140.0
TOS03000091,2026-10-08T06:00,1.2,2.2,143.0
TOS03000091,2026-10-08T06:15,0.8,1.7,152.0
TOS03000091,2026-10-08T06:30,0.3,1.0,7.0
TOS03000091,2026-10-08T06:45,0.7,1.5,194.0
TOS03000091,2026-10-08T07:00,0.5,1.1,218.0
TOS03000091,2026-10-08T07:15,0.8,1.4,140.0
TOS03000091,2026-10-08T07:30,0.6,1.5,89.0
TOS03000091,2026-10-08T07:45,0.4,1.2,159.0
TOS03000091,2026-10-08T08:00,0.6,1.2,158.0
TOS03000091,2026-10-08T08:15,1.0,2.0,192.0
TOS03000091,2026-10-08T08:30,0.8,2.1,120.0
TOS03000091,2026-10-08T08:45,1.2,2.7,104.0
TOS03000091,2026-10-08T09:00,1.5,2.9,125.0
TOS03000091,2026-10-08T09:15,1.9,4.1,119.0
TOS03000091,2026-10-08T09:30,1.8,4.0,142.0
TOS03000091,2026-10-08T09:45,1.5,3.1,148.0
TOS03000091,2026-10-08T10:00,1.5,3.0,146.0
TOS03000091,2026-10-08T10:15,1.3,2.5,134.0
TOS03000091,2026-10-08T10:30,1.6,4.1,67.0
TOS03000091,2026-10-08T10:45,1.6,3.3,107.0
TOS03000091,2026-10-08T11:00,1.3,2.9,129.0
TOS03000091,2026-10-08T11:15,1.4,3.2,152.0
TOS03000091,2026-10-08T11:30,1.7,3.5,122.0
TOS03000091,2026-10-08T11:45,1.5,3.3,106.0
TOS03000091,2026-10-08T12:00,1.4,2.5,101.0
TOS03000091,2026-10-08T12:15,1.1,2.3,134.0
TOS03000091,2026-10-08T12:30,1.5,2.9,123.0
TOS03000091,2026-10-08T12:45,1.0,1.8,126.0
TOS03000091,2026-10-08T13:00,1.7,3.5,140.0
TOS03000091,2026-10-08T13:15,1.0,2.6,163.0
TOS03000091,2026-10-08T13:30,1.6,3.7,215.0
TOS03000091,2026-10-08T13:45,2.5,5.4,278.0
TOS03000091,2026-10-08T14:00,3.6,5.7,264.0
TOS03000091,2026-10-08T14:15,3.3,5.6,268.0
TOS03000091,2026-10-08T14:30,3.5,5.9,269.0
TOS03000091,2026-10-08T14:45,3.3,5.9,269.0
TOS03000091,2026-10-08T15:00,2.3,4.2,283.0
TOS03000091,2026-10-08T15:15,1.7,5.9,312.0
TOS03000091,2026-10-08T15:30,0.7,2.0,45.0
TOS03000091,2026-10-08T15:45,2.6,6.2,179.0
TOS03000091,2026-10-08T16:00,1.4,4.3,319.0
TOS03000091,2026-10-08T16:15,1.3,3.3,57.0
TOS03000091,2026-10-08T16:30,1.3,3.5,75.0
TOS03000091,2026-10-08T16:45,1.3,3.0,87.0
TOS03000091,2026-10-08T17:00,1.8,5.0,68.0
TOS03000091,2026-10-08T17:15,0.9,2.8,267.0
TOS03000091,2026-10-08T17:30,0.8,4.1,143.0
TOS03000091,2026-10-08T17:45,2.8,5.5,242.0
TOS03000091,2026-10-08T18:00,2.4,6.2,243.0
TOS03000091,2026-10-08T18:15,1.9,3.4,249.0
TOS03000091,2026-10-08T18:30,2.5,5.3,264.0
TOS03000091,2026-10-08T18:45,1.4,3.9,297.0
TOS03000091,2026-10-08T19:00,0.8,2.5,295.0
TOS03000091,2026-10-08T19:15,0.9,1.9,66.0
TOS03000091,2026-10-08T19:30,0.6,1.3,33.0
TOS03000091,2026-10-08T19:45,0.7,1.4,59.0
TOS03000091,2026-10-08T20:00,0.6,1.1,71.0
TOS03000091,2026-10-08T20:15,0.6,1.1,49.0
TOS03000091,2026-10-08T20:30,0.4,1.1,34.0
TOS03000091,2026-10-08T20:45,0.5,2.4,30.0
TOS03000091,2026-10-08T21:00,2.1,5.7,267.0
TOS03000091,2026-10-08T21:15,4.2,8.1,267.0
TOS03000091,2026-10-08T21:30,4.0,7.0,268.0
TOS03000091,2026-10-08T21:45,3.0,6.2,283.0
TOS03000091,2026-10-08T22:00,1.9,3.8,303.0
TOS03000091,2026-10-08T22:15,1.6,3.3,331.0
TOS03000091,2026-10-08T22:30,1.0,1.9,350.0
TOS03000091,2026-10-08T22:45,1.2,2.5,275.0
TOS03000091,2026-10-08T23:00,0.8,2.0,34.0
TOS03000091,2026-10-08T23:15,0.5,1.4,9.0
TOS03000091,2026-10-08T23:30,0.6,1.5,307.0
TOS03000091,2026-10-08T23:45,1.1,4.1,331.0
TOS03000278,2026-10-08T00:00,1.2,3.1,226.0
TOS03000278,2026-10-08T00:15,1.3,2.7,214.0
TOS03000278,2026-10-08T00:30,0.8,1.7,155.0
TOS03000278,2026-10-08T00:45,1.2,2.6,192.0
TOS03000278,2026-10-08T01:00,1.7,3.9,185.0
TOS03000278,2026-10-08T01:15,1.2,3.1,137.0
TOS03000278,2026-10-08T01:30,1.1,2.2,202.0
TOS03000278,2026-10-08T01:45,1.8,4.2,223.0
TOS03000278,2026-10-08T02:00,1.3,4.7,169.0
TOS03000278,2026-10-08T02:15,1.2,3.2,168.0
TOS03000278,2026-10-08T02:30,1.5,3.7,184.0
TOS03000278,2026-10-08T02:45,1.2,3.9,192.0
TOS03000278,2026-10-08T03:00,1.5,3.6,193.0
TOS03000278,2026-10-08T03:15,1.6,4.6,240.0
TOS03000278,2026-10-08T03:30,1.3,2.8,188.0
TOS03000278,2026-10-08T03:45,1.9,4.3,209.0
TOS03000278,2026-10-08T04:00,1.3,4.7,179.0
TOS03000278,2026-10-08T04:15,2.1,6.0,308.0
TOS03000278,2026-10-08T04:30,1.2,2.6,302.0
TOS03000278,2026-10-08T04:45,1.7,5.0,324.0
TOS03000278,2026-10-08T05:00,1.5,4.3,210.0
TOS03000278,2026-10-08T05:15,1.3,6.1,109.0
TOS03000278,2026-10-08T05:30,0.8,2.7,36.0
TOS03000278,2026-10-08T05:45,1.5,3.3,207.0
TOS03000278,2026-10-08T06:00,1.4,3.8,185.0
TOS03000278,2026-10-08T06:15,1.2,3.6,199.0
TOS03000278,2026-10-08T06:30,1.1,3.4,34.0
TOS03000278,2026-10-08T06:45,1.4,3.6,231.0
TOS03000278,2026-10-08T07:00,1.6,3.9,183.0
TOS03000278,2026-10-08T07:15,1.4,2.9,214.0
TOS03000278,2026-10-08T07:30,1.4,3.2,178.0
TOS03000278,2026-10-08T07:45,1.7,3.8,178.0
TOS03000278,2026-10-08T08:00,1.6,4.2,228.0
TOS03000278,2026-10-08T08:15,1.6,4.1,230.0
TOS03000278,2026-10-08T08:30,1.5,3.2,200.0
TOS03000278,2026-10-08T08:45,1.7,4.6,193.0
TOS03000278,2026-10-08T09:00,1.8,3.9,211.0
TOS03000278,2026-10-08T09:15,1.4,3.8,245.0
TOS03000278,2026-10-08T09:30,1.5,3.9,237.0
TOS03000278,2026-10-08T09:45,1.5,3.7,250.0
TOS03000278,2026-10-08T10:00,1.7,4.0,228.0
TOS03000278,2026-10-08T10:15,1.8,4.2,224.0
TOS03000278,2026-10-08T10:30,2.5,5.7,196.0
TOS03000278,2026-10-08T10:45,1.6,3.1,210.0
TOS03000278,2026-10-08T11:00,1.5,4.5,223.0
TOS03000278,2026-10-08T11:15,1.3,3.0,232.0
TOS03000278,2026-10-08T11:30,1.7,3.5,232.0
TOS03000278,2026-10-08T11:45,1.7,3.7,216.0
TOS03000278,2026-10-08T12:00,1.7,3.8,218.0
TOS03000278,2026-10-08T12:15,1.4,3.6,200.0
TOS03000278,2026-10-08T12:30,1.5,4.2,205.0
TOS03000278,2026-10-08T12:45,1.3,4.8,206.0
TOS03000278,2026-10-08T13:00,1.8,5.4,198.0
TOS03000278,2026-10-08T13:15,1.8,5.4,261.0
TOS03000278,2026-10-08T13:30,1.3,3.8,219.0
TOS03000278,2026-10-08T13:45,1.4,3.8,228.0
TOS03000278,2026-10-08T14:00,2.0,4.6,213.0
TOS03000278,2026-10-08T14:15,1.4,3.4,206.0
TOS03000278,2026-10-08T14:30,1.9,4.0,212.0
TOS03000278,2026-10-08T14:45,1.9,3.6,226.0
TOS03000278,2026-10-08T15:00,1.8,3.4,230.0
TOS03000278,2026-10-08T15:15,1.3,4.4,183.0
TOS03000278,2026-10-08T15:30,1.6,3.7,234.0
TOS03000278,2026-10-08T15:45,1.2,3.2,209.0
TOS03000278,2026-10-08T16:00,0.8,3.4,191.0
TOS03000278,2026-10-08T16:15,1.1,2.6,249.0
TOS03000278,2026-10-08T16:30,1.6,5.5,253.0
TOS03000278,2026-10-08T16:45,1.7,3.9,182.0
TOS03000278,2026-10-08T17:00,1.3,3.1,232.0
TOS03000278,2026-10-08T17:15,0.9,2.9,309.0
TOS03000278,2026-10-08T17:30,2.0,4.0,211.0
TOS03000278,2026-10-08T17:45,2.4,7.8,204.0
TOS03000278,2026-10-08T18:00,1.3,3.6,214.0
TOS03000278,2026-10-08T18:15,1.9,5.7,196.0
TOS03000278,2026-10-08T18:30,1.4,4.2,182.0
TOS03000278,2026-10-08T18:45,1.2,3.6,228.0
TOS03000278,2026-10-08T19:00,1.3,3.6,201.0
TOS03000278,2026-10-08T19:15,1.7,4.8,218.0
TOS03000278,2026-10-08T19:30,1.4,4.3,190.0
TOS03000278,2026-10-08T19:45,1.4,3.6,193.0
TOS03000278,2026-10-08T20:00,1.5,3.6,185.0
TOS03000278,2026-10-08T20:15,1.8,4.1,176.0
TOS03000278,2026-10-08T20:30,1.6,3.3,215.0
TOS03000278,2026-10-08T20:45,1.8,4.1,190.0
TOS03000278,2026-10-08T21:00,1.8,5.7,215.0
TOS03000278,2026-10-08T21:15,1.5,4.9,235.0
TOS03000278,2026-10-08T21:30,1.2,3.2,212.0
TOS03000278,2026-10-08T21:45,1.4,3.5,211.0
TOS03000278,2026-10-08T22:00,1.3,3.3,188.0
TOS03000278,2026-10-08T22:15,1.1,2.8,190.0
TOS03000278,2026-10-08T22:30,1.2,3.2,245.0
TOS03000278,2026-10-08T22:45,1.1,2.5,262.0
TOS03000278,2026-10-08T23:00,0.7,1.9,104.0
TOS03000278,2026-10-08T23:15,0.8,2.8,254.0
TOS03000278,2026-10-08T23:30,1.0,3.3,297.0
TOS03000278,2026-10-08T23:45,1.0,3.9,332.0
TOS03000335,2026-10-08T00:00,6.2,8.1,155.0
TOS03000335,2026-10-08T00:15,6.3,7.6,154.0
TOS03000335,2026-10-08T00:30,6.0,7.4,156.0
TOS03000335,2026-10-08T00:45,7.1,12.0,145.0
TOS03000335,2026-10-08T01:00,7.4,12.4,151.0
TOS03000335,2026-10-08T01:15,8.1,12.2,147.0
TOS03000335,2026-10-08T01:30,8.0,11.1,152.0
TOS03000335,2026-10-08T01:45,7.4,11.9,161.0
TOS03000335,2026-10-08T02:00,9.5,15.9,148.0
TOS03000335,2026-10-08T02:15,10.6,15.8,145.0
TOS03000335,2026-10-08T02:30,8.2,14.9,144.0
TOS03000335,2026-10-08T02:45,11.6,17.1,147.0
TOS03000335,2026-10-08T03:00,11.5,19.6,147.0
TOS03000335,2026-10-08T03:15,10.0,16.0,152.0
TOS03000335,2026-10-08T03:30,10.1,15.5,152.0
TOS03000335,2026-10-08T03:45,7.0,10.4,156.0
TOS03000335,2026-10-08T04:00,6.3,11.0,153.0
TOS03000335,2026-10-08T04:15,5.1,9.3,146.0
TOS03000335,2026-10-08T04:30,6.2,12.6,8.0
TOS03000335,2026-10-08T04:45,5.3,11.1,11.0
TOS03000335,2026-10-08T05:00,5.6,11.9,10.0
TOS03000335,2026-10-08T05:15,7.7,13.0,153.0
TOS03000335,2026-10-08T05:30,8.1,11.3,156.0
TOS03000335,2026-10-08T05:45,7.6,12.1,157.0
TOS03000335,2026-10-08T06:00,9.6,14.4,138.0
TOS03000335,2026-10-08T06:15,9.7,16.3,143.0
TOS03000335,2026-10-08T06:30,10.9,15.4,141.0
TOS03000335,2026-10-08T06:45,8.7,13.3,149.0
TOS03000335,2026-10-08T07:00,11.3,18.6,142.0
TOS03000335,2026-10-08T07:15,12.6,18.5,143.0
TOS03000335,2026-10-08T07:30,12.7,19.9,144.0
TOS03000335,2026-10-08T07:45,10.1,16.7,145.0
TOS03000335,2026-10-08T08:00,12.0,17.0,147.0
TOS03000335,2026-10-08T08:15,12.5,16.9,148.0
TOS03000335,2026-10-08T08:30,11.9,16.0,146.0
TOS03000335,2026-10-08T08:45,13.3,19.5,142.0
TOS03000335,2026-10-08T09:00,12.7,20.2,145.0
TOS03000335,2026-10-08T09:15,12.6,18.9,146.0
TOS03000335,2026-10-08T09:30,12.4,17.2,148.0
TOS03000335,2026-10-08T09:45,12.6,18.1,148.0
TOS03000335,2026-10-08T10:00,12.2,15.9,149.0
TOS03000335,2026-10-08T10:15,11.7,16.8,149.0
TOS03000335,2026-10-08T10:30,7.3,14.5,151.0
TOS03000335,2026-10-08T10:45,7.7,12.8,149.0
TOS03000335,2026-10-08T11:00,8.8,13.1,143.0
TOS03000335,2026-10-08T11:15,9.9,13.7,151.0
TOS03000335,2026-10-08T11:30,10.0,13.5,148.0
TOS03000335,2026-10-08T11:45,11.6,16.0,141.0
TOS03000335,2026-10-08T12:00,10.0,14.3,152.0
TOS03000335,2026-10-08T12:15,10.0,14.0,152.0
TOS03000335,2026-10-08T12:30,10.9,16.4,146.0
TOS03000335,2026-10-08T12:45,11.0,17.3,144.0
TOS03000335,2026-10-08T13:00,12.1,20.4,144.0
TOS03000335,2026-10-08T13:15,13.3,20.7,142.0
TOS03000335,2026-10-08T13:30,10.8,17.7,143.0
TOS03000335,2026-10-08T13:45,11.3,19.1,146.0
TOS03000335,2026-10-08T14:00,10.4,21.1,144.0
TOS03000335,2026-10-08T14:15,12.8,18.3,146.0
TOS03000335,2026-10-08T14:30,11.0,19.9,137.0
TOS03000335,2026-10-08T14:45,10.4,16.8,147.0
TOS03000335,2026-10-08T15:00,10.4,17.8,150.0
TOS03000335,2026-10-08T15:15,11.9,17.9,144.0
TOS03000335,2026-10-08T15:30,10.8,15.6,146.0
TOS03000335,2026-10-08T15:45,9.7,16.2,146.0
TOS03000335,2026-10-08T16:00,9.3,14.6,142.0
TOS03000335,2026-10-08T16:15,7.1,10.7,154.0
TOS03000335,2026-10-08T16:30,12.6,20.5,149.0
TOS03000335,2026-10-08T16:45,10.8,19.1,150.0
TOS03000335,2026-10-08T17:00,9.8,15.4,147.0
TOS03000335,2026-10-08T17:15,8.1,12.3,145.0
TOS03000335,2026-10-08T17:30,7.6,14.4,153.0
TOS03000335,2026-10-08T17:45,10.7,16.9,155.0
TOS03000335,2026-10-08T18:00,11.4,19.4,153.0
TOS03000335,2026-10-08T18:15,13.0,17.6,151.0
TOS03000335,2026-10-08T18:30,12.3,23.2,149.0
TOS03000335,2026-10-08T18:45,12.6,20.6,146.0
TOS03000335,2026-10-08T19:00,12.8,20.2,143.0
TOS03000335,2026-10-08T19:15,13.0,21.3,152.0
TOS03000335,2026-10-08T19:30,11.3,16.4,160.0
TOS03000335,2026-10-08T19:45,9.8,14.4,160.0
TOS03000335,2026-10-08T20:00,8.1,12.1,152.0
TOS03000335,2026-10-08T20:15,10.6,16.8,152.0
TOS03000335,2026-10-08T20:30,11.5,20.2,148.0
TOS03000335,2026-10-08T20:45,10.2,15.5,147.0
TOS03000335,2026-10-08T21:00,9.8,14.5,156.0
TOS03000335,2026-10-08T21:15,11.9,18.1,152.0
TOS03000335,2026-10-08T21:30,12.8,17.1,143.0
TOS03000335,2026-10-08T21:45,10.6,14.4,152.0
TOS03000335,2026-10-08T22:00,10.4,16.9,153.0
TOS03000335,2026-10-08T22:15,11.3,18.9,149.0
TOS03000335,2026-10-08T22:30,9.3,17.5,136.0
TOS03000335,2026-10-08T22:45,3.9,9.7,174.0
TOS03000335,2026-10-08T23:00,2.7,8.6,111.0
TOS03000335,2026-10-08T23:15,2.7,8.5,119.0
TOS03000335,2026-10-08T23:30,3.9,7.5,148.0
TOS03000335,2026-10-08T23:45,2.1,5.5,53.0
TOS03000481,2026-10-08T00:00,3.6,5.7,144.0
TOS03000481,2026-10-08T00:15,2.7,5.1,150.0
TOS03000481,2026-10-08T00:30,1.7,3.4,142.0
TOS03000481,2026-10-08T00:45,1.8,2.9,104.0
TOS03000481,2026-10-08T01:00,2.2,3.1,66.0
TOS03000481,2026-10-08T01:15,2.6,3.8,59.0
TOS03000481,2026-10-08T01:30,2.9,4.5,59.0
TOS03000481,2026-10-08T01:45,2.9,4.0,69.0
TOS03000481,2026-10-08T02:00,2.8,4.0,82.0
TOS03000481,2026-10-08T02:15,2.1,3.4,70.0
TOS03000481,2026-10-08T02:30,2.5,4.2,50.0
TOS03000481,2026-10-08T02:45,2.5,4.2,33.0
TOS03000481,2026-10-08T03:00,2.3,4.0,89.0
TOS03000481,2026-10-08T03:15,2.9,4.8,124.0
TOS03000481,2026-10-08T03:30,3.0,4.7,123.0
TOS03000481,2026-10-08T03:45,2.6,4.4,115.0
TOS03000481,2026-10-08T04:00,4.0,7.4,110.0
TOS03000481,2026-10-08T04:15,4.4,9.2,170.0
TOS03000481,2026-10-08T04:30,2.4,5.3,204.0
TOS03000481,2026-10-08T04:45,1.0,4.5,240.0
TOS03000481,2026-10-08T05:00,3.4,6.2,125.0
TOS03000481,2026-10-08T05:15,3.3,5.9,100.0
TOS03000481,2026-10-08T05:30,2.8,4.2,84.0
TOS03000481,2026-10-08T05:45,2.5,3.5,114.0
TOS03000481,2026-10-08T06:00,3.1,4.1,107.0
TOS03000481,2026-10-08T06:15,2.8,4.1,104.0
TOS03000481,2026-10-08T06:30,2.5,3.2,97.0
TOS03000481,2026-10-08T06:45,3.0,4.5,101.0
TOS03000481,2026-10-08T07:00,3.0,4.0,100.0
TOS03000481,2026-10-08T07:15,2.9,3.8,102.0
TOS03000481,2026-10-08T07:30,2.8,4.1,94.0
TOS03000481,2026-10-08T07:45,2.3,3.5,92.0
TOS03000481,2026-10-08T08:00,2.4,3.7,110.0
TOS03000481,2026-10-08T08:15,2.8,4.3,108.0
TOS03000481,2026-10-08T08:30,2.6,4.5,107.0
TOS03000481,2026-10-08T08:45,3.1,4.6,111.0
TOS03000481,2026-10-08T09:00,3.2,5.1,94.0
TOS03000481,2026-10-08T09:15,4.0,6.4,112.0
TOS03000481,2026-10-08T09:30,3.8,6.4,118.0
TOS03000481,2026-10-08T09:45,2.8,4.8,116.0
TOS03000481,2026-10-08T10:00,3.3,5.2,121.0
TOS03000481,2026-10-08T10:15,2.6,4.8,126.0
TOS03000481,2026-10-08T10:30,3.0,3.9,69.0
TOS03000481,2026-10-08T10:45,3.2,5.2,69.0
TOS03000481,2026-10-08T11:00,2.4,5.1,74.0
TOS03000481,2026-10-08T11:15,2.5,4.0,89.0
TOS03000481,2026-10-08T11:30,3.0,4.4,99.0
TOS03000481,2026-10-08T11:45,3.0,4.5,82.0
TOS03000481,2026-10-08T12:00,2.8,4.7,107.0
TOS03000481,2026-10-08T12:15,2.9,4.6,97.0
TOS03000481,2026-10-08T12:30,3.3,4.4,103.0
TOS03000481,2026-10-08T12:45,2.4,3.7,122.0
TOS03000481,2026-10-08T13:00,2.0,4.0,138.0
TOS03000481,2026-10-08T13:15,1.3,4.5,219.0
TOS03000481,2026-10-08T13:30,2.0,4.3,258.0
TOS03000481,2026-10-08T13:45,1.6,3.8,253.0
TOS03000481,2026-10-08T14:00,1.6,4.6,254.0
TOS03000481,2026-10-08T14:15,3.9,8.3,268.0
TOS03000481,2026-10-08T14:30,3.4,6.3,271.0
TOS03000481,2026-10-08T14:45,2.3,5.3,263.0
TOS03000481,2026-10-08T15:00,1.0,2.8,238.0
TOS03000481,2026-10-08T15:15,1.0,3.3,201.0
TOS03000481,2026-10-08T15:30,1.9,6.1,203.0
TOS03000481,2026-10-08T15:45,2.6,11.7,231.0
TOS03000481,2026-10-08T16:00,1.2,2.8,288.0
TOS03000481,2026-10-08T16:15,2.2,3.8,3.0
TOS03000481,2026-10-08T16:30,2.3,3.9,31.0
TOS03000481,2026-10-08T16:45,3.4,6.2,16.0
TOS03000481,2026-10-08T17:00,1.5,3.7,262.0
TOS03000481,2026-10-08T17:15,1.6,3.8,251.0
TOS03000481,2026-10-08T17:30,1.6,3.8,252.0
TOS03000481,2026-10-08T17:45,1.3,3.6,243.0
TOS03000481,2026-10-08T18:00,1.5,3.5,253.0
TOS03000481,2026-10-08T18:15,1.7,4.1,269.0
TOS03000481,2026-10-08T18:30,2.1,4.0,271.0
TOS03000481,2026-10-08T18:45,1.8,4.7,273.0
TOS03000481,2026-10-08T19:00,1.3,3.5,265.0
TOS03000481,2026-10-08T19:15,1.2,3.3,260.0
TOS03000481,2026-10-08T19:30,0.8,2.9,261.0
TOS03000481,2026-10-08T19:45,1.5,3.0,274.0
TOS03000481,2026-10-08T20:00,1.6,4.2,274.0
TOS03000481,2026-10-08T20:15,1.3,3.1,273.0
TOS03000481,2026-10-08T20:30,1.6,2.8,274.0
TOS03000481,2026-10-08T20:45,1.1,2.8,271.0
TOS03000481,2026-10-08T21:00,1.6,3.9,271.0
TOS03000481,2026-10-08T21:15,3.6,5.6,271.0
TOS03000481,2026-10-08T21:30,5.0,8.7,271.0
TOS03000481,2026-10-08T21:45,6.2,9.9,273.0
TOS03000481,2026-10-08T22:00,5.8,9.9,275.0
TOS03000481,2026-10-08T22:15,5.8,9.9,273.0
TOS03000481,2026-10-08T22:30,6.7,9.9,276.0
TOS03000481,2026-10-08T22:45,6.8,10.6,285.0
TOS03000481,2026-10-08T23:00,4.7,8.2,284.0
TOS03000481,2026-10-08T23:15,6.8,8.7,282.0
TOS03000481,2026-10-08T23:30,6.1,9.7,276.0
TOS03000481,2026-10-08T23:45,6.6,10.8,277.0
TOS03000513,2026-10-08T00:00,1.5,3.0,57.0
TOS03000513,2026-10-08T00:15,1.2,2.7,81.0
TOS03000513,2026-10-08T00:30,1.3,2.3,45.0
TOS03000513,2026-10-08T00:45,1.4,2.3,32.0
TOS03000513,2026-10-08T01:00,1.8,3.1,71.0
TOS03000513,2026-10-08T01:15,1.0,1.9,53.0
TOS03000513,2026-10-08T01:30,1.7,2.8,12.0
TOS03000513,2026-10-08T01:45,1.4,2.5,62.0
TOS03000513,2026-10-08T02:00,1.7,3.6,6.0
TOS03000513,2026-10-08T02:15,1.4,2.6,58.0
TOS03000513,2026-10-08T02:30,1.4,2.5,71.0
TOS03000513,2026-10-08T02:45,1.2,2.3,59.0
TOS03000513,2026-10-08T03:00,1.5,3.4,6.0
TOS03000513,2026-10-08T03:15,1.5,3.1,66.0
TOS03000513,2026-10-08T03:30,1.3,3.1,76.0
TOS03000513,2026-10-08T03:45,1.8,3.7,84.0
TOS03000513,2026-10-08T04:00,1.5,2.6,46.0
TOS03000513,2026-10-08T04:15,0.8,1.8,68.0
TOS03000513,2026-10-08T04:30,0.8,1.7,151.0
TOS03000513,2026-10-08T04:45,2.6,6.5,229.0
TOS03000513,2026-10-08T05:00,2.1,4.2,260.0
TOS03000513,2026-10-08T05:15,0.7,1.5,33.0
TOS03000513,2026-10-08T05:30,1.0,1.8,351.0
TOS03000513,2026-10-08T05:45,0.8,1.5,302.0
TOS03000513,2026-10-08T06:00,1.1,2.3,198.0
TOS03000513,2026-10-08T06:15,1.4,2.8,194.0
TOS03000513,2026-10-08T06:30,0.9,1.4,241.0
TOS03000513,2026-10-08T06:45,0.7,1.6,47.0
TOS03000513,2026-10-08T07:00,0.7,1.4,42.0
TOS03000513,2026-10-08T07:15,1.1,2.2,12.0
TOS03000513,2026-10-08T07:30,1.0,1.9,15.0
TOS03000513,2026-10-08T07:45,0.6,1.1,117.0
TOS03000513,2026-10-08T08:00,0.8,1.4,93.0
TOS03000513,2026-10-08T08:15,0.8,1.9,130.0
TOS03000513,2026-10-08T08:30,0.9,2.0,221.0
TOS03000513,2026-10-08T08:45,1.0,1.7,19.0
TOS03000513,2026-10-08T09:00,1.3,2.2,42.0
TOS03000513,2026-10-08T09:15,1.2,2.1,46.0
TOS03000513,2026-10-08T09:30,2.0,3.2,81.0
TOS03000513,2026-10-08T09:45,1.5,3.6,91.0
TOS03000513,2026-10-08T10:00,1.3,3.5,122.0
TOS03000513,2026-10-08T10:15,1.2,2.4,65.0
TOS03000513,2026-10-08T10:30,2.5,6.5,292.0
TOS03000513,2026-10-08T10:45,1.8,6.6,266.0
TOS03000513,2026-10-08T11:00,1.2,2.5,241.0
TOS03000513,2026-10-08T11:15,0.6,2.0,310.0
TOS03000513,2026-10-08T11:30,1.2,2.2,308.0
TOS03000513,2026-10-08T11:45,1.6,2.8,286.0
TOS03000513,2026-10-08T12:00,1.1,2.0,240.0
TOS03000513,2026-10-08T12:15,1.2,2.3,236.0
TOS03000513,2026-10-08T12:30,0.7,1.5,330.0
TOS03000513,2026-10-08T12:45,0.7,1.6,67.0
TOS03000513,2026-10-08T13:00,1.1,2.5,70.0
TOS03000513,2026-10-08T13:15,1.3,2.5,11.0
TOS03000513,2026-10-08T13:30,0.8,1.5,57.0
TOS03000513,2026-10-08T13:45,1.0,2.2,294.0
TOS03000513,2026-10-08T14:00,1.2,2.9,208.0
TOS03000513,2026-10-08T14:15,2.0,3.6,232.0
TOS03000513,2026-10-08T14:30,3.2,6.4,232.0
TOS03000513,2026-10-08T14:45,3.5,6.7,235.0
TOS03000513,2026-10-08T15:00,2.3,3.8,244.0
TOS03000513,2026-10-08T15:15,2.1,4.2,242.0
TOS03000513,2026-10-08T15:30,1.9,3.8,219.0
TOS03000513,2026-10-08T15:45,1.1,2.9,204.0
TOS03000513,2026-10-08T16:00,1.3,2.5,202.0
TOS03000513,2026-10-08T16:15,1.6,4.6,196.0
TOS03000513,2026-10-08T16:30,1.9,4.2,216.0
TOS03000513,2026-10-08T16:45,1.5,3.1,227.0
TOS03000513,2026-10-08T17:00,1.0,2.2,222.0
TOS03000513,2026-10-08T17:15,0.6,1.4,160.0
TOS03000513,2026-10-08T17:30,1.5,2.9,243.0
TOS03000513,2026-10-08T17:45,2.7,6.2,248.0
TOS03000513,2026-10-08T18:00,3.0,5.4,254.0
TOS03000513,2026-10-08T18:15,2.9,4.9,253.0
TOS03000513,2026-10-08T18:30,2.4,4.7,252.0
TOS03000513,2026-10-08T18:45,2.1,4.0,253.0
TOS03000513,2026-10-08T19:00,1.7,3.5,242.0
TOS03000513,2026-10-08T19:15,1.2,3.0,244.0
TOS03000513,2026-10-08T19:30,0.7,1.2,260.0
TOS03000513,2026-10-08T19:45,1.5,4.0,270.0
TOS03000513,2026-10-08T20:00,1.2,2.8,280.0
TOS03000513,2026-10-08T20:15,0.9,2.3,284.0
TOS03000513,2026-10-08T20:30,0.4,0.7,98.0
TOS03000513,2026-10-08T20:45,0.7,1.0,77.0
TOS03000513,2026-10-08T21:00,0.8,1.3,84.0
TOS03000513,2026-10-08T21:15,0.7,1.2,2.0
TOS03000513,2026-10-08T21:30,0.7,1.3,208.0
TOS03000513,2026-10-08T21:45,1.9,4.7,226.0
TOS03000513,2026-10-08T22:00,2.5,5.7,241.0
TOS03000513,2026-10-08T22:15,2.5,4.2,256.0
TOS03000513,2026-10-08T22:30,2.3,3.9,260.0
TOS03000513,2026-10-08T22:45,2.0,2.9,259.0
TOS03000513,2026-10-08T23:00,1.8,2.7,271.0
TOS03000513,2026-10-08T23:15,0.9,1.9,277.0
TOS03000513,2026-10-08T23:30,1.1,2.1,206.0
TOS03000513,2026-10-08T23:45,1.9,3.6,267.0
TOS03001241,2026-10-08T00:00,1.8,4.8,232.0
TOS03001241,2026-10-08T00:15,1.7,7.5,144.0
TOS03001241,2026-10-08T00:30,2.0,5.2,214.0
TOS03001241,2026-10-08T00:45,1.7,4.3,134.0
TOS03001241,2026-10-08T01:00,2.1,5.5,111.0
TOS03001241,2026-10-08T01:15,1.3,4.3,293.0
TOS03001241,2026-10-08T01:30,1.6,4.6,267.0
TOS03001241,2026-10-08T01:45,2.5,6.8,256.0
TOS03001241,2026-10-08T02:00,1.1,2.7,292.0
TOS03001241,2026-10-08T02:15,1.3,3.7,261.0
TOS03001241,2026-10-08T02:30,1.7,4.2,231.0
TOS03001241,2026-10-08T02:45,1.7,5.3,265.0
TOS03001241,2026-10-08T03:00,1.3,4.4,84.0
TOS03001241,2026-10-08T03:15,1.7,5.2,281.0
TOS03001241,2026-10-08T03:30,2.2,4.4,254.0
TOS03001241,2026-10-08T03:45,2.2,4.7,256.0
TOS03001241,2026-10-08T04:00,1.5,5.0,283.0
TOS03001241,2026-10-08T04:15,2.6,5.5,248.0
TOS03001241,2026-10-08T04:30,2.2,4.3,246.0
TOS03001241,2026-10-08T04:45,1.5,4.5,251.0
TOS03001241,2026-10-08T05:00,1.7,4.4,265.0
TOS03001241,2026-10-08T05:15,1.8,4.1,71.0
TOS03001241,2026-10-08T05:30,3.0,6.0,224.0
TOS03001241,2026-10-08T05:45,1.4,3.0,240.0
TOS03001241,2026-10-08T06:00,1.1,2.4,219.0
TOS03001241,2026-10-08T06:15,0.6,1.8,180.0
TOS03001241,2026-10-08T06:30,0.6,1.1,32.0
TOS03001241,2026-10-08T06:45,0.3,0.6,53.0
TOS03001241,2026-10-08T07:00,0.6,1.9,223.0
TOS03001241,2026-10-08T07:15,0.7,2.6,107.0
TOS03001241,2026-10-08T07:30,1.2,3.4,254.0
TOS03001241,2026-10-08T07:45,1.5,3.6,231.0
TOS03001241,2026-10-08T08:00,1.4,2.8,234.0
TOS03001241,2026-10-08T08:15,1.3,2.7,231.0
TOS03001241,2026-10-08T08:30,1.3,2.4,230.0
TOS03001241,2026-10-08T08:45,1.7,3.4,244.0
TOS03001241,2026-10-08T09:00,2.4,4.8,230.0
TOS03001241,2026-10-08T09:15,1.8,4.5,221.0
TOS03001241,2026-10-08T09:30,1.8,3.3,222.0
TOS03001241,2026-10-08T09:45,1.4,2.7,227.0
TOS03001241,2026-10-08T10:00,1.3,2.4,216.0
TOS03001241,2026-10-08T10:15,1.4,4.3,223.0
TOS03001241,2026-10-08T10:30,1.3,3.0,178.0
TOS03001241,2026-10-08T10:45,1.4,5.1,186.0
TOS03001241,2026-10-08T11:00,2.2,4.6,207.0
TOS03001241,2026-10-08T11:15,2.2,5.4,211.0
TOS03001241,2026-10-08T11:30,2.4,4.9,246.0
TOS03001241,2026-10-08T11:45,0.9,3.8,267.0
TOS03001241,2026-10-08T12:00,1.0,3.8,109.0
TOS03001241,2026-10-08T12:15,1.9,4.8,245.0
TOS03001241,2026-10-08T12:30,1.6,4.3,232.0
TOS03001241,2026-10-08T12:45,1.0,3.1,281.0
TOS03001241,2026-10-08T13:00,2.0,4.2,237.0
TOS03001241,2026-10-08T13:15,1.9,5.1,238.0
TOS03001241,2026-10-08T13:30,1.5,4.3,238.0
TOS03001241,2026-10-08T13:45,1.7,4.1,246.0
TOS03001241,2026-10-08T14:00,1.9,4.2,251.0
TOS03001241,2026-10-08T14:15,2.3,5.1,245.0
TOS03001241,2026-10-08T14:30,1.5,3.7,252.0
TOS03001241,2026-10-08T14:45,1.8,4.7,169.0
TOS03001241,2026-10-08T15:00,1.6,4.7,115.0
TOS03001241,2026-10-08T15:15,1.6,4.7,102.0
TOS03001241,2026-10-08T15:30,1.0,3.2,10.0
TOS03001241,2026-10-08T15:45,1.1,2.6,282.0
TOS03001241,2026-10-08T16:00,1.1,3.0,277.0
TOS03001241,2026-10-08T16:15,1.3,3.4,271.0
TOS03001241,2026-10-08T16:30,0.9,2.4,27.0
TOS03001241,2026-10-08T16:45,1.2,3.2,73.0
TOS03001241,2026-10-08T17:00,1.4,3.8,37.0
TOS03001241,2026-10-08T17:15,1.9,6.2,103.0
TOS03001241,2026-10-08T17:30,1.7,3.7,259.0
TOS03001241,2026-10-08T17:45,1.8,4.8,113.0
TOS03001241,2026-10-08T18:00,1.6,5.3,259.0
TOS03001241,2026-10-08T18:15,2.9,6.1,240.0
TOS03001241,2026-10-08T18:30,1.9,3.5,250.0
TOS03001241,2026-10-08T18:45,2.1,4.7,235.0
TOS03001241,2026-10-08T19:00,1.6,5.0,221.0
TOS03001241,2026-10-08T19:15,1.8,5.1,223.0
TOS03001241,2026-10-08T19:30,0.9,2.6,295.0
TOS03001241,2026-10-08T19:45,1.1,2.6,230.0
TOS03001241,2026-10-08T20:00,0.8,3.0,290.0
TOS03001241,2026-10-08T20:15,0.7,1.9,307.0
TOS03001241,2026-10-08T20:30,0.7,1.7,342.0
TOS03001241,2026-10-08T20:45,0.6,1.4,327.0
TOS03001241,2026-10-08T21:00,0.6,1.7,258.0
TOS03001241,2026-10-08T21:15,0.7,1.7,301.0
TOS03001241,2026-10-08T21:30,0.6,1.5,326.0
TOS03001241,2026-10-08T21:45,0.8,1.6,11.0
TOS03001241,2026-10-08T22:00,0.8,1.4,29.0
TOS03001241,2026-10-08T22:15,0.8,1.6,28.0
TOS03001241,2026-10-08T22:30,0.8,1.6,42.0
TOS03001241,2026-10-08T22:45,0.8,2.0,25.0
TOS03001241,2026-10-08T23:00,0.7,1.4,358.0
TOS03001241,2026-10-08T23:15,0.9,1.8,48.0
TOS03001241,2026-10-08T23:30,0.8,1.8,62.0
TOS03001241,2026-10-08T23:45,0.7,1.2,48.0
TOS03001841,2026-10-08T00:00,4.7,8.0,222.0
TOS03001841,2026-10-08T00:15,4.3,8.6,208.0
TOS03001841,2026-10-08T00:30,4.4,7.8,221.0
TOS03001841,2026-10-08T00:45,4.9,8.8,218.0
TOS03001841,2026-10-08T01:00,4.7,9.4,213.0
TOS03001841,2026-10-08T01:15,5.5,10.9,212.0
TOS03001841,2026-10-08T01:30,5.5,9.3,224.0
TOS03001841,2026-10-08T01:45,5.5,10.1,228.0
TOS03001841,2026-10-08T02:00,5.0,9.4,212.0
TOS03001841,2026-10-08T02:15,4.1,6.9,200.0
TOS03001841,2026-10-08T02:30,4.7,10.8,206.0
TOS03001841,2026-10-08T02:45,3.7,8.4,201.0
TOS03001841,2026-10-08T03:00,4.1,7.5,206.0
TOS03001841,2026-10-08T03:15,3.4,8.6,203.0
TOS03001841,2026-10-08T03:30,4.3,10.1,206.0
TOS03001841,2026-10-08T03:45,3.9,6.9,219.0
TOS03001841,2026-10-08T04:00,4.1,7.3,217.0
TOS03001841,2026-10-08T04:15,4.0,7.4,220.0
TOS03001841,2026-10-08T04:30,4.9,7.6,209.0
TOS03001841,2026-10-08T04:45,6.8,15.8,210.0
TOS03001841,2026-10-08T05:00,7.6,13.7,245.0
TOS03001841,2026-10-08T05:15,6.0,10.3,257.0
TOS03001841,2026-10-08T05:30,6.6,11.3,247.0
TOS03001841,2026-10-08T05:45,4.5,8.2,230.0
TOS03001841,2026-10-08T06:00,4.3,7.0,226.0
TOS03001841,2026-10-08T06:15,3.2,5.2,223.0
TOS03001841,2026-10-08T06:30,3.8,5.3,228.0
TOS03001841,2026-10-08T06:45,3.9,6.7,225.0
TOS03001841,2026-10-08T07:00,3.2,5.3,203.0
TOS03001841,2026-10-08T07:15,3.6,7.2,190.0
TOS03001841,2026-10-08T07:30,3.4,6.8,190.0
TOS03001841,2026-10-08T07:45,3.2,5.2,217.0
TOS03001841,2026-10-08T08:00,3.3,5.8,196.0
TOS03001841,2026-10-08T08:15,4.1,7.6,181.0
TOS03001841,2026-10-08T08:30,4.1,7.8,194.0
TOS03001841,2026-10-08T08:45,4.7,10.2,202.0
TOS03001841,2026-10-08T09:00,4.1,7.0,204.0
TOS03001841,2026-10-08T09:15,3.9,7.8,195.0
TOS03001841,2026-10-08T09:30,3.9,8.1,192.0
TOS03001841,2026-10-08T09:45,3.4,5.8,206.0
TOS03001841,2026-10-08T10:00,4.1,12.7,203.0
TOS03001841,2026-10-08T10:15,5.1,8.5,197.0
TOS03001841,2026-10-08T10:30,6.5,14.7,209.0
TOS03001841,2026-10-08T10:45,3.6,6.8,227.0
TOS03001841,2026-10-08T11:00,4.0,5.5,234.0
TOS03001841,2026-10-08T11:15,5.0,8.1,239.0
TOS03001841,2026-10-08T11:30,5.4,8.9,230.0
TOS03001841,2026-10-08T11:45,5.2,8.4,234.0
TOS03001841,2026-10-08T12:00,6.5,8.6,233.0
TOS03001841,2026-10-08T12:15,6.6,9.1,233.0
TOS03001841,2026-10-08T12:30,6.0,9.2,230.0
TOS03001841,2026-10-08T12:45,8.3,13.2,232.0
TOS03001841,2026-10-08T13:00,8.7,12.8,233.0
TOS03001841,2026-10-08T13:15,8.0,13.0,234.0
TOS03001841,2026-10-08T13:30,7.8,11.6,236.0
TOS03001841,2026-10-08T13:45,9.1,14.1,234.0
TOS03001841,2026-10-08T14:00,8.2,15.3,232.0
TOS03001841,2026-10-08T14:15,7.4,12.2,231.0
TOS03001841,2026-10-08T14:30,7.5,11.9,229.0
TOS03001841,2026-10-08T14:45,8.4,12.5,233.0
TOS03001841,2026-10-08T15:00,7.0,10.5,228.0
TOS03001841,2026-10-08T15:15,7.0,12.1,230.0
TOS03001841,2026-10-08T15:30,5.9,9.6,232.0
TOS03001841,2026-10-08T15:45,6.4,9.4,231.0
TOS03001841,2026-10-08T16:00,6.0,10.5,233.0
TOS03001841,2026-10-08T16:15,5.5,8.3,229.0
TOS03001841,2026-10-08T16:30,8.0,12.2,228.0
TOS03001841,2026-10-08T16:45,7.3,11.5,231.0
TOS03001841,2026-10-08T17:00,6.9,11.6,229.0
TOS03001841,2026-10-08T17:15,6.8,10.9,228.0
TOS03001841,2026-10-08T17:30,8.5,13.1,228.0
TOS03001841,2026-10-08T17:45,9.2,16.4,232.0
TOS03001841,2026-10-08T18:00,9.6,15.8,234.0
TOS03001841,2026-10-08T18:15,8.5,14.1,235.0
TOS03001841,2026-10-08T18:30,8.8,17.0,237.0
TOS03001841,2026-10-08T18:45,7.5,10.8,235.0
TOS03001841,2026-10-08T19:00,7.8,10.5,238.0
TOS03001841,2026-10-08T19:15,7.8,11.2,238.0
TOS03001841,2026-10-08T19:30,8.0,11.6,239.0
TOS03001841,2026-10-08T19:45,8.2,11.4,237.0
TOS03001841,2026-10-08T20:00,7.7,11.3,238.0
TOS03001841,2026-10-08T20:15,7.4,10.6,239.0
TOS03001841,2026-10-08T20:30,6.9,11.3,240.0
TOS03001841,2026-10-08T20:45,6.4,9.3,235.0
TOS03001841,2026-10-08T21:00,7.1,11.2,235.0
TOS03001841,2026-10-08T21:15,6.0,9.5,233.0
TOS03001841,2026-10-08T21:30,6.1,10.4,234.0
TOS03001841,2026-10-08T21:45,6.6,12.7,230.0
TOS03001841,2026-10-08T22:00,8.4,12.8,238.0
TOS03001841,2026-10-08T22:15,8.7,14.6,247.0
TOS03001841,2026-10-08T22:30,7.0,11.3,254.0
TOS03001841,2026-10-08T22:45,7.1,11.6,257.0
TOS03001841,2026-10-08T23:00,7.3,12.8,252.0
TOS03001841,2026-10-08T23:15,5.6,9.1,260.0
TOS03001841,2026-10-08T23:30,5.7,11.8,254.0
TOS03001841,2026-10-08T23:45,6.0,10.9,259.0
TOS03001963,2026-10-08T00:00,2.2,0.0,224.0
TOS03001963,2026-10-08T00:15,2.8,0.0,226.0
TOS03001963,2026-10-08T00:30,2.4,0.0,218.0
TOS03001963,2026-10-08T00:45,3.1,0.0,215.0
TOS03001963,2026-10-08T01:00,3.1,0.0,213.0
TOS03001963,2026-10-08T01:15,3.5,0.0,204.0
TOS03001963,2026-10-08T01:30,2.7,0.0,202.0
TOS03001963,2026-10-08T01:45,2.7,0.0,192.0
TOS03001963,2026-10-08T02:00,3.2,0.0,194.0
TOS03001963,2026-10-08T02:15,2.9,0.0,206.0
TOS03001963,2026-10-08T02:30,3.1,0.0,199.0
TOS03001963,2026-10-08T02:45,2.9,0.0,189.0
TOS03001963,2026-10-08T03:00,2.8,0.0,200.0
TOS03001963,2026-10-08T03:15,3.5,0.0,203.0
TOS03001963,2026-10-08T03:30,3.9,0.0,196.0
TOS03001963,2026-10-08T03:45,3.1,0.0,201.0
TOS03001963,2026-10-08T04:00,3.4,0.0,217.0
TOS03001963,2026-10-08T04:15,3.4,0.0,211.0
TOS03001963,2026-10-08T04:30,3.0,0.0,216.0
TOS03001963,2026-10-08T04:45,1.5,0.0,225.0
TOS03001963,2026-10-08T05:00,1.4,0.0,46.0
TOS03001963,2026-10-08T05:15,1.9,0.0,54.0
TOS03001963,2026-10-08T05:30,2.2,0.0,73.0
TOS03001963,2026-10-08T05:45,1.8,0.0,75.0
TOS03001963,2026-10-08T06:00,2.4,0.0,68.0
TOS03001963,2026-10-08T06:15,2.6,0.0,81.0
TOS03001963,2026-10-08T06:30,2.9,0.0,87.0
TOS03001963,2026-10-08T06:45,3.1,0.0,96.0
TOS03001963,2026-10-08T07:00,3.5,0.0,97.0
TOS03001963,2026-10-08T07:15,3.3,0.0,88.0
TOS03001963,2026-10-08T07:30,3.7,0.0,85.0
TOS03001963,2026-10-08T07:45,3.7,0.0,95.0
TOS03001963,2026-10-08T08:00,3.8,0.0,93.0
TOS03001963,2026-10-08T08:15,3.7,0.0,92.0
TOS03001963,2026-10-08T08:30,2.9,0.0,80.0
TOS03001963,2026-10-08T08:45,3.0,0.0,99.0
TOS03001963,2026-10-08T09:00,3.2,0.0,100.0
TOS03001963,2026-10-08T09:15,2.8,0.0,102.0
TOS03001963,2026-10-08T09:30,3.4,0.0,98.0
TOS03001963,2026-10-08T09:45,1.7,0.0,122.0
TOS03001963,2026-10-08T10:00,2.2,0.0,158.0
TOS03001963,2026-10-08T10:15,2.0,0.0,187.0
TOS03001963,2026-10-08T10:30,2.2,0.0,304.0
TOS03001963,2026-10-08T10:45,0.7,0.0,264.0
TOS03001963,2026-10-08T11:00,1.6,0.0,232.0
TOS03001963,2026-10-08T11:15,2.7,0.0,253.0
TOS03001963,2026-10-08T11:30,2.8,0.0,254.0
TOS03001963,2026-10-08T11:45,3.2,0.0,253.0
TOS03001963,2026-10-08T12:00,3.4,0.0,250.0
TOS03001963,2026-10-08T12:15,3.1,0.0,255.0
TOS03001963,2026-10-08T12:30,3.7,0.0,255.0
TOS03001963,2026-10-08T12:45,3.2,0.0,255.0
TOS03001963,2026-10-08T13:00,3.4,0.0,255.0
TOS03001963,2026-10-08T13:15,3.4,0.0,256.0
TOS03001963,2026-10-08T13:30,4.1,0.0,255.0
TOS03001963,2026-10-08T13:45,3.5,0.0,254.0
TOS03001963,2026-10-08T14:00,3.0,0.0,261.0
TOS03001963,2026-10-08T14:15,3.0,0.0,257.0
TOS03001963,2026-10-08T14:30,2.5,0.0,259.0
TOS03001963,2026-10-08T14:45,2.1,0.0,259.0
TOS03001963,2026-10-08T15:00,2.6,0.0,257.0
TOS03001963,2026-10-08T15:15,2.5,0.0,255.0
TOS03001963,2026-10-08T15:30,2.7,0.0,253.0
TOS03001963,2026-10-08T15:45,2.2,0.0,250.0
TOS03001963,2026-10-08T16:00,2.9,0.0,255.0
TOS03001963,2026-10-08T16:15,3.3,0.0,253.0
TOS03001963,2026-10-08T16:30,3.2,0.0,253.0
TOS03001963,2026-10-08T16:45,2.5,0.0,255.0
TOS03001963,2026-10-08T17:00,2.9,0.0,254.0
TOS03001963,2026-10-08T17:15,3.0,0.0,255.0
TOS03001963,2026-10-08T17:30,3.0,0.0,254.0
TOS03001963,2026-10-08T17:45,3.2,0.0,254.0
TOS03001963,2026-10-08T18:00,2.7,0.0,254.0
TOS03001963,2026-10-08T18:15,2.4,0.0,257.0
TOS03001963,2026-10-08T18:30,2.6,0.0,248.0
TOS03001963,2026-10-08T18:45,2.4,0.0,254.0
TOS03001963,2026-10-08T19:00,2.6,0.0,252.0
TOS03001963,2026-10-08T19:15,2.3,0.0,252.0
TOS03001963,2026-10-08T19:30,2.6,0.0,252.0
TOS03001963,2026-10-08T19:45,2.4,0.0,250.0
TOS03001963,2026-10-08T20:00,2.6,0.0,247.0
TOS03001963,2026-10-08T20:15,2.4,0.0,251.0
TOS03001963,2026-10-08T20:30,2.3,0.0,251.0
TOS03001963,2026-10-08T20:45,2.0,0.0,254.0
TOS03001963,2026-10-08T21:00,2.2,0.0,252.0
TOS03001963,2026-10-08T21:15,1.9,0.0,254.0
TOS03001963,2026-10-08T21:30,2.3,0.0,254.0
TOS03001963,2026-10-08T21:45,2.3,0.0,259.0
TOS03001963,2026-10-08T22:00,2.9,0.0,257.0
TOS03001963,2026-10-08T22:15,2.0,0.0,254.0
TOS03001963,2026-10-08T22:30,2.7,0.0,253.0
TOS03001963,2026-10-08T22:45,2.6,0.0,255.0
TOS03001963,2026-10-08T23:00,2.1,0.0,259.0
TOS03001963,2026-10-08T23:15,2.1,0.0,256.0
TOS03001963,2026-10-08T23:30,1.5,0.0,251.0
TOS03001963,2026-10-08T23:45,1.2,0.0,239.0
TOS11000001,2026-10-08T00:00,2.1,3.8,138.0
TOS11000001,2026-10-08T00:15,2.2,3.5,129.0
TOS11000001,2026-10-08T00:30,2.8,4.0,126.0
TOS11000001,2026-10-08T00:45,2.8,4.6,129.0
TOS11000001,2026-10-08T01:00,3.3,4.5,128.0
TOS11000001,2026-10-08T01:15,3.1,4.4,134.0
TOS11000001,2026-10-08T01:30,3.7,6.1,126.0
TOS11000001,2026-10-08T01:45,3.4,5.9,118.0
TOS11000001,2026-10-08T02:00,3.7,5.5,118.0
TOS11000001,2026-10-08T02:15,3.0,5.0,137.0
TOS11000001,2026-10-08T02:30,2.6,3.9,138.0
TOS11000001,2026-10-08T02:45,3.0,4.2,126.0
TOS11000001,2026-10-08T03:00,2.8,3.9,129.0
TOS11000001,2026-10-08T03:15,3.1,4.4,135.0
TOS11000001,2026-10-08T03:30,3.0,4.2,133.0
TOS11000001,2026-10-08T03:45,3.3,5.1,128.0
TOS11000001,2026-10-08T04:00,3.2,5.1,117.0
TOS11000001,2026-10-08T04:15,2.5,3.9,125.0
TOS11000001,2026-10-08T04:30,3.4,10.1,245.0
TOS11000001,2026-10-08T04:45,1.8,3.8,64.0
TOS11000001,2026-10-08T05:00,2.9,3.7,51.0
TOS11000001,2026-10-08T05:15,2.7,3.9,68.0
TOS11000001,2026-10-08T05:30,2.1,3.3,47.0
TOS11000001,2026-10-08T05:45,1.7,3.7,1.0
TOS11000001,2026-10-08T06:00,0.9,2.0,85.0
TOS11000001,2026-10-08T06:15,1.6,2.8,50.0
TOS11000001,2026-10-08T06:30,0.6,1.3,207.0
TOS11000001,2026-10-08T06:45,1.4,2.6,83.0
TOS11000001,2026-10-08T07:00,0.9,1.5,77.0
TOS11000001,2026-10-08T07:15,1.7,2.4,93.0
TOS11000001,2026-10-08T07:30,1.2,1.8,116.0
TOS11000001,2026-10-08T07:45,1.3,2.4,104.0
TOS11000001,2026-10-08T08:00,1.2,1.8,113.0
TOS11000001,2026-10-08T08:15,1.6,2.3,121.0
TOS11000001,2026-10-08T08:30,1.6,2.4,132.0
TOS11000001,2026-10-08T08:45,1.5,2.2,104.0
TOS11000001,2026-10-08T09:00,1.8,2.7,91.0
TOS11000001,2026-10-08T09:15,2.1,3.6,74.0
TOS11000001,2026-10-08T09:30,3.1,4.7,90.0
TOS11000001,2026-10-08T09:45,2.0,4.4,62.0
TOS11000001,2026-10-08T10:00,2.0,4.7,76.0
TOS11000001,2026-10-08T10:15,1.7,3.6,35.0
TOS11000001,2026-10-08T10:30,1.4,2.5,24.0
TOS11000001,2026-10-08T10:45,0.6,1.3,62.0
TOS11000001,2026-10-08T11:00,1.5,2.6,41.0
TOS11000001,2026-10-08T11:15,1.9,2.9,37.0
TOS11000001,2026-10-08T11:30,1.8,3.1,35.0
TOS11000001,2026-10-08T11:45,1.5,2.8,12.0
TOS11000001,2026-10-08T12:00,1.2,2.3,28.0
TOS11000001,2026-10-08T12:15,1.7,2.5,80.0
TOS11000001,2026-10-08T12:30,1.5,2.7,71.0
TOS11000001,2026-10-08T12:45,1.3,2.4,135.0
TOS11000001,2026-10-08T13:00,3.1,7.0,246.0
TOS11000001,2026-10-08T13:15,5.3,8.3,242.0
TOS11000001,2026-10-08T13:30,3.5,10.3,260.0
TOS11000001,2026-10-08T13:45,2.6,4.6,254.0
TOS11000001,2026-10-08T14:00,2.8,5.5,255.0
TOS11000001,2026-10-08T14:15,3.5,6.5,254.0
TOS11000001,2026-10-08T14:30,4.1,7.4,252.0
TOS11000001,2026-10-08T14:45,3.2,5.5,253.0
TOS11000001,2026-10-08T15:00,2.1,4.8,251.0
TOS11000001,2026-10-08T15:15,2.4,3.8,226.0
TOS11000001,2026-10-08T15:30,2.4,4.0,228.0
TOS11000001,2026-10-08T15:45,2.9,4.6,214.0
TOS11000001,2026-10-08T16:00,3.2,5.0,227.0
TOS11000001,2026-10-08T16:15,3.2,4.7,211.0
TOS11000001,2026-10-08T16:30,2.3,5.7,211.0
TOS11000001,2026-10-08T16:45,3.9,5.7,220.0
TOS11000001,2026-10-08T17:00,3.7,6.8,231.0
TOS11000001,2026-10-08T17:15,4.8,7.2,243.0
TOS11000001,2026-10-08T17:30,4.8,8.1,241.0
TOS11000001,2026-10-08T17:45,4.2,7.1,237.0
TOS11000001,2026-10-08T18:00,3.9,6.5,236.0
TOS11000001,2026-10-08T18:15,3.2,6.0,246.0
TOS11000001,2026-10-08T18:30,1.5,3.4,247.0
TOS11000001,2026-10-08T18:45,2.2,3.6,253.0
TOS11000001,2026-10-08T19:00,2.9,6.2,260.0
TOS11000001,2026-10-08T19:15,1.7,3.5,273.0
TOS11000001,2026-10-08T19:30,2.2,4.4,256.0
TOS11000001,2026-10-08T19:45,2.6,4.8,251.0
TOS11000001,2026-10-08T20:00,1.9,4.0,267.0
TOS11000001,2026-10-08T20:15,1.1,3.5,256.0
TOS11000001,2026-10-08T20:30,0.8,2.3,226.0
TOS11000001,2026-10-08T20:45,1.4,2.4,245.0
TOS11000001,2026-10-08T21:00,1.1,2.0,267.0
TOS11000001,2026-10-08T21:15,3.0,5.5,257.0
TOS11000001,2026-10-08T21:30,3.6,6.0,257.0
TOS11000001,2026-10-08T21:45,2.8,6.8,265.0
TOS11000001,2026-10-08T22:00,2.7,5.1,265.0
TOS11000001,2026-10-08T22:15,1.8,4.3,279.0
TOS11000001,2026-10-08T22:30,1.5,2.7,289.0
TOS11000001,2026-10-08T22:45,1.9,3.3,295.0
TOS11000001,2026-10-08T23:00,1.7,2.9,299.0
TOS11000001,2026-10-08T23:15,1.6,3.4,274.0
TOS11000001,2026-10-08T23:30,0.6,1.3,311.0
TOS11000001,2026-10-08T23:45,0.8,1.7,53.0
TOS11000011,2026-10-08T00:00,0.9,1.5,91.0
TOS11000011,2026-10-08T00:15,2.0,3.3,130.0
TOS11000011,2026-10-08T00:30,1.5,3.2,61.0
TOS11000011,2026-10-08T00:45,1.3,2.7,24.0
TOS11000011,2026-10-08T01:00,1.7,2.8,100.0
TOS11000011,2026-10-08T01:15,1.0,2.4,95.0
TOS11000011,2026-10-08T01:30,0.9,2.0,51.0
TOS11000011,2026-10-08T01:45,0.9,2.0,44.0
TOS11000011,2026-10-08T02:00,0.9,1.6,57.0
TOS11000011,2026-10-08T02:15,0.9,1.4,27.0
TOS11000011,2026-10-08T02:30,1.3,4.6,105.0
TOS11000011,2026-10-08T02:45,2.0,3.7,110.0
TOS11000011,2026-10-08T03:00,1.5,2.9,111.0
TOS11000011,2026-10-08T03:15,2.2,3.9,108.0
TOS11000011,2026-10-08T03:30,2.4,4.6,115.0
TOS11000011,2026-10-08T03:45,1.8,2.9,110.0
TOS11000011,2026-10-08T04:00,1.6,3.1,53.0
TOS11000011,2026-10-08T04:15,4.6,10.3,174.0
TOS11000011,2026-10-08T04:30,4.2,9.4,198.0
TOS11000011,2026-10-08T04:45,1.8,3.9,131.0
TOS11000011,2026-10-08T05:00,2.5,5.4,88.0
TOS11000011,2026-10-08T05:15,2.1,4.2,115.0
TOS11000011,2026-10-08T05:30,1.0,1.8,99.0
TOS11000011,2026-10-08T05:45,1.3,2.2,115.0
TOS11000011,2026-10-08T06:00,1.4,2.0,115.0
TOS11000011,2026-10-08T06:15,1.1,2.2,117.0
TOS11000011,2026-10-08T06:30,0.6,1.5,66.0
TOS11000011,2026-10-08T06:45,1.5,2.8,118.0
TOS11000011,2026-10-08T07:00,1.5,2.4,118.0
TOS11000011,2026-10-08T07:15,0.8,1.5,86.0
TOS11000011,2026-10-08T07:30,0.9,1.3,83.0
TOS11000011,2026-10-08T07:45,0.8,1.4,94.0
TOS11000011,2026-10-08T08:00,0.6,1.1,110.0
TOS11000011,2026-10-08T08:15,1.3,2.1,118.0
TOS11000011,2026-10-08T08:30,1.2,2.0,105.0
TOS11000011,2026-10-08T08:45,1.3,2.3,112.0
TOS11000011,2026-10-08T09:00,1.5,3.1,108.0
TOS11000011,2026-10-08T09:15,2.3,4.1,104.0
TOS11000011,2026-10-08T09:30,2.1,4.3,115.0
TOS11000011,2026-10-08T09:45,2.4,3.7,143.0
TOS11000011,2026-10-08T10:00,3.5,6.3,125.0
TOS11000011,2026-10-08T10:15,1.9,2.9,105.0
TOS11000011,2026-10-08T10:30,1.2,2.4,55.0
TOS11000011,2026-10-08T10:45,1.2,2.3,59.0
TOS11000011,2026-10-08T11:00,1.3,2.8,112.0
TOS11000011,2026-10-08T11:15,1.6,2.5,113.0
TOS11000011,2026-10-08T11:30,1.8,3.6,106.0
TOS11000011,2026-10-08T11:45,1.8,3.2,97.0
TOS11000011,2026-10-08T12:00,2.0,3.3,112.0
TOS11000011,2026-10-08T12:15,1.3,2.5,87.0
TOS11000011,2026-10-08T12:30,1.5,3.1,91.0
TOS11000011,2026-10-08T12:45,1.4,3.1,116.0
TOS11000011,2026-10-08T13:00,1.5,3.5,138.0
TOS11000011,2026-10-08T13:15,2.0,4.8,185.0
TOS11000011,2026-10-08T13:30,4.3,7.3,258.0
TOS11000011,2026-10-08T13:45,4.4,7.9,248.0
TOS11000011,2026-10-08T14:00,4.2,7.2,243.0
TOS11000011,2026-10-08T14:15,4.3,7.0,253.0
TOS11000011,2026-10-08T14:30,4.0,7.6,259.0
TOS11000011,2026-10-08T14:45,3.2,5.7,247.0
TOS11000011,2026-10-08T15:00,2.4,4.4,247.0
TOS11000011,2026-10-08T15:15,2.7,4.7,216.0
TOS11000011,2026-10-08T15:30,2.9,4.9,206.0
TOS11000011,2026-10-08T15:45,4.4,8.6,212.0
TOS11000011,2026-10-08T16:00,0.8,3.2,352.0
TOS11000011,2026-10-08T16:15,1.6,3.3,19.0
TOS11000011,2026-10-08T16:30,1.7,2.9,342.0
TOS11000011,2026-10-08T16:45,1.5,3.3,38.0
TOS11000011,2026-10-08T17:00,1.2,2.9,4.0
TOS11000011,2026-10-08T17:15,3.5,6.6,245.0
TOS11000011,2026-10-08T17:30,3.3,6.5,231.0
TOS11000011,2026-10-08T17:45,3.6,5.9,228.0
TOS11000011,2026-10-08T18:00,3.7,6.4,231.0
TOS11000011,2026-10-08T18:15,3.1,5.9,237.0
TOS11000011,2026-10-08T18:30,3.4,6.0,239.0
TOS11000011,2026-10-08T18:45,2.8,5.3,242.0
TOS11000011,2026-10-08T19:00,2.6,4.7,238.0
TOS11000011,2026-10-08T19:15,2.9,4.9,241.0
TOS11000011,2026-10-08T19:30,2.7,6.0,227.0
TOS11000011,2026-10-08T19:45,2.5,4.7,225.0
TOS11000011,2026-10-08T20:00,2.1,3.7,234.0
TOS11000011,2026-10-08T20:15,1.7,3.0,243.0
TOS11000011,2026-10-08T20:30,2.3,4.4,235.0
TOS11000011,2026-10-08T20:45,3.2,5.1,238.0
TOS11000011,2026-10-08T21:00,3.7,6.6,238.0
TOS11000011,2026-10-08T21:15,5.2,9.4,239.0
TOS11000011,2026-10-08T21:30,4.4,8.6,248.0
TOS11000011,2026-10-08T21:45,3.7,8.9,254.0
TOS11000011,2026-10-08T22:00,3.4,6.0,265.0
TOS11000011,2026-10-08T22:15,2.5,4.4,271.0
TOS11000011,2026-10-08T22:30,3.0,5.2,263.0
TOS11000011,2026-10-08T22:45,1.9,3.6,263.0
TOS11000011,2026-10-08T23:00,0.9,1.8,338.0
TOS11000011,2026-10-08T23:15,0.9,2.4,70.0
TOS11000011,2026-10-08T23:30,1.6,3.7,327.0
TOS11000011,2026-10-08T23:45,2.1,4.4,268.0
TOS11000020,2026-10-08T00:00,1.9,3.8,307.0
TOS11000020,2026-10-08T00:15,1.9,4.7,307.0
TOS11000020,2026-10-08T00:30,2.0,5.4,292.0
TOS11000020,2026-10-08T00:45,2.1,4.6,296.0
TOS11000020,2026-10-08T01:00,2.0,4.1,296.0
TOS11000020,2026-10-08T01:15,2.0,4.5,295.0
TOS11000020,2026-10-08T01:30,1.7,3.9,254.0
TOS11000020,2026-10-08T01:45,1.8,4.6,273.0
TOS11000020,2026-10-08T02:00,1.7,3.6,274.0
TOS11000020,2026-10-08T02:15,1.9,5.9,252.0
TOS11000020,2026-10-08T02:30,1.9,4.3,245.0
TOS11000020,2026-10-08T02:45,2.0,6.2,270.0
TOS11000020,2026-10-08T03:00,2.1,4.5,283.0
TOS11000020,2026-10-08T03:15,1.7,5.2,273.0
TOS11000020,2026-10-08T03:30,1.9,5.3,242.0
TOS11000020,2026-10-08T03:45,2.2,5.4,230.0
TOS11000020,2026-10-08T04:00,1.8,4.8,225.0
TOS11000020,2026-10-08T04:15,2.3,6.7,218.0
TOS11000020,2026-10-08T04:30,2.3,6.0,275.0
TOS11000020,2026-10-08T04:45,1.8,3.8,329.0
TOS11000020,2026-10-08T05:00,2.2,3.8,310.0
TOS11000020,2026-10-08T05:15,1.1,2.4,298.0
TOS11000020,2026-10-08T05:30,1.3,3.1,227.0
TOS11000020,2026-10-08T05:45,1.5,4.8,237.0
TOS11000020,2026-10-08T06:00,1.7,4.3,206.0
TOS11000020,2026-10-08T06:15,1.3,3.8,213.0
TOS11000020,2026-10-08T06:30,1.3,3.0,197.0
TOS11000020,2026-10-08T06:45,1.7,3.8,222.0
TOS11000020,2026-10-08T07:00,1.6,4.0,248.0
TOS11000020,2026-10-08T07:15,1.6,4.3,255.0
TOS11000020,2026-10-08T07:30,1.5,4.7,270.0
TOS11000020,2026-10-08T07:45,1.4,3.5,285.0
TOS11000020,2026-10-08T08:00,1.6,3.4,287.0
TOS11000020,2026-10-08T08:15,1.4,3.1,296.0
TOS11000020,2026-10-08T08:30,1.2,3.6,287.0
TOS11000020,2026-10-08T08:45,1.3,2.6,296.0
TOS11000020,2026-10-08T09:00,1.4,3.4,272.0
TOS11000020,2026-10-08T09:15,1.4,3.2,228.0
TOS11000020,2026-10-08T09:30,1.9,4.7,249.0
TOS11000020,2026-10-08T09:45,2.1,4.8,238.0
TOS11000020,2026-10-08T10:00,1.9,7.1,237.0
TOS11000020,2026-10-08T10:15,2.0,4.7,266.0
TOS11000020,2026-10-08T10:30,1.6,6.0,269.0
TOS11000020,2026-10-08T10:45,1.7,3.8,278.0
TOS11000020,2026-10-08T11:00,1.7,3.7,315.0
TOS11000020,2026-10-08T11:15,2.3,3.5,325.0
TOS11000020,2026-10-08T11:30,2.5,4.5,324.0
TOS11000020,2026-10-08T11:45,2.6,5.7,329.0
TOS11000020,2026-10-08T12:00,2.5,6.1,326.0
TOS11000020,2026-10-08T12:15,2.4,4.3,324.0
TOS11000020,2026-10-08T12:30,2.5,4.3,330.0
TOS11000020,2026-10-08T12:45,2.5,5.0,328.0
TOS11000020,2026-10-08T13:00,3.0,4.8,329.0
TOS11000020,2026-10-08T13:15,2.8,5.6,328.0
TOS11000020,2026-10-08T13:30,2.4,4.5,333.0
TOS11000020,2026-10-08T13:45,2.9,5.8,329.0
TOS11000020,2026-10-08T14:00,2.7,5.1,330.0
TOS11000020,2026-10-08T14:15,3.0,4.8,322.0
TOS11000020,2026-10-08T14:30,2.6,4.8,327.0
TOS11000020,2026-10-08T14:45,2.6,4.6,335.0
TOS11000020,2026-10-08T15:00,2.7,4.9,333.0
TOS11000020,2026-10-08T15:15,2.1,3.7,331.0
TOS11000020,2026-10-08T15:30,2.3,4.3,327.0
TOS11000020,2026-10-08T15:45,2.2,4.4,322.0
TOS11000020,2026-10-08T16:00,2.5,4.5,321.0
TOS11000020,2026-10-08T16:15,2.4,6.7,326.0
TOS11000020,2026-10-08T16:30,2.6,4.4,327.0
TOS11000020,2026-10-08T16:45,2.8,5.0,321.0
TOS11000020,2026-10-08T17:00,3.0,5.1,324.0
TOS11000020,2026-10-08T17:15,3.1,7.4,327.0
TOS11000020,2026-10-08T17:30,3.0,6.7,337.0
TOS11000020,2026-10-08T17:45,3.1,5.3,337.0
TOS11000020,2026-10-08T18:00,2.7,5.1,338.0
TOS11000020,2026-10-08T18:15,2.8,4.7,338.0
TOS11000020,2026-10-08T18:30,2.8,4.6,330.0
TOS11000020,2026-10-08T18:45,2.7,4.2,329.0
TOS11000020,2026-10-08T19:00,2.7,5.2,330.0
TOS11000020,2026-10-08T19:15,2.5,4.6,329.0
TOS11000020,2026-10-08T19:30,2.6,5.1,330.0
TOS11000020,2026-10-08T19:45,2.7,4.5,333.0
TOS11000020,2026-10-08T20:00,2.2,3.5,330.0
TOS11000020,2026-10-08T20:15,2.3,6.2,332.0
TOS11000020,2026-10-08T20:30,2.2,3.6,327.0
TOS11000020,2026-10-08T20:45,2.2,3.9,329.0
TOS11000020,2026-10-08T21:00,2.2,3.9,335.0
TOS11000020,2026-10-08T21:15,2.4,3.8,337.0
TOS11000020,2026-10-08T21:30,2.6,3.9,335.0
TOS11000020,2026-10-08T21:45,2.7,5.8,330.0
TOS11000020,2026-10-08T22:00,3.1,6.5,328.0
TOS11000020,2026-10-08T22:15,2.9,4.4,323.0
TOS11000020,2026-10-08T22:30,2.9,4.0,329.0
TOS11000020,2026-10-08T22:45,3.0,4.2,324.0
TOS11000020,2026-10-08T23:00,2.7,4.0,324.0
TOS11000020,2026-10-08T23:15,2.0,3.8,324.0
TOS11000020,2026-10-08T23:30,2.0,3.5,328.0
TOS11000020,2026-10-08T23:45,1.8,3.0,326.0
TOS11000027,2026-10-08T00:00,1.2,2.5,43.0
TOS11000027,2026-10-08T00:15,1.3,2.1,40.0
TOS11000027,2026-10-08T00:30,1.3,2.3,34.0
TOS11000027,2026-10-08T00:45,2.2,3.3,8.0
TOS11000027,2026-10-08T01:00,1.8,2.9,2.0
TOS11000027,2026-10-08T01:15,0.8,2.4,81.0
TOS11000027,2026-10-08T01:30,2.4,3.8,21.0
TOS11000027,2026-10-08T01:45,2.1,3.3,29.0
TOS11000027,2026-10-08T02:00,1.8,3.3,40.0
TOS11000027,2026-10-08T02:15,0.8,2.0,38.0
TOS11000027,2026-10-08T02:30,1.2,2.6,40.0
TOS11000027,2026-10-08T02:45,1.5,2.7,40.0
TOS11000027,2026-10-08T03:00,1.3,2.0,42.0
TOS11000027,2026-10-08T03:15,1.9,3.5,0.0
TOS11000027,2026-10-08T03:30,1.7,3.1,345.0
TOS11000027,2026-10-08T03:45,2.2,5.0,312.0
TOS11000027,2026-10-08T04:00,0.6,1.8,193.0
TOS11000027,2026-10-08T04:15,0.3,0.9,278.0
TOS11000027,2026-10-08T04:30,1.1,2.8,203.0
TOS11000027,2026-10-08T04:45,2.5,6.3,46.0
TOS11000027,2026-10-08T05:00,0.3,1.1,15.0
TOS11000027,2026-10-08T05:15,0.9,3.1,25.0
TOS11000027,2026-10-08T05:30,2.0,3.3,33.0
TOS11000027,2026-10-08T05:45,1.7,2.6,20.0
TOS11000027,2026-10-08T06:00,2.1,2.9,30.0
TOS11000027,2026-10-08T06:15,2.0,3.0,37.0
TOS11000027,2026-10-08T06:30,2.5,3.5,37.0
TOS11000027,2026-10-08T06:45,2.5,4.2,38.0
TOS11000027,2026-10-08T07:00,2.3,3.7,46.0
TOS11000027,2026-10-08T07:15,2.7,3.8,41.0
TOS11000027,2026-10-08T07:30,1.7,3.3,48.0
TOS11000027,2026-10-08T07:45,0.7,2.2,34.0
TOS11000027,2026-10-08T08:00,1.2,3.0,37.0
TOS11000027,2026-10-08T08:15,1.2,3.0,33.0
TOS11000027,2026-10-08T08:30,2.3,4.1,36.0
TOS11000027,2026-10-08T08:45,0.7,2.2,62.0
TOS11000027,2026-10-08T09:00,0.7,2.3,19.0
TOS11000027,2026-10-08T09:15,2.5,5.5,44.0
TOS11000027,2026-10-08T09:30,1.7,3.8,48.0
TOS11000027,2026-10-08T09:45,1.3,5.7,99.0
TOS11000027,2026-10-08T10:00,0.8,2.6,165.0
TOS11000027,2026-10-08T10:15,0.6,1.5,123.0
TOS11000027,2026-10-08T10:30,0.7,1.8,146.0
TOS11000027,2026-10-08T10:45,0.4,1.3,310.0
TOS11000027,2026-10-08T11:00,1.3,3.0,47.0
TOS11000027,2026-10-08T11:15,1.2,2.7,31.0
TOS11000027,2026-10-08T11:30,0.6,1.7,182.0
TOS11000027,2026-10-08T11:45,0.7,1.9,151.0
TOS11000027,2026-10-08T12:00,0.7,1.8,167.0
TOS11000027,2026-10-08T12:15,0.8,1.4,155.0
TOS11000027,2026-10-08T12:30,0.7,1.7,175.0
TOS11000027,2026-10-08T12:45,0.9,2.2,96.0
TOS11000027,2026-10-08T13:00,0.8,1.8,4.0
TOS11000027,2026-10-08T13:15,0.9,1.9,356.0
TOS11000027,2026-10-08T13:30,0.7,2.3,157.0
TOS11000027,2026-10-08T13:45,0.3,1.0,123.0
TOS11000027,2026-10-08T14:00,0.9,2.4,99.0
TOS11000027,2026-10-08T14:15,0.9,1.9,241.0
TOS11000027,2026-10-08T14:30,0.7,1.5,262.0
TOS11000027,2026-10-08T14:45,0.8,2.1,266.0
TOS11000027,2026-10-08T15:00,0.3,1.0,242.0
TOS11000027,2026-10-08T15:15,0.3,0.6,238.0
TOS11000027,2026-10-08T15:30,0.5,1.1,23.0
TOS11000027,2026-10-08T15:45,0.3,1.1,255.0
TOS11000027,2026-10-08T16:00,1.4,5.2,204.0
TOS11000027,2026-10-08T16:15,1.6,4.0,59.0
TOS11000027,2026-10-08T16:30,2.2,4.4,28.0
TOS11000027,2026-10-08T16:45,1.4,2.6,80.0
TOS11000027,2026-10-08T17:00,1.8,5.0,316.0
TOS11000027,2026-10-08T17:15,0.9,2.5,107.0
TOS11000027,2026-10-08T17:30,0.9,2.9,180.0
TOS11000027,2026-10-08T17:45,0.6,1.8,200.0
TOS11000027,2026-10-08T18:00,0.8,2.3,197.0
TOS11000027,2026-10-08T18:15,0.8,3.5,252.0
TOS11000027,2026-10-08T18:30,0.7,2.6,214.0
TOS11000027,2026-10-08T18:45,0.4,2.8,205.0
TOS11000027,2026-10-08T19:00,0.4,1.9,145.0
TOS11000027,2026-10-08T19:15,0.6,1.6,87.0
TOS11000027,2026-10-08T19:30,0.5,1.7,169.0
TOS11000027,2026-10-08T19:45,0.5,1.3,166.0
TOS11000027,2026-10-08T20:00,0.4,2.3,133.0
TOS11000027,2026-10-08T20:15,0.6,1.3,162.0
TOS11000027,2026-10-08T20:30,0.7,2.5,193.0
TOS11000027,2026-10-08T20:45,0.4,1.1,117.0
TOS11000027,2026-10-08T21:00,0.8,2.1,213.0
TOS11000027,2026-10-08T21:15,1.3,6.6,207.0
TOS11000027,2026-10-08T21:30,1.1,5.3,209.0
TOS11000027,2026-10-08T21:45,0.7,2.1,234.0
TOS11000027,2026-10-08T22:00,0.8,2.0,296.0
TOS11000027,2026-10-08T22:15,0.9,1.8,320.0
TOS11000027,2026-10-08T22:30,0.7,1.6,242.0
TOS11000027,2026-10-08T22:45,1.2,3.3,321.0
TOS11000027,2026-10-08T23:00,0.8,2.0,216.0
TOS11000027,2026-10-08T23:15,1.1,3.0,309.0
TOS11000027,2026-10-08T23:30,1.2,3.5,272.0
TOS11000027,2026-10-08T23:45,0.6,3.2,303.0
TOS11000029,2026-10-08T00:00,2.2,5.3,171.0
TOS11000029,2026-10-08T00:15,2.9,6.9,198.0
TOS11000029,2026-10-08T00:30,2.7,6.6,203.0
TOS11000029,2026-10-08T00:45,2.5,5.2,206.0
TOS11000029,2026-10-08T01:00,2.8,7.5,214.0
TOS11000029,2026-10-08T01:15,2.6,6.3,183.0
TOS11000029,2026-10-08T01:30,3.7,8.7,185.0
TOS11000029,2026-10-08T01:45,4.3,7.8,157.0
TOS11000029,2026-10-08T02:00,4.4,8.9,153.0
TOS11000029,2026-10-08T02:15,3.6,8.1,181.0
TOS11000029,2026-10-08T02:30,4.3,9.6,202.0
TOS11000029,2026-10-08T02:45,4.2,8.9,167.0
TOS11000029,2026-10-08T03:00,5.0,11.6,168.0
TOS11000029,2026-10-08T03:15,4.6,10.2,161.0
TOS11000029,2026-10-08T03:30,2.7,6.8,177.0
TOS11000029,2026-10-08T03:45,3.1,10.0,191.0
TOS11000029,2026-10-08T04:00,2.5,9.7,211.0
TOS11000029,2026-10-08T04:15,3.0,8.3,227.0
TOS11000029,2026-10-08T04:30,3.8,10.0,217.0
TOS11000029,2026-10-08T04:45,4.5,13.1,155.0
TOS11000029,2026-10-08T05:00,2.8,6.3,123.0
TOS11000029,2026-10-08T05:15,5.0,7.6,133.0
TOS11000029,2026-10-08T05:30,4.5,7.1,137.0
TOS11000029,2026-10-08T05:45,5.4,10.1,129.0
TOS11000029,2026-10-08T06:00,6.3,10.7,135.0
TOS11000029,2026-10-08T06:15,5.8,8.9,144.0
TOS11000029,2026-10-08T06:30,5.6,9.6,136.0
TOS11000029,2026-10-08T06:45,5.7,11.4,140.0
TOS11000029,2026-10-08T07:00,5.6,9.5,153.0
TOS11000029,2026-10-08T07:15,5.4,9.9,140.0
TOS11000029,2026-10-08T07:30,6.1,10.4,145.0
TOS11000029,2026-10-08T07:45,6.4,11.5,150.0
TOS11000029,2026-10-08T08:00,7.5,13.5,153.0
TOS11000029,2026-10-08T08:15,8.4,14.2,156.0
TOS11000029,2026-10-08T08:30,8.6,15.0,158.0
TOS11000029,2026-10-08T08:45,7.4,13.4,157.0
TOS11000029,2026-10-08T09:00,8.0,14.1,159.0
TOS11000029,2026-10-08T09:15,5.8,11.8,162.0
TOS11000029,2026-10-08T09:30,5.8,13.2,178.0
TOS11000029,2026-10-08T09:45,6.3,12.1,164.0
TOS11000029,2026-10-08T10:00,4.7,11.2,168.0
TOS11000029,2026-10-08T10:15,4.5,8.5,157.0
TOS11000029,2026-10-08T10:30,3.1,6.4,146.0
TOS11000029,2026-10-08T10:45,4.6,9.7,139.0
TOS11000029,2026-10-08T11:00,4.5,8.7,153.0
TOS11000029,2026-10-08T11:15,4.8,8.7,149.0
TOS11000029,2026-10-08T11:30,4.4,9.9,159.0
TOS11000029,2026-10-08T11:45,4.4,10.1,174.0
TOS11000029,2026-10-08T12:00,5.2,11.5,157.0
TOS11000029,2026-10-08T12:15,5.4,12.5,166.0
TOS11000029,2026-10-08T12:30,4.6,11.6,163.0
TOS11000029,2026-10-08T12:45,3.4,7.2,182.0
TOS11000029,2026-10-08T13:00,4.5,11.9,179.0
TOS11000029,2026-10-08T13:15,3.8,8.6,176.0
TOS11000029,2026-10-08T13:30,4.0,10.0,183.0
TOS11000029,2026-10-08T13:45,4.0,13.6,188.0
TOS11000029,2026-10-08T14:00,4.1,9.3,200.0
TOS11000029,2026-10-08T14:15,4.6,9.1,194.0
TOS11000029,2026-10-08T14:30,4.2,8.7,184.0
TOS11000029,2026-10-08T14:45,4.3,9.5,166.0
TOS11000029,2026-10-08T15:00,3.6,7.8,168.0
TOS11000029,2026-10-08T15:15,2.0,4.6,188.0
TOS11000029,2026-10-08T15:30,3.5,9.6,168.0
TOS11000029,2026-10-08T15:45,2.5,5.5,185.0
TOS11000029,2026-10-08T16:00,2.6,5.8,161.0
TOS11000029,2026-10-08T16:15,3.5,7.6,173.0
TOS11000029,2026-10-08T16:30,3.6,11.6,164.0
TOS11000029,2026-10-08T16:45,3.3,7.0,211.0
TOS11000029,2026-10-08T17:00,5.0,12.9,174.0
TOS11000029,2026-10-08T17:15,5.3,13.2,190.0
TOS11000029,2026-10-08T17:30,5.1,9.8,192.0
TOS11000029,2026-10-08T17:45,4.8,11.1,172.0
TOS11000029,2026-10-08T18:00,4.7,12.6,182.0
TOS11000029,2026-10-08T18:15,3.8,9.5,180.0
TOS11000029,2026-10-08T18:30,4.0,9.6,191.0
TOS11000029,2026-10-08T18:45,3.7,9.9,189.0
TOS11000029,2026-10-08T19:00,4.6,10.2,170.0
TOS11000029,2026-10-08T19:15,3.7,7.8,178.0
TOS11000029,2026-10-08T19:30,4.3,7.3,168.0
TOS11000029,2026-10-08T19:45,5.4,10.6,168.0
TOS11000029,2026-10-08T20:00,4.6,8.4,167.0
TOS11000029,2026-10-08T20:15,3.7,7.9,190.0
TOS11000029,2026-10-08T20:30,4.5,9.9,178.0
TOS11000029,2026-10-08T20:45,3.9,8.8,185.0
TOS11000029,2026-10-08T21:00,3.8,11.1,195.0
TOS11000029,2026-10-08T21:15,4.3,10.4,210.0
TOS11000029,2026-10-08T21:30,2.9,9.7,225.0
TOS11000029,2026-10-08T21:45,2.3,6.2,210.0
TOS11000029,2026-10-08T22:00,2.4,6.2,195.0
TOS11000029,2026-10-08T22:15,2.1,5.6,191.0
TOS11000029,2026-10-08T22:30,2.5,5.1,188.0
TOS11000029,2026-10-08T22:45,2.6,6.8,186.0
TOS11000029,2026-10-08T23:00,1.9,5.7,189.0
TOS11000029,2026-10-08T23:15,1.6,4.1,181.0
TOS11000029,2026-10-08T23:30,1.7,4.4,179.0
TOS11000029,2026-10-08T23:45,2.3,5.2,174.0
TOS11000031,2026-10-08T00:00,0.8,1.9,102.0
TOS11000031,2026-10-08T00:15,1.0,1.9,85.0
TOS11000031,2026-10-08T00:30,1.2,2.7,67.0
TOS11000031,2026-10-08T00:45,1.0,2.0,94.0
TOS11000031,2026-10-08T01:00,0.9,1.8,90.0
TOS11000031,2026-10-08T01:15,1.2,2.5,92.0
TOS11000031,2026-10-08T01:30,1.2,2.3,110.0
TOS11000031,2026-10-08T01:45,1.5,3.2,128.0
TOS11000031,2026-10-08T02:00,0.8,1.9,91.0
TOS11000031,2026-10-08T02:15,1.0,2.1,108.0
TOS11000031,2026-10-08T02:30,1.0,1.7,105.0
TOS11000031,2026-10-08T02:45,1.0,2.0,92.0
TOS11000031,2026-10-08T03:00,0.9,1.8,100.0
TOS11000031,2026-10-08T03:15,0.9,1.6,87.0
TOS11000031,2026-10-08T03:30,1.0,2.1,104.0
TOS11000031,2026-10-08T03:45,1.4,2.8,91.0
TOS11000031,2026-10-08T04:00,1.0,2.2,53.0
TOS11000031,2026-10-08T04:15,1.4,3.6,83.0
TOS11000031,2026-10-08T04:30,1.5,3.2,114.0
TOS11000031,2026-10-08T04:45,1.4,3.0,128.0
TOS11000031,2026-10-08T05:00,1.4,3.4,187.0
TOS11000031,2026-10-08T05:15,0.9,2.0,277.0
TOS11000031,2026-10-08T05:30,0.7,1.5,52.0
TOS11000031,2026-10-08T05:45,0.5,1.4,324.0
TOS11000031,2026-10-08T06:00,0.6,1.0,68.0
TOS11000031,2026-10-08T06:15,0.4,0.9,138.0
TOS11000031,2026-10-08T06:30,0.5,1.1,39.0
TOS11000031,2026-10-08T06:45,0.3,0.8,36.0
TOS11000031,2026-10-08T07:00,0.7,1.4,8.0
TOS11000031,2026-10-08T07:15,0.8,2.1,30.0
TOS11000031,2026-10-08T07:30,0.6,1.3,67.0
TOS11000031,2026-10-08T07:45,1.2,2.3,134.0
TOS11000031,2026-10-08T08:00,1.1,2.1,153.0
TOS11000031,2026-10-08T08:15,1.2,1.9,152.0
TOS11000031,2026-10-08T08:30,1.3,2.2,149.0
TOS11000031,2026-10-08T08:45,0.6,1.6,106.0
TOS11000031,2026-10-08T09:00,0.9,2.5,88.0
TOS11000031,2026-10-08T09:15,1.0,2.0,30.0
TOS11000031,2026-10-08T09:30,1.7,3.7,75.0
TOS11000031,2026-10-08T09:45,1.7,4.2,80.0
TOS11000031,2026-10-08T10:00,1.8,3.5,40.0
TOS11000031,2026-10-08T10:15,1.6,4.3,120.0
TOS11000031,2026-10-08T10:30,1.1,2.7,110.0
TOS11000031,2026-10-08T10:45,2.1,4.9,203.0
TOS11000031,2026-10-08T11:00,0.8,2.4,272.0
TOS11000031,2026-10-08T11:15,1.4,4.0,309.0
TOS11000031,2026-10-08T11:30,1.7,3.6,321.0
TOS11000031,2026-10-08T11:45,1.1,2.2,325.0
TOS11000031,2026-10-08T12:00,1.1,2.2,321.0
TOS11000031,2026-10-08T12:15,0.5,1.3,149.0
TOS11000031,2026-10-08T12:30,1.0,2.2,294.0
TOS11000031,2026-10-08T12:45,0.8,1.8,285.0
TOS11000031,2026-10-08T13:00,0.8,2.1,274.0
TOS11000031,2026-10-08T13:15,1.1,2.4,252.0
TOS11000031,2026-10-08T13:30,1.0,2.1,282.0
TOS11000031,2026-10-08T13:45,0.9,4.8,252.0
TOS11000031,2026-10-08T14:00,1.0,1.8,175.0
TOS11000031,2026-10-08T14:15,1.1,2.0,200.0
TOS11000031,2026-10-08T14:30,1.1,2.6,277.0
TOS11000031,2026-10-08T14:45,1.5,3.4,257.0
TOS11000031,2026-10-08T15:00,1.8,4.8,261.0
TOS11000031,2026-10-08T15:15,1.5,3.0,255.0
TOS11000031,2026-10-08T15:30,1.4,2.4,245.0
TOS11000031,2026-10-08T15:45,1.2,2.8,249.0
TOS11000031,2026-10-08T16:00,0.8,1.5,233.0
TOS11000031,2026-10-08T16:15,1.1,2.8,247.0
TOS11000031,2026-10-08T16:30,1.0,2.3,236.0
TOS11000031,2026-10-08T16:45,0.9,2.0,252.0
TOS11000031,2026-10-08T17:00,0.5,1.5,242.0
TOS11000031,2026-10-08T17:15,0.8,2.9,265.0
TOS11000031,2026-10-08T17:30,0.8,3.4,250.0
TOS11000031,2026-10-08T17:45,1.5,4.5,251.0
TOS11000031,2026-10-08T18:00,1.3,3.5,269.0
TOS11000031,2026-10-08T18:15,1.6,3.6,267.0
TOS11000031,2026-10-08T18:30,1.9,4.2,278.0
TOS11000031,2026-10-08T18:45,1.6,3.7,288.0
TOS11000031,2026-10-08T19:00,1.2,2.5,292.0
TOS11000031,2026-10-08T19:15,1.3,3.7,306.0
TOS11000031,2026-10-08T19:30,1.0,2.7,292.0
TOS11000031,2026-10-08T19:45,1.1,2.3,321.0
TOS11000031,2026-10-08T20:00,0.7,1.5,325.0
TOS11000031,2026-10-08T20:15,0.6,1.9,333.0
TOS11000031,2026-10-08T20:30,0.5,1.3,147.0
TOS11000031,2026-10-08T20:45,0.4,0.9,71.0
TOS11000031,2026-10-08T21:00,0.5,1.1,18.0
TOS11000031,2026-10-08T21:15,0.9,1.5,24.0
TOS11000031,2026-10-08T21:30,0.6,1.4,45.0
TOS11000031,2026-10-08T21:45,0.5,1.6,70.0
TOS11000031,2026-10-08T22:00,0.6,1.0,28.0
TOS11000031,2026-10-08T22:15,0.8,1.3,32.0
TOS11000031,2026-10-08T22:30,0.6,1.1,45.0
TOS11000031,2026-10-08T22:45,0.4,1.2,102.0
TOS11000031,2026-10-08T23:00,0.6,1.0,107.0
TOS11000031,2026-10-08T23:15,0.4,0.8,121.0
TOS11000031,2026-10-08T23:30,0.5,1.0,60.0
TOS11000031,2026-10-08T23:45,0.9,1.6,233.0
TOS11000032,2026-10-08T00:00,1.2,2.5,122.0
TOS11000032,2026-10-08T00:15,1.5,3.8,103.0
TOS11000032,2026-10-08T00:30,1.2,2.5,296.0
TOS11000032,2026-10-08T00:45,0.9,2.4,150.0
TOS11000032,2026-10-08T01:00,1.3,2.5,97.0
TOS11000032,2026-10-08T01:15,1.7,2.8,111.0
TOS11000032,2026-10-08T01:30,1.6,3.6,84.0
TOS11000032,2026-10-08T01:45,1.4,2.9,77.0
TOS11000032,2026-10-08T02:00,1.6,3.1,86.0
TOS11000032,2026-10-08T02:15,1.6,3.1,98.0
TOS11000032,2026-10-08T02:30,2.2,3.9,103.0
TOS11000032,2026-10-08T02:45,1.5,3.5,101.0
TOS11000032,2026-10-08T03:00,1.5,3.3,68.0
TOS11000032,2026-10-08T03:15,1.9,3.7,88.0
TOS11000032,2026-10-08T03:30,1.4,3.0,102.0
TOS11000032,2026-10-08T03:45,1.9,3.7,92.0
TOS11000032,2026-10-08T04:00,1.7,3.0,66.0
TOS11000032,2026-10-08T04:15,1.4,2.9,82.0
TOS11000032,2026-10-08T04:30,1.4,2.7,98.0
TOS11000032,2026-10-08T04:45,1.2,2.3,94.0
TOS11000032,2026-10-08T05:00,1.0,3.9,64.0
TOS11000032,2026-10-08T05:15,0.9,2.6,15.0
TOS11000032,2026-10-08T05:30,0.6,1.4,321.0
TOS11000032,2026-10-08T05:45,1.1,2.1,319.0
TOS11000032,2026-10-08T06:00,1.2,2.1,325.0
TOS11000032,2026-10-08T06:15,1.4,2.6,304.0
TOS11000032,2026-10-08T06:30,0.8,1.4,263.0
TOS11000032,2026-10-08T06:45,0.4,1.0,178.0
TOS11000032,2026-10-08T07:00,0.9,2.6,155.0
TOS11000032,2026-10-08T07:15,1.6,2.7,11.0
TOS11000032,2026-10-08T07:30,2.1,3.4,8.0
TOS11000032,2026-10-08T07:45,2.0,3.3,6.0
TOS11000032,2026-10-08T08:00,0.8,1.7,354.0
TOS11000032,2026-10-08T08:15,0.7,1.5,182.0
TOS11000032,2026-10-08T08:30,0.6,1.6,214.0
TOS11000032,2026-10-08T08:45,0.5,1.0,54.0
TOS11000032,2026-10-08T09:00,0.9,1.9,34.0
TOS11000032,2026-10-08T09:15,1.2,2.1,150.0
TOS11000032,2026-10-08T09:30,1.6,3.0,175.0
TOS11000032,2026-10-08T09:45,2.4,4.8,71.0
TOS11000032,2026-10-08T10:00,1.3,2.8,185.0
TOS11000032,2026-10-08T10:15,2.4,4.7,112.0
TOS11000032,2026-10-08T10:30,1.3,2.9,230.0
TOS11000032,2026-10-08T10:45,1.7,3.7,51.0
TOS11000032,2026-10-08T11:00,0.7,1.4,350.0
TOS11000032,2026-10-08T11:15,0.6,1.2,357.0
TOS11000032,2026-10-08T11:30,0.8,1.8,37.0
TOS11000032,2026-10-08T11:45,1.0,2.3,2.0
TOS11000032,2026-10-08T12:00,1.1,2.4,356.0
TOS11000032,2026-10-08T12:15,1.0,2.2,14.0
TOS11000032,2026-10-08T12:30,0.8,2.7,162.0
TOS11000032,2026-10-08T12:45,0.9,2.4,90.0
TOS11000032,2026-10-08T13:00,1.0,2.5,142.0
TOS11000032,2026-10-08T13:15,1.2,2.5,90.0
TOS11000032,2026-10-08T13:30,1.2,2.9,61.0
TOS11000032,2026-10-08T13:45,1.0,2.0,145.0
TOS11000032,2026-10-08T14:00,0.8,1.7,85.0
TOS11000032,2026-10-08T14:15,1.1,2.5,175.0
TOS11000032,2026-10-08T14:30,0.9,1.9,114.0
TOS11000032,2026-10-08T14:45,0.8,2.9,135.0
TOS11000032,2026-10-08T15:00,1.0,2.6,143.0
TOS11000032,2026-10-08T15:15,0.8,1.7,127.0
TOS11000032,2026-10-08T15:30,0.8,2.1,141.0
TOS11000032,2026-10-08T15:45,0.8,1.8,124.0
TOS11000032,2026-10-08T16:00,0.7,1.6,125.0
TOS11000032,2026-10-08T16:15,0.8,1.3,137.0
TOS11000032,2026-10-08T16:30,0.8,2.4,154.0
TOS11000032,2026-10-08T16:45,0.7,2.4,76.0
TOS11000032,2026-10-08T17:00,0.6,2.4,348.0
TOS11000032,2026-10-08T17:15,0.8,1.7,21.0
TOS11000032,2026-10-08T17:30,0.9,1.9,18.0
TOS11000032,2026-10-08T17:45,0.9,2.5,118.0
TOS11000032,2026-10-08T18:00,0.9,2.9,78.0
TOS11000032,2026-10-08T18:15,1.0,2.3,60.0
TOS11000032,2026-10-08T18:30,0.7,2.0,66.0
TOS11000032,2026-10-08T18:45,1.2,2.7,15.0
TOS11000032,2026-10-08T19:00,0.7,2.0,15.0
TOS11000032,2026-10-08T19:15,0.8,2.0,9.0
TOS11000032,2026-10-08T19:30,0.9,2.0,13.0
TOS11000032,2026-10-08T19:45,1.3,2.8,6.0
TOS11000032,2026-10-08T20:00,1.1,2.7,26.0
TOS11000032,2026-10-08T20:15,1.1,3.4,30.0
TOS11000032,2026-10-08T20:30,0.6,1.2,5.0
TOS11000032,2026-10-08T20:45,1.3,2.4,359.0
TOS11000032,2026-10-08T21:00,0.6,1.3,5.0
TOS11000032,2026-10-08T21:15,0.7,1.2,328.0
TOS11000032,2026-10-08T21:30,1.1,2.3,16.0
TOS11000032,2026-10-08T21:45,0.8,3.3,63.0
TOS11000032,2026-10-08T22:00,0.7,2.2,108.0
TOS11000032,2026-10-08T22:15,1.1,2.9,61.0
TOS11000032,2026-10-08T22:30,2.1,4.4,6.0
TOS11000032,2026-10-08T22:45,2.4,4.2,357.0
TOS11000032,2026-10-08T23:00,1.7,3.0,8.0
TOS11000032,2026-10-08T23:15,2.1,3.9,2.0
TOS11000032,2026-10-08T23:30,1.8,3.6,359.0
TOS11000032,2026-10-08T23:45,2.1,4.1,358.0
TOS11000033,2026-10-08T00:00,0.7,1.8,109.0
TOS11000033,2026-10-08T00:15,0.6,1.3,188.0
TOS11000033,2026-10-08T00:30,1.0,2.6,113.0
TOS11000033,2026-10-08T00:45,0.7,2.1,247.0
TOS11000033,2026-10-08T01:00,0.6,1.5,213.0
TOS11000033,2026-10-08T01:15,0.7,1.9,241.0
TOS11000033,2026-10-08T01:30,1.2,4.0,177.0
TOS11000033,2026-10-08T01:45,1.5,4.5,148.0
TOS11000033,2026-10-08T02:00,1.4,3.4,150.0
TOS11000033,2026-10-08T02:15,1.5,5.5,136.0
TOS11000033,2026-10-08T02:30,1.3,4.2,184.0
TOS11000033,2026-10-08T02:45,1.4,3.3,211.0
TOS11000033,2026-10-08T03:00,1.5,3.0,342.0
TOS11000033,2026-10-08T03:15,0.9,2.8,293.0
TOS11000033,2026-10-08T03:30,0.9,2.7,194.0
TOS11000033,2026-10-08T03:45,1.2,3.7,126.0
TOS11000033,2026-10-08T04:00,0.8,1.8,263.0
TOS11000033,2026-10-08T04:15,0.8,2.0,261.0
TOS11000033,2026-10-08T04:30,0.7,1.7,174.0
TOS11000033,2026-10-08T04:45,2.2,6.7,319.0
TOS11000033,2026-10-08T05:00,1.1,4.4,330.0
TOS11000033,2026-10-08T05:15,1.2,2.3,297.0
TOS11000033,2026-10-08T05:30,1.0,2.7,219.0
TOS11000033,2026-10-08T05:45,0.6,1.1,205.0
TOS11000033,2026-10-08T06:00,0.6,1.1,207.0
TOS11000033,2026-10-08T06:15,0.7,1.2,203.0
TOS11000033,2026-10-08T06:30,0.6,1.3,226.0
TOS11000033,2026-10-08T06:45,0.8,1.6,263.0
TOS11000033,2026-10-08T07:00,0.8,1.9,283.0
TOS11000033,2026-10-08T07:15,0.4,0.8,150.0
TOS11000033,2026-10-08T07:30,0.5,1.3,104.0
TOS11000033,2026-10-08T07:45,0.8,1.5,187.0
TOS11000033,2026-10-08T08:00,0.4,1.2,328.0
TOS11000033,2026-10-08T08:15,0.7,1.0,124.0
TOS11000033,2026-10-08T08:30,0.6,1.6,144.0
TOS11000033,2026-10-08T08:45,0.5,1.4,91.0
TOS11000033,2026-10-08T09:00,0.4,0.8,174.0
TOS11000033,2026-10-08T09:15,0.7,1.3,130.0
TOS11000033,2026-10-08T09:30,1.0,2.0,105.0
TOS11000033,2026-10-08T09:45,1.4,3.2,142.0
TOS11000033,2026-10-08T10:00,1.4,3.4,96.0
TOS11000033,2026-10-08T10:15,1.3,3.6,121.0
TOS11000033,2026-10-08T10:30,1.2,2.2,114.0
TOS11000033,2026-10-08T10:45,1.4,3.1,326.0
TOS11000033,2026-10-08T11:00,1.1,2.5,305.0
TOS11000033,2026-10-08T11:15,1.5,4.5,293.0
TOS11000033,2026-10-08T11:30,0.6,1.7,279.0
TOS11000033,2026-10-08T11:45,0.9,2.4,340.0
TOS11000033,2026-10-08T12:00,1.6,2.8,337.0
TOS11000033,2026-10-08T12:15,0.6,1.5,86.0
TOS11000033,2026-10-08T12:30,0.8,2.0,43.0
TOS11000033,2026-10-08T12:45,0.6,1.4,123.0
TOS11000033,2026-10-08T13:00,1.1,2.0,104.0
TOS11000033,2026-10-08T13:15,1.0,2.6,6.0
TOS11000033,2026-10-08T13:30,0.9,2.2,308.0
TOS11000033,2026-10-08T13:45,1.0,2.7,185.0
TOS11000033,2026-10-08T14:00,1.2,5.8,309.0
TOS11000033,2026-10-08T14:15,0.8,2.3,300.0
TOS11000033,2026-10-08T14:30,0.7,2.0,292.0
TOS11000033,2026-10-08T14:45,0.6,2.3,271.0
TOS11000033,2026-10-08T15:00,1.1,3.4,269.0
TOS11000033,2026-10-08T15:15,0.9,2.8,252.0
TOS11000033,2026-10-08T15:30,0.6,1.5,223.0
TOS11000033,2026-10-08T15:45,1.0,3.4,144.0
TOS11000033,2026-10-08T16:00,0.8,2.1,230.0
TOS11000033,2026-10-08T16:15,1.4,5.0,222.0
TOS11000033,2026-10-08T16:30,2.3,6.6,304.0
TOS11000033,2026-10-08T16:45,1.5,5.6,220.0
TOS11000033,2026-10-08T17:00,1.4,4.0,124.0
TOS11000033,2026-10-08T17:15,1.8,5.2,307.0
TOS11000033,2026-10-08T17:30,1.4,4.4,336.0
TOS11000033,2026-10-08T17:45,1.5,4.1,297.0
TOS11000033,2026-10-08T18:00,1.3,5.1,314.0
TOS11000033,2026-10-08T18:15,1.3,4.1,306.0
TOS11000033,2026-10-08T18:30,1.5,4.3,289.0
TOS11000033,2026-10-08T18:45,0.8,2.1,270.0
TOS11000033,2026-10-08T19:00,0.6,1.8,248.0
TOS11000033,2026-10-08T19:15,0.5,0.9,202.0
TOS11000033,2026-10-08T19:30,0.6,1.3,189.0
TOS11000033,2026-10-08T19:45,0.8,1.4,197.0
TOS11000033,2026-10-08T20:00,1.0,3.3,273.0
TOS11000033,2026-10-08T20:15,0.8,2.0,206.0
TOS11000033,2026-10-08T20:30,0.7,2.3,252.0
TOS11000033,2026-10-08T20:45,0.8,2.2,252.0
TOS11000033,2026-10-08T21:00,0.9,2.2,239.0
TOS11000033,2026-10-08T21:15,0.6,1.6,266.0
TOS11000033,2026-10-08T21:30,0.7,1.8,200.0
TOS11000033,2026-10-08T21:45,1.0,3.2,261.0
TOS11000033,2026-10-08T22:00,1.1,4.4,232.0
TOS11000033,2026-10-08T22:15,1.4,3.2,305.0
TOS11000033,2026-10-08T22:30,0.9,2.3,261.0
TOS11000033,2026-10-08T22:45,0.8,3.1,263.0
TOS11000033,2026-10-08T23:00,0.7,1.8,210.0
TOS11000033,2026-10-08T23:15,1.1,2.1,183.0
TOS11000033,2026-10-08T23:30,0.5,1.2,169.0
TOS11000033,2026-10-08T23:45,1.0,1.8,188.0
TOS11000034,2026-10-08T00:00,1.2,2.2,185.0
TOS11000034,2026-10-08T00:15,0.9,2.1,218.0
TOS11000034,2026-10-08T00:30,0.6,1.4,245.0
TOS11000034,2026-10-08T00:45,0.9,1.7,238.0
TOS11000034,2026-10-08T01:00,1.0,2.4,238.0
TOS11000034,2026-10-08T01:15,0.7,2.0,263.0
TOS11000034,2026-10-08T01:30,0.9,2.3,208.0
TOS11000034,2026-10-08T01:45,0.4,1.0,356.0
TOS11000034,2026-10-08T02:00,0.8,2.2,211.0
TOS11000034,2026-10-08T02:15,0.8,2.3,139.0
TOS11000034,2026-10-08T02:30,1.1,2.3,212.0
TOS11000034,2026-10-08T02:45,0.7,1.8,238.0
TOS11000034,2026-10-08T03:00,0.6,1.3,142.0
TOS11000034,2026-10-08T03:15,0.6,1.4,232.0
TOS11000034,2026-10-08T03:30,0.3,0.7,289.0
TOS11000034,2026-10-08T03:45,0.8,1.9,261.0
TOS11000034,2026-10-08T04:00,0.3,0.6,345.0
TOS11000034,2026-10-08T04:15,1.0,2.1,174.0
TOS11000034,2026-10-08T04:30,2.8,5.0,126.0
TOS11000034,2026-10-08T04:45,2.4,5.0,129.0
TOS11000034,2026-10-08T05:00,1.3,3.4,119.0
TOS11000034,2026-10-08T05:15,1.2,3.6,193.0
TOS11000034,2026-10-08T05:30,2.8,4.9,142.0
TOS11000034,2026-10-08T05:45,2.1,4.5,112.0
TOS11000034,2026-10-08T06:00,1.5,3.9,144.0
TOS11000034,2026-10-08T06:15,1.1,2.8,200.0
TOS11000034,2026-10-08T06:30,0.9,1.9,219.0
TOS11000034,2026-10-08T06:45,0.6,1.6,170.0
TOS11000034,2026-10-08T07:00,1.0,2.6,113.0
TOS11000034,2026-10-08T07:15,1.0,1.7,155.0
TOS11000034,2026-10-08T07:30,0.6,2.1,191.0
TOS11000034,2026-10-08T07:45,0.7,1.7,245.0
TOS11000034,2026-10-08T08:00,0.9,1.7,203.0
TOS11000034,2026-10-08T08:15,0.5,1.2,159.0
TOS11000034,2026-10-08T08:30,0.9,2.9,144.0
TOS11000034,2026-10-08T08:45,1.6,3.4,186.0
TOS11000034,2026-10-08T09:00,1.1,2.5,223.0
TOS11000034,2026-10-08T09:15,1.1,2.5,252.0
TOS11000034,2026-10-08T09:30,0.4,1.2,29.0
TOS11000034,2026-10-08T09:45,0.9,2.5,269.0
TOS11000034,2026-10-08T10:00,0.8,2.0,277.0
TOS11000034,2026-10-08T10:15,0.5,1.5,23.0
TOS11000034,2026-10-08T10:30,0.4,0.8,17.0
TOS11000034,2026-10-08T10:45,0.5,1.5,146.0
TOS11000034,2026-10-08T11:00,1.2,2.6,130.0
TOS11000034,2026-10-08T11:15,1.5,3.2,151.0
TOS11000034,2026-10-08T11:30,1.3,2.6,185.0
TOS11000034,2026-10-08T11:45,1.7,3.5,135.0
TOS11000034,2026-10-08T12:00,1.8,3.5,181.0
TOS11000034,2026-10-08T12:15,2.2,4.4,147.0
TOS11000034,2026-10-08T12:30,1.8,4.1,143.0
TOS11000034,2026-10-08T12:45,1.8,3.5,185.0
TOS11000034,2026-10-08T13:00,1.9,3.7,152.0
TOS11000034,2026-10-08T13:15,1.6,3.1,186.0
TOS11000034,2026-10-08T13:30,1.3,2.8,199.0
TOS11000034,2026-10-08T13:45,1.2,2.2,228.0
TOS11000034,2026-10-08T14:00,1.0,1.9,217.0
TOS11000034,2026-10-08T14:15,0.7,1.3,139.0
TOS11000034,2026-10-08T14:30,0.4,1.2,274.0
TOS11000034,2026-10-08T14:45,1.1,2.4,196.0
TOS11000034,2026-10-08T15:00,0.9,1.7,193.0
TOS11000034,2026-10-08T15:15,0.9,1.7,169.0
TOS11000034,2026-10-08T15:30,0.9,2.0,134.0
TOS11000034,2026-10-08T15:45,0.6,1.5,146.0
TOS11000034,2026-10-08T16:00,0.8,1.9,145.0
TOS11000034,2026-10-08T16:15,1.4,2.4,207.0
TOS11000034,2026-10-08T16:30,1.1,3.8,123.0
TOS11000034,2026-10-08T16:45,0.9,2.1,114.0
TOS11000034,2026-10-08T17:00,1.7,4.4,122.0
TOS11000034,2026-10-08T17:15,1.7,3.3,161.0
TOS11000034,2026-10-08T17:30,1.1,2.9,151.0
TOS11000034,2026-10-08T17:45,0.6,2.0,273.0
TOS11000034,2026-10-08T18:00,0.6,1.4,245.0
TOS11000034,2026-10-08T18:15,1.1,2.3,243.0
TOS11000034,2026-10-08T18:30,0.4,1.1,9.0
TOS11000034,2026-10-08T18:45,0.4,1.1,322.0
TOS11000034,2026-10-08T19:00,0.6,1.3,9.0
TOS11000034,2026-10-08T19:15,0.4,0.8,326.0
TOS11000034,2026-10-08T19:30,0.7,2.1,157.0
TOS11000034,2026-10-08T19:45,0.9,2.1,242.0
TOS11000034,2026-10-08T20:00,0.7,2.0,294.0
TOS11000034,2026-10-08T20:15,0.8,2.2,254.0
TOS11000034,2026-10-08T20:30,0.6,1.5,261.0
TOS11000034,2026-10-08T20:45,0.6,1.4,0.0
TOS11000034,2026-10-08T21:00,0.4,1.1,327.0
TOS11000034,2026-10-08T21:15,0.7,2.3,284.0
TOS11000034,2026-10-08T21:30,0.6,1.4,323.0
TOS11000034,2026-10-08T21:45,0.5,1.1,338.0
TOS11000034,2026-10-08T22:00,1.0,3.8,357.0
TOS11000034,2026-10-08T22:15,0.8,2.8,68.0
TOS11000034,2026-10-08T22:30,0.8,2.4,27.0
TOS11000034,2026-10-08T22:45,0.9,2.0,254.0
TOS11000034,2026-10-08T23:00,0.8,1.9,237.0
TOS11000034,2026-10-08T23:15,0.6,1.7,249.0
TOS11000034,2026-10-08T23:30,0.6,1.5,156.0
TOS11000034,2026-10-08T23:45,1.3,2.8,163.0
TOS11000036,2026-10-08T00:00,2.1,2.5,168.0
TOS11000036,2026-10-08T00:15,2.2,3.7,173.0
TOS11000036,2026-10-08T00:30,1.9,3.0,178.0
TOS11000036,2026-10-08T00:45,2.8,4.2,178.0
TOS11000036,2026-10-08T01:00,3.1,6.3,179.0
TOS11000036,2026-10-08T01:15,3.6,5.6,170.0
TOS11000036,2026-10-08T01:30,2.4,4.3,166.0
TOS11000036,2026-10-08T01:45,2.3,3.3,162.0
TOS11000036,2026-10-08T02:00,3.2,4.8,171.0
TOS11000036,2026-10-08T02:15,3.5,4.7,169.0
TOS11000036,2026-10-08T02:30,3.4,4.7,176.0
TOS11000036,2026-10-08T02:45,2.7,4.1,177.0
TOS11000036,2026-10-08T03:00,3.0,5.5,189.0
TOS11000036,2026-10-08T03:15,4.0,5.3,174.0
TOS11000036,2026-10-08T03:30,3.2,4.5,164.0
TOS11000036,2026-10-08T03:45,2.9,4.5,165.0
TOS11000036,2026-10-08T04:00,2.6,4.8,172.0
TOS11000036,2026-10-08T04:15,2.4,3.5,185.0
TOS11000036,2026-10-08T04:30,3.6,5.4,170.0
TOS11000036,2026-10-08T04:45,2.0,6.7,296.0
TOS11000036,2026-10-08T05:00,3.4,5.2,359.0
TOS11000036,2026-10-08T05:15,2.6,3.9,10.0
TOS11000036,2026-10-08T05:30,1.8,3.5,21.0
TOS11000036,2026-10-08T05:45,0.2,0.7,118.0
TOS11000036,2026-10-08T06:00,0.6,1.0,170.0
TOS11000036,2026-10-08T06:15,0.8,1.3,165.0
TOS11000036,2026-10-08T06:30,1.0,1.5,172.0
TOS11000036,2026-10-08T06:45,0.9,1.3,167.0
TOS11000036,2026-10-08T07:00,0.6,1.3,126.0
TOS11000036,2026-10-08T07:15,0.5,1.7,101.0
TOS11000036,2026-10-08T07:30,0.6,2.2,98.0
TOS11000036,2026-10-08T07:45,0.9,2.3,127.0
TOS11000036,2026-10-08T08:00,1.2,2.4,149.0
TOS11000036,2026-10-08T08:15,1.1,1.9,155.0
TOS11000036,2026-10-08T08:30,0.6,1.3,149.0
TOS11000036,2026-10-08T08:45,0.8,2.4,152.0
TOS11000036,2026-10-08T09:00,0.8,1.9,129.0
TOS11000036,2026-10-08T09:15,1.0,3.1,106.0
TOS11000036,2026-10-08T09:30,1.8,3.4,136.0
TOS11000036,2026-10-08T09:45,2.0,4.2,142.0
TOS11000036,2026-10-08T10:00,3.2,5.2,156.0
TOS11000036,2026-10-08T10:15,2.9,4.1,159.0
TOS11000036,2026-10-08T10:30,2.6,8.8,274.0
TOS11000036,2026-10-08T10:45,2.3,4.3,349.0
TOS11000036,2026-10-08T11:00,1.3,3.2,214.0
TOS11000036,2026-10-08T11:15,1.5,2.4,177.0
TOS11000036,2026-10-08T11:30,0.8,2.2,145.0
TOS11000036,2026-10-08T11:45,1.0,3.3,322.0
TOS11000036,2026-10-08T12:00,1.3,4.4,200.0
TOS11000036,2026-10-08T12:15,1.4,3.8,230.0
TOS11000036,2026-10-08T12:30,1.4,4.5,266.0
TOS11000036,2026-10-08T12:45,1.6,5.0,219.0
TOS11000036,2026-10-08T13:00,1.8,5.2,202.0
TOS11000036,2026-10-08T13:15,1.8,4.9,218.0
TOS11000036,2026-10-08T13:30,1.6,6.2,223.0
TOS11000036,2026-10-08T13:45,1.7,6.8,212.0
TOS11000036,2026-10-08T14:00,1.7,4.6,225.0
TOS11000036,2026-10-08T14:15,1.6,4.3,272.0
TOS11000036,2026-10-08T14:30,1.2,3.6,281.0
TOS11000036,2026-10-08T14:45,1.1,3.6,260.0
TOS11000036,2026-10-08T15:00,0.9,2.9,257.0
TOS11000036,2026-10-08T15:15,1.0,3.9,206.0
TOS11000036,2026-10-08T15:30,1.7,3.9,195.0
TOS11000036,2026-10-08T15:45,1.4,3.8,194.0
TOS11000036,2026-10-08T16:00,1.4,3.0,193.0
TOS11000036,2026-10-08T16:15,1.2,3.2,182.0
TOS11000036,2026-10-08T16:30,1.9,4.6,196.0
TOS11000036,2026-10-08T16:45,1.2,3.2,210.0
TOS11000036,2026-10-08T17:00,1.7,4.2,202.0
TOS11000036,2026-10-08T17:15,1.6,5.5,203.0
TOS11000036,2026-10-08T17:30,1.6,5.1,243.0
TOS11000036,2026-10-08T17:45,1.3,4.0,245.0
TOS11000036,2026-10-08T18:00,1.4,3.5,312.0
TOS11000036,2026-10-08T18:15,1.3,3.8,273.0
TOS11000036,2026-10-08T18:30,1.4,3.9,280.0
TOS11000036,2026-10-08T18:45,1.2,3.6,261.0
TOS11000036,2026-10-08T19:00,1.3,3.7,251.0
TOS11000036,2026-10-08T19:15,1.3,4.4,247.0
TOS11000036,2026-10-08T19:30,1.1,3.4,276.0
TOS11000036,2026-10-08T19:45,1.2,4.7,241.0
TOS11000036,2026-10-08T20:00,0.8,2.1,178.0
TOS11000036,2026-10-08T20:15,0.8,2.0,184.0
TOS11000036,2026-10-08T20:30,1.0,2.2,186.0
TOS11000036,2026-10-08T20:45,0.8,2.4,241.0
TOS11000036,2026-10-08T21:00,0.8,2.8,290.0
TOS11000036,2026-10-08T21:15,1.1,2.9,325.0
TOS11000036,2026-10-08T21:30,1.4,4.2,284.0
TOS11000036,2026-10-08T21:45,1.4,3.0,311.0
TOS11000036,2026-10-08T22:00,1.1,3.4,302.0
TOS11000036,2026-10-08T22:15,1.1,2.9,326.0
TOS11000036,2026-10-08T22:30,1.3,3.1,316.0
TOS11000036,2026-10-08T22:45,1.1,2.7,268.0
TOS11000036,2026-10-08T23:00,1.8,3.7,171.0
TOS11000036,2026-10-08T23:15,1.2,2.2,201.0
TOS11000036,2026-10-08T23:30,1.0,2.1,315.0
TOS11000036,2026-10-08T23:45,0.5,1.5,282.0
TOS11000045,2026-10-08T00:00,3.2,4.4,149.0
TOS11000045,2026-10-08T00:15,3.6,5.9,145.0
TOS11000045,2026-10-08T00:30,3.6,5.5,147.0
TOS11000045,2026-10-08T00:45,3.8,5.6,150.0
TOS11000045,2026-10-08T01:00,3.6,5.0,149.0
TOS11000045,2026-10-08T01:15,3.5,5.3,145.0
TOS11000045,2026-10-08T01:30,4.0,5.3,148.0
TOS11000045,2026-10-08T01:45,4.1,5.7,150.0
TOS11000045,2026-10-08T02:00,3.8,5.4,147.0
TOS11000045,2026-10-08T02:15,3.5,5.4,146.0
TOS11000045,2026-10-08T02:30,4.0,6.1,145.0
TOS11000045,2026-10-08T02:45,4.3,5.9,149.0
TOS11000045,2026-10-08T03:00,5.1,7.4,151.0
TOS11000045,2026-10-08T03:15,4.3,7.3,147.0
TOS11000045,2026-10-08T03:30,4.0,6.0,141.0
TOS11000045,2026-10-08T03:45,3.5,5.0,137.0
TOS11000045,2026-10-08T04:00,3.2,4.7,141.0
TOS11000045,2026-10-08T04:15,3.0,4.6,142.0
TOS11000045,2026-10-08T04:30,3.8,6.2,153.0
TOS11000045,2026-10-08T04:45,2.9,5.2,146.0
TOS11000045,2026-10-08T05:00,1.7,2.6,139.0
TOS11000045,2026-10-08T05:15,1.5,1.8,118.0
TOS11000045,2026-10-08T05:30,2.0,2.7,115.0
TOS11000045,2026-10-08T05:45,1.7,3.6,80.0
TOS11000045,2026-10-08T06:00,1.3,3.1,38.0
TOS11000045,2026-10-08T06:15,1.5,2.2,103.0
TOS11000045,2026-10-08T06:30,0.9,2.1,18.0
TOS11000045,2026-10-08T06:45,0.9,1.8,11.0
TOS11000045,2026-10-08T07:00,1.0,1.8,34.0
TOS11000045,2026-10-08T07:15,1.5,2.6,65.0
TOS11000045,2026-10-08T07:30,1.5,2.3,94.0
TOS11000045,2026-10-08T07:45,1.7,2.6,109.0
TOS11000045,2026-10-08T08:00,1.8,2.5,114.0
TOS11000045,2026-10-08T08:15,2.0,2.9,123.0
TOS11000045,2026-10-08T08:30,3.0,4.9,131.0
TOS11000045,2026-10-08T08:45,3.3,5.2,135.0
TOS11000045,2026-10-08T09:00,3.4,4.8,126.0
TOS11000045,2026-10-08T09:15,3.0,4.3,130.0
TOS11000045,2026-10-08T09:30,2.6,3.6,141.0
TOS11000045,2026-10-08T09:45,3.3,5.8,144.0
TOS11000045,2026-10-08T10:00,3.5,5.1,140.0
TOS11000045,2026-10-08T10:15,2.8,4.1,142.0
TOS11000045,2026-10-08T10:30,2.9,4.7,137.0
TOS11000045,2026-10-08T10:45,2.1,4.0,141.0
TOS11000045,2026-10-08T11:00,1.5,2.9,101.0
TOS11000045,2026-10-08T11:15,2.0,11.7,302.0
TOS11000045,2026-10-08T11:30,2.7,8.6,243.0
TOS11000045,2026-10-08T11:45,1.7,3.5,148.0
TOS11000045,2026-10-08T12:00,1.5,3.7,190.0
TOS11000045,2026-10-08T12:15,1.9,4.0,201.0
TOS11000045,2026-10-08T12:30,2.7,6.8,276.0
TOS11000045,2026-10-08T12:45,3.0,5.2,316.0
TOS11000045,2026-10-08T13:00,1.3,2.8,285.0
TOS11000045,2026-10-08T13:15,0.8,2.2,106.0
TOS11000045,2026-10-08T13:30,2.5,5.2,287.0
TOS11000045,2026-10-08T13:45,2.7,5.1,300.0
TOS11000045,2026-10-08T14:00,3.3,5.2,295.0
TOS11000045,2026-10-08T14:15,2.5,4.9,271.0
TOS11000045,2026-10-08T14:30,2.7,4.8,282.0
TOS11000045,2026-10-08T14:45,3.3,7.8,291.0
TOS11000045,2026-10-08T15:00,3.1,6.0,286.0
TOS11000045,2026-10-08T15:15,2.9,4.4,290.0
TOS11000045,2026-10-08T15:30,2.9,5.4,294.0
TOS11000045,2026-10-08T15:45,2.2,4.0,298.0
TOS11000045,2026-10-08T16:00,1.3,2.7,265.0
TOS11000045,2026-10-08T16:15,1.1,2.0,243.0
TOS11000045,2026-10-08T16:30,1.2,2.5,237.0
TOS11000045,2026-10-08T16:45,1.4,3.2,266.0
TOS11000045,2026-10-08T17:00,1.6,2.8,284.0
TOS11000045,2026-10-08T17:15,0.9,2.5,199.0
TOS11000045,2026-10-08T17:30,1.7,2.9,174.0
TOS11000045,2026-10-08T17:45,1.2,2.5,220.0
TOS11000045,2026-10-08T18:00,1.3,2.9,223.0
TOS11000045,2026-10-08T18:15,1.2,3.5,245.0
TOS11000045,2026-10-08T18:30,2.1,4.2,290.0
TOS11000045,2026-10-08T18:45,2.5,4.3,290.0
TOS11000045,2026-10-08T19:00,2.8,4.5,299.0
TOS11000045,2026-10-08T19:15,2.4,4.2,289.0
TOS11000045,2026-10-08T19:30,2.3,4.4,289.0
TOS11000045,2026-10-08T19:45,1.9,4.0,280.0
TOS11000045,2026-10-08T20:00,1.5,3.1,274.0
TOS11000045,2026-10-08T20:15,1.2,2.9,283.0
TOS11000045,2026-10-08T20:30,1.3,2.9,288.0
TOS11000045,2026-10-08T20:45,1.1,1.9,172.0
TOS11000045,2026-10-08T21:00,2.1,2.7,159.0
TOS11000045,2026-10-08T21:15,2.3,3.2,142.0
TOS11000045,2026-10-08T21:30,1.4,2.3,176.0
TOS11000045,2026-10-08T21:45,1.5,2.2,157.0
TOS11000045,2026-10-08T22:00,2.0,2.4,129.0
TOS11000045,2026-10-08T22:15,1.7,3.4,185.0
TOS11000045,2026-10-08T22:30,2.2,4.4,306.0
TOS11000045,2026-10-08T22:45,3.1,4.8,307.0
TOS11000045,2026-10-08T23:00,3.1,5.2,316.0
TOS11000045,2026-10-08T23:15,3.0,6.3,313.0
TOS11000045,2026-10-08T23:30,2.5,5.2,295.0
TOS11000045,2026-10-08T23:45,2.3,4.2,285.0
TOS11000046,2026-10-08T00:00,1.0,2.4,140.0
TOS11000046,2026-10-08T00:15,1.0,2.4,130.0
TOS11000046,2026-10-08T00:30,0.7,1.5,129.0
TOS11000046,2026-10-08T00:45,0.4,1.1,133.0
TOS11000046,2026-10-08T01:00,0.8,3.2,158.0
TOS11000046,2026-10-08T01:15,1.3,4.5,149.0
TOS11000046,2026-10-08T01:30,1.8,4.9,162.0
TOS11000046,2026-10-08T01:45,1.8,4.6,161.0
TOS11000046,2026-10-08T02:00,1.6,3.7,160.0
TOS11000046,2026-10-08T02:15,1.5,3.4,153.0
TOS11000046,2026-10-08T02:30,1.3,3.6,145.0
TOS11000046,2026-10-08T02:45,1.1,3.2,138.0
TOS11000046,2026-10-08T03:00,0.7,1.9,127.0
TOS11000046,2026-10-08T03:15,0.6,1.5,5.0
TOS11000046,2026-10-08T03:30,0.4,0.9,261.0
TOS11000046,2026-10-08T03:45,0.4,0.8,229.0
TOS11000046,2026-10-08T04:00,0.4,1.1,273.0
TOS11000046,2026-10-08T04:15,0.5,0.9,162.0
TOS11000046,2026-10-08T04:30,0.4,1.0,99.0
TOS11000046,2026-10-08T04:45,0.4,0.9,260.0
TOS11000046,2026-10-08T05:00,0.5,0.9,240.0
TOS11000046,2026-10-08T05:15,0.5,1.4,323.0
TOS11000046,2026-10-08T05:30,0.4,1.3,253.0
TOS11000046,2026-10-08T05:45,0.6,1.2,122.0
TOS11000046,2026-10-08T06:00,0.8,2.0,61.0
TOS11000046,2026-10-08T06:15,0.5,1.4,108.0
TOS11000046,2026-10-08T06:30,0.8,1.9,75.0
TOS11000046,2026-10-08T06:45,0.4,1.0,161.0
TOS11000046,2026-10-08T07:00,0.4,0.9,131.0
TOS11000046,2026-10-08T07:15,0.5,1.1,136.0
TOS11000046,2026-10-08T07:30,0.4,1.2,190.0
TOS11000046,2026-10-08T07:45,0.6,1.3,136.0
TOS11000046,2026-10-08T08:00,0.8,1.8,134.0
TOS11000046,2026-10-08T08:15,0.4,1.1,112.0
TOS11000046,2026-10-08T08:30,0.5,1.1,128.0
TOS11000046,2026-10-08T08:45,0.6,1.2,106.0
TOS11000046,2026-10-08T09:00,0.4,1.1,96.0
TOS11000046,2026-10-08T09:15,0.8,2.1,102.0
TOS11000046,2026-10-08T09:30,0.9,2.0,113.0
TOS11000046,2026-10-08T09:45,0.9,2.2,118.0
TOS11000046,2026-10-08T10:00,0.9,2.0,135.0
TOS11000046,2026-10-08T10:15,0.8,2.2,114.0
TOS11000046,2026-10-08T10:30,0.8,2.2,156.0
TOS11000046,2026-10-08T10:45,0.5,1.1,85.0
TOS11000046,2026-10-08T11:00,1.6,4.4,286.0
TOS11000046,2026-10-08T11:15,0.9,2.0,142.0
TOS11000046,2026-10-08T11:30,1.3,3.2,140.0
TOS11000046,2026-10-08T11:45,1.3,3.2,138.0
TOS11000046,2026-10-08T12:00,0.8,2.1,136.0
TOS11000046,2026-10-08T12:15,0.9,1.9,189.0
TOS11000046,2026-10-08T12:30,0.9,1.8,259.0
TOS11000046,2026-10-08T12:45,1.1,3.2,223.0
TOS11000046,2026-10-08T13:00,1.6,2.9,275.0
TOS11000046,2026-10-08T13:15,1.2,3.1,292.0
TOS11000046,2026-10-08T13:30,1.2,3.3,245.0
TOS11000046,2026-10-08T13:45,1.0,3.1,267.0
TOS11000046,2026-10-08T14:00,1.9,4.3,254.0
TOS11000046,2026-10-08T14:15,1.8,3.6,247.0
TOS11000046,2026-10-08T14:30,1.9,3.9,255.0
TOS11000046,2026-10-08T14:45,1.7,3.5,242.0
TOS11000046,2026-10-08T15:00,1.4,3.2,241.0
TOS11000046,2026-10-08T15:15,0.8,2.1,240.0
TOS11000046,2026-10-08T15:30,0.7,1.9,214.0
TOS11000046,2026-10-08T15:45,0.6,1.8,235.0
TOS11000046,2026-10-08T16:00,0.5,1.0,190.0
TOS11000046,2026-10-08T16:15,0.7,1.8,202.0
TOS11000046,2026-10-08T16:30,1.0,3.1,225.0
TOS11000046,2026-10-08T16:45,1.1,3.1,193.0
TOS11000046,2026-10-08T17:00,0.8,2.1,173.0
TOS11000046,2026-10-08T17:15,0.5,1.6,181.0
TOS11000046,2026-10-08T17:30,0.6,1.5,160.0
TOS11000046,2026-10-08T17:45,0.7,2.4,221.0
TOS11000046,2026-10-08T18:00,1.2,3.4,239.0
TOS11000046,2026-10-08T18:15,1.0,2.7,208.0
TOS11000046,2026-10-08T18:30,1.2,3.1,230.0
TOS11000046,2026-10-08T18:45,0.8,1.4,224.0
TOS11000046,2026-10-08T19:00,0.5,1.9,181.0
TOS11000046,2026-10-08T19:15,0.7,2.0,184.0
TOS11000046,2026-10-08T19:30,0.6,1.4,161.0
TOS11000046,2026-10-08T19:45,0.5,1.1,138.0
TOS11000046,2026-10-08T20:00,0.6,2.3,159.0
TOS11000046,2026-10-08T20:15,0.5,0.9,142.0
TOS11000046,2026-10-08T20:30,0.5,1.2,141.0
TOS11000046,2026-10-08T20:45,0.4,0.9,138.0
TOS11000046,2026-10-08T21:00,0.4,0.9,149.0
TOS11000046,2026-10-08T21:15,0.5,1.3,137.0
TOS11000046,2026-10-08T21:30,0.7,1.5,137.0
TOS11000046,2026-10-08T21:45,0.7,1.4,124.0
TOS11000046,2026-10-08T22:00,0.6,1.2,147.0
TOS11000046,2026-10-08T22:15,0.8,1.8,173.0
TOS11000046,2026-10-08T22:30,1.3,2.9,149.0
TOS11000046,2026-10-08T22:45,1.7,4.5,186.0
TOS11000046,2026-10-08T23:00,1.4,2.9,184.0
TOS11000046,2026-10-08T23:15,1.9,4.2,209.0
TOS11000046,2026-10-08T23:30,2.1,4.4,281.0
TOS11000046,2026-10-08T23:45,0.8,1.7,151.0
TOS11000048,2026-10-08T00:00,0.5,1.3,163.0
TOS11000048,2026-10-08T00:15,0.3,0.6,19.0
TOS11000048,2026-10-08T00:30,0.2,0.5,15.0
TOS11000048,2026-10-08T00:45,0.3,0.7,214.0
TOS11000048,2026-10-08T01:00,0.7,1.8,324.0
TOS11000048,2026-10-08T01:15,0.7,1.5,193.0
TOS11000048,2026-10-08T01:30,0.9,2.1,60.0
TOS11000048,2026-10-08T01:45,0.9,1.7,327.0
TOS11000048,2026-10-08T02:00,0.8,1.5,172.0
TOS11000048,2026-10-08T02:15,0.5,1.1,134.0
TOS11000048,2026-10-08T02:30,0.7,1.3,44.0
TOS11000048,2026-10-08T02:45,0.8,1.6,58.0
TOS11000048,2026-10-08T03:00,0.7,1.2,63.0
TOS11000048,2026-10-08T03:15,0.6,1.2,88.0
TOS11000048,2026-10-08T03:30,0.9,2.4,71.0
TOS11000048,2026-10-08T03:45,2.1,5.3,143.0
TOS11000048,2026-10-08T04:00,1.2,4.3,14.0
TOS11000048,2026-10-08T04:15,1.0,2.7,342.0
TOS11000048,2026-10-08T04:30,1.3,2.8,44.0
TOS11000048,2026-10-08T04:45,1.6,4.6,230.0
TOS11000048,2026-10-08T05:00,2.0,4.5,23.0
TOS11000048,2026-10-08T05:15,1.1,2.4,150.0
TOS11000048,2026-10-08T05:30,0.9,2.3,175.0
TOS11000048,2026-10-08T05:45,0.7,1.3,162.0
TOS11000048,2026-10-08T06:00,0.8,1.2,53.0
TOS11000048,2026-10-08T06:15,0.4,0.8,358.0
TOS11000048,2026-10-08T06:30,0.7,1.4,28.0
TOS11000048,2026-10-08T06:45,0.6,1.4,23.0
TOS11000048,2026-10-08T07:00,0.5,1.0,84.0
TOS11000048,2026-10-08T07:15,0.5,1.0,169.0
TOS11000048,2026-10-08T07:30,0.6,1.1,132.0
TOS11000048,2026-10-08T07:45,0.8,1.2,93.0
TOS11000048,2026-10-08T08:00,0.5,1.0,200.0
TOS11000048,2026-10-08T08:15,0.4,0.9,312.0
TOS11000048,2026-10-08T08:30,0.4,1.1,55.0
TOS11000048,2026-10-08T08:45,0.4,0.9,46.0
TOS11000048,2026-10-08T09:00,0.6,1.5,111.0
TOS11000048,2026-10-08T09:15,0.7,1.7,169.0
TOS11000048,2026-10-08T09:30,0.7,1.7,257.0
TOS11000048,2026-10-08T09:45,0.8,2.4,329.0
TOS11000048,2026-10-08T10:00,0.8,2.4,348.0
TOS11000048,2026-10-08T10:15,1.0,2.4,18.0
TOS11000048,2026-10-08T10:30,1.2,3.9,23.0
TOS11000048,2026-10-08T10:45,1.0,2.3,177.0
TOS11000048,2026-10-08T11:00,0.7,2.2,198.0
TOS11000048,2026-10-08T11:15,0.9,1.9,154.0
TOS11000048,2026-10-08T11:30,0.7,1.5,201.0
TOS11000048,2026-10-08T11:45,0.8,1.7,204.0
TOS11000048,2026-10-08T12:00,0.8,2.0,232.0
TOS11000048,2026-10-08T12:15,0.8,1.8,208.0
TOS11000048,2026-10-08T12:30,0.7,2.2,223.0
TOS11000048,2026-10-08T12:45,0.4,1.2,257.0
TOS11000048,2026-10-08T13:00,1.4,3.4,146.0
TOS11000048,2026-10-08T13:15,0.6,1.6,212.0
TOS11000048,2026-10-08T13:30,1.0,2.0,14.0
TOS11000048,2026-10-08T13:45,1.0,2.2,94.0
TOS11000048,2026-10-08T14:00,0.9,2.1,348.0
TOS11000048,2026-10-08T14:15,0.6,1.3,48.0
TOS11000048,2026-10-08T14:30,1.2,2.3,160.0
TOS11000048,2026-10-08T14:45,1.5,3.0,105.0
TOS11000048,2026-10-08T15:00,0.8,1.4,73.0
TOS11000048,2026-10-08T15:15,1.4,3.1,127.0
TOS11000048,2026-10-08T15:30,1.7,3.2,115.0
TOS11000048,2026-10-08T15:45,1.2,3.3,119.0
TOS11000048,2026-10-08T16:00,1.6,2.9,107.0
TOS11000048,2026-10-08T16:15,1.8,3.5,76.0
TOS11000048,2026-10-08T16:30,2.7,4.2,68.0
TOS11000048,2026-10-08T16:45,1.2,3.2,356.0
TOS11000048,2026-10-08T17:00,0.9,2.5,55.0
TOS11000048,2026-10-08T17:15,1.3,2.5,337.0
TOS11000048,2026-10-08T17:30,1.1,3.4,253.0
TOS11000048,2026-10-08T17:45,0.7,1.5,152.0
TOS11000048,2026-10-08T18:00,0.8,1.8,106.0
TOS11000048,2026-10-08T18:15,1.3,2.4,13.0
TOS11000048,2026-10-08T18:30,0.9,3.0,201.0
TOS11000048,2026-10-08T18:45,0.9,2.1,98.0
TOS11000048,2026-10-08T19:00,0.8,2.1,333.0
TOS11000048,2026-10-08T19:15,0.6,1.8,300.0
TOS11000048,2026-10-08T19:30,0.9,2.7,18.0
TOS11000048,2026-10-08T19:45,0.7,1.7,124.0
TOS11000048,2026-10-08T20:00,0.6,1.3,136.0
TOS11000048,2026-10-08T20:15,0.4,0.9,125.0
TOS11000048,2026-10-08T20:30,0.6,1.3,69.0
TOS11000048,2026-10-08T20:45,0.4,1.0,147.0
TOS11000048,2026-10-08T21:00,0.5,1.2,171.0
TOS11000048,2026-10-08T21:15,0.5,1.2,0.0
TOS11000048,2026-10-08T21:30,0.7,1.4,2.0
TOS11000048,2026-10-08T21:45,0.8,2.0,348.0
TOS11000048,2026-10-08T22:00,1.0,2.4,337.0
TOS11000048,2026-10-08T22:15,1.3,3.8,348.0
TOS11000048,2026-10-08T22:30,1.6,3.0,334.0
TOS11000048,2026-10-08T22:45,1.2,2.2,334.0
TOS11000048,2026-10-08T23:00,0.7,2.3,271.0
TOS11000048,2026-10-08T23:15,0.5,1.2,126.0
TOS11000048,2026-10-08T23:30,0.8,1.8,345.0
TOS11000048,2026-10-08T23:45,0.6,1.3,70.0
