stazione,ora,vento_medio_ms,raffica_ms,direzione
TOS01001205,2026-10-06T00:00,1.2,2.3,37.0
TOS01001205,2026-10-06T00:15,1.5,2.6,50.0
TOS01001205,2026-10-06T00:30,0.9,2.6,64.0
TOS01001205,2026-10-06T00:45,0.7,1.7,70.0
TOS01001205,2026-10-06T01:00,0.7,1.6,290.0
TOS01001205,2026-10-06T01:15,0.8,2.0,278.0
TOS01001205,2026-10-06T01:30,1.0,3.0,30.0
TOS01001205,2026-10-06T01:45,1.6,3.5,56.0
TOS01001205,2026-10-06T02:00,2.1,3.8,52.0
TOS01001205,2026-10-06T02:15,1.1,2.9,43.0
TOS01001205,2026-10-06T02:30,1.2,3.2,341.0
TOS01001205,2026-10-06T02:45,0.8,1.9,213.0
TOS01001205,2026-10-06T03:00,0.9,2.7,236.0
TOS01001205,2026-10-06T03:15,1.0,2.5,261.0
TOS01001205,2026-10-06T03:30,1.0,2.8,293.0
TOS01001205,2026-10-06T03:45,1.3,3.2,46.0
TOS01001205,2026-10-06T04:00,0.9,2.2,347.0
TOS01001205,2026-10-06T04:15,0.9,1.5,52.0
TOS01001205,2026-10-06T04:30,1.6,3.1,54.0
TOS01001205,2026-10-06T04:45,0.9,2.8,58.0
TOS01001205,2026-10-06T05:00,0.9,1.7,164.0
TOS01001205,2026-10-06T05:15,0.9,2.2,263.0
TOS01001205,2026-10-06T05:30,1.5,3.5,51.0
TOS01001205,2026-10-06T05:45,1.1,2.8,43.0
TOS01001205,2026-10-06T06:00,0.7,1.4,41.0
TOS01001205,2026-10-06T06:15,0.8,1.9,84.0
TOS01001205,2026-10-06T06:30,1.0,1.6,59.0
TOS01001205,2026-10-06T06:45,0.6,1.5,55.0
TOS01001205,2026-10-06T07:00,1.3,2.7,62.0
TOS01001205,2026-10-06T07:15,1.0,2.2,11.0
TOS01001205,2026-10-06T07:30,1.0,2.0,61.0
TOS01001205,2026-10-06T07:45,1.1,1.9,106.0
TOS01001205,2026-10-06T08:00,0.9,1.6,123.0
TOS01001205,2026-10-06T08:15,0.9,1.8,78.0
TOS01001205,2026-10-06T08:30,0.9,2.5,222.0
TOS01001205,2026-10-06T08:45,1.0,2.1,252.0
TOS01001205,2026-10-06T09:00,1.3,2.3,236.0
TOS01001205,2026-10-06T09:15,1.1,2.2,231.0
TOS01001205,2026-10-06T09:30,0.7,1.7,242.0
TOS01001205,2026-10-06T09:45,0.5,1.6,198.0
TOS01001205,2026-10-06T10:00,0.8,1.7,269.0
TOS01001205,2026-10-06T10:15,1.0,2.4,249.0
TOS01001205,2026-10-06T10:30,0.7,1.9,233.0
TOS01001205,2026-10-06T10:45,0.8,1.9,224.0
TOS01001205,2026-10-06T11:00,0.9,2.5,259.0
TOS01001205,2026-10-06T11:15,0.7,2.4,175.0
TOS01001205,2026-10-06T11:30,1.5,2.9,154.0
TOS01001205,2026-10-06T11:45,1.1,2.6,138.0
TOS01001205,2026-10-06T12:00,1.4,3.3,183.0
TOS01001205,2026-10-06T12:15,1.6,3.8,158.0
TOS01001205,2026-10-06T12:30,1.8,4.4,187.0
TOS01001205,2026-10-06T12:45,1.4,3.4,212.0
TOS01001205,2026-10-06T13:00,1.8,5.2,174.0
TOS01001205,2026-10-06T13:15,2.0,5.4,142.0
TOS01001205,2026-10-06T13:30,2.2,4.0,142.0
TOS01001205,2026-10-06T13:45,1.6,4.0,133.0
TOS01001205,2026-10-06T14:00,2.3,5.3,103.0
TOS01001205,2026-10-06T14:15,1.7,4.2,95.0
TOS01001205,2026-10-06T14:30,2.0,4.0,139.0
TOS01001205,2026-10-06T14:45,1.8,4.0,125.0
TOS01001205,2026-10-06T15:00,2.0,5.1,138.0
TOS01001205,2026-10-06T15:15,1.8,3.8,143.0
TOS01001205,2026-10-06T15:30,1.8,5.1,92.0
TOS01001205,2026-10-06T15:45,2.5,5.5,59.0
TOS01001205,2026-10-06T16:00,3.0,5.8,54.0
TOS01001205,2026-10-06T16:15,2.4,4.2,57.0
TOS01001205,2026-10-06T16:30,2.4,5.1,58.0
TOS01001205,2026-10-06T16:45,3.0,6.4,54.0
TOS01001205,2026-10-06T17:00,3.3,6.2,48.0
TOS01001205,2026-10-06T17:15,3.3,6.2,50.0
TOS01001205,2026-10-06T17:30,3.1,6.1,48.0
TOS01001205,2026-10-06T17:45,2.9,5.6,49.0
TOS01001205,2026-10-06T18:00,3.0,5.2,48.0
TOS01001205,2026-10-06T18:15,2.8,5.1,47.0
TOS01001205,2026-10-06T18:30,2.7,6.0,46.0
TOS01001205,2026-10-06T18:45,2.8,5.3,45.0
TOS01001205,2026-10-06T19:00,1.9,4.3,43.0
TOS01001205,2026-10-06T19:15,1.7,4.6,36.0
TOS01001205,2026-10-06T19:30,2.0,4.8,40.0
TOS01001205,2026-10-06T19:45,2.0,4.9,35.0
TOS01001205,2026-10-06T20:00,2.0,4.7,45.0
TOS01001205,2026-10-06T20:15,1.2,2.6,268.0
TOS01001205,2026-10-06T20:30,1.2,3.6,263.0
TOS01001205,2026-10-06T20:45,1.4,3.6,55.0
TOS01001205,2026-10-06T21:00,1.4,3.2,47.0
TOS01001205,2026-10-06T21:15,2.5,4.6,49.0
TOS01001205,2026-10-06T21:30,1.7,4.5,56.0
TOS01001205,2026-10-06T21:45,2.1,4.0,54.0
TOS01001205,2026-10-06T22:00,1.6,5.5,359.0
TOS01001205,2026-10-06T22:15,1.0,2.6,258.0
TOS01001205,2026-10-06T22:30,1.8,4.6,54.0
TOS01001205,2026-10-06T22:45,1.4,3.9,63.0
TOS01001205,2026-10-06T23:00,1.1,2.4,325.0
TOS01001205,2026-10-06T23:15,0.9,2.6,298.0
TOS01001205,2026-10-06T23:30,1.1,2.9,264.0
TOS01001205,2026-10-06T23:45,1.0,2.6,266.0
TOS01001269,2026-10-06T00:00,0.5,1.4,285.0
TOS01001269,2026-10-06T00:15,0.9,1.4,62.0
TOS01001269,2026-10-06T00:30,0.9,1.2,91.0
TOS01001269,2026-10-06T00:45,0.5,1.0,55.0
TOS01001269,2026-10-06T01:00,0.8,1.2,82.0
TOS01001269,2026-10-06T01:15,0.6,1.0,201.0
TOS01001269,2026-10-06T01:30,0.6,0.9,251.0
TOS01001269,2026-10-06T01:45,1.0,1.2,244.0
TOS01001269,2026-10-06T02:00,0.8,1.4,288.0
TOS01001269,2026-10-06T02:15,0.8,1.3,330.0
TOS01001269,2026-10-06T02:30,0.6,1.2,318.0
TOS01001269,2026-10-06T02:45,0.7,1.2,346.0
TOS01001269,2026-10-06T03:00,0.8,1.3,300.0
TOS01001269,2026-10-06T03:15,1.2,1.5,223.0
TOS01001269,2026-10-06T03:30,1.0,1.3,255.0
TOS01001269,2026-10-06T03:45,0.6,0.9,231.0
TOS01001269,2026-10-06T04:00,0.6,0.7,235.0
TOS01001269,2026-10-06T04:15,0.7,1.1,80.0
TOS01001269,2026-10-06T04:30,0.6,1.1,53.0
TOS01001269,2026-10-06T04:45,1.2,1.4,16.0
TOS01001269,2026-10-06T05:00,0.7,1.5,322.0
TOS01001269,2026-10-06T05:15,1.4,2.2,250.0
TOS01001269,2026-10-06T05:30,1.8,2.2,232.0
TOS01001269,2026-10-06T05:45,0.5,1.3,205.0
TOS01001269,2026-10-06T06:00,0.7,1.2,115.0
TOS01001269,2026-10-06T06:15,0.6,1.0,83.0
TOS01001269,2026-10-06T06:30,0.2,0.4,343.0
TOS01001269,2026-10-06T06:45,0.3,0.6,21.0
TOS01001269,2026-10-06T07:00,0.9,1.6,324.0
TOS01001269,2026-10-06T07:15,0.5,1.1,7.0
TOS01001269,2026-10-06T07:30,0.4,1.1,266.0
TOS01001269,2026-10-06T07:45,0.7,1.0,218.0
TOS01001269,2026-10-06T08:00,0.4,1.3,272.0
TOS01001269,2026-10-06T08:15,0.4,1.4,284.0
TOS01001269,2026-10-06T08:30,0.8,1.8,320.0
TOS01001269,2026-10-06T08:45,0.6,1.3,307.0
TOS01001269,2026-10-06T09:00,1.1,1.9,237.0
TOS01001269,2026-10-06T09:15,0.8,1.8,223.0
TOS01001269,2026-10-06T09:30,0.9,2.1,293.0
TOS01001269,2026-10-06T09:45,1.0,2.2,288.0
TOS01001269,2026-10-06T10:00,0.8,1.9,254.0
TOS01001269,2026-10-06T10:15,1.2,2.4,250.0
TOS01001269,2026-10-06T10:30,1.4,2.8,309.0
TOS01001269,2026-10-06T10:45,0.9,2.4,346.0
TOS01001269,2026-10-06T11:00,0.6,1.5,346.0
TOS01001269,2026-10-06T11:15,0.8,2.6,292.0
TOS01001269,2026-10-06T11:30,1.4,3.6,205.0
TOS01001269,2026-10-06T11:45,1.0,3.0,158.0
TOS01001269,2026-10-06T12:00,2.2,3.9,191.0
TOS01001269,2026-10-06T12:15,2.1,4.3,161.0
TOS01001269,2026-10-06T12:30,2.8,4.4,187.0
TOS01001269,2026-10-06T12:45,2.5,4.7,157.0
TOS01001269,2026-10-06T13:00,2.7,5.0,155.0
TOS01001269,2026-10-06T13:15,2.4,4.0,151.0
TOS01001269,2026-10-06T13:30,1.7,4.9,138.0
TOS01001269,2026-10-06T13:45,2.3,5.3,122.0
TOS01001269,2026-10-06T14:00,3.1,5.9,165.0
TOS01001269,2026-10-06T14:15,2.5,4.2,147.0
TOS01001269,2026-10-06T14:30,3.3,5.5,185.0
TOS01001269,2026-10-06T14:45,2.5,4.5,162.0
TOS01001269,2026-10-06T15:00,2.6,5.2,155.0
TOS01001269,2026-10-06T15:15,2.8,4.3,171.0
TOS01001269,2026-10-06T15:30,2.1,4.2,152.0
TOS01001269,2026-10-06T15:45,2.2,3.8,179.0
TOS01001269,2026-10-06T16:00,1.3,2.8,137.0
TOS01001269,2026-10-06T16:15,4.2,6.2,40.0
TOS01001269,2026-10-06T16:30,3.8,6.2,39.0
TOS01001269,2026-10-06T16:45,4.1,6.1,33.0
TOS01001269,2026-10-06T17:00,3.6,5.3,40.0
TOS01001269,2026-10-06T17:15,2.6,4.8,57.0
TOS01001269,2026-10-06T17:30,1.1,2.1,166.0
TOS01001269,2026-10-06T17:45,1.4,2.9,229.0
TOS01001269,2026-10-06T18:00,1.9,3.4,227.0
TOS01001269,2026-10-06T18:15,1.9,3.2,215.0
TOS01001269,2026-10-06T18:30,1.4,2.6,206.0
TOS01001269,2026-10-06T18:45,1.5,2.7,222.0
TOS01001269,2026-10-06T19:00,1.8,2.9,259.0
TOS01001269,2026-10-06T19:15,0.7,1.9,233.0
TOS01001269,2026-10-06T19:30,1.5,2.3,245.0
TOS01001269,2026-10-06T19:45,1.6,2.5,243.0
TOS01001269,2026-10-06T20:00,2.1,2.7,242.0
TOS01001269,2026-10-06T20:15,1.7,3.0,269.0
TOS01001269,2026-10-06T20:30,0.7,1.4,135.0
TOS01001269,2026-10-06T20:45,1.1,1.6,84.0
TOS01001269,2026-10-06T21:00,0.8,1.3,88.0
TOS01001269,2026-10-06T21:15,0.7,1.2,101.0
TOS01001269,2026-10-06T21:30,0.5,0.8,206.0
TOS01001269,2026-10-06T21:45,0.5,0.9,291.0
TOS01001269,2026-10-06T22:00,1.0,1.6,248.0
TOS01001269,2026-10-06T22:15,0.6,1.7,295.0
TOS01001269,2026-10-06T22:30,1.0,1.3,334.0
TOS01001269,2026-10-06T22:45,0.7,1.1,266.0
TOS01001269,2026-10-06T23:00,0.3,0.6,253.0
TOS01001269,2026-10-06T23:15,0.5,0.9,101.0
TOS01001269,2026-10-06T23:30,0.5,0.8,10.0
TOS01001269,2026-10-06T23:45,1.0,1.5,347.0
TOS01004007,2026-10-06T00:00,1.5,2.3,301.0
TOS01004007,2026-10-06T00:15,1.0,2.0,329.0
TOS01004007,2026-10-06T00:30,1.0,1.6,333.0
TOS01004007,2026-10-06T00:45,0.8,1.3,327.0
TOS01004007,2026-10-06T01:00,1.3,2.2,295.0
TOS01004007,2026-10-06T01:15,1.4,2.2,297.0
TOS01004007,2026-10-06T01:30,1.6,2.2,301.0
TOS01004007,2026-10-06T01:45,1.8,2.7,300.0
TOS01004007,2026-10-06T02:00,1.4,2.4,308.0
TOS01004007,2026-10-06T02:15,1.3,2.0,317.0
TOS01004007,2026-10-06T02:30,1.2,1.9,304.0
TOS01004007,2026-10-06T02:45,1.1,1.7,298.0
TOS01004007,2026-10-06T03:00,1.5,2.5,294.0
TOS01004007,2026-10-06T03:15,1.3,2.3,297.0
TOS01004007,2026-10-06T03:30,1.1,1.9,295.0
TOS01004007,2026-10-06T03:45,1.3,2.7,292.0
TOS01004007,2026-10-06T04:00,1.7,3.1,310.0
TOS01004007,2026-10-06T04:15,0.6,1.1,352.0
TOS01004007,2026-10-06T04:30,0.7,1.8,315.0
TOS01004007,2026-10-06T04:45,1.2,2.0,304.0
TOS01004007,2026-10-06T05:00,1.4,2.4,306.0
TOS01004007,2026-10-06T05:15,1.3,2.2,293.0
TOS01004007,2026-10-06T05:30,1.5,2.4,301.0
TOS01004007,2026-10-06T05:45,2.0,3.1,295.0
TOS01004007,2026-10-06T06:00,1.5,2.9,314.0
TOS01004007,2026-10-06T06:15,1.2,1.8,316.0
TOS01004007,2026-10-06T06:30,1.1,2.0,297.0
TOS01004007,2026-10-06T06:45,1.6,2.4,288.0
TOS01004007,2026-10-06T07:00,2.1,3.2,295.0
TOS01004007,2026-10-06T07:15,1.8,2.7,299.0
TOS01004007,2026-10-06T07:30,1.5,2.5,306.0
TOS01004007,2026-10-06T07:45,1.8,2.6,291.0
TOS01004007,2026-10-06T08:00,1.4,2.8,292.0
TOS01004007,2026-10-06T08:15,1.1,2.3,320.0
TOS01004007,2026-10-06T08:30,1.1,2.4,312.0
TOS01004007,2026-10-06T08:45,1.3,2.5,308.0
TOS01004007,2026-10-06T09:00,0.8,1.6,325.0
TOS01004007,2026-10-06T09:15,1.0,2.4,312.0
TOS01004007,2026-10-06T09:30,1.0,1.9,304.0
TOS01004007,2026-10-06T09:45,0.9,1.9,210.0
TOS01004007,2026-10-06T10:00,1.1,1.8,205.0
TOS01004007,2026-10-06T10:15,1.3,2.6,192.0
TOS01004007,2026-10-06T10:30,1.8,3.1,190.0
TOS01004007,2026-10-06T10:45,1.3,2.3,201.0
TOS01004007,2026-10-06T11:00,2.2,3.7,183.0
TOS01004007,2026-10-06T11:15,2.3,4.0,184.0
TOS01004007,2026-10-06T11:30,2.5,4.1,186.0
TOS01004007,2026-10-06T11:45,2.9,4.4,189.0
TOS01004007,2026-10-06T12:00,2.8,4.9,201.0
TOS01004007,2026-10-06T12:15,2.4,4.1,224.0
TOS01004007,2026-10-06T12:30,2.1,4.1,219.0
TOS01004007,2026-10-06T12:45,2.6,4.0,196.0
TOS01004007,2026-10-06T13:00,2.4,3.9,220.0
TOS01004007,2026-10-06T13:15,2.3,4.2,224.0
TOS01004007,2026-10-06T13:30,2.1,4.2,222.0
TOS01004007,2026-10-06T13:45,1.7,2.9,241.0
TOS01004007,2026-10-06T14:00,2.3,3.6,221.0
TOS01004007,2026-10-06T14:15,2.2,4.1,217.0
TOS01004007,2026-10-06T14:30,3.0,4.9,213.0
TOS01004007,2026-10-06T14:45,2.6,4.5,225.0
TOS01004007,2026-10-06T15:00,2.1,4.1,246.0
TOS01004007,2026-10-06T15:15,2.0,3.4,250.0
TOS01004007,2026-10-06T15:30,1.9,3.0,229.0
TOS01004007,2026-10-06T15:45,1.4,2.8,249.0
TOS01004007,2026-10-06T16:00,1.1,2.3,246.0
TOS01004007,2026-10-06T16:15,1.0,1.8,228.0
TOS01004007,2026-10-06T16:30,1.2,2.9,232.0
TOS01004007,2026-10-06T16:45,1.7,3.1,211.0
TOS01004007,2026-10-06T17:00,1.8,3.9,210.0
TOS01004007,2026-10-06T17:15,1.8,3.5,243.0
TOS01004007,2026-10-06T17:30,1.2,1.9,241.0
TOS01004007,2026-10-06T17:45,1.1,2.4,219.0
TOS01004007,2026-10-06T18:00,1.3,2.2,229.0
TOS01004007,2026-10-06T18:15,0.7,2.0,170.0
TOS01004007,2026-10-06T18:30,0.6,1.5,89.0
TOS01004007,2026-10-06T18:45,1.2,2.5,37.0
TOS01004007,2026-10-06T19:00,1.5,2.8,58.0
TOS01004007,2026-10-06T19:15,1.0,2.2,66.0
TOS01004007,2026-10-06T19:30,0.5,1.0,320.0
TOS01004007,2026-10-06T19:45,0.7,1.4,355.0
TOS01004007,2026-10-06T20:00,0.8,1.4,43.0
TOS01004007,2026-10-06T20:15,1.4,2.4,12.0
TOS01004007,2026-10-06T20:30,1.4,2.7,27.0
TOS01004007,2026-10-06T20:45,1.0,1.6,322.0
TOS01004007,2026-10-06T21:00,1.4,2.2,333.0
TOS01004007,2026-10-06T21:15,1.2,1.9,302.0
TOS01004007,2026-10-06T21:30,1.3,1.9,294.0
TOS01004007,2026-10-06T21:45,1.3,2.4,307.0
TOS01004007,2026-10-06T22:00,1.0,1.8,301.0
TOS01004007,2026-10-06T22:15,1.5,2.3,288.0
TOS01004007,2026-10-06T22:30,1.6,2.9,309.0
TOS01004007,2026-10-06T22:45,1.6,2.4,299.0
TOS01004007,2026-10-06T23:00,1.3,2.2,288.0
TOS01004007,2026-10-06T23:15,1.5,2.3,308.0
TOS01004007,2026-10-06T23:30,1.9,3.0,288.0
TOS01004007,2026-10-06T23:45,2.2,3.5,296.0
TOS01004971,2026-10-06T00:00,0.8,1.4,158.0
TOS01004971,2026-10-06T00:15,1.0,1.7,155.0
TOS01004971,2026-10-06T00:30,0.7,1.4,165.0
TOS01004971,2026-10-06T00:45,0.3,0.6,236.0
TOS01004971,2026-10-06T01:00,0.5,0.9,163.0
TOS01004971,2026-10-06T01:15,0.7,1.3,161.0
TOS01004971,2026-10-06T01:30,0.4,1.0,169.0
TOS01004971,2026-10-06T01:45,0.7,1.3,167.0
TOS01004971,2026-10-06T02:00,0.7,1.1,165.0
TOS01004971,2026-10-06T02:15,0.7,1.0,171.0
TOS01004971,2026-10-06T02:30,0.8,1.3,174.0
TOS01004971,2026-10-06T02:45,0.7,1.1,173.0
TOS01004971,2026-10-06T03:00,0.4,0.8,149.0
TOS01004971,2026-10-06T03:15,0.7,1.1,166.0
TOS01004971,2026-10-06T03:30,0.4,0.8,159.0
TOS01004971,2026-10-06T03:45,0.7,1.1,174.0
TOS01004971,2026-10-06T04:00,0.8,1.6,172.0
TOS01004971,2026-10-06T04:15,0.4,1.2,158.0
TOS01004971,2026-10-06T04:30,0.2,0.6,126.0
TOS01004971,2026-10-06T04:45,0.8,1.3,167.0
TOS01004971,2026-10-06T05:00,0.5,1.0,153.0
TOS01004971,2026-10-06T05:15,0.5,1.1,166.0
TOS01004971,2026-10-06T05:30,0.3,0.8,279.0
TOS01004971,2026-10-06T05:45,0.4,0.9,179.0
TOS01004971,2026-10-06T06:00,0.3,1.0,134.0
TOS01004971,2026-10-06T06:15,0.3,1.1,133.0
TOS01004971,2026-10-06T06:30,1.1,2.1,160.0
TOS01004971,2026-10-06T06:45,0.8,1.7,155.0
TOS01004971,2026-10-06T07:00,0.4,1.0,264.0
TOS01004971,2026-10-06T07:15,0.6,1.2,158.0
TOS01004971,2026-10-06T07:30,1.0,1.6,160.0
TOS01004971,2026-10-06T07:45,1.0,2.0,157.0
TOS01004971,2026-10-06T08:00,1.1,2.7,155.0
TOS01004971,2026-10-06T08:15,0.6,1.7,154.0
TOS01004971,2026-10-06T08:30,0.6,1.0,117.0
TOS01004971,2026-10-06T08:45,0.7,1.6,314.0
TOS01004971,2026-10-06T09:00,0.5,1.3,325.0
TOS01004971,2026-10-06T09:15,0.4,1.1,321.0
TOS01004971,2026-10-06T09:30,0.4,0.9,346.0
TOS01004971,2026-10-06T09:45,0.5,1.6,261.0
TOS01004971,2026-10-06T10:00,0.6,1.3,253.0
TOS01004971,2026-10-06T10:15,0.7,1.5,129.0
TOS01004971,2026-10-06T10:30,0.6,1.5,169.0
TOS01004971,2026-10-06T10:45,0.6,1.6,43.0
TOS01004971,2026-10-06T11:00,0.9,2.4,179.0
TOS01004971,2026-10-06T11:15,1.2,2.9,178.0
TOS01004971,2026-10-06T11:30,0.7,2.0,168.0
TOS01004971,2026-10-06T11:45,1.2,2.6,170.0
TOS01004971,2026-10-06T12:00,1.2,3.3,158.0
TOS01004971,2026-10-06T12:15,1.2,3.3,159.0
TOS01004971,2026-10-06T12:30,1.7,4.5,184.0
TOS01004971,2026-10-06T12:45,1.6,4.1,175.0
TOS01004971,2026-10-06T13:00,1.8,3.9,152.0
TOS01004971,2026-10-06T13:15,1.6,4.6,146.0
TOS01004971,2026-10-06T13:30,1.2,2.9,188.0
TOS01004971,2026-10-06T13:45,1.4,4.2,125.0
TOS01004971,2026-10-06T14:00,1.2,2.8,48.0
TOS01004971,2026-10-06T14:15,1.1,3.5,141.0
TOS01004971,2026-10-06T14:30,1.1,3.1,200.0
TOS01004971,2026-10-06T14:45,1.2,2.8,171.0
TOS01004971,2026-10-06T15:00,1.0,2.3,329.0
TOS01004971,2026-10-06T15:15,1.4,3.7,112.0
TOS01004971,2026-10-06T15:30,1.3,3.9,115.0
TOS01004971,2026-10-06T15:45,0.9,2.6,173.0
TOS01004971,2026-10-06T16:00,1.1,2.4,99.0
TOS01004971,2026-10-06T16:15,0.9,2.4,77.0
TOS01004971,2026-10-06T16:30,1.4,2.8,63.0
TOS01004971,2026-10-06T16:45,1.5,3.0,94.0
TOS01004971,2026-10-06T17:00,1.2,2.1,111.0
TOS01004971,2026-10-06T17:15,0.9,2.0,117.0
TOS01004971,2026-10-06T17:30,0.3,1.1,150.0
TOS01004971,2026-10-06T17:45,0.8,1.4,122.0
TOS01004971,2026-10-06T18:00,0.8,1.9,161.0
TOS01004971,2026-10-06T18:15,1.0,1.9,164.0
TOS01004971,2026-10-06T18:30,0.7,1.7,263.0
TOS01004971,2026-10-06T18:45,0.8,2.8,307.0
TOS01004971,2026-10-06T19:00,0.6,2.2,297.0
TOS01004971,2026-10-06T19:15,0.5,1.7,247.0
TOS01004971,2026-10-06T19:30,0.6,1.2,308.0
TOS01004971,2026-10-06T19:45,0.5,1.3,311.0
TOS01004971,2026-10-06T20:00,0.8,1.7,201.0
TOS01004971,2026-10-06T20:15,1.0,1.6,135.0
TOS01004971,2026-10-06T20:30,0.7,1.0,175.0
TOS01004971,2026-10-06T20:45,1.0,1.7,167.0
TOS01004971,2026-10-06T21:00,1.3,2.6,161.0
TOS01004971,2026-10-06T21:15,1.0,1.6,170.0
TOS01004971,2026-10-06T21:30,1.2,1.7,163.0
TOS01004971,2026-10-06T21:45,1.0,1.6,167.0
TOS01004971,2026-10-06T22:00,1.1,1.9,170.0
TOS01004971,2026-10-06T22:15,0.9,1.7,174.0
TOS01004971,2026-10-06T22:30,0.8,1.7,167.0
TOS01004971,2026-10-06T22:45,0.7,1.2,167.0
TOS01004971,2026-10-06T23:00,1.0,1.7,167.0
TOS01004971,2026-10-06T23:15,0.9,1.6,164.0
TOS01004971,2026-10-06T23:30,0.7,1.1,172.0
TOS01004971,2026-10-06T23:45,0.7,1.2,173.0
TOS01005251,2026-10-06T00:00,2.3,2.8,123.0
TOS01005251,2026-10-06T00:15,2.2,3.0,99.0
TOS01005251,2026-10-06T00:30,2.3,3.1,123.0
TOS01005251,2026-10-06T00:45,1.9,2.5,111.0
TOS01005251,2026-10-06T01:00,2.0,2.8,95.0
TOS01005251,2026-10-06T01:15,2.1,3.1,110.0
TOS01005251,2026-10-06T01:30,2.2,2.8,114.0
TOS01005251,2026-10-06T01:45,2.4,3.1,96.0
TOS01005251,2026-10-06T02:00,2.4,3.3,125.0
TOS01005251,2026-10-06T02:15,2.0,2.5,113.0
TOS01005251,2026-10-06T02:30,2.1,3.0,117.0
TOS01005251,2026-10-06T02:45,2.1,3.0,115.0
TOS01005251,2026-10-06T03:00,2.0,3.3,119.0
TOS01005251,2026-10-06T03:15,2.0,3.3,118.0
TOS01005251,2026-10-06T03:30,2.2,3.6,120.0
TOS01005251,2026-10-06T03:45,2.2,3.3,124.0
TOS01005251,2026-10-06T04:00,2.5,3.6,128.0
TOS01005251,2026-10-06T04:15,2.7,3.9,130.0
TOS01005251,2026-10-06T04:30,2.7,3.8,123.0
TOS01005251,2026-10-06T04:45,3.0,4.0,107.0
TOS01005251,2026-10-06T05:00,2.3,3.5,121.0
TOS01005251,2026-10-06T05:15,2.4,3.6,115.0
TOS01005251,2026-10-06T05:30,2.7,3.9,106.0
TOS01005251,2026-10-06T05:45,2.8,4.2,104.0
TOS01005251,2026-10-06T06:00,2.0,3.4,114.0
TOS01005251,2026-10-06T06:15,1.7,3.0,116.0
TOS01005251,2026-10-06T06:30,2.3,3.7,115.0
TOS01005251,2026-10-06T06:45,2.8,4.0,107.0
TOS01005251,2026-10-06T07:00,3.4,4.9,95.0
TOS01005251,2026-10-06T07:15,2.9,4.2,111.0
TOS01005251,2026-10-06T07:30,3.4,4.7,112.0
TOS01005251,2026-10-06T07:45,3.8,5.3,109.0
TOS01005251,2026-10-06T08:00,3.7,4.5,93.0
TOS01005251,2026-10-06T08:15,4.0,5.7,100.0
TOS01005251,2026-10-06T08:30,3.8,6.2,112.0
TOS01005251,2026-10-06T08:45,4.4,6.0,108.0
TOS01005251,2026-10-06T09:00,3.7,4.9,100.0
TOS01005251,2026-10-06T09:15,4.0,5.4,97.0
TOS01005251,2026-10-06T09:30,4.0,5.5,109.0
TOS01005251,2026-10-06T09:45,4.6,5.9,96.0
TOS01005251,2026-10-06T10:00,4.5,6.2,98.0
TOS01005251,2026-10-06T10:15,4.7,6.4,94.0
TOS01005251,2026-10-06T10:30,4.4,5.5,99.0
TOS01005251,2026-10-06T10:45,3.8,5.3,93.0
TOS01005251,2026-10-06T11:00,4.3,5.6,98.0
TOS01005251,2026-10-06T11:15,3.9,5.8,111.0
TOS01005251,2026-10-06T11:30,3.7,6.1,100.0
TOS01005251,2026-10-06T11:45,3.5,5.5,89.0
TOS01005251,2026-10-06T12:00,2.9,5.3,95.0
TOS01005251,2026-10-06T12:15,3.1,5.3,103.0
TOS01005251,2026-10-06T12:30,3.4,5.2,90.0
TOS01005251,2026-10-06T12:45,2.9,5.4,148.0
TOS01005251,2026-10-06T13:00,2.5,4.4,111.0
TOS01005251,2026-10-06T13:15,3.2,4.1,249.0
TOS01005251,2026-10-06T13:30,3.9,5.1,254.0
TOS01005251,2026-10-06T13:45,4.2,5.7,246.0
TOS01005251,2026-10-06T14:00,3.7,4.7,243.0
TOS01005251,2026-10-06T14:15,3.7,5.0,255.0
TOS01005251,2026-10-06T14:30,4.0,5.3,252.0
TOS01005251,2026-10-06T14:45,3.9,5.3,251.0
TOS01005251,2026-10-06T15:00,3.7,4.8,253.0
TOS01005251,2026-10-06T15:15,3.1,4.5,265.0
TOS01005251,2026-10-06T15:30,2.8,4.0,273.0
TOS01005251,2026-10-06T15:45,2.3,3.9,284.0
TOS01005251,2026-10-06T16:00,2.2,3.3,290.0
TOS01005251,2026-10-06T16:15,1.9,3.1,285.0
TOS01005251,2026-10-06T16:30,2.0,3.2,276.0
TOS01005251,2026-10-06T16:45,2.0,3.0,273.0
TOS01005251,2026-10-06T17:00,2.3,3.4,275.0
TOS01005251,2026-10-06T17:15,2.2,3.0,270.0
TOS01005251,2026-10-06T17:30,2.6,3.4,259.0
TOS01005251,2026-10-06T17:45,2.1,2.9,263.0
TOS01005251,2026-10-06T18:00,1.4,2.8,257.0
TOS01005251,2026-10-06T18:15,1.1,1.9,250.0
TOS01005251,2026-10-06T18:30,0.5,1.0,165.0
TOS01005251,2026-10-06T18:45,0.9,1.3,120.0
TOS01005251,2026-10-06T19:00,0.9,1.4,92.0
TOS01005251,2026-10-06T19:15,1.2,1.7,96.0
TOS01005251,2026-10-06T19:30,2.2,2.5,68.0
TOS01005251,2026-10-06T19:45,1.5,2.4,98.0
TOS01005251,2026-10-06T20:00,1.0,1.9,118.0
TOS01005251,2026-10-06T20:15,1.4,1.7,124.0
TOS01005251,2026-10-06T20:30,1.4,1.7,111.0
TOS01005251,2026-10-06T20:45,1.3,1.5,114.0
TOS01005251,2026-10-06T21:00,1.4,1.9,119.0
TOS01005251,2026-10-06T21:15,1.8,2.3,131.0
TOS01005251,2026-10-06T21:30,1.5,2.1,124.0
TOS01005251,2026-10-06T21:45,1.6,2.0,126.0
TOS01005251,2026-10-06T22:00,1.6,2.1,125.0
TOS01005251,2026-10-06T22:15,1.3,1.6,110.0
TOS01005251,2026-10-06T22:30,1.3,1.7,106.0
TOS01005251,2026-10-06T22:45,1.3,1.7,106.0
TOS01005251,2026-10-06T23:00,1.2,1.6,115.0
TOS01005251,2026-10-06T23:15,1.6,2.0,116.0
TOS01005251,2026-10-06T23:30,1.7,2.5,111.0
TOS01005251,2026-10-06T23:45,1.9,2.5,108.0
TOS02000108,2026-10-06T00:00,1.1,1.7,10.0
TOS02000108,2026-10-06T00:15,1.1,1.7,5.0
TOS02000108,2026-10-06T00:30,1.1,1.6,6.0
TOS02000108,2026-10-06T00:45,1.1,1.5,4.0
TOS02000108,2026-10-06T01:00,1.1,1.5,2.0
TOS02000108,2026-10-06T01:15,1.1,1.6,3.0
TOS02000108,2026-10-06T01:30,1.4,1.6,8.0
TOS02000108,2026-10-06T01:45,1.3,1.6,5.0
TOS02000108,2026-10-06T02:00,1.2,1.5,6.0
TOS02000108,2026-10-06T02:15,1.1,1.5,9.0
TOS02000108,2026-10-06T02:30,1.1,1.7,8.0
TOS02000108,2026-10-06T02:45,1.1,1.7,10.0
TOS02000108,2026-10-06T03:00,1.1,1.8,6.0
TOS02000108,2026-10-06T03:15,1.1,1.5,3.0
TOS02000108,2026-10-06T03:30,1.2,1.6,3.0
TOS02000108,2026-10-06T03:45,1.0,1.4,6.0
TOS02000108,2026-10-06T04:00,0.9,1.4,10.0
TOS02000108,2026-10-06T04:15,0.9,1.3,356.0
TOS02000108,2026-10-06T04:30,0.9,1.3,357.0
TOS02000108,2026-10-06T04:45,1.0,1.3,357.0
TOS02000108,2026-10-06T05:00,1.0,1.4,3.0
TOS02000108,2026-10-06T05:15,0.9,1.2,14.0
TOS02000108,2026-10-06T05:30,1.0,1.6,5.0
TOS02000108,2026-10-06T05:45,0.9,1.4,4.0
TOS02000108,2026-10-06T06:00,0.9,1.4,8.0
TOS02000108,2026-10-06T06:15,1.0,1.6,7.0
TOS02000108,2026-10-06T06:30,1.0,1.4,9.0
TOS02000108,2026-10-06T06:45,0.9,1.2,7.0
TOS02000108,2026-10-06T07:00,0.9,1.3,4.0
TOS02000108,2026-10-06T07:15,0.7,1.2,18.0
TOS02000108,2026-10-06T07:30,0.6,1.3,10.0
TOS02000108,2026-10-06T07:45,0.7,2.4,95.0
TOS02000108,2026-10-06T08:00,0.7,2.1,64.0
TOS02000108,2026-10-06T08:15,0.9,2.4,187.0
TOS02000108,2026-10-06T08:30,0.5,1.0,159.0
TOS02000108,2026-10-06T08:45,0.6,2.1,163.0
TOS02000108,2026-10-06T09:00,0.8,2.8,200.0
TOS02000108,2026-10-06T09:15,1.1,2.9,191.0
TOS02000108,2026-10-06T09:30,1.5,3.8,191.0
TOS02000108,2026-10-06T09:45,1.4,3.2,195.0
TOS02000108,2026-10-06T10:00,1.4,3.3,193.0
TOS02000108,2026-10-06T10:15,1.2,2.5,191.0
TOS02000108,2026-10-06T10:30,1.2,2.4,195.0
TOS02000108,2026-10-06T10:45,1.2,2.8,188.0
TOS02000108,2026-10-06T11:00,1.3,3.1,183.0
TOS02000108,2026-10-06T11:15,1.5,4.2,189.0
TOS02000108,2026-10-06T11:30,1.7,4.0,191.0
TOS02000108,2026-10-06T11:45,1.7,4.6,198.0
TOS02000108,2026-10-06T12:00,1.5,3.7,191.0
TOS02000108,2026-10-06T12:15,1.3,3.7,182.0
TOS02000108,2026-10-06T12:30,2.0,5.3,172.0
TOS02000108,2026-10-06T12:45,1.4,4.3,191.0
TOS02000108,2026-10-06T13:00,1.1,2.9,182.0
TOS02000108,2026-10-06T13:15,0.8,2.0,190.0
TOS02000108,2026-10-06T13:30,0.9,2.6,222.0
TOS02000108,2026-10-06T13:45,1.2,3.2,211.0
TOS02000108,2026-10-06T14:00,1.1,2.8,187.0
TOS02000108,2026-10-06T14:15,0.9,3.0,204.0
TOS02000108,2026-10-06T14:30,1.2,3.0,204.0
TOS02000108,2026-10-06T14:45,1.0,2.7,199.0
TOS02000108,2026-10-06T15:00,1.2,3.2,176.0
TOS02000108,2026-10-06T15:15,1.3,4.0,191.0
TOS02000108,2026-10-06T15:30,1.3,2.7,197.0
TOS02000108,2026-10-06T15:45,1.1,2.9,198.0
TOS02000108,2026-10-06T16:00,1.2,2.8,196.0
TOS02000108,2026-10-06T16:15,1.0,3.1,213.0
TOS02000108,2026-10-06T16:30,0.9,2.9,209.0
TOS02000108,2026-10-06T16:45,0.8,2.1,208.0
TOS02000108,2026-10-06T17:00,0.8,2.1,258.0
TOS02000108,2026-10-06T17:15,0.6,1.9,229.0
TOS02000108,2026-10-06T17:30,0.5,0.9,89.0
TOS02000108,2026-10-06T17:45,0.5,0.8,32.0
TOS02000108,2026-10-06T18:00,0.8,1.2,18.0
TOS02000108,2026-10-06T18:15,0.6,1.1,351.0
TOS02000108,2026-10-06T18:30,1.1,1.5,9.0
TOS02000108,2026-10-06T18:45,1.1,1.6,7.0
TOS02000108,2026-10-06T19:00,1.1,1.7,359.0
TOS02000108,2026-10-06T19:15,1.0,1.6,8.0
TOS02000108,2026-10-06T19:30,0.8,1.4,6.0
TOS02000108,2026-10-06T19:45,1.0,1.9,359.0
TOS02000108,2026-10-06T20:00,1.0,1.9,347.0
TOS02000108,2026-10-06T20:15,0.8,1.6,1.0
TOS02000108,2026-10-06T20:30,0.9,1.6,350.0
TOS02000108,2026-10-06T20:45,0.8,1.7,6.0
TOS02000108,2026-10-06T21:00,0.7,1.5,348.0
TOS02000108,2026-10-06T21:15,0.9,1.2,15.0
TOS02000108,2026-10-06T21:30,0.9,1.1,12.0
TOS02000108,2026-10-06T21:45,0.8,1.3,20.0
TOS02000108,2026-10-06T22:00,0.9,1.3,8.0
TOS02000108,2026-10-06T22:15,0.9,1.4,6.0
TOS02000108,2026-10-06T22:30,0.7,1.1,23.0
TOS02000108,2026-10-06T22:45,0.8,1.2,20.0
TOS02000108,2026-10-06T23:00,0.8,1.2,356.0
TOS02000108,2026-10-06T23:15,1.1,1.4,5.0
TOS02000108,2026-10-06T23:30,0.9,1.3,15.0
TOS02000108,2026-10-06T23:45,0.9,2.0,2.0
TOS02000275,2026-10-06T00:00,0.7,0.9,255.0
TOS02000275,2026-10-06T00:15,0.8,1.4,178.0
TOS02000275,2026-10-06T00:30,2.0,3.1,120.0
TOS02000275,2026-10-06T00:45,1.6,2.7,118.0
TOS02000275,2026-10-06T01:00,1.9,3.3,100.0
TOS02000275,2026-10-06T01:15,1.4,2.0,79.0
TOS02000275,2026-10-06T01:30,1.6,2.3,71.0
TOS02000275,2026-10-06T01:45,2.5,3.8,51.0
TOS02000275,2026-10-06T02:00,2.5,3.1,54.0
TOS02000275,2026-10-06T02:15,2.7,3.5,64.0
TOS02000275,2026-10-06T02:30,2.8,3.5,56.0
TOS02000275,2026-10-06T02:45,2.9,4.3,50.0
TOS02000275,2026-10-06T03:00,3.5,4.8,51.0
TOS02000275,2026-10-06T03:15,4.2,5.9,54.0
TOS02000275,2026-10-06T03:30,2.8,5.3,46.0
TOS02000275,2026-10-06T03:45,3.7,6.4,57.0
TOS02000275,2026-10-06T04:00,3.4,5.2,52.0
TOS02000275,2026-10-06T04:15,3.4,6.1,55.0
TOS02000275,2026-10-06T04:30,2.7,4.2,55.0
TOS02000275,2026-10-06T04:45,2.8,4.2,66.0
TOS02000275,2026-10-06T05:00,3.4,4.2,70.0
TOS02000275,2026-10-06T05:15,2.8,3.8,74.0
TOS02000275,2026-10-06T05:30,1.9,2.7,60.0
TOS02000275,2026-10-06T05:45,1.9,2.5,54.0
TOS02000275,2026-10-06T06:00,2.0,2.9,50.0
TOS02000275,2026-10-06T06:15,2.1,2.7,58.0
TOS02000275,2026-10-06T06:30,2.6,3.0,72.0
TOS02000275,2026-10-06T06:45,2.1,2.9,48.0
TOS02000275,2026-10-06T07:00,2.2,4.3,48.0
TOS02000275,2026-10-06T07:15,2.4,4.1,49.0
TOS02000275,2026-10-06T07:30,3.6,5.3,53.0
TOS02000275,2026-10-06T07:45,3.7,5.3,52.0
TOS02000275,2026-10-06T08:00,4.0,6.0,52.0
TOS02000275,2026-10-06T08:15,3.5,6.2,53.0
TOS02000275,2026-10-06T08:30,2.9,4.2,55.0
TOS02000275,2026-10-06T08:45,2.7,3.8,51.0
TOS02000275,2026-10-06T09:00,2.2,3.6,49.0
TOS02000275,2026-10-06T09:15,2.2,3.9,51.0
TOS02000275,2026-10-06T09:30,2.2,4.2,47.0
TOS02000275,2026-10-06T09:45,2.1,3.1,48.0
TOS02000275,2026-10-06T10:00,2.0,3.5,54.0
TOS02000275,2026-10-06T10:15,2.2,3.5,56.0
TOS02000275,2026-10-06T10:30,2.2,4.4,52.0
TOS02000275,2026-10-06T10:45,1.6,2.6,56.0
TOS02000275,2026-10-06T11:00,1.6,3.0,48.0
TOS02000275,2026-10-06T11:15,1.2,2.9,64.0
TOS02000275,2026-10-06T11:30,1.1,2.7,89.0
TOS02000275,2026-10-06T11:45,1.4,3.3,77.0
TOS02000275,2026-10-06T12:00,1.1,2.0,212.0
TOS02000275,2026-10-06T12:15,1.0,2.1,241.0
TOS02000275,2026-10-06T12:30,1.6,3.7,38.0
TOS02000275,2026-10-06T12:45,1.6,4.3,48.0
TOS02000275,2026-10-06T13:00,1.3,3.6,53.0
TOS02000275,2026-10-06T13:15,1.3,2.9,83.0
TOS02000275,2026-10-06T13:30,1.5,3.1,75.0
TOS02000275,2026-10-06T13:45,1.1,2.5,53.0
TOS02000275,2026-10-06T14:00,1.6,4.0,57.0
TOS02000275,2026-10-06T14:15,1.7,5.9,36.0
TOS02000275,2026-10-06T14:30,1.7,4.1,64.0
TOS02000275,2026-10-06T14:45,2.2,4.9,40.0
TOS02000275,2026-10-06T15:00,2.0,3.9,35.0
TOS02000275,2026-10-06T15:15,2.3,5.1,29.0
TOS02000275,2026-10-06T15:30,2.6,4.5,41.0
TOS02000275,2026-10-06T15:45,2.8,4.2,48.0
TOS02000275,2026-10-06T16:00,3.1,5.0,58.0
TOS02000275,2026-10-06T16:15,3.5,4.9,62.0
TOS02000275,2026-10-06T16:30,3.7,5.0,64.0
TOS02000275,2026-10-06T16:45,3.8,5.2,63.0
TOS02000275,2026-10-06T17:00,3.7,5.2,70.0
TOS02000275,2026-10-06T17:15,4.0,5.2,64.0
TOS02000275,2026-10-06T17:30,4.0,5.5,65.0
TOS02000275,2026-10-06T17:45,3.9,5.9,57.0
TOS02000275,2026-10-06T18:00,3.4,4.3,56.0
TOS02000275,2026-10-06T18:15,3.2,3.6,63.0
TOS02000275,2026-10-06T18:30,3.2,3.7,62.0
TOS02000275,2026-10-06T18:45,2.5,3.3,62.0
TOS02000275,2026-10-06T19:00,1.8,2.9,51.0
TOS02000275,2026-10-06T19:15,1.9,2.8,60.0
TOS02000275,2026-10-06T19:30,2.9,3.4,70.0
TOS02000275,2026-10-06T19:45,2.6,3.1,71.0
TOS02000275,2026-10-06T20:00,2.6,3.5,75.0
TOS02000275,2026-10-06T20:15,1.9,3.0,112.0
TOS02000275,2026-10-06T20:30,2.5,4.1,112.0
TOS02000275,2026-10-06T20:45,3.3,4.7,89.0
TOS02000275,2026-10-06T21:00,2.5,3.8,97.0
TOS02000275,2026-10-06T21:15,1.7,3.0,118.0
TOS02000275,2026-10-06T21:30,1.7,2.8,232.0
TOS02000275,2026-10-06T21:45,1.5,2.4,231.0
TOS02000275,2026-10-06T22:00,1.1,2.3,238.0
TOS02000275,2026-10-06T22:15,1.1,2.7,203.0
TOS02000275,2026-10-06T22:30,1.2,2.5,159.0
TOS02000275,2026-10-06T22:45,1.7,3.1,232.0
TOS02000275,2026-10-06T23:00,1.9,3.1,258.0
TOS02000275,2026-10-06T23:15,2.3,4.3,247.0
TOS02000275,2026-10-06T23:30,2.2,3.6,248.0
TOS02000275,2026-10-06T23:45,2.0,3.9,247.0
TOS02000329,2026-10-06T00:00,0.6,1.4,25.0
TOS02000329,2026-10-06T00:15,0.4,0.8,40.0
TOS02000329,2026-10-06T00:30,0.7,1.2,344.0
TOS02000329,2026-10-06T00:45,0.9,1.4,354.0
TOS02000329,2026-10-06T01:00,0.8,1.4,344.0
TOS02000329,2026-10-06T01:15,0.5,1.1,351.0
TOS02000329,2026-10-06T01:30,0.5,1.0,110.0
TOS02000329,2026-10-06T01:45,0.3,0.9,186.0
TOS02000329,2026-10-06T02:00,0.5,0.8,313.0
TOS02000329,2026-10-06T02:15,0.8,1.5,342.0
TOS02000329,2026-10-06T02:30,0.7,1.2,341.0
TOS02000329,2026-10-06T02:45,0.5,1.1,353.0
TOS02000329,2026-10-06T03:00,0.9,1.4,348.0
TOS02000329,2026-10-06T03:15,0.4,1.2,16.0
TOS02000329,2026-10-06T03:30,0.7,1.3,342.0
TOS02000329,2026-10-06T03:45,0.6,0.9,27.0
TOS02000329,2026-10-06T04:00,0.3,0.5,69.0
TOS02000329,2026-10-06T04:15,0.5,0.9,69.0
TOS02000329,2026-10-06T04:30,0.9,1.6,339.0
TOS02000329,2026-10-06T04:45,0.8,1.7,351.0
TOS02000329,2026-10-06T05:00,0.6,1.1,11.0
TOS02000329,2026-10-06T05:15,0.6,1.0,355.0
TOS02000329,2026-10-06T05:30,0.6,1.0,339.0
TOS02000329,2026-10-06T05:45,0.4,0.9,76.0
TOS02000329,2026-10-06T06:00,0.4,1.0,5.0
TOS02000329,2026-10-06T06:15,0.6,0.9,320.0
TOS02000329,2026-10-06T06:30,0.4,1.3,350.0
TOS02000329,2026-10-06T06:45,0.4,0.8,84.0
TOS02000329,2026-10-06T07:00,0.5,0.8,84.0
TOS02000329,2026-10-06T07:15,0.6,1.4,5.0
TOS02000329,2026-10-06T07:30,0.6,1.1,105.0
TOS02000329,2026-10-06T07:45,0.7,1.5,129.0
TOS02000329,2026-10-06T08:00,0.6,1.2,103.0
TOS02000329,2026-10-06T08:15,0.4,1.0,149.0
TOS02000329,2026-10-06T08:30,1.1,2.1,132.0
TOS02000329,2026-10-06T08:45,1.0,2.3,183.0
TOS02000329,2026-10-06T09:00,1.4,3.5,144.0
TOS02000329,2026-10-06T09:15,2.0,4.2,132.0
TOS02000329,2026-10-06T09:30,1.7,4.2,114.0
TOS02000329,2026-10-06T09:45,2.1,4.9,102.0
TOS02000329,2026-10-06T10:00,1.7,3.9,108.0
TOS02000329,2026-10-06T10:15,2.1,4.3,119.0
TOS02000329,2026-10-06T10:30,2.5,4.3,114.0
TOS02000329,2026-10-06T10:45,1.9,4.0,132.0
TOS02000329,2026-10-06T11:00,2.2,4.4,124.0
TOS02000329,2026-10-06T11:15,1.7,3.9,140.0
TOS02000329,2026-10-06T11:30,1.5,3.5,132.0
TOS02000329,2026-10-06T11:45,1.5,3.7,123.0
TOS02000329,2026-10-06T12:00,1.7,4.6,126.0
TOS02000329,2026-10-06T12:15,1.7,4.2,127.0
TOS02000329,2026-10-06T12:30,1.8,5.4,131.0
TOS02000329,2026-10-06T12:45,2.1,4.7,175.0
TOS02000329,2026-10-06T13:00,1.8,3.8,172.0
TOS02000329,2026-10-06T13:15,2.3,5.2,158.0
TOS02000329,2026-10-06T13:30,2.3,5.5,157.0
TOS02000329,2026-10-06T13:45,2.5,5.5,149.0
TOS02000329,2026-10-06T14:00,2.4,4.8,124.0
TOS02000329,2026-10-06T14:15,2.2,4.7,109.0
TOS02000329,2026-10-06T14:30,2.0,3.7,96.0
TOS02000329,2026-10-06T14:45,1.8,3.9,108.0
TOS02000329,2026-10-06T15:00,1.9,4.2,100.0
TOS02000329,2026-10-06T15:15,1.6,4.1,111.0
TOS02000329,2026-10-06T15:30,1.4,2.8,75.0
TOS02000329,2026-10-06T15:45,1.1,2.8,81.0
TOS02000329,2026-10-06T16:00,0.8,2.1,84.0
TOS02000329,2026-10-06T16:15,1.0,2.7,81.0
TOS02000329,2026-10-06T16:30,0.7,1.5,64.0
TOS02000329,2026-10-06T16:45,0.6,1.2,122.0
TOS02000329,2026-10-06T17:00,0.6,1.6,73.0
TOS02000329,2026-10-06T17:15,0.4,0.8,324.0
TOS02000329,2026-10-06T17:30,0.5,0.9,328.0
TOS02000329,2026-10-06T17:45,0.5,1.0,47.0
TOS02000329,2026-10-06T18:00,0.3,0.5,20.0
TOS02000329,2026-10-06T18:15,0.5,1.7,330.0
TOS02000329,2026-10-06T18:30,0.5,1.7,51.0
TOS02000329,2026-10-06T18:45,0.3,0.6,344.0
TOS02000329,2026-10-06T19:00,0.6,1.6,63.0
TOS02000329,2026-10-06T19:15,0.5,0.8,358.0
TOS02000329,2026-10-06T19:30,0.4,1.0,278.0
TOS02000329,2026-10-06T19:45,0.5,0.9,323.0
TOS02000329,2026-10-06T20:00,0.6,1.0,338.0
TOS02000329,2026-10-06T20:15,0.7,1.1,343.0
TOS02000329,2026-10-06T20:30,0.7,1.2,342.0
TOS02000329,2026-10-06T20:45,0.8,1.2,343.0
TOS02000329,2026-10-06T21:00,0.5,1.0,327.0
TOS02000329,2026-10-06T21:15,0.9,1.3,344.0
TOS02000329,2026-10-06T21:30,0.7,1.2,344.0
TOS02000329,2026-10-06T21:45,0.6,1.0,65.0
TOS02000329,2026-10-06T22:00,0.5,0.8,36.0
TOS02000329,2026-10-06T22:15,0.5,0.9,358.0
TOS02000329,2026-10-06T22:30,0.6,1.1,40.0
TOS02000329,2026-10-06T22:45,0.7,1.3,337.0
TOS02000329,2026-10-06T23:00,0.5,0.9,359.0
TOS02000329,2026-10-06T23:15,0.5,1.5,63.0
TOS02000329,2026-10-06T23:30,0.5,1.1,77.0
TOS02000329,2026-10-06T23:45,0.4,0.9,14.0
TOS02000332,2026-10-06T00:00,0.2,0.5,314.0
TOS02000332,2026-10-06T00:15,0.3,0.6,280.0
TOS02000332,2026-10-06T00:30,0.6,1.6,198.0
TOS02000332,2026-10-06T00:45,0.4,1.0,234.0
TOS02000332,2026-10-06T01:00,0.5,1.2,234.0
TOS02000332,2026-10-06T01:15,0.3,0.6,49.0
TOS02000332,2026-10-06T01:30,0.4,0.9,294.0
TOS02000332,2026-10-06T01:45,0.4,0.8,206.0
TOS02000332,2026-10-06T02:00,0.5,1.5,224.0
TOS02000332,2026-10-06T02:15,0.3,0.7,203.0
TOS02000332,2026-10-06T02:30,0.4,1.4,274.0
TOS02000332,2026-10-06T02:45,0.4,0.8,230.0
TOS02000332,2026-10-06T03:00,0.4,1.2,213.0
TOS02000332,2026-10-06T03:15,0.6,1.3,215.0
TOS02000332,2026-10-06T03:30,0.3,0.8,344.0
TOS02000332,2026-10-06T03:45,0.3,0.7,254.0
TOS02000332,2026-10-06T04:00,0.4,1.4,165.0
TOS02000332,2026-10-06T04:15,0.8,1.6,220.0
TOS02000332,2026-10-06T04:30,0.8,1.5,196.0
TOS02000332,2026-10-06T04:45,0.4,0.9,233.0
TOS02000332,2026-10-06T05:00,0.5,1.7,277.0
TOS02000332,2026-10-06T05:15,0.3,0.8,266.0
TOS02000332,2026-10-06T05:30,0.5,1.1,210.0
TOS02000332,2026-10-06T05:45,0.4,0.9,298.0
TOS02000332,2026-10-06T06:00,0.3,0.8,326.0
TOS02000332,2026-10-06T06:15,0.4,0.7,59.0
TOS02000332,2026-10-06T06:30,0.3,0.6,205.0
TOS02000332,2026-10-06T06:45,0.4,1.0,258.0
TOS02000332,2026-10-06T07:00,0.3,0.9,260.0
TOS02000332,2026-10-06T07:15,0.3,0.7,174.0
TOS02000332,2026-10-06T07:30,0.2,0.5,99.0
TOS02000332,2026-10-06T07:45,0.3,0.6,53.0
TOS02000332,2026-10-06T08:00,0.4,0.8,156.0
TOS02000332,2026-10-06T08:15,0.4,1.0,155.0
TOS02000332,2026-10-06T08:30,0.2,0.4,69.0
TOS02000332,2026-10-06T08:45,0.3,0.7,105.0
TOS02000332,2026-10-06T09:00,0.3,0.5,55.0
TOS02000332,2026-10-06T09:15,0.4,1.1,108.0
TOS02000332,2026-10-06T09:30,0.5,1.3,116.0
TOS02000332,2026-10-06T09:45,0.5,1.1,149.0
TOS02000332,2026-10-06T10:00,0.6,1.5,150.0
TOS02000332,2026-10-06T10:15,0.6,1.1,113.0
TOS02000332,2026-10-06T10:30,0.6,1.5,140.0
TOS02000332,2026-10-06T10:45,0.8,1.7,153.0
TOS02000332,2026-10-06T11:00,0.8,1.8,158.0
TOS02000332,2026-10-06T11:15,0.8,1.4,129.0
TOS02000332,2026-10-06T11:30,1.1,2.3,118.0
TOS02000332,2026-10-06T11:45,0.8,1.6,113.0
TOS02000332,2026-10-06T12:00,0.9,1.7,157.0
TOS02000332,2026-10-06T12:15,0.8,1.6,133.0
TOS02000332,2026-10-06T12:30,1.5,5.1,209.0
TOS02000332,2026-10-06T12:45,1.5,5.0,239.0
TOS02000332,2026-10-06T13:00,1.1,3.6,287.0
TOS02000332,2026-10-06T13:15,1.0,3.6,249.0
TOS02000332,2026-10-06T13:30,1.3,3.5,287.0
TOS02000332,2026-10-06T13:45,1.2,3.3,306.0
TOS02000332,2026-10-06T14:00,1.2,2.7,304.0
TOS02000332,2026-10-06T14:15,1.8,4.3,17.0
TOS02000332,2026-10-06T14:30,1.3,3.4,313.0
TOS02000332,2026-10-06T14:45,1.9,4.7,319.0
TOS02000332,2026-10-06T15:00,1.4,3.3,321.0
TOS02000332,2026-10-06T15:15,1.2,3.4,278.0
TOS02000332,2026-10-06T15:30,1.1,3.3,305.0
TOS02000332,2026-10-06T15:45,0.8,2.2,332.0
TOS02000332,2026-10-06T16:00,1.1,3.7,91.0
TOS02000332,2026-10-06T16:15,0.9,2.1,100.0
TOS02000332,2026-10-06T16:30,0.7,2.1,280.0
TOS02000332,2026-10-06T16:45,0.4,0.9,334.0
TOS02000332,2026-10-06T17:00,0.4,0.7,107.0
TOS02000332,2026-10-06T17:15,0.8,1.7,176.0
TOS02000332,2026-10-06T17:30,0.6,1.1,187.0
TOS02000332,2026-10-06T17:45,0.7,1.4,188.0
TOS02000332,2026-10-06T18:00,1.0,1.9,194.0
TOS02000332,2026-10-06T18:15,0.8,1.8,190.0
TOS02000332,2026-10-06T18:30,0.7,1.8,217.0
TOS02000332,2026-10-06T18:45,0.9,1.8,192.0
TOS02000332,2026-10-06T19:00,0.6,1.6,195.0
TOS02000332,2026-10-06T19:15,0.7,1.9,203.0
TOS02000332,2026-10-06T19:30,0.6,1.6,217.0
TOS02000332,2026-10-06T19:45,0.7,1.9,207.0
TOS02000332,2026-10-06T20:00,0.9,1.9,184.0
TOS02000332,2026-10-06T20:15,0.7,1.6,210.0
TOS02000332,2026-10-06T20:30,0.9,1.6,201.0
TOS02000332,2026-10-06T20:45,0.9,1.6,201.0
TOS02000332,2026-10-06T21:00,0.8,1.5,210.0
TOS02000332,2026-10-06T21:15,1.0,1.7,211.0
TOS02000332,2026-10-06T21:30,0.9,1.8,196.0
TOS02000332,2026-10-06T21:45,0.7,1.9,216.0
TOS02000332,2026-10-06T22:00,0.6,1.2,239.0
TOS02000332,2026-10-06T22:15,0.7,2.1,211.0
TOS02000332,2026-10-06T22:30,0.5,1.0,244.0
TOS02000332,2026-10-06T22:45,0.7,1.7,187.0
TOS02000332,2026-10-06T23:00,0.4,1.2,252.0
TOS02000332,2026-10-06T23:15,0.5,1.6,196.0
TOS02000332,2026-10-06T23:30,0.6,1.2,208.0
TOS02000332,2026-10-06T23:45,0.6,1.1,273.0
TOS02000372,2026-10-06T00:00,2.0,3.0,139.0
TOS02000372,2026-10-06T00:15,1.3,2.3,149.0
TOS02000372,2026-10-06T00:30,1.4,2.3,153.0
TOS02000372,2026-10-06T00:45,1.8,3.4,140.0
TOS02000372,2026-10-06T01:00,1.1,1.9,147.0
TOS02000372,2026-10-06T01:15,1.4,2.4,136.0
TOS02000372,2026-10-06T01:30,1.0,1.3,117.0
TOS02000372,2026-10-06T01:45,0.9,1.1,71.0
TOS02000372,2026-10-06T02:00,0.9,1.1,20.0
TOS02000372,2026-10-06T02:15,0.7,1.0,18.0
TOS02000372,2026-10-06T02:30,0.8,1.0,62.0
TOS02000372,2026-10-06T02:45,0.8,1.0,54.0
TOS02000372,2026-10-06T03:00,1.0,1.7,347.0
TOS02000372,2026-10-06T03:15,1.0,2.3,326.0
TOS02000372,2026-10-06T03:30,2.1,2.8,340.0
TOS02000372,2026-10-06T03:45,0.8,2.4,324.0
TOS02000372,2026-10-06T04:00,1.5,2.8,326.0
TOS02000372,2026-10-06T04:15,2.1,2.8,347.0
TOS02000372,2026-10-06T04:30,1.5,2.6,345.0
TOS02000372,2026-10-06T04:45,1.9,3.0,5.0
TOS02000372,2026-10-06T05:00,0.9,1.8,347.0
TOS02000372,2026-10-06T05:15,1.7,2.4,56.0
TOS02000372,2026-10-06T05:30,1.6,2.4,28.0
TOS02000372,2026-10-06T05:45,1.1,2.3,342.0
TOS02000372,2026-10-06T06:00,1.1,2.0,329.0
TOS02000372,2026-10-06T06:15,0.5,1.6,329.0
TOS02000372,2026-10-06T06:30,0.4,1.0,354.0
TOS02000372,2026-10-06T06:45,1.1,2.1,76.0
TOS02000372,2026-10-06T07:00,1.0,1.8,354.0
TOS02000372,2026-10-06T07:15,1.0,2.2,316.0
TOS02000372,2026-10-06T07:30,1.3,3.0,318.0
TOS02000372,2026-10-06T07:45,1.7,4.5,331.0
TOS02000372,2026-10-06T08:00,1.7,3.9,325.0
TOS02000372,2026-10-06T08:15,1.1,3.0,322.0
TOS02000372,2026-10-06T08:30,1.4,3.4,330.0
TOS02000372,2026-10-06T08:45,1.5,4.0,338.0
TOS02000372,2026-10-06T09:00,1.3,3.3,335.0
TOS02000372,2026-10-06T09:15,1.2,2.7,355.0
TOS02000372,2026-10-06T09:30,1.5,3.3,351.0
TOS02000372,2026-10-06T09:45,1.3,3.6,340.0
TOS02000372,2026-10-06T10:00,1.6,3.0,339.0
TOS02000372,2026-10-06T10:15,2.2,3.9,2.0
TOS02000372,2026-10-06T10:30,1.8,3.9,335.0
TOS02000372,2026-10-06T10:45,1.1,3.1,342.0
TOS02000372,2026-10-06T11:00,1.0,2.7,307.0
TOS02000372,2026-10-06T11:15,0.9,2.1,323.0
TOS02000372,2026-10-06T11:30,1.2,3.0,312.0
TOS02000372,2026-10-06T11:45,1.1,2.6,298.0
TOS02000372,2026-10-06T12:00,1.6,3.5,312.0
TOS02000372,2026-10-06T12:15,1.0,2.3,312.0
TOS02000372,2026-10-06T12:30,1.2,2.8,317.0
TOS02000372,2026-10-06T12:45,0.9,2.7,347.0
TOS02000372,2026-10-06T13:00,0.9,3.5,333.0
TOS02000372,2026-10-06T13:15,1.6,3.5,332.0
TOS02000372,2026-10-06T13:30,1.7,5.1,331.0
TOS02000372,2026-10-06T13:45,2.1,3.6,341.0
TOS02000372,2026-10-06T14:00,1.5,2.8,323.0
TOS02000372,2026-10-06T14:15,1.0,2.6,342.0
TOS02000372,2026-10-06T14:30,1.3,2.0,37.0
TOS02000372,2026-10-06T14:45,1.3,2.3,350.0
TOS02000372,2026-10-06T15:00,1.0,2.6,319.0
TOS02000372,2026-10-06T15:15,1.1,2.4,323.0
TOS02000372,2026-10-06T15:30,1.3,3.1,310.0
TOS02000372,2026-10-06T15:45,1.8,3.3,354.0
TOS02000372,2026-10-06T16:00,1.3,2.2,350.0
TOS02000372,2026-10-06T16:15,1.2,1.9,310.0
TOS02000372,2026-10-06T16:30,1.8,3.0,309.0
TOS02000372,2026-10-06T16:45,1.8,2.6,309.0
TOS02000372,2026-10-06T17:00,0.8,1.9,345.0
TOS02000372,2026-10-06T17:15,1.2,1.6,328.0
TOS02000372,2026-10-06T17:30,1.2,1.4,14.0
TOS02000372,2026-10-06T17:45,1.1,2.0,22.0
TOS02000372,2026-10-06T18:00,1.2,1.6,346.0
TOS02000372,2026-10-06T18:15,0.8,1.2,121.0
TOS02000372,2026-10-06T18:30,0.5,1.0,153.0
TOS02000372,2026-10-06T18:45,0.7,1.2,170.0
TOS02000372,2026-10-06T19:00,1.2,1.8,135.0
TOS02000372,2026-10-06T19:15,1.7,2.6,82.0
TOS02000372,2026-10-06T19:30,1.5,2.2,132.0
TOS02000372,2026-10-06T19:45,2.3,3.6,134.0
TOS02000372,2026-10-06T20:00,2.8,3.8,124.0
TOS02000372,2026-10-06T20:15,2.0,3.2,140.0
TOS02000372,2026-10-06T20:30,3.1,4.4,134.0
TOS02000372,2026-10-06T20:45,3.2,4.6,133.0
TOS02000372,2026-10-06T21:00,3.5,4.5,119.0
TOS02000372,2026-10-06T21:15,3.3,4.3,118.0
TOS02000372,2026-10-06T21:30,3.4,4.7,126.0
TOS02000372,2026-10-06T21:45,3.4,4.4,131.0
TOS02000372,2026-10-06T22:00,3.4,4.9,135.0
TOS02000372,2026-10-06T22:15,2.6,4.6,147.0
TOS02000372,2026-10-06T22:30,2.3,3.4,152.0
TOS02000372,2026-10-06T22:45,2.3,3.5,151.0
TOS02000372,2026-10-06T23:00,2.3,3.1,150.0
TOS02000372,2026-10-06T23:15,1.3,2.6,159.0
TOS02000372,2026-10-06T23:30,0.9,4.1,161.0
TOS02000372,2026-10-06T23:45,0.9,2.9,159.0
TOS02004059,2026-10-06T00:00,2.0,2.6,49.0
TOS02004059,2026-10-06T00:15,2.1,2.8,48.0
TOS02004059,2026-10-06T00:30,1.6,2.4,53.0
TOS02004059,2026-10-06T00:45,1.4,2.5,66.0
TOS02004059,2026-10-06T01:00,1.5,2.5,56.0
TOS02004059,2026-10-06T01:15,2.2,3.1,50.0
TOS02004059,2026-10-06T01:30,2.1,3.1,49.0
TOS02004059,2026-10-06T01:45,2.2,3.6,49.0
TOS02004059,2026-10-06T02:00,2.2,3.3,46.0
TOS02004059,2026-10-06T02:15,1.5,2.5,56.0
TOS02004059,2026-10-06T02:30,2.0,2.8,52.0
TOS02004059,2026-10-06T02:45,2.1,3.3,52.0
TOS02004059,2026-10-06T03:00,1.9,2.6,50.0
TOS02004059,2026-10-06T03:15,1.8,2.9,53.0
TOS02004059,2026-10-06T03:30,1.9,3.3,54.0
TOS02004059,2026-10-06T03:45,2.3,3.2,48.0
TOS02004059,2026-10-06T04:00,2.4,3.2,46.0
TOS02004059,2026-10-06T04:15,2.0,2.9,49.0
TOS02004059,2026-10-06T04:30,1.8,2.8,52.0
TOS02004059,2026-10-06T04:45,1.7,2.4,58.0
TOS02004059,2026-10-06T05:00,1.8,2.9,55.0
TOS02004059,2026-10-06T05:15,2.0,3.0,51.0
TOS02004059,2026-10-06T05:30,1.4,2.4,58.0
TOS02004059,2026-10-06T05:45,1.4,2.3,59.0
TOS02004059,2026-10-06T06:00,1.9,3.1,50.0
TOS02004059,2026-10-06T06:15,2.0,2.9,50.0
TOS02004059,2026-10-06T06:30,2.1,2.7,42.0
TOS02004059,2026-10-06T06:45,1.7,2.5,52.0
TOS02004059,2026-10-06T07:00,1.8,2.8,46.0
TOS02004059,2026-10-06T07:15,1.6,2.4,53.0
TOS02004059,2026-10-06T07:30,1.8,2.4,44.0
TOS02004059,2026-10-06T07:45,1.5,2.1,51.0
TOS02004059,2026-10-06T08:00,1.5,2.3,53.0
TOS02004059,2026-10-06T08:15,1.9,2.8,47.0
TOS02004059,2026-10-06T08:30,2.1,2.8,48.0
TOS02004059,2026-10-06T08:45,1.5,2.7,64.0
TOS02004059,2026-10-06T09:00,0.9,1.5,85.0
TOS02004059,2026-10-06T09:15,0.7,1.2,87.0
TOS02004059,2026-10-06T09:30,0.4,0.9,170.0
TOS02004059,2026-10-06T09:45,1.2,2.3,197.0
TOS02004059,2026-10-06T10:00,1.2,1.9,199.0
TOS02004059,2026-10-06T10:15,1.0,2.1,203.0
TOS02004059,2026-10-06T10:30,0.9,2.6,233.0
TOS02004059,2026-10-06T10:45,0.8,2.1,219.0
TOS02004059,2026-10-06T11:00,1.0,2.6,289.0
TOS02004059,2026-10-06T11:15,1.1,2.3,168.0
TOS02004059,2026-10-06T11:30,0.6,1.2,91.0
TOS02004059,2026-10-06T11:45,1.2,2.5,232.0
TOS02004059,2026-10-06T12:00,1.7,5.2,214.0
TOS02004059,2026-10-06T12:15,0.9,2.2,179.0
TOS02004059,2026-10-06T12:30,2.0,4.1,204.0
TOS02004059,2026-10-06T12:45,2.1,4.5,205.0
TOS02004059,2026-10-06T13:00,2.6,4.9,214.0
TOS02004059,2026-10-06T13:15,2.0,3.7,219.0
TOS02004059,2026-10-06T13:30,2.1,4.7,215.0
TOS02004059,2026-10-06T13:45,2.1,4.2,224.0
TOS02004059,2026-10-06T14:00,2.1,4.2,222.0
TOS02004059,2026-10-06T14:15,2.1,4.1,212.0
TOS02004059,2026-10-06T14:30,2.7,4.2,218.0
TOS02004059,2026-10-06T14:45,2.6,4.2,212.0
TOS02004059,2026-10-06T15:00,2.9,4.7,201.0
TOS02004059,2026-10-06T15:15,2.4,3.6,211.0
TOS02004059,2026-10-06T15:30,2.0,3.3,214.0
TOS02004059,2026-10-06T15:45,2.2,4.0,218.0
TOS02004059,2026-10-06T16:00,1.9,4.7,212.0
TOS02004059,2026-10-06T16:15,2.3,4.5,207.0
TOS02004059,2026-10-06T16:30,2.1,3.7,212.0
TOS02004059,2026-10-06T16:45,1.8,3.2,207.0
TOS02004059,2026-10-06T17:00,1.6,2.3,204.0
TOS02004059,2026-10-06T17:15,1.4,2.4,196.0
TOS02004059,2026-10-06T17:30,1.0,1.6,202.0
TOS02004059,2026-10-06T17:45,0.2,0.6,147.0
TOS02004059,2026-10-06T18:00,0.2,0.4,157.0
TOS02004059,2026-10-06T18:15,0.7,1.1,75.0
TOS02004059,2026-10-06T18:30,0.7,1.1,61.0
TOS02004059,2026-10-06T18:45,0.8,1.3,57.0
TOS02004059,2026-10-06T19:00,0.9,1.2,60.0
TOS02004059,2026-10-06T19:15,1.0,1.5,75.0
TOS02004059,2026-10-06T19:30,1.3,1.7,54.0
TOS02004059,2026-10-06T19:45,1.1,1.8,59.0
TOS02004059,2026-10-06T20:00,1.4,2.9,54.0
TOS02004059,2026-10-06T20:15,1.3,2.2,54.0
TOS02004059,2026-10-06T20:30,1.5,2.7,61.0
TOS02004059,2026-10-06T20:45,1.7,2.5,48.0
TOS02004059,2026-10-06T21:00,1.1,1.5,68.0
TOS02004059,2026-10-06T21:15,1.2,1.9,60.0
TOS02004059,2026-10-06T21:30,1.6,2.4,59.0
TOS02004059,2026-10-06T21:45,2.0,2.8,47.0
TOS02004059,2026-10-06T22:00,1.7,2.8,52.0
TOS02004059,2026-10-06T22:15,2.0,2.8,53.0
TOS02004059,2026-10-06T22:30,1.7,2.3,55.0
TOS02004059,2026-10-06T22:45,2.1,2.7,45.0
TOS02004059,2026-10-06T23:00,2.0,2.9,46.0
TOS02004059,2026-10-06T23:15,2.4,3.4,46.0
TOS02004059,2026-10-06T23:30,1.9,2.6,54.0
TOS02004059,2026-10-06T23:45,2.3,3.3,49.0
TOS02004081,2026-10-06T00:00,0.7,1.0,158.0
TOS02004081,2026-10-06T00:15,0.6,1.0,171.0
TOS02004081,2026-10-06T00:30,0.5,1.0,157.0
TOS02004081,2026-10-06T00:45,0.9,2.0,167.0
TOS02004081,2026-10-06T01:00,1.3,2.3,151.0
TOS02004081,2026-10-06T01:15,0.4,1.2,212.0
TOS02004081,2026-10-06T01:30,0.3,0.7,218.0
TOS02004081,2026-10-06T01:45,0.5,1.0,165.0
TOS02004081,2026-10-06T02:00,0.7,1.3,164.0
TOS02004081,2026-10-06T02:15,0.8,1.1,154.0
TOS02004081,2026-10-06T02:30,0.5,1.0,157.0
TOS02004081,2026-10-06T02:45,0.5,1.0,166.0
TOS02004081,2026-10-06T03:00,0.4,1.2,193.0
TOS02004081,2026-10-06T03:15,0.5,1.0,229.0
TOS02004081,2026-10-06T03:30,1.1,1.9,167.0
TOS02004081,2026-10-06T03:45,0.8,2.0,171.0
TOS02004081,2026-10-06T04:00,0.6,1.1,180.0
TOS02004081,2026-10-06T04:15,1.0,2.6,170.0
TOS02004081,2026-10-06T04:30,1.7,2.7,153.0
TOS02004081,2026-10-06T04:45,0.7,2.4,164.0
TOS02004081,2026-10-06T05:00,0.6,0.9,165.0
TOS02004081,2026-10-06T05:15,0.5,1.0,211.0
TOS02004081,2026-10-06T05:30,0.5,1.6,187.0
TOS02004081,2026-10-06T05:45,0.3,0.8,228.0
TOS02004081,2026-10-06T06:00,0.8,2.4,357.0
TOS02004081,2026-10-06T06:15,1.4,2.2,32.0
TOS02004081,2026-10-06T06:30,2.2,4.1,147.0
TOS02004081,2026-10-06T06:45,2.1,3.0,153.0
TOS02004081,2026-10-06T07:00,1.5,2.5,156.0
TOS02004081,2026-10-06T07:15,1.1,2.0,135.0
TOS02004081,2026-10-06T07:30,0.6,1.7,226.0
TOS02004081,2026-10-06T07:45,0.6,1.2,284.0
TOS02004081,2026-10-06T08:00,0.7,2.1,111.0
TOS02004081,2026-10-06T08:15,1.6,3.0,107.0
TOS02004081,2026-10-06T08:30,1.8,3.7,72.0
TOS02004081,2026-10-06T08:45,2.4,4.3,98.0
TOS02004081,2026-10-06T09:00,3.1,4.4,104.0
TOS02004081,2026-10-06T09:15,3.9,5.3,110.0
TOS02004081,2026-10-06T09:30,2.6,4.7,119.0
TOS02004081,2026-10-06T09:45,3.1,4.7,90.0
TOS02004081,2026-10-06T10:00,2.8,4.4,90.0
TOS02004081,2026-10-06T10:15,2.8,4.4,96.0
TOS02004081,2026-10-06T10:30,2.4,4.2,92.0
TOS02004081,2026-10-06T10:45,3.1,4.4,101.0
TOS02004081,2026-10-06T11:00,3.9,5.5,104.0
TOS02004081,2026-10-06T11:15,3.3,4.1,111.0
TOS02004081,2026-10-06T11:30,2.0,2.9,91.0
TOS02004081,2026-10-06T11:45,1.2,2.6,73.0
TOS02004081,2026-10-06T12:00,1.5,4.3,70.0
TOS02004081,2026-10-06T12:15,1.4,2.8,73.0
TOS02004081,2026-10-06T12:30,1.7,4.3,72.0
TOS02004081,2026-10-06T12:45,2.1,3.8,63.0
TOS02004081,2026-10-06T13:00,1.9,4.8,101.0
TOS02004081,2026-10-06T13:15,1.3,2.3,91.0
TOS02004081,2026-10-06T13:30,1.3,2.8,70.0
TOS02004081,2026-10-06T13:45,1.0,1.8,45.0
TOS02004081,2026-10-06T14:00,0.5,1.4,40.0
TOS02004081,2026-10-06T14:15,2.2,3.7,333.0
TOS02004081,2026-10-06T14:30,1.9,3.3,323.0
TOS02004081,2026-10-06T14:45,1.2,2.8,328.0
TOS02004081,2026-10-06T15:00,1.4,3.3,315.0
TOS02004081,2026-10-06T15:15,1.2,3.5,319.0
TOS02004081,2026-10-06T15:30,1.4,3.1,317.0
TOS02004081,2026-10-06T15:45,1.0,3.1,334.0
TOS02004081,2026-10-06T16:00,1.4,3.1,320.0
TOS02004081,2026-10-06T16:15,1.6,3.4,319.0
TOS02004081,2026-10-06T16:30,1.4,2.9,316.0
TOS02004081,2026-10-06T16:45,1.1,3.2,313.0
TOS02004081,2026-10-06T17:00,0.7,1.7,304.0
TOS02004081,2026-10-06T17:15,0.7,1.7,315.0
TOS02004081,2026-10-06T17:30,0.3,0.8,224.0
TOS02004081,2026-10-06T17:45,0.5,1.3,280.0
TOS02004081,2026-10-06T18:00,0.5,0.8,232.0
TOS02004081,2026-10-06T18:15,0.5,0.7,247.0
TOS02004081,2026-10-06T18:30,0.7,1.0,235.0
TOS02004081,2026-10-06T18:45,0.5,0.9,254.0
TOS02004081,2026-10-06T19:00,0.6,0.9,252.0
TOS02004081,2026-10-06T19:15,0.7,1.8,160.0
TOS02004081,2026-10-06T19:30,0.7,1.5,172.0
TOS02004081,2026-10-06T19:45,0.2,0.6,174.0
TOS02004081,2026-10-06T20:00,0.8,1.8,43.0
TOS02004081,2026-10-06T20:15,0.6,1.1,105.0
TOS02004081,2026-10-06T20:30,0.8,1.5,13.0
TOS02004081,2026-10-06T20:45,0.3,0.5,252.0
TOS02004081,2026-10-06T21:00,0.5,1.1,297.0
TOS02004081,2026-10-06T21:15,0.8,1.5,313.0
TOS02004081,2026-10-06T21:30,0.3,1.1,289.0
TOS02004081,2026-10-06T21:45,0.4,0.7,291.0
TOS02004081,2026-10-06T22:00,0.6,1.1,289.0
TOS02004081,2026-10-06T22:15,0.3,0.7,307.0
TOS02004081,2026-10-06T22:30,0.3,0.7,278.0
TOS02004081,2026-10-06T22:45,0.5,1.1,318.0
TOS02004081,2026-10-06T23:00,0.7,1.1,352.0
TOS02004081,2026-10-06T23:15,0.4,0.8,328.0
TOS02004081,2026-10-06T23:30,0.3,0.8,342.0
TOS02004081,2026-10-06T23:45,0.4,0.8,196.0
TOS02004311,2026-10-06T00:00,2.1,2.6,55.0
TOS02004311,2026-10-06T00:15,2.1,2.8,52.0
TOS02004311,2026-10-06T00:30,1.7,2.5,35.0
TOS02004311,2026-10-06T00:45,1.8,2.3,45.0
TOS02004311,2026-10-06T01:00,1.7,2.5,49.0
TOS02004311,2026-10-06T01:15,1.6,2.4,42.0
TOS02004311,2026-10-06T01:30,2.2,2.8,39.0
TOS02004311,2026-10-06T01:45,2.4,3.2,43.0
TOS02004311,2026-10-06T02:00,2.2,3.0,48.0
TOS02004311,2026-10-06T02:15,2.0,3.1,33.0
TOS02004311,2026-10-06T02:30,1.9,3.5,25.0
TOS02004311,2026-10-06T02:45,1.6,3.1,24.0
TOS02004311,2026-10-06T03:00,1.4,2.9,20.0
TOS02004311,2026-10-06T03:15,1.7,3.2,12.0
TOS02004311,2026-10-06T03:30,2.2,3.4,32.0
TOS02004311,2026-10-06T03:45,1.5,3.1,25.0
TOS02004311,2026-10-06T04:00,1.4,2.4,4.0
TOS02004311,2026-10-06T04:15,1.6,2.8,17.0
TOS02004311,2026-10-06T04:30,1.4,2.9,17.0
TOS02004311,2026-10-06T04:45,1.5,2.7,6.0
TOS02004311,2026-10-06T05:00,1.9,3.2,16.0
TOS02004311,2026-10-06T05:15,1.6,2.5,13.0
TOS02004311,2026-10-06T05:30,2.3,3.5,34.0
TOS02004311,2026-10-06T05:45,2.3,3.7,31.0
TOS02004311,2026-10-06T06:00,1.6,2.9,17.0
TOS02004311,2026-10-06T06:15,1.7,2.9,17.0
TOS02004311,2026-10-06T06:30,2.5,3.4,48.0
TOS02004311,2026-10-06T06:45,1.7,2.9,22.0
TOS02004311,2026-10-06T07:00,1.5,2.7,27.0
TOS02004311,2026-10-06T07:15,2.4,3.3,38.0
TOS02004311,2026-10-06T07:30,2.5,3.7,42.0
TOS02004311,2026-10-06T07:45,1.8,3.1,23.0
TOS02004311,2026-10-06T08:00,2.1,3.2,37.0
TOS02004311,2026-10-06T08:15,2.0,3.2,33.0
TOS02004311,2026-10-06T08:30,2.4,4.0,31.0
TOS02004311,2026-10-06T08:45,3.0,4.5,31.0
TOS02004311,2026-10-06T09:00,2.7,4.9,25.0
TOS02004311,2026-10-06T09:15,2.1,4.5,20.0
TOS02004311,2026-10-06T09:30,2.2,4.9,16.0
TOS02004311,2026-10-06T09:45,2.2,4.0,5.0
TOS02004311,2026-10-06T10:00,1.9,4.2,5.0
TOS02004311,2026-10-06T10:15,2.1,4.5,4.0
TOS02004311,2026-10-06T10:30,2.3,4.6,8.0
TOS02004311,2026-10-06T10:45,2.4,5.1,6.0
TOS02004311,2026-10-06T11:00,2.4,5.6,7.0
TOS02004311,2026-10-06T11:15,2.4,5.1,6.0
TOS02004311,2026-10-06T11:30,2.5,4.6,13.0
TOS02004311,2026-10-06T11:45,2.3,4.5,14.0
TOS02004311,2026-10-06T12:00,2.2,4.1,21.0
TOS02004311,2026-10-06T12:15,2.2,4.4,9.0
TOS02004311,2026-10-06T12:30,1.9,4.1,355.0
TOS02004311,2026-10-06T12:45,2.1,5.8,7.0
TOS02004311,2026-10-06T13:00,2.5,5.1,11.0
TOS02004311,2026-10-06T13:15,2.4,6.2,15.0
TOS02004311,2026-10-06T13:30,2.5,5.7,19.0
TOS02004311,2026-10-06T13:45,2.9,5.4,7.0
TOS02004311,2026-10-06T14:00,2.4,4.6,14.0
TOS02004311,2026-10-06T14:15,2.5,4.7,7.0
TOS02004311,2026-10-06T14:30,3.0,6.7,18.0
TOS02004311,2026-10-06T14:45,2.3,5.3,20.0
TOS02004311,2026-10-06T15:00,2.2,5.7,205.0
TOS02004311,2026-10-06T15:15,2.1,4.7,321.0
TOS02004311,2026-10-06T15:30,1.8,4.4,295.0
TOS02004311,2026-10-06T15:45,1.4,3.1,300.0
TOS02004311,2026-10-06T16:00,1.8,3.7,316.0
TOS02004311,2026-10-06T16:15,2.0,3.7,328.0
TOS02004311,2026-10-06T16:30,2.1,4.7,329.0
TOS02004311,2026-10-06T16:45,2.0,4.3,312.0
TOS02004311,2026-10-06T17:00,1.4,4.1,284.0
TOS02004311,2026-10-06T17:15,1.0,3.8,291.0
TOS02004311,2026-10-06T17:30,1.6,2.4,202.0
TOS02004311,2026-10-06T17:45,1.5,2.5,189.0
TOS02004311,2026-10-06T18:00,1.0,1.5,184.0
TOS02004311,2026-10-06T18:15,1.2,1.8,200.0
TOS02004311,2026-10-06T18:30,1.0,1.4,197.0
TOS02004311,2026-10-06T18:45,1.0,1.4,172.0
TOS02004311,2026-10-06T19:00,1.2,2.0,188.0
TOS02004311,2026-10-06T19:15,1.3,2.0,171.0
TOS02004311,2026-10-06T19:30,0.7,1.2,178.0
TOS02004311,2026-10-06T19:45,0.7,1.3,38.0
TOS02004311,2026-10-06T20:00,1.0,2.0,34.0
TOS02004311,2026-10-06T20:15,1.5,2.2,45.0
TOS02004311,2026-10-06T20:30,1.1,1.7,47.0
TOS02004311,2026-10-06T20:45,0.9,1.5,34.0
TOS02004311,2026-10-06T21:00,1.5,2.0,43.0
TOS02004311,2026-10-06T21:15,1.8,3.0,42.0
TOS02004311,2026-10-06T21:30,1.5,2.2,30.0
TOS02004311,2026-10-06T21:45,1.9,2.6,47.0
TOS02004311,2026-10-06T22:00,2.1,2.8,52.0
TOS02004311,2026-10-06T22:15,1.9,2.5,48.0
TOS02004311,2026-10-06T22:30,1.9,2.6,45.0
TOS02004311,2026-10-06T22:45,1.7,2.5,47.0
TOS02004311,2026-10-06T23:00,1.9,2.7,42.0
TOS02004311,2026-10-06T23:15,1.8,2.4,44.0
TOS02004311,2026-10-06T23:30,2.0,2.7,50.0
TOS02004311,2026-10-06T23:45,1.5,2.6,43.0
TOS03000091,2026-10-06T00:00,0.4,0.6,216.0
TOS03000091,2026-10-06T00:15,0.3,0.5,273.0
TOS03000091,2026-10-06T00:30,0.4,0.9,264.0
TOS03000091,2026-10-06T00:45,0.4,0.6,222.0
TOS03000091,2026-10-06T01:00,0.3,0.5,299.0
TOS03000091,2026-10-06T01:15,0.2,0.3,269.0
TOS03000091,2026-10-06T01:30,0.3,0.6,195.0
TOS03000091,2026-10-06T01:45,0.2,0.6,124.0
TOS03000091,2026-10-06T02:00,0.3,0.7,344.0
TOS03000091,2026-10-06T02:15,0.4,0.7,205.0
TOS03000091,2026-10-06T02:30,0.6,0.9,251.0
TOS03000091,2026-10-06T02:45,0.4,0.7,272.0
TOS03000091,2026-10-06T03:00,0.3,0.7,133.0
TOS03000091,2026-10-06T03:15,0.3,0.7,331.0
TOS03000091,2026-10-06T03:30,0.3,0.7,350.0
TOS03000091,2026-10-06T03:45,0.4,0.7,223.0
TOS03000091,2026-10-06T04:00,0.5,1.1,180.0
TOS03000091,2026-10-06T04:15,0.3,0.7,46.0
TOS03000091,2026-10-06T04:30,0.4,0.6,268.0
TOS03000091,2026-10-06T04:45,0.5,0.8,265.0
TOS03000091,2026-10-06T05:00,0.6,1.0,302.0
TOS03000091,2026-10-06T05:15,0.4,0.9,317.0
TOS03000091,2026-10-06T05:30,0.7,1.1,20.0
TOS03000091,2026-10-06T05:45,0.2,0.7,329.0
TOS03000091,2026-10-06T06:00,0.3,1.0,159.0
TOS03000091,2026-10-06T06:15,0.6,1.1,221.0
TOS03000091,2026-10-06T06:30,0.4,1.1,285.0
TOS03000091,2026-10-06T06:45,0.3,0.9,237.0
TOS03000091,2026-10-06T07:00,0.6,1.0,94.0
TOS03000091,2026-10-06T07:15,0.8,1.5,163.0
TOS03000091,2026-10-06T07:30,0.6,1.3,184.0
TOS03000091,2026-10-06T07:45,0.4,1.0,184.0
TOS03000091,2026-10-06T08:00,0.4,0.9,103.0
TOS03000091,2026-10-06T08:15,0.3,0.6,316.0
TOS03000091,2026-10-06T08:30,0.5,0.8,309.0
TOS03000091,2026-10-06T08:45,0.6,1.1,245.0
TOS03000091,2026-10-06T09:00,0.7,1.8,184.0
TOS03000091,2026-10-06T09:15,0.8,1.8,138.0
TOS03000091,2026-10-06T09:30,0.7,2.0,167.0
TOS03000091,2026-10-06T09:45,0.9,1.8,187.0
TOS03000091,2026-10-06T10:00,1.2,2.5,202.0
TOS03000091,2026-10-06T10:15,1.5,2.6,220.0
TOS03000091,2026-10-06T10:30,0.8,1.8,204.0
TOS03000091,2026-10-06T10:45,1.4,3.3,248.0
TOS03000091,2026-10-06T11:00,1.2,2.9,252.0
TOS03000091,2026-10-06T11:15,1.8,2.9,292.0
TOS03000091,2026-10-06T11:30,1.5,3.2,294.0
TOS03000091,2026-10-06T11:45,2.0,3.7,292.0
TOS03000091,2026-10-06T12:00,2.1,3.9,296.0
TOS03000091,2026-10-06T12:15,2.1,3.6,297.0
TOS03000091,2026-10-06T12:30,2.1,3.8,281.0
TOS03000091,2026-10-06T12:45,2.3,3.7,266.0
TOS03000091,2026-10-06T13:00,2.6,3.9,256.0
TOS03000091,2026-10-06T13:15,2.4,4.2,273.0
TOS03000091,2026-10-06T13:30,2.4,4.3,269.0
TOS03000091,2026-10-06T13:45,2.4,4.9,282.0
TOS03000091,2026-10-06T14:00,2.6,4.1,268.0
TOS03000091,2026-10-06T14:15,2.3,4.0,277.0
TOS03000091,2026-10-06T14:30,2.7,4.4,276.0
TOS03000091,2026-10-06T14:45,2.8,4.9,284.0
TOS03000091,2026-10-06T15:00,2.2,4.3,292.0
TOS03000091,2026-10-06T15:15,2.0,3.5,286.0
TOS03000091,2026-10-06T15:30,1.9,3.6,291.0
TOS03000091,2026-10-06T15:45,2.2,3.2,292.0
TOS03000091,2026-10-06T16:00,2.3,3.6,270.0
TOS03000091,2026-10-06T16:15,2.0,3.5,276.0
TOS03000091,2026-10-06T16:30,2.2,4.3,270.0
TOS03000091,2026-10-06T16:45,2.1,3.5,264.0
TOS03000091,2026-10-06T17:00,1.3,2.3,310.0
TOS03000091,2026-10-06T17:15,0.9,1.8,313.0
TOS03000091,2026-10-06T17:30,0.8,1.6,289.0
TOS03000091,2026-10-06T17:45,0.6,0.9,260.0
TOS03000091,2026-10-06T18:00,0.4,0.7,92.0
TOS03000091,2026-10-06T18:15,0.4,0.9,46.0
TOS03000091,2026-10-06T18:30,0.3,0.5,153.0
TOS03000091,2026-10-06T18:45,0.3,0.6,76.0
TOS03000091,2026-10-06T19:00,0.3,0.8,50.0
TOS03000091,2026-10-06T19:15,0.4,0.7,150.0
TOS03000091,2026-10-06T19:30,0.3,0.7,18.0
TOS03000091,2026-10-06T19:45,0.6,1.4,115.0
TOS03000091,2026-10-06T20:00,0.4,0.7,160.0
TOS03000091,2026-10-06T20:15,0.4,1.0,171.0
TOS03000091,2026-10-06T20:30,0.5,1.0,258.0
TOS03000091,2026-10-06T20:45,0.4,0.9,330.0
TOS03000091,2026-10-06T21:00,0.2,0.5,18.0
TOS03000091,2026-10-06T21:15,0.2,0.5,183.0
TOS03000091,2026-10-06T21:30,0.2,0.5,98.0
TOS03000091,2026-10-06T21:45,0.2,0.5,256.0
TOS03000091,2026-10-06T22:00,0.1,0.5,192.0
TOS03000091,2026-10-06T22:15,0.2,0.5,216.0
TOS03000091,2026-10-06T22:30,0.3,0.5,303.0
TOS03000091,2026-10-06T22:45,0.3,0.5,249.0
TOS03000091,2026-10-06T23:00,0.2,0.3,309.0
TOS03000091,2026-10-06T23:15,0.3,0.6,245.0
TOS03000091,2026-10-06T23:30,0.5,0.8,266.0
TOS03000091,2026-10-06T23:45,0.3,0.6,243.0
TOS03000278,2026-10-06T00:00,0.7,1.1,39.0
TOS03000278,2026-10-06T00:15,0.5,1.0,55.0
TOS03000278,2026-10-06T00:30,0.4,0.8,56.0
TOS03000278,2026-10-06T00:45,0.6,1.0,15.0
TOS03000278,2026-10-06T01:00,0.7,1.1,13.0
TOS03000278,2026-10-06T01:15,0.7,1.2,24.0
TOS03000278,2026-10-06T01:30,0.9,1.2,6.0
TOS03000278,2026-10-06T01:45,1.0,1.5,359.0
TOS03000278,2026-10-06T02:00,0.7,1.2,45.0
TOS03000278,2026-10-06T02:15,0.7,1.1,96.0
TOS03000278,2026-10-06T02:30,0.5,1.1,74.0
TOS03000278,2026-10-06T02:45,0.5,1.0,110.0
TOS03000278,2026-10-06T03:00,0.5,0.9,106.0
TOS03000278,2026-10-06T03:15,0.6,1.1,56.0
TOS03000278,2026-10-06T03:30,0.4,0.8,112.0
TOS03000278,2026-10-06T03:45,0.4,1.0,77.0
TOS03000278,2026-10-06T04:00,0.5,1.0,71.0
TOS03000278,2026-10-06T04:15,0.5,0.8,91.0
TOS03000278,2026-10-06T04:30,0.2,1.0,51.0
TOS03000278,2026-10-06T04:45,0.4,1.0,48.0
TOS03000278,2026-10-06T05:00,0.6,1.1,92.0
TOS03000278,2026-10-06T05:15,0.6,0.9,118.0
TOS03000278,2026-10-06T05:30,0.4,0.8,159.0
TOS03000278,2026-10-06T05:45,0.3,0.7,48.0
TOS03000278,2026-10-06T06:00,0.3,0.7,81.0
TOS03000278,2026-10-06T06:15,0.5,1.0,147.0
TOS03000278,2026-10-06T06:30,0.6,1.1,168.0
TOS03000278,2026-10-06T06:45,0.6,1.1,84.0
TOS03000278,2026-10-06T07:00,0.8,1.4,40.0
TOS03000278,2026-10-06T07:15,0.6,1.6,41.0
TOS03000278,2026-10-06T07:30,0.4,1.1,38.0
TOS03000278,2026-10-06T07:45,0.2,0.6,110.0
TOS03000278,2026-10-06T08:00,0.3,0.6,85.0
TOS03000278,2026-10-06T08:15,0.3,0.9,29.0
TOS03000278,2026-10-06T08:30,0.4,1.1,198.0
TOS03000278,2026-10-06T08:45,0.7,1.4,213.0
TOS03000278,2026-10-06T09:00,0.8,2.4,212.0
TOS03000278,2026-10-06T09:15,1.1,2.5,217.0
TOS03000278,2026-10-06T09:30,1.1,2.1,219.0
TOS03000278,2026-10-06T09:45,1.1,2.1,217.0
TOS03000278,2026-10-06T10:00,0.8,1.8,241.0
TOS03000278,2026-10-06T10:15,1.0,2.1,243.0
TOS03000278,2026-10-06T10:30,0.9,2.1,229.0
TOS03000278,2026-10-06T10:45,1.0,2.1,221.0
TOS03000278,2026-10-06T11:00,0.9,1.9,212.0
TOS03000278,2026-10-06T11:15,1.0,2.4,227.0
TOS03000278,2026-10-06T11:30,1.2,2.9,233.0
TOS03000278,2026-10-06T11:45,1.3,3.1,217.0
TOS03000278,2026-10-06T12:00,1.4,3.0,234.0
TOS03000278,2026-10-06T12:15,1.3,3.6,233.0
TOS03000278,2026-10-06T12:30,1.5,3.1,223.0
TOS03000278,2026-10-06T12:45,1.4,3.7,205.0
TOS03000278,2026-10-06T13:00,1.4,3.5,219.0
TOS03000278,2026-10-06T13:15,1.3,4.3,216.0
TOS03000278,2026-10-06T13:30,1.3,2.8,189.0
TOS03000278,2026-10-06T13:45,1.0,2.2,249.0
TOS03000278,2026-10-06T14:00,0.8,2.5,236.0
TOS03000278,2026-10-06T14:15,1.2,2.8,208.0
TOS03000278,2026-10-06T14:30,1.1,2.2,188.0
TOS03000278,2026-10-06T14:45,0.8,2.0,218.0
TOS03000278,2026-10-06T15:00,0.9,2.6,212.0
TOS03000278,2026-10-06T15:15,1.0,2.6,247.0
TOS03000278,2026-10-06T15:30,1.8,3.6,328.0
TOS03000278,2026-10-06T15:45,2.1,3.6,327.0
TOS03000278,2026-10-06T16:00,1.2,2.4,308.0
TOS03000278,2026-10-06T16:15,0.9,2.3,335.0
TOS03000278,2026-10-06T16:30,0.4,1.1,346.0
TOS03000278,2026-10-06T16:45,0.7,1.1,309.0
TOS03000278,2026-10-06T17:00,0.7,1.8,343.0
TOS03000278,2026-10-06T17:15,0.7,1.8,358.0
TOS03000278,2026-10-06T17:30,0.6,0.9,204.0
TOS03000278,2026-10-06T17:45,0.6,1.0,172.0
TOS03000278,2026-10-06T18:00,0.6,1.5,181.0
TOS03000278,2026-10-06T18:15,0.5,1.1,103.0
TOS03000278,2026-10-06T18:30,0.4,1.0,57.0
TOS03000278,2026-10-06T18:45,0.6,1.2,55.0
TOS03000278,2026-10-06T19:00,0.4,1.1,107.0
TOS03000278,2026-10-06T19:15,0.6,1.4,107.0
TOS03000278,2026-10-06T19:30,0.7,1.3,94.0
TOS03000278,2026-10-06T19:45,0.6,1.2,80.0
TOS03000278,2026-10-06T20:00,0.8,1.4,166.0
TOS03000278,2026-10-06T20:15,0.4,1.4,174.0
TOS03000278,2026-10-06T20:30,0.4,0.8,62.0
TOS03000278,2026-10-06T20:45,0.6,1.3,81.0
TOS03000278,2026-10-06T21:00,0.7,1.2,178.0
TOS03000278,2026-10-06T21:15,0.7,1.7,176.0
TOS03000278,2026-10-06T21:30,0.7,1.3,175.0
TOS03000278,2026-10-06T21:45,0.4,0.9,152.0
TOS03000278,2026-10-06T22:00,0.5,1.0,149.0
TOS03000278,2026-10-06T22:15,0.4,0.8,135.0
TOS03000278,2026-10-06T22:30,0.6,1.4,66.0
TOS03000278,2026-10-06T22:45,0.5,1.1,145.0
TOS03000278,2026-10-06T23:00,0.3,0.6,120.0
TOS03000278,2026-10-06T23:15,0.3,0.8,177.0
TOS03000278,2026-10-06T23:30,0.5,1.0,58.0
TOS03000278,2026-10-06T23:45,0.5,1.1,42.0
TOS03000335,2026-10-06T00:00,3.7,4.2,165.0
TOS03000335,2026-10-06T00:15,3.4,4.1,166.0
TOS03000335,2026-10-06T00:30,3.9,4.4,170.0
TOS03000335,2026-10-06T00:45,3.4,4.6,168.0
TOS03000335,2026-10-06T01:00,2.6,3.5,169.0
TOS03000335,2026-10-06T01:15,2.0,3.0,166.0
TOS03000335,2026-10-06T01:30,0.8,1.6,204.0
TOS03000335,2026-10-06T01:45,1.5,1.9,330.0
TOS03000335,2026-10-06T02:00,1.2,1.7,347.0
TOS03000335,2026-10-06T02:15,2.0,2.6,3.0
TOS03000335,2026-10-06T02:30,1.8,2.5,354.0
TOS03000335,2026-10-06T02:45,1.6,2.0,334.0
TOS03000335,2026-10-06T03:00,2.0,2.5,332.0
TOS03000335,2026-10-06T03:15,2.7,4.0,332.0
TOS03000335,2026-10-06T03:30,3.4,4.1,321.0
TOS03000335,2026-10-06T03:45,2.2,3.2,327.0
TOS03000335,2026-10-06T04:00,1.4,2.5,289.0
TOS03000335,2026-10-06T04:15,0.8,1.6,266.0
TOS03000335,2026-10-06T04:30,0.7,1.3,340.0
TOS03000335,2026-10-06T04:45,0.9,2.2,123.0
TOS03000335,2026-10-06T05:00,1.7,2.6,129.0
TOS03000335,2026-10-06T05:15,1.9,4.1,177.0
TOS03000335,2026-10-06T05:30,2.1,3.4,180.0
TOS03000335,2026-10-06T05:45,1.4,3.3,172.0
TOS03000335,2026-10-06T06:00,1.9,3.3,179.0
TOS03000335,2026-10-06T06:15,2.7,4.3,176.0
TOS03000335,2026-10-06T06:30,2.8,4.1,175.0
TOS03000335,2026-10-06T06:45,1.8,3.5,171.0
TOS03000335,2026-10-06T07:00,1.1,2.6,285.0
TOS03000335,2026-10-06T07:15,3.2,5.0,322.0
TOS03000335,2026-10-06T07:30,1.3,2.2,322.0
TOS03000335,2026-10-06T07:45,3.1,5.4,321.0
TOS03000335,2026-10-06T08:00,2.3,4.3,316.0
TOS03000335,2026-10-06T08:15,1.7,3.0,316.0
TOS03000335,2026-10-06T08:30,1.9,4.9,322.0
TOS03000335,2026-10-06T08:45,1.3,3.8,335.0
TOS03000335,2026-10-06T09:00,1.1,2.0,351.0
TOS03000335,2026-10-06T09:15,1.4,3.6,351.0
TOS03000335,2026-10-06T09:30,1.7,4.7,101.0
TOS03000335,2026-10-06T09:45,1.9,4.7,130.0
TOS03000335,2026-10-06T10:00,2.0,4.7,142.0
TOS03000335,2026-10-06T10:15,1.7,4.6,122.0
TOS03000335,2026-10-06T10:30,2.4,5.0,141.0
TOS03000335,2026-10-06T10:45,2.6,6.0,157.0
TOS03000335,2026-10-06T11:00,2.8,4.8,149.0
TOS03000335,2026-10-06T11:15,2.7,5.4,144.0
TOS03000335,2026-10-06T11:30,2.0,3.8,143.0
TOS03000335,2026-10-06T11:45,1.3,3.2,2.0
TOS03000335,2026-10-06T12:00,3.5,4.6,331.0
TOS03000335,2026-10-06T12:15,3.6,4.8,330.0
TOS03000335,2026-10-06T12:30,2.3,3.3,332.0
TOS03000335,2026-10-06T12:45,1.5,2.4,353.0
TOS03000335,2026-10-06T13:00,1.4,2.4,343.0
TOS03000335,2026-10-06T13:15,1.5,2.5,324.0
TOS03000335,2026-10-06T13:30,2.7,3.9,162.0
TOS03000335,2026-10-06T13:45,2.9,3.9,150.0
TOS03000335,2026-10-06T14:00,2.6,4.1,175.0
TOS03000335,2026-10-06T14:15,3.8,5.6,332.0
TOS03000335,2026-10-06T14:30,2.5,4.0,337.0
TOS03000335,2026-10-06T14:45,1.3,3.9,242.0
TOS03000335,2026-10-06T15:00,2.6,4.4,168.0
TOS03000335,2026-10-06T15:15,3.2,6.6,170.0
TOS03000335,2026-10-06T15:30,3.2,4.8,176.0
TOS03000335,2026-10-06T15:45,2.9,3.4,163.0
TOS03000335,2026-10-06T16:00,2.4,3.7,151.0
TOS03000335,2026-10-06T16:15,2.7,3.9,334.0
TOS03000335,2026-10-06T16:30,3.1,3.7,333.0
TOS03000335,2026-10-06T16:45,2.9,3.8,332.0
TOS03000335,2026-10-06T17:00,2.6,3.2,331.0
TOS03000335,2026-10-06T17:15,2.5,2.9,336.0
TOS03000335,2026-10-06T17:30,2.8,3.8,333.0
TOS03000335,2026-10-06T17:45,1.6,2.7,321.0
TOS03000335,2026-10-06T18:00,1.2,3.7,205.0
TOS03000335,2026-10-06T18:15,3.7,4.7,170.0
TOS03000335,2026-10-06T18:30,3.7,4.6,174.0
TOS03000335,2026-10-06T18:45,3.6,4.4,175.0
TOS03000335,2026-10-06T19:00,3.3,4.3,177.0
TOS03000335,2026-10-06T19:15,2.3,3.2,183.0
TOS03000335,2026-10-06T19:30,1.3,3.0,182.0
TOS03000335,2026-10-06T19:45,3.1,3.7,176.0
TOS03000335,2026-10-06T20:00,4.2,5.9,172.0
TOS03000335,2026-10-06T20:15,5.5,6.6,171.0
TOS03000335,2026-10-06T20:30,5.0,6.0,172.0
TOS03000335,2026-10-06T20:45,4.4,5.7,173.0
TOS03000335,2026-10-06T21:00,4.7,5.9,169.0
TOS03000335,2026-10-06T21:15,5.6,6.7,170.0
TOS03000335,2026-10-06T21:30,6.2,7.2,166.0
TOS03000335,2026-10-06T21:45,5.5,6.6,164.0
TOS03000335,2026-10-06T22:00,5.5,6.5,159.0
TOS03000335,2026-10-06T22:15,5.8,6.8,160.0
TOS03000335,2026-10-06T22:30,5.4,6.3,161.0
TOS03000335,2026-10-06T22:45,5.8,6.9,163.0
TOS03000335,2026-10-06T23:00,5.6,6.3,163.0
TOS03000335,2026-10-06T23:15,5.9,6.6,163.0
TOS03000335,2026-10-06T23:30,5.9,6.7,159.0
TOS03000335,2026-10-06T23:45,5.8,6.6,162.0
TOS03000481,2026-10-06T00:00,2.3,2.5,79.0
TOS03000481,2026-10-06T00:15,2.3,2.6,93.0
TOS03000481,2026-10-06T00:30,2.5,3.3,114.0
TOS03000481,2026-10-06T00:45,2.5,3.3,113.0
TOS03000481,2026-10-06T01:00,2.4,3.0,102.0
TOS03000481,2026-10-06T01:15,2.6,3.5,105.0
TOS03000481,2026-10-06T01:30,2.7,3.4,88.0
TOS03000481,2026-10-06T01:45,2.8,3.1,84.0
TOS03000481,2026-10-06T02:00,2.7,3.2,100.0
TOS03000481,2026-10-06T02:15,2.5,3.2,103.0
TOS03000481,2026-10-06T02:30,2.6,3.1,107.0
TOS03000481,2026-10-06T02:45,2.5,3.3,95.0
TOS03000481,2026-10-06T03:00,2.5,3.0,89.0
TOS03000481,2026-10-06T03:15,2.7,3.6,81.0
TOS03000481,2026-10-06T03:30,3.2,3.8,65.0
TOS03000481,2026-10-06T03:45,2.3,2.7,64.0
TOS03000481,2026-10-06T04:00,1.0,1.5,91.0
TOS03000481,2026-10-06T04:15,1.4,2.5,116.0
TOS03000481,2026-10-06T04:30,1.9,3.4,135.0
TOS03000481,2026-10-06T04:45,1.2,2.4,109.0
TOS03000481,2026-10-06T05:00,2.2,2.8,74.0
TOS03000481,2026-10-06T05:15,2.6,3.2,82.0
TOS03000481,2026-10-06T05:30,1.4,2.6,60.0
TOS03000481,2026-10-06T05:45,1.4,2.2,20.0
TOS03000481,2026-10-06T06:00,2.3,2.9,14.0
TOS03000481,2026-10-06T06:15,3.0,3.8,0.0
TOS03000481,2026-10-06T06:30,2.3,3.4,16.0
TOS03000481,2026-10-06T06:45,1.2,2.0,85.0
TOS03000481,2026-10-06T07:00,1.1,1.5,119.0
TOS03000481,2026-10-06T07:15,1.0,1.7,116.0
TOS03000481,2026-10-06T07:30,0.6,1.3,151.0
TOS03000481,2026-10-06T07:45,0.8,2.3,5.0
TOS03000481,2026-10-06T08:00,2.0,2.6,44.0
TOS03000481,2026-10-06T08:15,1.9,2.6,61.0
TOS03000481,2026-10-06T08:30,1.7,2.5,78.0
TOS03000481,2026-10-06T08:45,1.4,2.6,106.0
TOS03000481,2026-10-06T09:00,1.0,2.1,110.0
TOS03000481,2026-10-06T09:15,1.5,2.8,125.0
TOS03000481,2026-10-06T09:30,1.8,3.1,129.0
TOS03000481,2026-10-06T09:45,1.9,3.0,100.0
TOS03000481,2026-10-06T10:00,1.6,3.6,131.0
TOS03000481,2026-10-06T10:15,3.3,4.7,135.0
TOS03000481,2026-10-06T10:30,3.5,6.0,131.0
TOS03000481,2026-10-06T10:45,3.6,5.8,112.0
TOS03000481,2026-10-06T11:00,2.9,6.1,108.0
TOS03000481,2026-10-06T11:15,3.9,6.2,140.0
TOS03000481,2026-10-06T11:30,4.3,6.5,132.0
TOS03000481,2026-10-06T11:45,3.3,6.7,128.0
TOS03000481,2026-10-06T12:00,4.1,6.5,142.0
TOS03000481,2026-10-06T12:15,4.2,7.2,130.0
TOS03000481,2026-10-06T12:30,4.2,6.8,146.0
TOS03000481,2026-10-06T12:45,2.7,6.1,152.0
TOS03000481,2026-10-06T13:00,2.1,4.2,293.0
TOS03000481,2026-10-06T13:15,2.5,4.4,271.0
TOS03000481,2026-10-06T13:30,2.2,5.1,256.0
TOS03000481,2026-10-06T13:45,5.6,6.5,301.0
TOS03000481,2026-10-06T14:00,6.1,7.2,306.0
TOS03000481,2026-10-06T14:15,5.9,7.2,303.0
TOS03000481,2026-10-06T14:30,5.9,6.9,309.0
TOS03000481,2026-10-06T14:45,5.8,7.0,309.0
TOS03000481,2026-10-06T15:00,4.8,5.8,298.0
TOS03000481,2026-10-06T15:15,4.8,5.9,304.0
TOS03000481,2026-10-06T15:30,4.7,5.9,302.0
TOS03000481,2026-10-06T15:45,4.7,5.9,305.0
TOS03000481,2026-10-06T16:00,4.9,6.3,308.0
TOS03000481,2026-10-06T16:15,4.5,5.3,297.0
TOS03000481,2026-10-06T16:30,4.2,5.5,293.0
TOS03000481,2026-10-06T16:45,4.5,5.7,303.0
TOS03000481,2026-10-06T17:00,3.5,4.4,289.0
TOS03000481,2026-10-06T17:15,3.3,4.3,287.0
TOS03000481,2026-10-06T17:30,2.2,4.0,282.0
TOS03000481,2026-10-06T17:45,2.3,3.2,298.0
TOS03000481,2026-10-06T18:00,1.9,2.9,297.0
TOS03000481,2026-10-06T18:15,1.9,2.8,313.0
TOS03000481,2026-10-06T18:30,0.9,1.4,306.0
TOS03000481,2026-10-06T18:45,1.1,1.8,343.0
TOS03000481,2026-10-06T19:00,0.4,0.8,110.0
TOS03000481,2026-10-06T19:15,0.5,1.3,126.0
TOS03000481,2026-10-06T19:30,1.5,2.4,112.0
TOS03000481,2026-10-06T19:45,1.9,2.9,107.0
TOS03000481,2026-10-06T20:00,2.2,2.8,94.0
TOS03000481,2026-10-06T20:15,2.1,2.9,77.0
TOS03000481,2026-10-06T20:30,1.7,2.6,94.0
TOS03000481,2026-10-06T20:45,1.9,2.5,98.0
TOS03000481,2026-10-06T21:00,2.3,2.7,64.0
TOS03000481,2026-10-06T21:15,2.4,2.7,63.0
TOS03000481,2026-10-06T21:30,2.7,2.8,44.0
TOS03000481,2026-10-06T21:45,2.6,2.8,41.0
TOS03000481,2026-10-06T22:00,2.6,2.7,39.0
TOS03000481,2026-10-06T22:15,2.7,3.1,39.0
TOS03000481,2026-10-06T22:30,2.4,2.9,52.0
TOS03000481,2026-10-06T22:45,2.4,2.8,64.0
TOS03000481,2026-10-06T23:00,3.0,3.4,61.0
TOS03000481,2026-10-06T23:15,2.9,3.2,68.0
TOS03000481,2026-10-06T23:30,2.8,3.2,74.0
TOS03000481,2026-10-06T23:45,2.3,2.8,88.0
TOS03000513,2026-10-06T00:00,0.3,0.7,148.0
TOS03000513,2026-10-06T00:15,0.4,0.9,246.0
TOS03000513,2026-10-06T00:30,0.4,0.8,347.0
TOS03000513,2026-10-06T00:45,0.1,0.4,112.0
TOS03000513,2026-10-06T01:00,0.3,0.8,307.0
TOS03000513,2026-10-06T01:15,1.1,1.7,324.0
TOS03000513,2026-10-06T01:30,0.7,1.5,280.0
TOS03000513,2026-10-06T01:45,0.8,1.2,181.0
TOS03000513,2026-10-06T02:00,0.5,1.0,192.0
TOS03000513,2026-10-06T02:15,0.3,0.8,222.0
TOS03000513,2026-10-06T02:30,0.2,0.4,154.0
TOS03000513,2026-10-06T02:45,0.7,1.3,151.0
TOS03000513,2026-10-06T03:00,0.5,1.2,185.0
TOS03000513,2026-10-06T03:15,0.2,0.8,204.0
TOS03000513,2026-10-06T03:30,0.3,0.7,110.0
TOS03000513,2026-10-06T03:45,0.6,1.3,177.0
TOS03000513,2026-10-06T04:00,0.4,1.1,77.0
TOS03000513,2026-10-06T04:15,0.6,0.9,116.0
TOS03000513,2026-10-06T04:30,0.4,1.1,171.0
TOS03000513,2026-10-06T04:45,0.3,0.6,149.0
TOS03000513,2026-10-06T05:00,0.4,0.8,106.0
TOS03000513,2026-10-06T05:15,0.6,1.2,198.0
TOS03000513,2026-10-06T05:30,1.0,1.5,188.0
TOS03000513,2026-10-06T05:45,0.8,1.2,149.0
TOS03000513,2026-10-06T06:00,0.8,1.4,55.0
TOS03000513,2026-10-06T06:15,0.6,1.2,121.0
TOS03000513,2026-10-06T06:30,0.7,1.0,97.0
TOS03000513,2026-10-06T06:45,0.6,1.0,97.0
TOS03000513,2026-10-06T07:00,0.5,1.1,127.0
TOS03000513,2026-10-06T07:15,0.6,1.4,320.0
TOS03000513,2026-10-06T07:30,0.4,1.0,49.0
TOS03000513,2026-10-06T07:45,0.3,0.8,190.0
TOS03000513,2026-10-06T08:00,0.5,1.1,104.0
TOS03000513,2026-10-06T08:15,1.0,1.7,88.0
TOS03000513,2026-10-06T08:30,0.9,1.7,79.0
TOS03000513,2026-10-06T08:45,1.0,1.6,82.0
TOS03000513,2026-10-06T09:00,0.8,1.5,85.0
TOS03000513,2026-10-06T09:15,0.6,1.2,104.0
TOS03000513,2026-10-06T09:30,0.7,1.8,27.0
TOS03000513,2026-10-06T09:45,1.0,2.1,51.0
TOS03000513,2026-10-06T10:00,1.2,2.4,51.0
TOS03000513,2026-10-06T10:15,1.4,2.4,50.0
TOS03000513,2026-10-06T10:30,0.9,2.6,27.0
TOS03000513,2026-10-06T10:45,1.3,2.9,40.0
TOS03000513,2026-10-06T11:00,1.2,2.5,44.0
TOS03000513,2026-10-06T11:15,1.3,3.3,65.0
TOS03000513,2026-10-06T11:30,1.5,2.6,86.0
TOS03000513,2026-10-06T11:45,1.4,2.8,37.0
TOS03000513,2026-10-06T12:00,1.6,3.3,102.0
TOS03000513,2026-10-06T12:15,1.8,3.9,118.0
TOS03000513,2026-10-06T12:30,2.4,4.4,120.0
TOS03000513,2026-10-06T12:45,2.5,4.4,119.0
TOS03000513,2026-10-06T13:00,2.7,5.1,100.0
TOS03000513,2026-10-06T13:15,2.0,4.5,113.0
TOS03000513,2026-10-06T13:30,2.3,5.0,98.0
TOS03000513,2026-10-06T13:45,2.1,5.2,122.0
TOS03000513,2026-10-06T14:00,2.2,4.4,81.0
TOS03000513,2026-10-06T14:15,2.3,4.9,117.0
TOS03000513,2026-10-06T14:30,2.5,4.2,117.0
TOS03000513,2026-10-06T14:45,2.4,4.2,112.0
TOS03000513,2026-10-06T15:00,2.4,5.1,117.0
TOS03000513,2026-10-06T15:15,1.8,3.4,126.0
TOS03000513,2026-10-06T15:30,1.3,2.6,123.0
TOS03000513,2026-10-06T15:45,0.9,1.9,109.0
TOS03000513,2026-10-06T16:00,1.4,3.1,175.0
TOS03000513,2026-10-06T16:15,1.3,2.3,185.0
TOS03000513,2026-10-06T16:30,1.1,2.3,189.0
TOS03000513,2026-10-06T16:45,2.1,3.3,254.0
TOS03000513,2026-10-06T17:00,2.4,3.8,251.0
TOS03000513,2026-10-06T17:15,2.3,3.8,261.0
TOS03000513,2026-10-06T17:30,2.2,3.8,259.0
TOS03000513,2026-10-06T17:45,2.5,3.6,258.0
TOS03000513,2026-10-06T18:00,1.9,3.5,252.0
TOS03000513,2026-10-06T18:15,1.9,3.1,253.0
TOS03000513,2026-10-06T18:30,2.5,4.1,257.0
TOS03000513,2026-10-06T18:45,1.9,2.9,254.0
TOS03000513,2026-10-06T19:00,1.4,2.3,240.0
TOS03000513,2026-10-06T19:15,1.3,2.2,241.0
TOS03000513,2026-10-06T19:30,1.4,2.1,252.0
TOS03000513,2026-10-06T19:45,0.9,1.9,287.0
TOS03000513,2026-10-06T20:00,1.0,1.3,270.0
TOS03000513,2026-10-06T20:15,1.0,1.7,304.0
TOS03000513,2026-10-06T20:30,0.6,1.2,317.0
TOS03000513,2026-10-06T20:45,1.2,2.0,199.0
TOS03000513,2026-10-06T21:00,0.8,1.3,276.0
TOS03000513,2026-10-06T21:15,0.7,1.3,243.0
TOS03000513,2026-10-06T21:30,0.5,1.0,263.0
TOS03000513,2026-10-06T21:45,0.5,0.8,202.0
TOS03000513,2026-10-06T22:00,0.6,1.1,232.0
TOS03000513,2026-10-06T22:15,0.7,1.7,265.0
TOS03000513,2026-10-06T22:30,0.4,1.0,269.0
TOS03000513,2026-10-06T22:45,0.7,1.5,249.0
TOS03000513,2026-10-06T23:00,0.4,1.0,202.0
TOS03000513,2026-10-06T23:15,0.4,1.2,282.0
TOS03000513,2026-10-06T23:30,0.7,1.9,240.0
TOS03000513,2026-10-06T23:45,0.5,0.9,208.0
TOS03001241,2026-10-06T00:00,1.2,1.4,37.0
TOS03001241,2026-10-06T00:15,1.2,1.4,39.0
TOS03001241,2026-10-06T00:30,1.2,1.4,38.0
TOS03001241,2026-10-06T00:45,1.2,1.4,39.0
TOS03001241,2026-10-06T01:00,1.2,1.4,40.0
TOS03001241,2026-10-06T01:15,1.2,1.4,38.0
TOS03001241,2026-10-06T01:30,1.2,1.5,36.0
TOS03001241,2026-10-06T01:45,1.1,1.3,38.0
TOS03001241,2026-10-06T02:00,1.3,1.5,36.0
TOS03001241,2026-10-06T02:15,1.3,1.5,36.0
TOS03001241,2026-10-06T02:30,1.2,1.4,34.0
TOS03001241,2026-10-06T02:45,1.3,1.5,35.0
TOS03001241,2026-10-06T03:00,1.3,1.5,41.0
TOS03001241,2026-10-06T03:15,1.3,1.8,42.0
TOS03001241,2026-10-06T03:30,1.7,2.4,44.0
TOS03001241,2026-10-06T03:45,1.6,2.4,44.0
TOS03001241,2026-10-06T04:00,1.5,1.9,42.0
TOS03001241,2026-10-06T04:15,1.6,2.3,39.0
TOS03001241,2026-10-06T04:30,1.6,2.2,39.0
TOS03001241,2026-10-06T04:45,1.5,1.8,32.0
TOS03001241,2026-10-06T05:00,1.4,1.7,35.0
TOS03001241,2026-10-06T05:15,1.3,1.6,44.0
TOS03001241,2026-10-06T05:30,1.3,1.9,31.0
TOS03001241,2026-10-06T05:45,1.2,1.6,39.0
TOS03001241,2026-10-06T06:00,1.3,1.6,43.0
TOS03001241,2026-10-06T06:15,1.5,2.0,40.0
TOS03001241,2026-10-06T06:30,1.6,2.2,39.0
TOS03001241,2026-10-06T06:45,1.2,1.7,45.0
TOS03001241,2026-10-06T07:00,1.2,1.4,44.0
TOS03001241,2026-10-06T07:15,1.3,2.0,48.0
TOS03001241,2026-10-06T07:30,1.6,2.4,52.0
TOS03001241,2026-10-06T07:45,1.1,1.9,56.0
TOS03001241,2026-10-06T08:00,1.0,1.7,66.0
TOS03001241,2026-10-06T08:15,0.9,1.9,68.0
TOS03001241,2026-10-06T08:30,0.8,1.7,69.0
TOS03001241,2026-10-06T08:45,0.5,1.3,84.0
TOS03001241,2026-10-06T09:00,0.9,2.0,184.0
TOS03001241,2026-10-06T09:15,0.9,1.8,169.0
TOS03001241,2026-10-06T09:30,1.0,1.6,190.0
TOS03001241,2026-10-06T09:45,1.4,2.6,208.0
TOS03001241,2026-10-06T10:00,1.0,2.9,228.0
TOS03001241,2026-10-06T10:15,0.8,2.0,156.0
TOS03001241,2026-10-06T10:30,0.7,1.4,198.0
TOS03001241,2026-10-06T10:45,0.7,2.8,10.0
TOS03001241,2026-10-06T11:00,1.1,2.6,150.0
TOS03001241,2026-10-06T11:15,1.3,3.5,205.0
TOS03001241,2026-10-06T11:30,1.9,3.5,217.0
TOS03001241,2026-10-06T11:45,2.2,4.3,219.0
TOS03001241,2026-10-06T12:00,1.7,3.7,210.0
TOS03001241,2026-10-06T12:15,1.4,4.3,215.0
TOS03001241,2026-10-06T12:30,2.1,4.5,204.0
TOS03001241,2026-10-06T12:45,2.2,4.5,219.0
TOS03001241,2026-10-06T13:00,1.7,5.1,230.0
TOS03001241,2026-10-06T13:15,1.8,3.7,216.0
TOS03001241,2026-10-06T13:30,2.1,5.3,231.0
TOS03001241,2026-10-06T13:45,1.6,3.4,221.0
TOS03001241,2026-10-06T14:00,1.5,4.0,199.0
TOS03001241,2026-10-06T14:15,1.3,3.2,196.0
TOS03001241,2026-10-06T14:30,1.2,2.8,222.0
TOS03001241,2026-10-06T14:45,1.5,4.2,237.0
TOS03001241,2026-10-06T15:00,1.7,5.0,50.0
TOS03001241,2026-10-06T15:15,1.4,3.3,26.0
TOS03001241,2026-10-06T15:30,1.1,3.8,355.0
TOS03001241,2026-10-06T15:45,1.1,2.5,48.0
TOS03001241,2026-10-06T16:00,1.0,3.5,46.0
TOS03001241,2026-10-06T16:15,1.0,2.7,56.0
TOS03001241,2026-10-06T16:30,0.9,2.8,28.0
TOS03001241,2026-10-06T16:45,0.9,2.7,45.0
TOS03001241,2026-10-06T17:00,1.2,3.6,42.0
TOS03001241,2026-10-06T17:15,0.8,2.7,40.0
TOS03001241,2026-10-06T17:30,0.7,1.9,64.0
TOS03001241,2026-10-06T17:45,0.9,2.0,65.0
TOS03001241,2026-10-06T18:00,1.1,2.5,67.0
TOS03001241,2026-10-06T18:15,1.2,2.1,51.0
TOS03001241,2026-10-06T18:30,1.5,2.6,54.0
TOS03001241,2026-10-06T18:45,1.4,2.2,53.0
TOS03001241,2026-10-06T19:00,1.4,2.5,44.0
TOS03001241,2026-10-06T19:15,1.5,2.4,40.0
TOS03001241,2026-10-06T19:30,1.5,3.6,37.0
TOS03001241,2026-10-06T19:45,1.5,2.3,42.0
TOS03001241,2026-10-06T20:00,1.7,3.1,44.0
TOS03001241,2026-10-06T20:15,1.7,3.0,27.0
TOS03001241,2026-10-06T20:30,1.6,2.3,34.0
TOS03001241,2026-10-06T20:45,1.6,2.5,39.0
TOS03001241,2026-10-06T21:00,1.5,2.1,42.0
TOS03001241,2026-10-06T21:15,1.3,1.7,42.0
TOS03001241,2026-10-06T21:30,1.2,1.7,47.0
TOS03001241,2026-10-06T21:45,1.2,1.6,41.0
TOS03001241,2026-10-06T22:00,1.3,2.6,39.0
TOS03001241,2026-10-06T22:15,1.3,2.1,40.0
TOS03001241,2026-10-06T22:30,1.1,2.0,39.0
TOS03001241,2026-10-06T22:45,1.1,1.3,39.0
TOS03001241,2026-10-06T23:00,1.1,1.4,38.0
TOS03001241,2026-10-06T23:15,0.9,1.3,34.0
TOS03001241,2026-10-06T23:30,1.3,1.6,35.0
TOS03001241,2026-10-06T23:45,1.2,1.5,38.0
TOS03001841,2026-10-06T00:00,1.2,2.2,73.0
TOS03001841,2026-10-06T00:15,1.2,2.0,52.0
TOS03001841,2026-10-06T00:30,1.3,2.6,51.0
TOS03001841,2026-10-06T00:45,1.2,1.9,65.0
TOS03001841,2026-10-06T01:00,1.2,1.7,46.0
TOS03001841,2026-10-06T01:15,1.1,2.0,57.0
TOS03001841,2026-10-06T01:30,1.4,2.4,53.0
TOS03001841,2026-10-06T01:45,1.2,2.3,57.0
TOS03001841,2026-10-06T02:00,1.1,1.7,77.0
TOS03001841,2026-10-06T02:15,1.0,1.5,71.0
TOS03001841,2026-10-06T02:30,1.1,1.7,75.0
TOS03001841,2026-10-06T02:45,1.1,1.5,68.0
TOS03001841,2026-10-06T03:00,1.1,1.9,48.0
TOS03001841,2026-10-06T03:15,1.3,1.8,45.0
TOS03001841,2026-10-06T03:30,1.2,2.2,56.0
TOS03001841,2026-10-06T03:45,1.1,2.3,59.0
TOS03001841,2026-10-06T04:00,1.1,2.3,57.0
TOS03001841,2026-10-06T04:15,1.1,2.1,135.0
TOS03001841,2026-10-06T04:30,1.2,2.7,137.0
TOS03001841,2026-10-06T04:45,0.8,2.0,102.0
TOS03001841,2026-10-06T05:00,1.0,1.9,61.0
TOS03001841,2026-10-06T05:15,1.1,2.7,75.0
TOS03001841,2026-10-06T05:30,0.9,2.5,81.0
TOS03001841,2026-10-06T05:45,1.1,2.7,59.0
TOS03001841,2026-10-06T06:00,1.3,3.2,51.0
TOS03001841,2026-10-06T06:15,1.2,2.8,46.0
TOS03001841,2026-10-06T06:30,1.2,3.0,41.0
TOS03001841,2026-10-06T06:45,1.0,2.7,51.0
TOS03001841,2026-10-06T07:00,0.9,1.9,38.0
TOS03001841,2026-10-06T07:15,1.1,1.8,30.0
TOS03001841,2026-10-06T07:30,1.2,2.3,35.0
TOS03001841,2026-10-06T07:45,1.1,2.9,42.0
TOS03001841,2026-10-06T08:00,0.9,2.5,72.0
TOS03001841,2026-10-06T08:15,0.9,2.8,92.0
TOS03001841,2026-10-06T08:30,1.2,3.0,127.0
TOS03001841,2026-10-06T08:45,1.1,2.4,139.0
TOS03001841,2026-10-06T09:00,1.3,3.8,109.0
TOS03001841,2026-10-06T09:15,1.4,4.5,131.0
TOS03001841,2026-10-06T09:30,1.6,4.1,144.0
TOS03001841,2026-10-06T09:45,1.6,4.1,110.0
TOS03001841,2026-10-06T10:00,1.9,4.0,186.0
TOS03001841,2026-10-06T10:15,1.5,3.9,165.0
TOS03001841,2026-10-06T10:30,1.7,3.6,159.0
TOS03001841,2026-10-06T10:45,2.2,5.1,211.0
TOS03001841,2026-10-06T11:00,2.3,5.0,236.0
TOS03001841,2026-10-06T11:15,2.5,4.5,240.0
TOS03001841,2026-10-06T11:30,2.1,4.5,212.0
TOS03001841,2026-10-06T11:45,1.8,5.4,220.0
TOS03001841,2026-10-06T12:00,2.2,5.0,250.0
TOS03001841,2026-10-06T12:15,1.5,3.2,318.0
TOS03001841,2026-10-06T12:30,1.5,3.6,334.0
TOS03001841,2026-10-06T12:45,2.4,5.1,234.0
TOS03001841,2026-10-06T13:00,1.8,3.6,254.0
TOS03001841,2026-10-06T13:15,2.2,4.5,245.0
TOS03001841,2026-10-06T13:30,3.5,7.7,239.0
TOS03001841,2026-10-06T13:45,2.8,6.4,224.0
TOS03001841,2026-10-06T14:00,2.2,5.6,183.0
TOS03001841,2026-10-06T14:15,2.7,6.0,271.0
TOS03001841,2026-10-06T14:30,1.9,4.1,183.0
TOS03001841,2026-10-06T14:45,1.9,5.2,273.0
TOS03001841,2026-10-06T15:00,2.2,5.9,230.0
TOS03001841,2026-10-06T15:15,2.7,6.2,236.0
TOS03001841,2026-10-06T15:30,3.4,6.7,239.0
TOS03001841,2026-10-06T15:45,3.2,6.6,221.0
TOS03001841,2026-10-06T16:00,2.1,4.9,208.0
TOS03001841,2026-10-06T16:15,1.7,3.5,24.0
TOS03001841,2026-10-06T16:30,1.6,3.9,57.0
TOS03001841,2026-10-06T16:45,1.2,2.5,25.0
TOS03001841,2026-10-06T17:00,0.9,1.7,137.0
TOS03001841,2026-10-06T17:15,0.9,2.0,78.0
TOS03001841,2026-10-06T17:30,1.0,2.0,136.0
TOS03001841,2026-10-06T17:45,1.3,2.5,210.0
TOS03001841,2026-10-06T18:00,1.1,2.2,149.0
TOS03001841,2026-10-06T18:15,1.2,1.9,103.0
TOS03001841,2026-10-06T18:30,1.0,2.1,85.0
TOS03001841,2026-10-06T18:45,0.9,1.8,89.0
TOS03001841,2026-10-06T19:00,0.9,2.4,88.0
TOS03001841,2026-10-06T19:15,1.1,2.5,59.0
TOS03001841,2026-10-06T19:30,1.1,1.8,55.0
TOS03001841,2026-10-06T19:45,1.0,2.0,47.0
TOS03001841,2026-10-06T20:00,1.0,2.3,64.0
TOS03001841,2026-10-06T20:15,0.9,2.4,66.0
TOS03001841,2026-10-06T20:30,0.8,2.2,89.0
TOS03001841,2026-10-06T20:45,0.9,2.9,86.0
TOS03001841,2026-10-06T21:00,1.1,2.5,96.0
TOS03001841,2026-10-06T21:15,1.0,2.8,87.0
TOS03001841,2026-10-06T21:30,1.1,2.9,99.0
TOS03001841,2026-10-06T21:45,0.9,3.0,102.0
TOS03001841,2026-10-06T22:00,1.2,3.0,80.0
TOS03001841,2026-10-06T22:15,1.2,3.3,61.0
TOS03001841,2026-10-06T22:30,1.1,3.1,68.0
TOS03001841,2026-10-06T22:45,1.2,2.8,97.0
TOS03001841,2026-10-06T23:00,1.0,2.4,113.0
TOS03001841,2026-10-06T23:15,1.0,2.4,78.0
TOS03001841,2026-10-06T23:30,1.4,2.6,60.0
TOS03001841,2026-10-06T23:45,1.2,2.1,60.0
TOS03001963,2026-10-06T00:00,1.7,0.0,114.0
TOS03001963,2026-10-06T00:15,2.1,0.0,100.0
TOS03001963,2026-10-06T00:30,2.0,0.0,95.0
TOS03001963,2026-10-06T00:45,2.0,0.0,99.0
TOS03001963,2026-10-06T01:00,2.2,0.0,96.0
TOS03001963,2026-10-06T01:15,2.9,0.0,100.0
TOS03001963,2026-10-06T01:30,2.7,0.0,105.0
TOS03001963,2026-10-06T01:45,2.5,0.0,106.0
TOS03001963,2026-10-06T02:00,2.2,0.0,103.0
TOS03001963,2026-10-06T02:15,1.9,0.0,100.0
TOS03001963,2026-10-06T02:30,1.7,0.0,98.0
TOS03001963,2026-10-06T02:45,1.6,0.0,94.0
TOS03001963,2026-10-06T03:00,1.7,0.0,90.0
TOS03001963,2026-10-06T03:15,2.0,0.0,86.0
TOS03001963,2026-10-06T03:30,2.2,0.0,103.0
TOS03001963,2026-10-06T03:45,2.0,0.0,100.0
TOS03001963,2026-10-06T04:00,2.0,0.0,96.0
TOS03001963,2026-10-06T04:15,2.1,0.0,95.0
TOS03001963,2026-10-06T04:30,2.0,0.0,93.0
TOS03001963,2026-10-06T04:45,1.9,0.0,105.0
TOS03001963,2026-10-06T05:00,1.5,0.0,105.0
TOS03001963,2026-10-06T05:15,1.6,0.0,87.0
TOS03001963,2026-10-06T05:30,2.0,0.0,88.0
TOS03001963,2026-10-06T05:45,2.2,0.0,98.0
TOS03001963,2026-10-06T06:00,2.1,0.0,84.0
TOS03001963,2026-10-06T06:15,2.6,0.0,88.0
TOS03001963,2026-10-06T06:30,2.5,0.0,90.0
TOS03001963,2026-10-06T06:45,2.5,0.0,91.0
TOS03001963,2026-10-06T07:00,2.5,0.0,83.0
TOS03001963,2026-10-06T07:15,2.1,0.0,82.0
TOS03001963,2026-10-06T07:30,2.2,0.0,70.0
TOS03001963,2026-10-06T07:45,2.3,0.0,75.0
TOS03001963,2026-10-06T08:00,2.2,0.0,77.0
TOS03001963,2026-10-06T08:15,2.3,0.0,83.0
TOS03001963,2026-10-06T08:30,2.4,0.0,77.0
TOS03001963,2026-10-06T08:45,2.9,0.0,85.0
TOS03001963,2026-10-06T09:00,2.7,0.0,83.0
TOS03001963,2026-10-06T09:15,2.9,0.0,75.0
TOS03001963,2026-10-06T09:30,2.6,0.0,77.0
TOS03001963,2026-10-06T09:45,2.3,0.0,72.0
TOS03001963,2026-10-06T10:00,2.6,0.0,68.0
TOS03001963,2026-10-06T10:15,2.7,0.0,66.0
TOS03001963,2026-10-06T10:30,2.3,0.0,64.0
TOS03001963,2026-10-06T10:45,2.5,0.0,75.0
TOS03001963,2026-10-06T11:00,2.0,0.0,65.0
TOS03001963,2026-10-06T11:15,2.0,0.0,64.0
TOS03001963,2026-10-06T11:30,2.2,0.0,69.0
TOS03001963,2026-10-06T11:45,2.0,0.0,72.0
TOS03001963,2026-10-06T12:00,2.0,0.0,68.0
TOS03001963,2026-10-06T12:15,1.7,0.0,53.0
TOS03001963,2026-10-06T12:30,1.0,0.0,289.0
TOS03001963,2026-10-06T12:45,0.7,0.0,249.0
TOS03001963,2026-10-06T13:00,0.8,0.0,258.0
TOS03001963,2026-10-06T13:15,1.2,0.0,255.0
TOS03001963,2026-10-06T13:30,1.4,0.0,267.0
TOS03001963,2026-10-06T13:45,0.9,0.0,23.0
TOS03001963,2026-10-06T14:00,0.9,0.0,357.0
TOS03001963,2026-10-06T14:15,1.2,0.0,298.0
TOS03001963,2026-10-06T14:30,1.5,0.0,246.0
TOS03001963,2026-10-06T14:45,1.3,0.0,249.0
TOS03001963,2026-10-06T15:00,1.6,0.0,258.0
TOS03001963,2026-10-06T15:15,1.6,0.0,262.0
TOS03001963,2026-10-06T15:30,1.6,0.0,260.0
TOS03001963,2026-10-06T15:45,1.5,0.0,256.0
TOS03001963,2026-10-06T16:00,1.8,0.0,258.0
TOS03001963,2026-10-06T16:15,1.8,0.0,259.0
TOS03001963,2026-10-06T16:30,1.8,0.0,260.0
TOS03001963,2026-10-06T16:45,1.6,0.0,258.0
TOS03001963,2026-10-06T17:00,1.5,0.0,255.0
TOS03001963,2026-10-06T17:15,1.2,0.0,254.0
TOS03001963,2026-10-06T17:30,1.3,0.0,248.0
TOS03001963,2026-10-06T17:45,1.1,0.0,242.0
TOS03001963,2026-10-06T18:00,0.9,0.0,224.0
TOS03001963,2026-10-06T18:15,0.8,0.0,208.0
TOS03001963,2026-10-06T18:30,0.6,0.0,192.0
TOS03001963,2026-10-06T18:45,0.7,0.0,197.0
TOS03001963,2026-10-06T19:00,0.7,0.0,197.0
TOS03001963,2026-10-06T19:15,0.5,0.0,110.0
TOS03001963,2026-10-06T19:30,0.8,0.0,69.0
TOS03001963,2026-10-06T19:45,1.4,0.0,91.0
TOS03001963,2026-10-06T20:00,1.4,0.0,89.0
TOS03001963,2026-10-06T20:15,1.6,0.0,104.0
TOS03001963,2026-10-06T20:30,1.2,0.0,103.0
TOS03001963,2026-10-06T20:45,1.5,0.0,111.0
TOS03001963,2026-10-06T21:00,0.8,0.0,147.0
TOS03001963,2026-10-06T21:15,0.6,0.0,127.0
TOS03001963,2026-10-06T21:30,0.5,0.0,229.0
TOS03001963,2026-10-06T21:45,0.7,0.0,221.0
TOS03001963,2026-10-06T22:00,0.8,0.0,134.0
TOS03001963,2026-10-06T22:15,1.1,0.0,110.0
TOS03001963,2026-10-06T22:30,0.5,0.0,48.0
TOS03001963,2026-10-06T22:45,0.8,0.0,72.0
TOS03001963,2026-10-06T23:00,1.4,0.0,108.0
TOS03001963,2026-10-06T23:15,0.8,0.0,93.0
TOS03001963,2026-10-06T23:30,0.7,0.0,65.0
TOS03001963,2026-10-06T23:45,0.6,0.0,100.0
TOS11000001,2026-10-06T00:00,0.3,0.6,119.0
TOS11000001,2026-10-06T00:15,1.3,2.3,167.0
TOS11000001,2026-10-06T00:30,1.4,1.8,159.0
TOS11000001,2026-10-06T00:45,1.3,1.7,96.0
TOS11000001,2026-10-06T01:00,0.9,1.5,43.0
TOS11000001,2026-10-06T01:15,0.7,1.1,59.0
TOS11000001,2026-10-06T01:30,0.5,1.0,3.0
TOS11000001,2026-10-06T01:45,0.8,1.4,232.0
TOS11000001,2026-10-06T02:00,1.1,1.4,209.0
TOS11000001,2026-10-06T02:15,1.1,1.7,236.0
TOS11000001,2026-10-06T02:30,0.9,1.2,225.0
TOS11000001,2026-10-06T02:45,1.0,1.4,207.0
TOS11000001,2026-10-06T03:00,1.3,2.1,157.0
TOS11000001,2026-10-06T03:15,0.9,1.5,90.0
TOS11000001,2026-10-06T03:30,0.8,1.4,160.0
TOS11000001,2026-10-06T03:45,1.9,2.8,181.0
TOS11000001,2026-10-06T04:00,1.1,1.9,193.0
TOS11000001,2026-10-06T04:15,0.5,0.8,137.0
TOS11000001,2026-10-06T04:30,0.5,1.1,115.0
TOS11000001,2026-10-06T04:45,0.7,2.0,176.0
TOS11000001,2026-10-06T05:00,0.8,1.8,193.0
TOS11000001,2026-10-06T05:15,0.6,1.2,253.0
TOS11000001,2026-10-06T05:30,1.1,1.9,232.0
TOS11000001,2026-10-06T05:45,1.1,2.5,199.0
TOS11000001,2026-10-06T06:00,1.5,2.3,174.0
TOS11000001,2026-10-06T06:15,0.7,2.0,179.0
TOS11000001,2026-10-06T06:30,0.6,1.3,215.0
TOS11000001,2026-10-06T06:45,0.6,1.1,232.0
TOS11000001,2026-10-06T07:00,0.6,1.0,212.0
TOS11000001,2026-10-06T07:15,0.6,0.9,201.0
TOS11000001,2026-10-06T07:30,0.8,1.3,228.0
TOS11000001,2026-10-06T07:45,1.6,2.2,187.0
TOS11000001,2026-10-06T08:00,1.4,2.5,201.0
TOS11000001,2026-10-06T08:15,0.8,1.7,140.0
TOS11000001,2026-10-06T08:30,1.2,1.9,132.0
TOS11000001,2026-10-06T08:45,1.2,2.3,134.0
TOS11000001,2026-10-06T09:00,1.5,2.9,227.0
TOS11000001,2026-10-06T09:15,1.6,2.6,248.0
TOS11000001,2026-10-06T09:30,0.9,2.3,278.0
TOS11000001,2026-10-06T09:45,2.1,3.5,103.0
TOS11000001,2026-10-06T10:00,2.0,4.1,103.0
TOS11000001,2026-10-06T10:15,1.7,2.8,138.0
TOS11000001,2026-10-06T10:30,1.2,2.4,128.0
TOS11000001,2026-10-06T10:45,1.6,3.6,77.0
TOS11000001,2026-10-06T11:00,1.8,3.6,84.0
TOS11000001,2026-10-06T11:15,1.9,3.7,100.0
TOS11000001,2026-10-06T11:30,1.0,3.0,63.0
TOS11000001,2026-10-06T11:45,1.4,3.3,80.0
TOS11000001,2026-10-06T12:00,2.2,4.1,141.0
TOS11000001,2026-10-06T12:15,1.9,4.0,195.0
TOS11000001,2026-10-06T12:30,2.6,4.3,164.0
TOS11000001,2026-10-06T12:45,2.0,4.8,193.0
TOS11000001,2026-10-06T13:00,2.1,4.1,52.0
TOS11000001,2026-10-06T13:15,1.6,3.1,79.0
TOS11000001,2026-10-06T13:30,1.7,3.7,44.0
TOS11000001,2026-10-06T13:45,2.4,4.8,352.0
TOS11000001,2026-10-06T14:00,1.7,3.2,355.0
TOS11000001,2026-10-06T14:15,1.3,2.5,65.0
TOS11000001,2026-10-06T14:30,2.0,3.4,134.0
TOS11000001,2026-10-06T14:45,3.5,5.7,251.0
TOS11000001,2026-10-06T15:00,2.2,4.5,278.0
TOS11000001,2026-10-06T15:15,2.7,5.0,271.0
TOS11000001,2026-10-06T15:30,2.2,4.4,279.0
TOS11000001,2026-10-06T15:45,2.4,4.5,264.0
TOS11000001,2026-10-06T16:00,2.2,4.7,286.0
TOS11000001,2026-10-06T16:15,2.2,4.4,266.0
TOS11000001,2026-10-06T16:30,1.7,3.5,280.0
TOS11000001,2026-10-06T16:45,1.7,4.0,293.0
TOS11000001,2026-10-06T17:00,1.5,3.2,289.0
TOS11000001,2026-10-06T17:15,1.7,3.5,296.0
TOS11000001,2026-10-06T17:30,1.3,2.7,293.0
TOS11000001,2026-10-06T17:45,0.6,1.7,298.0
TOS11000001,2026-10-06T18:00,0.3,0.6,271.0
TOS11000001,2026-10-06T18:15,0.4,0.6,178.0
TOS11000001,2026-10-06T18:30,0.2,0.4,185.0
TOS11000001,2026-10-06T18:45,0.3,0.9,35.0
TOS11000001,2026-10-06T19:00,1.0,1.6,138.0
TOS11000001,2026-10-06T19:15,0.3,0.8,180.0
TOS11000001,2026-10-06T19:30,0.3,0.5,45.0
TOS11000001,2026-10-06T19:45,0.5,0.9,46.0
TOS11000001,2026-10-06T20:00,0.6,0.8,72.0
TOS11000001,2026-10-06T20:15,0.5,0.9,115.0
TOS11000001,2026-10-06T20:30,0.5,0.8,104.0
TOS11000001,2026-10-06T20:45,0.4,0.6,120.0
TOS11000001,2026-10-06T21:00,0.4,0.7,53.0
TOS11000001,2026-10-06T21:15,0.4,0.5,216.0
TOS11000001,2026-10-06T21:30,0.3,0.7,323.0
TOS11000001,2026-10-06T21:45,0.3,0.9,295.0
TOS11000001,2026-10-06T22:00,0.1,0.3,240.0
TOS11000001,2026-10-06T22:15,0.5,0.8,229.0
TOS11000001,2026-10-06T22:30,0.3,0.5,8.0
TOS11000001,2026-10-06T22:45,0.3,0.7,147.0
TOS11000001,2026-10-06T23:00,0.9,1.5,138.0
TOS11000001,2026-10-06T23:15,0.8,1.0,204.0
TOS11000001,2026-10-06T23:30,0.6,1.0,187.0
TOS11000001,2026-10-06T23:45,0.6,0.9,165.0
TOS11000011,2026-10-06T00:00,0.9,1.2,132.0
TOS11000011,2026-10-06T00:15,0.5,0.8,68.0
TOS11000011,2026-10-06T00:30,0.6,1.0,30.0
TOS11000011,2026-10-06T00:45,0.6,1.0,35.0
TOS11000011,2026-10-06T01:00,0.5,0.9,44.0
TOS11000011,2026-10-06T01:15,0.3,0.5,141.0
TOS11000011,2026-10-06T01:30,0.2,0.4,59.0
TOS11000011,2026-10-06T01:45,0.3,0.9,40.0
TOS11000011,2026-10-06T02:00,0.4,0.7,55.0
TOS11000011,2026-10-06T02:15,0.4,1.0,19.0
TOS11000011,2026-10-06T02:30,0.4,0.8,130.0
TOS11000011,2026-10-06T02:45,0.4,0.7,28.0
TOS11000011,2026-10-06T03:00,0.7,1.2,23.0
TOS11000011,2026-10-06T03:15,0.5,0.8,19.0
TOS11000011,2026-10-06T03:30,0.5,0.8,351.0
TOS11000011,2026-10-06T03:45,0.3,1.1,160.0
TOS11000011,2026-10-06T04:00,0.7,1.3,152.0
TOS11000011,2026-10-06T04:15,0.5,1.0,151.0
TOS11000011,2026-10-06T04:30,0.7,1.1,21.0
TOS11000011,2026-10-06T04:45,0.2,0.4,3.0
TOS11000011,2026-10-06T05:00,0.3,0.5,168.0
TOS11000011,2026-10-06T05:15,0.7,1.1,354.0
TOS11000011,2026-10-06T05:30,0.7,1.6,348.0
TOS11000011,2026-10-06T05:45,0.9,1.6,90.0
TOS11000011,2026-10-06T06:00,0.7,1.2,240.0
TOS11000011,2026-10-06T06:15,0.4,1.1,280.0
TOS11000011,2026-10-06T06:30,0.3,0.7,60.0
TOS11000011,2026-10-06T06:45,0.4,1.2,37.0
TOS11000011,2026-10-06T07:00,1.0,1.4,121.0
TOS11000011,2026-10-06T07:15,0.6,1.1,58.0
TOS11000011,2026-10-06T07:30,0.5,1.4,97.0
TOS11000011,2026-10-06T07:45,0.8,1.2,55.0
TOS11000011,2026-10-06T08:00,0.6,1.1,67.0
TOS11000011,2026-10-06T08:15,0.5,1.0,22.0
TOS11000011,2026-10-06T09:00,1.1,2.0,140.0
TOS11000011,2026-10-06T09:15,1.0,1.6,148.0
TOS11000011,2026-10-06T09:30,1.4,2.3,170.0
TOS11000011,2026-10-06T09:45,1.6,2.7,164.0
TOS11000011,2026-10-06T10:00,1.4,2.6,175.0
TOS11000011,2026-10-06T10:15,1.4,3.4,176.0
TOS11000011,2026-10-06T10:30,2.0,3.7,145.0
TOS11000011,2026-10-06T10:45,2.5,4.5,156.0
TOS11000011,2026-10-06T11:00,2.5,5.0,104.0
TOS11000011,2026-10-06T11:15,3.0,5.2,113.0
TOS11000011,2026-10-06T11:30,3.3,5.6,130.0
TOS11000011,2026-10-06T11:45,3.4,5.5,152.0
TOS11000011,2026-10-06T12:00,2.6,5.1,135.0
TOS11000011,2026-10-06T12:15,1.9,4.2,139.0
TOS11000011,2026-10-06T12:30,2.2,4.5,152.0
TOS11000011,2026-10-06T12:45,2.9,4.9,245.0
TOS11000011,2026-10-06T13:00,2.5,4.3,265.0
TOS11000011,2026-10-06T13:15,2.5,4.8,268.0
TOS11000011,2026-10-06T13:30,3.6,6.0,275.0
TOS11000011,2026-10-06T13:45,3.6,5.7,278.0
TOS11000011,2026-10-06T14:00,3.4,5.8,278.0
TOS11000011,2026-10-06T14:15,3.3,5.6,272.0
TOS11000011,2026-10-06T14:30,3.2,5.5,276.0
TOS11000011,2026-10-06T14:45,3.0,5.6,284.0
TOS11000011,2026-10-06T15:00,2.7,4.7,278.0
TOS11000011,2026-10-06T15:15,2.7,4.7,282.0
TOS11000011,2026-10-06T15:30,2.7,4.7,286.0
TOS11000011,2026-10-06T15:45,2.6,4.4,279.0
TOS11000011,2026-10-06T16:00,2.5,4.2,285.0
TOS11000011,2026-10-06T16:15,2.3,3.7,270.0
TOS11000011,2026-10-06T16:30,2.5,4.3,254.0
TOS11000011,2026-10-06T16:45,2.3,3.9,259.0
TOS11000011,2026-10-06T17:00,1.8,3.0,265.0
TOS11000011,2026-10-06T17:15,1.3,2.6,270.0
TOS11000011,2026-10-06T17:30,1.2,1.9,276.0
TOS11000011,2026-10-06T17:45,0.9,1.8,245.0
TOS11000011,2026-10-06T18:00,0.4,1.2,210.0
TOS11000011,2026-10-06T18:15,0.4,0.7,122.0
TOS11000011,2026-10-06T18:30,0.5,0.9,99.0
TOS11000011,2026-10-06T18:45,0.4,0.7,47.0
TOS11000011,2026-10-06T19:00,0.8,1.1,123.0
TOS11000011,2026-10-06T19:15,0.7,1.1,134.0
TOS11000011,2026-10-06T19:30,0.8,1.5,115.0
TOS11000011,2026-10-06T19:45,0.6,1.8,30.0
TOS11000011,2026-10-06T20:00,0.5,1.0,31.0
TOS11000011,2026-10-06T20:15,0.3,0.8,150.0
TOS11000011,2026-10-06T20:30,0.3,0.4,130.0
TOS11000011,2026-10-06T20:45,0.4,0.8,88.0
TOS11000011,2026-10-06T21:00,0.4,0.9,40.0
TOS11000011,2026-10-06T21:15,0.3,0.9,36.0
TOS11000011,2026-10-06T21:30,0.3,0.7,56.0
TOS11000011,2026-10-06T21:45,0.5,0.8,31.0
TOS11000011,2026-10-06T22:00,0.3,0.6,46.0
TOS11000011,2026-10-06T22:15,0.6,0.9,13.0
TOS11000011,2026-10-06T22:30,0.4,0.6,64.0
TOS11000011,2026-10-06T22:45,0.5,1.1,115.0
TOS11000011,2026-10-06T23:00,0.5,0.8,26.0
TOS11000011,2026-10-06T23:15,0.3,0.7,22.0
TOS11000011,2026-10-06T23:30,0.5,1.0,102.0
TOS11000011,2026-10-06T23:45,0.5,0.7,142.0
TOS11000020,2026-10-06T00:00,0.4,0.8,24.0
TOS11000020,2026-10-06T00:15,0.4,0.8,71.0
TOS11000020,2026-10-06T00:30,0.5,0.9,100.0
TOS11000020,2026-10-06T00:45,0.5,1.1,57.0
TOS11000020,2026-10-06T01:00,0.7,1.0,18.0
TOS11000020,2026-10-06T01:15,0.5,0.8,37.0
TOS11000020,2026-10-06T01:30,0.5,0.8,44.0
TOS11000020,2026-10-06T01:45,0.5,0.8,47.0
TOS11000020,2026-10-06T02:00,0.5,0.8,40.0
TOS11000020,2026-10-06T02:15,0.5,0.8,42.0
TOS11000020,2026-10-06T02:30,0.4,0.8,98.0
TOS11000020,2026-10-06T02:45,0.3,0.8,101.0
TOS11000020,2026-10-06T03:00,0.5,1.1,99.0
TOS11000020,2026-10-06T03:15,0.7,1.2,102.0
TOS11000020,2026-10-06T03:30,0.7,1.2,101.0
TOS11000020,2026-10-06T03:45,0.6,1.1,100.0
TOS11000020,2026-10-06T04:00,0.3,0.8,75.0
TOS11000020,2026-10-06T04:15,0.4,1.0,38.0
TOS11000020,2026-10-06T04:30,0.4,1.0,51.0
TOS11000020,2026-10-06T04:45,0.4,1.0,69.0
TOS11000020,2026-10-06T05:00,0.5,1.5,115.0
TOS11000020,2026-10-06T05:15,0.4,1.2,100.0
TOS11000020,2026-10-06T05:30,0.4,1.1,98.0
TOS11000020,2026-10-06T05:45,1.2,1.8,102.0
TOS11000020,2026-10-06T06:00,1.1,2.2,100.0
TOS11000020,2026-10-06T06:15,0.5,1.3,101.0
TOS11000020,2026-10-06T06:30,0.4,1.3,42.0
TOS11000020,2026-10-06T06:45,0.4,1.1,113.0
TOS11000020,2026-10-06T07:00,0.4,1.1,94.0
TOS11000020,2026-10-06T07:15,0.6,1.6,104.0
TOS11000020,2026-10-06T07:30,1.3,2.2,101.0
TOS11000020,2026-10-06T07:45,1.5,2.4,101.0
TOS11000020,2026-10-06T08:00,1.6,3.1,101.0
TOS11000020,2026-10-06T08:15,1.5,3.7,104.0
TOS11000020,2026-10-06T08:30,1.4,3.6,111.0
TOS11000020,2026-10-06T08:45,1.4,3.9,112.0
TOS11000020,2026-10-06T09:00,1.6,3.7,115.0
TOS11000020,2026-10-06T09:15,1.6,3.5,121.0
TOS11000020,2026-10-06T09:30,1.2,3.0,113.0
TOS11000020,2026-10-06T09:45,1.5,3.9,114.0
TOS11000020,2026-10-06T10:00,1.3,3.4,120.0
TOS11000020,2026-10-06T10:15,1.4,3.5,106.0
TOS11000020,2026-10-06T10:30,1.4,4.5,114.0
TOS11000020,2026-10-06T10:45,1.3,4.0,126.0
TOS11000020,2026-10-06T11:00,1.7,3.6,141.0
TOS11000020,2026-10-06T11:15,1.3,3.2,114.0
TOS11000020,2026-10-06T11:30,1.6,3.3,119.0
TOS11000020,2026-10-06T11:45,1.5,3.7,121.0
TOS11000020,2026-10-06T12:00,1.5,4.1,122.0
TOS11000020,2026-10-06T12:15,1.5,4.7,121.0
TOS11000020,2026-10-06T12:30,1.4,2.9,123.0
TOS11000020,2026-10-06T12:45,1.5,3.9,127.0
TOS11000020,2026-10-06T13:00,1.9,5.0,117.0
TOS11000020,2026-10-06T13:15,1.8,4.6,136.0
TOS11000020,2026-10-06T13:30,1.7,3.4,140.0
TOS11000020,2026-10-06T13:45,1.8,4.1,131.0
TOS11000020,2026-10-06T14:00,1.8,3.7,145.0
TOS11000020,2026-10-06T14:15,1.6,4.3,151.0
TOS11000020,2026-10-06T14:30,1.7,3.1,152.0
TOS11000020,2026-10-06T14:45,1.4,3.6,155.0
TOS11000020,2026-10-06T15:00,1.5,3.4,137.0
TOS11000020,2026-10-06T15:15,1.4,2.5,153.0
TOS11000020,2026-10-06T15:30,0.9,2.1,159.0
TOS11000020,2026-10-06T15:45,1.1,2.6,144.0
TOS11000020,2026-10-06T16:00,1.2,2.4,147.0
TOS11000020,2026-10-06T16:15,0.8,1.9,135.0
TOS11000020,2026-10-06T16:30,0.9,1.9,230.0
TOS11000020,2026-10-06T16:45,0.9,2.0,159.0
TOS11000020,2026-10-06T17:00,0.7,1.5,170.0
TOS11000020,2026-10-06T17:15,0.6,1.4,234.0
TOS11000020,2026-10-06T17:30,0.4,1.1,220.0
TOS11000020,2026-10-06T17:45,0.2,0.8,189.0
TOS11000020,2026-10-06T18:00,0.4,0.9,47.0
TOS11000020,2026-10-06T18:15,0.3,1.3,27.0
TOS11000020,2026-10-06T18:30,0.7,2.0,82.0
TOS11000020,2026-10-06T18:45,0.4,0.9,34.0
TOS11000020,2026-10-06T19:00,0.4,0.8,24.0
TOS11000020,2026-10-06T19:15,0.4,1.0,36.0
TOS11000020,2026-10-06T19:30,0.3,1.1,43.0
TOS11000020,2026-10-06T19:45,0.3,1.0,79.0
TOS11000020,2026-10-06T20:00,0.5,1.4,95.0
TOS11000020,2026-10-06T20:15,0.6,1.3,103.0
TOS11000020,2026-10-06T20:30,0.5,1.2,96.0
TOS11000020,2026-10-06T20:45,0.5,1.3,101.0
TOS11000020,2026-10-06T21:00,0.4,1.0,65.0
TOS11000020,2026-10-06T21:15,0.4,0.9,34.0
TOS11000020,2026-10-06T21:30,0.4,1.1,68.0
TOS11000020,2026-10-06T21:45,0.4,1.2,64.0
TOS11000020,2026-10-06T22:00,0.4,0.9,51.0
TOS11000020,2026-10-06T22:15,0.6,1.1,27.0
TOS11000020,2026-10-06T22:30,0.5,1.0,26.0
TOS11000020,2026-10-06T22:45,0.5,0.8,42.0
TOS11000020,2026-10-06T23:00,0.4,0.8,36.0
TOS11000020,2026-10-06T23:15,0.4,0.9,37.0
TOS11000020,2026-10-06T23:30,0.4,0.7,40.0
TOS11000020,2026-10-06T23:45,0.5,0.8,27.0
TOS11000027,2026-10-06T00:00,0.8,1.4,6.0
TOS11000027,2026-10-06T00:15,0.5,1.0,315.0
TOS11000027,2026-10-06T00:30,0.5,0.9,252.0
TOS11000027,2026-10-06T00:45,0.8,1.0,280.0
TOS11000027,2026-10-06T01:00,0.7,1.9,313.0
TOS11000027,2026-10-06T01:15,0.5,1.3,244.0
TOS11000027,2026-10-06T01:30,0.1,0.4,294.0
TOS11000027,2026-10-06T01:45,0.4,0.9,4.0
TOS11000027,2026-10-06T02:00,0.4,0.7,212.0
TOS11000027,2026-10-06T02:15,0.2,1.1,305.0
TOS11000027,2026-10-06T02:30,0.6,0.9,348.0
TOS11000027,2026-10-06T02:45,0.5,0.9,9.0
TOS11000027,2026-10-06T03:00,0.7,1.1,318.0
TOS11000027,2026-10-06T03:15,0.3,0.9,237.0
TOS11000027,2026-10-06T03:30,0.1,0.5,46.0
TOS11000027,2026-10-06T03:45,0.1,0.3,136.0
TOS11000027,2026-10-06T04:00,0.3,1.1,206.0
TOS11000027,2026-10-06T04:15,0.5,1.0,258.0
TOS11000027,2026-10-06T04:30,0.9,1.4,346.0
TOS11000027,2026-10-06T04:45,1.4,2.1,8.0
TOS11000027,2026-10-06T05:00,0.4,0.8,125.0
TOS11000027,2026-10-06T05:15,0.3,0.6,131.0
TOS11000027,2026-10-06T05:30,0.4,0.8,195.0
TOS11000027,2026-10-06T05:45,0.4,0.9,167.0
TOS11000027,2026-10-06T06:00,0.5,1.1,273.0
TOS11000027,2026-10-06T06:15,0.6,1.1,350.0
TOS11000027,2026-10-06T06:30,0.6,1.2,213.0
TOS11000027,2026-10-06T06:45,0.4,1.0,223.0
TOS11000027,2026-10-06T07:00,0.3,0.7,217.0
TOS11000027,2026-10-06T07:15,0.9,1.4,4.0
TOS11000027,2026-10-06T07:30,0.8,1.6,57.0
TOS11000027,2026-10-06T07:45,0.5,0.7,201.0
TOS11000027,2026-10-06T08:00,0.4,0.6,171.0
TOS11000027,2026-10-06T08:15,0.6,1.5,28.0
TOS11000027,2026-10-06T08:30,0.4,1.4,348.0
TOS11000027,2026-10-06T08:45,0.6,1.0,7.0
TOS11000027,2026-10-06T09:00,0.3,1.1,51.0
TOS11000027,2026-10-06T09:15,0.6,1.0,187.0
TOS11000027,2026-10-06T09:30,0.5,0.9,177.0
TOS11000027,2026-10-06T09:45,0.4,1.0,186.0
TOS11000027,2026-10-06T10:00,0.6,1.2,174.0
TOS11000027,2026-10-06T10:15,0.6,1.2,176.0
TOS11000027,2026-10-06T10:30,0.5,1.3,180.0
TOS11000027,2026-10-06T10:45,0.5,1.3,198.0
TOS11000027,2026-10-06T11:00,0.4,1.3,184.0
TOS11000027,2026-10-06T11:15,0.5,1.0,186.0
TOS11000027,2026-10-06T11:30,0.5,1.7,198.0
TOS11000027,2026-10-06T11:45,0.4,0.9,195.0
TOS11000027,2026-10-06T12:00,0.4,1.4,203.0
TOS11000027,2026-10-06T12:15,0.4,0.9,194.0
TOS11000027,2026-10-06T12:30,0.6,1.6,177.0
TOS11000027,2026-10-06T12:45,0.6,1.3,187.0
TOS11000027,2026-10-06T13:00,0.7,1.8,189.0
TOS11000027,2026-10-06T13:15,0.7,1.9,182.0
TOS11000027,2026-10-06T13:30,0.9,2.3,184.0
TOS11000027,2026-10-06T13:45,0.5,1.0,192.0
TOS11000027,2026-10-06T14:00,0.6,1.5,187.0
TOS11000027,2026-10-06T14:15,0.6,2.1,198.0
TOS11000027,2026-10-06T14:30,0.6,1.9,183.0
TOS11000027,2026-10-06T14:45,0.6,1.2,201.0
TOS11000027,2026-10-06T15:00,0.8,2.3,193.0
TOS11000027,2026-10-06T15:15,0.6,1.7,194.0
TOS11000027,2026-10-06T15:30,0.6,1.7,194.0
TOS11000027,2026-10-06T15:45,0.4,1.4,193.0
TOS11000027,2026-10-06T16:00,0.4,0.8,218.0
TOS11000027,2026-10-06T16:15,0.5,1.4,186.0
TOS11000027,2026-10-06T16:30,0.3,0.6,299.0
TOS11000027,2026-10-06T16:45,0.3,0.6,189.0
TOS11000027,2026-10-06T17:00,0.1,0.5,173.0
TOS11000027,2026-10-06T17:15,0.3,0.9,175.0
TOS11000027,2026-10-06T17:30,0.2,0.8,253.0
TOS11000027,2026-10-06T17:45,0.2,0.8,221.0
TOS11000027,2026-10-06T18:00,0.1,0.4,273.0
TOS11000027,2026-10-06T18:15,0.7,1.3,29.0
TOS11000027,2026-10-06T18:30,1.3,1.7,29.0
TOS11000027,2026-10-06T18:45,1.3,1.8,20.0
TOS11000027,2026-10-06T19:00,0.8,1.3,5.0
TOS11000027,2026-10-06T19:15,0.5,0.9,140.0
TOS11000027,2026-10-06T19:30,0.6,1.7,52.0
TOS11000027,2026-10-06T19:45,1.5,2.5,49.0
TOS11000027,2026-10-06T20:00,1.4,2.0,39.0
TOS11000027,2026-10-06T20:15,1.6,2.3,36.0
TOS11000027,2026-10-06T20:30,1.3,2.0,41.0
TOS11000027,2026-10-06T20:45,0.6,1.0,41.0
TOS11000027,2026-10-06T21:00,1.0,1.6,26.0
TOS11000027,2026-10-06T21:15,0.8,1.4,33.0
TOS11000027,2026-10-06T21:30,0.7,1.2,40.0
TOS11000027,2026-10-06T21:45,0.8,1.0,6.0
TOS11000027,2026-10-06T22:00,1.3,1.8,9.0
TOS11000027,2026-10-06T22:15,1.2,1.8,6.0
TOS11000027,2026-10-06T22:30,0.6,1.3,0.0
TOS11000027,2026-10-06T22:45,0.7,1.1,5.0
TOS11000027,2026-10-06T23:00,0.7,1.1,5.0
TOS11000027,2026-10-06T23:15,1.0,1.3,7.0
TOS11000027,2026-10-06T23:30,0.5,1.1,354.0
TOS11000027,2026-10-06T23:45,0.5,0.8,282.0
TOS11000029,2026-10-06T00:00,1.0,2.2,38.0
TOS11000029,2026-10-06T00:15,1.2,2.4,26.0
TOS11000029,2026-10-06T00:30,1.4,2.8,27.0
TOS11000029,2026-10-06T00:45,1.2,2.5,28.0
TOS11000029,2026-10-06T01:00,1.0,1.9,40.0
TOS11000029,2026-10-06T01:15,0.9,1.8,41.0
TOS11000029,2026-10-06T01:30,1.0,2.5,54.0
TOS11000029,2026-10-06T01:45,1.3,2.6,57.0
TOS11000029,2026-10-06T02:00,1.3,2.7,44.0
TOS11000029,2026-10-06T02:15,1.3,2.7,43.0
TOS11000029,2026-10-06T02:30,1.0,2.9,41.0
TOS11000029,2026-10-06T02:45,1.0,2.3,35.0
TOS11000029,2026-10-06T03:00,1.0,2.5,30.0
TOS11000029,2026-10-06T03:15,0.7,1.9,2.0
TOS11000029,2026-10-06T03:30,1.3,2.2,26.0
TOS11000029,2026-10-06T03:45,1.2,2.3,29.0
TOS11000029,2026-10-06T04:00,1.0,2.2,18.0
TOS11000029,2026-10-06T04:15,0.7,1.3,331.0
TOS11000029,2026-10-06T04:30,0.7,1.4,7.0
TOS11000029,2026-10-06T04:45,0.8,1.5,27.0
TOS11000029,2026-10-06T05:00,1.1,2.0,20.0
TOS11000029,2026-10-06T05:15,0.7,1.7,23.0
TOS11000029,2026-10-06T05:30,0.7,1.6,41.0
TOS11000029,2026-10-06T05:45,0.7,1.7,39.0
TOS11000029,2026-10-06T06:00,0.7,1.7,356.0
TOS11000029,2026-10-06T06:15,0.7,1.7,38.0
TOS11000029,2026-10-06T06:30,1.3,2.6,27.0
TOS11000029,2026-10-06T06:45,1.8,3.5,21.0
TOS11000029,2026-10-06T07:00,1.5,2.3,35.0
TOS11000029,2026-10-06T07:15,1.4,2.1,43.0
TOS11000029,2026-10-06T07:30,0.8,1.7,44.0
TOS11000029,2026-10-06T07:45,0.6,1.4,36.0
TOS11000029,2026-10-06T08:00,0.7,1.5,37.0
TOS11000029,2026-10-06T08:15,0.7,1.6,65.0
TOS11000029,2026-10-06T08:30,0.9,2.2,96.0
TOS11000029,2026-10-06T08:45,1.6,2.7,121.0
TOS11000029,2026-10-06T09:00,1.5,2.9,110.0
TOS11000029,2026-10-06T09:15,1.2,2.6,119.0
TOS11000029,2026-10-06T09:30,1.3,3.1,132.0
TOS11000029,2026-10-06T09:45,1.1,3.6,120.0
TOS11000029,2026-10-06T10:00,1.6,3.9,123.0
TOS11000029,2026-10-06T10:15,1.3,3.3,123.0
TOS11000029,2026-10-06T10:30,1.2,3.4,131.0
TOS11000029,2026-10-06T10:45,1.0,3.3,194.0
TOS11000029,2026-10-06T11:00,1.0,3.0,165.0
TOS11000029,2026-10-06T11:15,1.1,3.2,163.0
TOS11000029,2026-10-06T11:30,1.1,2.8,194.0
TOS11000029,2026-10-06T11:45,0.8,2.3,214.0
TOS11000029,2026-10-06T12:00,1.1,3.2,197.0
TOS11000029,2026-10-06T12:15,1.3,3.6,186.0
TOS11000029,2026-10-06T12:30,0.9,2.3,195.0
TOS11000029,2026-10-06T12:45,1.1,3.1,206.0
TOS11000029,2026-10-06T13:00,1.4,3.6,208.0
TOS11000029,2026-10-06T13:15,1.7,4.4,195.0
TOS11000029,2026-10-06T13:30,1.4,3.5,188.0
TOS11000029,2026-10-06T13:45,1.3,3.4,203.0
TOS11000029,2026-10-06T14:00,1.4,2.9,152.0
TOS11000029,2026-10-06T14:15,1.0,2.4,128.0
TOS11000029,2026-10-06T14:30,0.9,4.2,140.0
TOS11000029,2026-10-06T14:45,1.8,4.2,181.0
TOS11000029,2026-10-06T15:00,1.2,2.8,189.0
TOS11000029,2026-10-06T15:15,1.3,2.7,182.0
TOS11000029,2026-10-06T15:30,1.0,2.2,168.0
TOS11000029,2026-10-06T15:45,1.1,2.6,168.0
TOS11000029,2026-10-06T16:00,1.3,2.5,172.0
TOS11000029,2026-10-06T16:15,0.8,2.8,199.0
TOS11000029,2026-10-06T16:30,0.9,2.3,58.0
TOS11000029,2026-10-06T16:45,1.2,2.6,34.0
TOS11000029,2026-10-06T17:00,1.1,2.3,22.0
TOS11000029,2026-10-06T17:15,1.2,2.4,4.0
TOS11000029,2026-10-06T17:30,0.6,1.5,14.0
TOS11000029,2026-10-06T17:45,0.7,1.4,24.0
TOS11000029,2026-10-06T18:00,1.1,2.2,43.0
TOS11000029,2026-10-06T18:15,1.0,2.4,106.0
TOS11000029,2026-10-06T18:30,1.1,2.5,55.0
TOS11000029,2026-10-06T18:45,1.5,2.6,43.0
TOS11000029,2026-10-06T19:00,1.4,2.2,47.0
TOS11000029,2026-10-06T19:15,1.7,3.7,61.0
TOS11000029,2026-10-06T19:30,1.6,3.1,56.0
TOS11000029,2026-10-06T19:45,1.3,2.8,43.0
TOS11000029,2026-10-06T20:00,1.1,2.3,9.0
TOS11000029,2026-10-06T20:15,0.7,1.9,11.0
TOS11000029,2026-10-06T20:30,0.9,1.6,23.0
TOS11000029,2026-10-06T20:45,1.2,2.2,36.0
TOS11000029,2026-10-06T21:00,0.8,1.8,51.0
TOS11000029,2026-10-06T21:15,1.0,2.3,56.0
TOS11000029,2026-10-06T21:30,1.2,2.6,31.0
TOS11000029,2026-10-06T21:45,0.9,1.9,11.0
TOS11000029,2026-10-06T22:00,0.6,2.3,48.0
TOS11000029,2026-10-06T22:15,0.7,1.9,35.0
TOS11000029,2026-10-06T22:30,1.0,1.8,33.0
TOS11000029,2026-10-06T22:45,0.9,1.8,27.0
TOS11000029,2026-10-06T23:00,0.7,1.8,1.0
TOS11000029,2026-10-06T23:15,1.4,3.1,25.0
TOS11000029,2026-10-06T23:30,1.6,2.6,59.0
TOS11000029,2026-10-06T23:45,0.9,2.2,31.0
TOS11000031,2026-10-06T00:00,0.4,0.9,339.0
TOS11000031,2026-10-06T00:15,0.4,1.0,327.0
TOS11000031,2026-10-06T00:30,0.6,1.0,332.0
TOS11000031,2026-10-06T00:45,0.7,1.5,339.0
TOS11000031,2026-10-06T01:00,0.6,1.4,36.0
TOS11000031,2026-10-06T01:15,0.6,1.6,38.0
TOS11000031,2026-10-06T01:30,1.0,1.9,31.0
TOS11000031,2026-10-06T01:45,0.6,1.1,148.0
TOS11000031,2026-10-06T02:00,0.8,1.6,343.0
TOS11000031,2026-10-06T02:15,0.4,1.2,19.0
TOS11000031,2026-10-06T02:30,0.9,1.6,319.0
TOS11000031,2026-10-06T02:45,0.5,0.9,356.0
TOS11000031,2026-10-06T03:00,0.5,1.0,6.0
TOS11000031,2026-10-06T03:15,0.7,1.0,346.0
TOS11000031,2026-10-06T03:30,0.4,0.7,3.0
TOS11000031,2026-10-06T03:45,0.3,1.0,12.0
TOS11000031,2026-10-06T04:00,0.4,1.1,336.0
TOS11000031,2026-10-06T04:15,0.4,0.7,343.0
TOS11000031,2026-10-06T04:30,0.4,1.0,320.0
TOS11000031,2026-10-06T04:45,0.4,0.8,341.0
TOS11000031,2026-10-06T05:00,0.4,0.9,340.0
TOS11000031,2026-10-06T05:15,0.4,0.7,7.0
TOS11000031,2026-10-06T05:30,0.3,0.8,11.0
TOS11000031,2026-10-06T05:45,0.3,0.7,72.0
TOS11000031,2026-10-06T06:00,0.6,1.5,358.0
TOS11000031,2026-10-06T06:15,0.4,1.0,322.0
TOS11000031,2026-10-06T06:30,0.4,0.9,26.0
TOS11000031,2026-10-06T06:45,0.5,1.0,9.0
TOS11000031,2026-10-06T07:00,0.4,1.0,359.0
TOS11000031,2026-10-06T07:15,0.5,0.8,8.0
TOS11000031,2026-10-06T07:30,0.7,1.6,91.0
TOS11000031,2026-10-06T07:45,0.8,1.7,130.0
TOS11000031,2026-10-06T08:00,0.8,1.4,139.0
TOS11000031,2026-10-06T08:15,0.6,1.4,131.0
TOS11000031,2026-10-06T08:30,0.5,1.3,139.0
TOS11000031,2026-10-06T08:45,0.5,1.6,155.0
TOS11000031,2026-10-06T09:00,0.7,1.8,162.0
TOS11000031,2026-10-06T09:15,1.2,2.2,149.0
TOS11000031,2026-10-06T09:30,0.9,2.4,158.0
TOS11000031,2026-10-06T09:45,0.8,1.6,187.0
TOS11000031,2026-10-06T10:00,0.6,1.3,28.0
TOS11000031,2026-10-06T10:15,1.1,2.6,53.0
TOS11000031,2026-10-06T10:30,1.1,2.6,50.0
TOS11000031,2026-10-06T10:45,1.2,2.5,72.0
TOS11000031,2026-10-06T11:00,1.1,2.5,59.0
TOS11000031,2026-10-06T11:15,1.3,3.7,87.0
TOS11000031,2026-10-06T11:30,1.7,3.6,143.0
TOS11000031,2026-10-06T11:45,1.8,3.6,145.0
TOS11000031,2026-10-06T12:00,1.3,3.3,132.0
TOS11000031,2026-10-06T12:15,1.9,4.0,152.0
TOS11000031,2026-10-06T12:30,2.4,5.8,128.0
TOS11000031,2026-10-06T12:45,2.0,4.8,151.0
TOS11000031,2026-10-06T13:00,2.2,5.0,139.0
TOS11000031,2026-10-06T13:15,1.7,4.1,99.0
TOS11000031,2026-10-06T13:30,2.1,4.6,153.0
TOS11000031,2026-10-06T13:45,1.9,5.3,123.0
TOS11000031,2026-10-06T14:00,2.2,4.5,147.0
TOS11000031,2026-10-06T14:15,1.8,4.0,152.0
TOS11000031,2026-10-06T14:30,1.8,3.3,139.0
TOS11000031,2026-10-06T14:45,1.6,3.5,103.0
TOS11000031,2026-10-06T15:00,1.7,3.5,152.0
TOS11000031,2026-10-06T15:15,1.0,2.5,162.0
TOS11000031,2026-10-06T15:30,1.8,3.7,146.0
TOS11000031,2026-10-06T15:45,1.7,3.1,144.0
TOS11000031,2026-10-06T16:00,1.4,3.4,124.0
TOS11000031,2026-10-06T16:15,2.0,3.4,143.0
TOS11000031,2026-10-06T16:30,1.7,3.4,144.0
TOS11000031,2026-10-06T16:45,1.3,2.6,147.0
TOS11000031,2026-10-06T17:00,1.3,2.3,34.0
TOS11000031,2026-10-06T17:15,1.0,3.0,4.0
TOS11000031,2026-10-06T17:30,1.0,2.0,344.0
TOS11000031,2026-10-06T17:45,1.3,2.5,309.0
TOS11000031,2026-10-06T18:00,1.2,3.0,314.0
TOS11000031,2026-10-06T18:15,0.8,1.5,294.0
TOS11000031,2026-10-06T18:30,1.0,1.8,297.0
TOS11000031,2026-10-06T18:45,1.1,1.8,303.0
TOS11000031,2026-10-06T19:00,0.9,2.2,317.0
TOS11000031,2026-10-06T19:15,0.6,1.6,309.0
TOS11000031,2026-10-06T19:30,0.7,0.9,301.0
TOS11000031,2026-10-06T19:45,0.6,0.9,308.0
TOS11000031,2026-10-06T20:00,0.3,0.5,331.0
TOS11000031,2026-10-06T20:15,0.4,0.9,331.0
TOS11000031,2026-10-06T20:30,0.5,0.9,0.0
TOS11000031,2026-10-06T20:45,0.5,0.9,18.0
TOS11000031,2026-10-06T21:00,0.3,0.7,1.0
TOS11000031,2026-10-06T21:15,0.3,0.8,24.0
TOS11000031,2026-10-06T21:30,0.6,1.1,333.0
TOS11000031,2026-10-06T21:45,0.3,0.7,12.0
TOS11000031,2026-10-06T22:00,0.5,1.0,337.0
TOS11000031,2026-10-06T22:15,0.5,1.0,332.0
TOS11000031,2026-10-06T22:30,0.8,1.6,328.0
TOS11000031,2026-10-06T22:45,0.6,1.3,339.0
TOS11000031,2026-10-06T23:00,1.0,1.4,323.0
TOS11000031,2026-10-06T23:15,0.7,1.2,347.0
TOS11000031,2026-10-06T23:30,0.5,1.0,343.0
TOS11000031,2026-10-06T23:45,0.5,1.2,324.0
TOS11000032,2026-10-06T00:00,2.1,4.0,11.0
TOS11000032,2026-10-06T00:15,1.8,3.5,12.0
TOS11000032,2026-10-06T00:30,2.0,3.3,7.0
TOS11000032,2026-10-06T00:45,1.6,2.9,0.0
TOS11000032,2026-10-06T01:00,0.9,1.7,352.0
TOS11000032,2026-10-06T01:15,1.1,2.1,352.0
TOS11000032,2026-10-06T01:30,0.7,1.7,328.0
TOS11000032,2026-10-06T01:45,1.0,2.3,332.0
TOS11000032,2026-10-06T02:00,1.4,2.5,6.0
TOS11000032,2026-10-06T02:15,0.8,1.9,302.0
TOS11000032,2026-10-06T02:30,0.7,1.2,296.0
TOS11000032,2026-10-06T02:45,0.9,1.8,351.0
TOS11000032,2026-10-06T03:00,0.7,1.4,298.0
TOS11000032,2026-10-06T03:15,0.5,0.9,296.0
TOS11000032,2026-10-06T03:30,0.9,2.1,335.0
TOS11000032,2026-10-06T03:45,0.8,1.9,313.0
TOS11000032,2026-10-06T04:00,0.6,1.4,271.0
TOS11000032,2026-10-06T04:15,0.6,1.2,1.0
TOS11000032,2026-10-06T04:30,1.1,1.8,357.0
TOS11000032,2026-10-06T04:45,0.6,1.6,345.0
TOS11000032,2026-10-06T05:00,0.9,1.4,337.0
TOS11000032,2026-10-06T05:15,0.7,1.1,321.0
TOS11000032,2026-10-06T05:30,0.7,1.5,325.0
TOS11000032,2026-10-06T05:45,1.1,2.1,335.0
TOS11000032,2026-10-06T06:00,0.8,1.7,242.0
TOS11000032,2026-10-06T06:15,0.5,1.4,60.0
TOS11000032,2026-10-06T06:30,0.8,1.6,327.0
TOS11000032,2026-10-06T06:45,0.7,1.3,351.0
TOS11000032,2026-10-06T07:00,0.4,1.2,356.0
TOS11000032,2026-10-06T07:15,0.7,1.2,353.0
TOS11000032,2026-10-06T07:30,0.6,1.3,179.0
TOS11000032,2026-10-06T07:45,0.4,0.9,114.0
TOS11000032,2026-10-06T08:00,0.6,1.3,164.0
TOS11000032,2026-10-06T08:15,1.3,2.8,141.0
TOS11000032,2026-10-06T08:30,0.6,1.5,156.0
TOS11000032,2026-10-06T08:45,0.7,1.4,139.0
TOS11000032,2026-10-06T09:00,0.7,1.2,216.0
TOS11000032,2026-10-06T09:15,0.9,2.5,206.0
TOS11000032,2026-10-06T09:30,1.5,3.1,172.0
TOS11000032,2026-10-06T09:45,1.1,2.3,163.0
TOS11000032,2026-10-06T10:00,1.1,2.9,164.0
TOS11000032,2026-10-06T10:15,1.4,3.6,125.0
TOS11000032,2026-10-06T10:30,2.5,5.6,141.0
TOS11000032,2026-10-06T10:45,2.7,4.8,149.0
TOS11000032,2026-10-06T11:00,2.4,4.5,127.0
TOS11000032,2026-10-06T11:15,1.8,4.1,122.0
TOS11000032,2026-10-06T11:30,2.8,5.9,141.0
TOS11000032,2026-10-06T11:45,2.8,5.2,154.0
TOS11000032,2026-10-06T12:00,2.7,4.6,163.0
TOS11000032,2026-10-06T12:15,2.5,4.2,140.0
TOS11000032,2026-10-06T12:30,2.9,4.7,148.0
TOS11000032,2026-10-06T12:45,3.2,6.4,153.0
TOS11000032,2026-10-06T13:00,3.2,5.2,166.0
TOS11000032,2026-10-06T13:15,2.6,5.7,163.0
TOS11000032,2026-10-06T13:30,2.7,5.3,156.0
TOS11000032,2026-10-06T13:45,2.7,4.8,148.0
TOS11000032,2026-10-06T14:00,2.0,4.1,136.0
TOS11000032,2026-10-06T14:15,2.2,4.8,143.0
TOS11000032,2026-10-06T14:30,2.5,4.5,149.0
TOS11000032,2026-10-06T14:45,2.3,4.6,150.0
TOS11000032,2026-10-06T15:00,2.3,4.3,143.0
TOS11000032,2026-10-06T15:15,2.0,4.8,152.0
TOS11000032,2026-10-06T15:30,2.3,4.8,163.0
TOS11000032,2026-10-06T15:45,1.9,4.7,160.0
TOS11000032,2026-10-06T16:00,1.6,3.7,158.0
TOS11000032,2026-10-06T16:15,1.9,4.8,161.0
TOS11000032,2026-10-06T16:30,2.3,4.5,146.0
TOS11000032,2026-10-06T16:45,1.8,3.5,149.0
TOS11000032,2026-10-06T17:00,1.4,3.1,153.0
TOS11000032,2026-10-06T17:15,0.9,2.1,149.0
TOS11000032,2026-10-06T17:30,0.6,1.5,114.0
TOS11000032,2026-10-06T17:45,0.3,0.9,102.0
TOS11000032,2026-10-06T18:00,0.5,1.1,1.0
TOS11000032,2026-10-06T18:15,0.4,0.9,326.0
TOS11000032,2026-10-06T18:30,0.6,1.1,322.0
TOS11000032,2026-10-06T18:45,0.5,1.4,221.0
TOS11000032,2026-10-06T19:00,0.5,1.7,242.0
TOS11000032,2026-10-06T19:15,1.3,2.5,1.0
TOS11000032,2026-10-06T19:30,1.2,2.0,356.0
TOS11000032,2026-10-06T19:45,1.3,2.2,1.0
TOS11000032,2026-10-06T20:00,1.7,2.7,8.0
TOS11000032,2026-10-06T20:15,2.0,3.1,13.0
TOS11000032,2026-10-06T20:30,1.9,3.0,19.0
TOS11000032,2026-10-06T20:45,1.6,2.6,19.0
TOS11000032,2026-10-06T21:00,1.7,3.0,3.0
TOS11000032,2026-10-06T21:15,1.5,2.8,7.0
TOS11000032,2026-10-06T21:30,1.7,2.7,10.0
TOS11000032,2026-10-06T21:45,1.8,2.9,8.0
TOS11000032,2026-10-06T22:00,1.8,2.6,2.0
TOS11000032,2026-10-06T22:15,1.8,2.8,355.0
TOS11000032,2026-10-06T22:30,1.8,2.5,351.0
TOS11000032,2026-10-06T22:45,1.9,2.7,355.0
TOS11000032,2026-10-06T23:00,2.0,3.0,356.0
TOS11000032,2026-10-06T23:15,2.0,3.2,6.0
TOS11000032,2026-10-06T23:30,1.7,2.9,10.0
TOS11000032,2026-10-06T23:45,2.1,3.0,5.0
TOS11000033,2026-10-06T00:00,0.9,1.5,249.0
TOS11000033,2026-10-06T00:15,0.8,2.1,253.0
TOS11000033,2026-10-06T00:30,0.6,1.2,236.0
TOS11000033,2026-10-06T00:45,0.9,1.9,253.0
TOS11000033,2026-10-06T01:00,0.8,1.8,263.0
TOS11000033,2026-10-06T01:15,0.9,1.6,262.0
TOS11000033,2026-10-06T01:30,0.6,1.5,257.0
TOS11000033,2026-10-06T01:45,0.8,1.5,265.0
TOS11000033,2026-10-06T02:00,0.9,1.6,268.0
TOS11000033,2026-10-06T02:15,0.9,1.9,276.0
TOS11000033,2026-10-06T02:30,0.7,1.4,263.0
TOS11000033,2026-10-06T02:45,0.9,1.4,261.0
TOS11000033,2026-10-06T03:00,0.6,1.3,262.0
TOS11000033,2026-10-06T03:15,0.8,1.7,269.0
TOS11000033,2026-10-06T03:30,0.8,1.5,249.0
TOS11000033,2026-10-06T03:45,0.6,1.7,223.0
TOS11000033,2026-10-06T04:00,0.6,1.2,198.0
TOS11000033,2026-10-06T04:15,0.4,1.0,200.0
TOS11000033,2026-10-06T04:30,0.5,1.0,245.0
TOS11000033,2026-10-06T04:45,0.4,1.0,251.0
TOS11000033,2026-10-06T05:00,0.8,1.7,261.0
TOS11000033,2026-10-06T05:15,0.7,1.6,264.0
TOS11000033,2026-10-06T05:30,0.7,1.8,256.0
TOS11000033,2026-10-06T05:45,0.7,2.2,244.0
TOS11000033,2026-10-06T06:00,0.7,1.3,242.0
TOS11000033,2026-10-06T06:15,0.6,1.7,200.0
TOS11000033,2026-10-06T06:30,1.1,1.8,232.0
TOS11000033,2026-10-06T06:45,0.5,1.0,252.0
TOS11000033,2026-10-06T07:00,0.5,1.3,250.0
TOS11000033,2026-10-06T07:15,0.4,0.9,255.0
TOS11000033,2026-10-06T07:30,0.8,1.2,116.0
TOS11000033,2026-10-06T07:45,0.9,1.4,145.0
TOS11000033,2026-10-06T08:00,0.9,1.5,106.0
TOS11000033,2026-10-06T08:15,0.5,1.3,105.0
TOS11000033,2026-10-06T08:30,0.2,0.6,223.0
TOS11000033,2026-10-06T08:45,0.4,1.1,5.0
TOS11000033,2026-10-06T09:00,0.4,1.2,42.0
TOS11000033,2026-10-06T09:15,0.5,1.2,187.0
TOS11000033,2026-10-06T09:30,0.9,1.8,136.0
TOS11000033,2026-10-06T09:45,0.6,1.6,32.0
TOS11000033,2026-10-06T10:00,0.8,2.2,74.0
TOS11000033,2026-10-06T10:15,1.0,2.6,108.0
TOS11000033,2026-10-06T10:30,0.9,2.2,13.0
TOS11000033,2026-10-06T10:45,0.8,1.5,23.0
TOS11000033,2026-10-06T11:00,1.2,2.7,91.0
TOS11000033,2026-10-06T11:15,1.2,2.7,109.0
TOS11000033,2026-10-06T11:30,0.9,2.1,159.0
TOS11000033,2026-10-06T11:45,1.2,2.8,158.0
TOS11000033,2026-10-06T12:00,1.2,2.7,127.0
TOS11000033,2026-10-06T12:15,1.7,3.7,129.0
TOS11000033,2026-10-06T12:30,1.7,4.0,130.0
TOS11000033,2026-10-06T12:45,1.5,4.1,132.0
TOS11000033,2026-10-06T13:00,1.6,3.9,133.0
TOS11000033,2026-10-06T13:15,1.8,3.7,131.0
TOS11000033,2026-10-06T13:30,1.8,4.1,114.0
TOS11000033,2026-10-06T13:45,1.4,3.8,106.0
TOS11000033,2026-10-06T14:00,1.6,4.7,116.0
TOS11000033,2026-10-06T14:15,1.6,3.0,131.0
TOS11000033,2026-10-06T14:30,1.3,3.4,104.0
TOS11000033,2026-10-06T14:45,0.9,2.2,175.0
TOS11000033,2026-10-06T15:00,0.8,1.9,207.0
TOS11000033,2026-10-06T15:15,0.8,1.5,206.0
TOS11000033,2026-10-06T15:30,0.8,1.9,144.0
TOS11000033,2026-10-06T15:45,0.8,1.3,203.0
TOS11000033,2026-10-06T16:00,0.9,2.0,188.0
TOS11000033,2026-10-06T16:15,0.8,1.9,212.0
TOS11000033,2026-10-06T16:30,1.0,1.8,218.0
TOS11000033,2026-10-06T16:45,0.7,1.5,251.0
TOS11000033,2026-10-06T17:00,1.2,2.1,265.0
TOS11000033,2026-10-06T17:15,1.3,2.2,269.0
TOS11000033,2026-10-06T17:30,1.2,1.9,267.0
TOS11000033,2026-10-06T17:45,0.5,1.2,191.0
TOS11000033,2026-10-06T18:00,0.8,1.6,220.0
TOS11000033,2026-10-06T18:15,0.9,1.4,251.0
TOS11000033,2026-10-06T18:30,0.8,1.6,247.0
TOS11000033,2026-10-06T18:45,0.9,1.9,244.0
TOS11000033,2026-10-06T19:00,0.6,1.6,224.0
TOS11000033,2026-10-06T19:15,0.8,2.0,248.0
TOS11000033,2026-10-06T19:30,0.8,2.0,265.0
TOS11000033,2026-10-06T19:45,0.8,1.6,246.0
TOS11000033,2026-10-06T20:00,0.7,1.4,214.0
TOS11000033,2026-10-06T20:15,0.6,1.7,242.0
TOS11000033,2026-10-06T20:30,1.0,2.1,259.0
TOS11000033,2026-10-06T20:45,0.9,1.5,248.0
TOS11000033,2026-10-06T21:00,0.9,1.8,260.0
TOS11000033,2026-10-06T21:15,1.1,2.1,269.0
TOS11000033,2026-10-06T21:30,0.9,1.7,253.0
TOS11000033,2026-10-06T21:45,1.0,1.9,258.0
TOS11000033,2026-10-06T22:00,1.0,2.0,257.0
TOS11000033,2026-10-06T22:15,0.9,1.9,242.0
TOS11000033,2026-10-06T22:30,1.1,1.8,263.0
TOS11000033,2026-10-06T22:45,1.0,1.8,254.0
TOS11000033,2026-10-06T23:00,0.6,1.4,279.0
TOS11000033,2026-10-06T23:15,1.0,1.7,265.0
TOS11000033,2026-10-06T23:30,0.6,1.7,243.0
TOS11000033,2026-10-06T23:45,1.1,1.8,266.0
TOS11000034,2026-10-06T00:00,0.3,0.9,333.0
TOS11000034,2026-10-06T00:15,0.5,1.1,301.0
TOS11000034,2026-10-06T00:30,0.3,1.0,345.0
TOS11000034,2026-10-06T00:45,0.4,1.2,298.0
TOS11000034,2026-10-06T01:00,0.4,1.3,309.0
TOS11000034,2026-10-06T01:15,0.4,1.1,321.0
TOS11000034,2026-10-06T01:30,0.3,0.8,314.0
TOS11000034,2026-10-06T01:45,0.3,1.2,316.0
TOS11000034,2026-10-06T02:00,0.5,1.2,276.0
TOS11000034,2026-10-06T02:15,0.3,0.8,315.0
TOS11000034,2026-10-06T02:30,0.2,0.9,345.0
TOS11000034,2026-10-06T02:45,0.4,0.9,279.0
TOS11000034,2026-10-06T03:00,0.3,0.7,334.0
TOS11000034,2026-10-06T03:15,0.4,1.2,291.0
TOS11000034,2026-10-06T03:30,0.3,0.7,331.0
TOS11000034,2026-10-06T03:45,0.3,0.8,317.0
TOS11000034,2026-10-06T04:00,0.3,0.7,334.0
TOS11000034,2026-10-06T04:15,0.2,0.5,336.0
TOS11000034,2026-10-06T04:30,0.3,0.5,10.0
TOS11000034,2026-10-06T04:45,0.3,0.7,318.0
TOS11000034,2026-10-06T05:00,0.3,0.8,294.0
TOS11000034,2026-10-06T05:15,0.3,0.8,296.0
TOS11000034,2026-10-06T05:30,0.2,0.5,329.0
TOS11000034,2026-10-06T05:45,0.3,0.8,341.0
TOS11000034,2026-10-06T06:00,0.3,0.7,348.0
TOS11000034,2026-10-06T06:15,0.3,0.9,311.0
TOS11000034,2026-10-06T06:30,0.4,1.0,284.0
TOS11000034,2026-10-06T06:45,0.2,0.6,336.0
TOS11000034,2026-10-06T07:00,0.1,0.6,325.0
TOS11000034,2026-10-06T07:15,0.2,0.6,304.0
TOS11000034,2026-10-06T07:30,0.4,1.2,292.0
TOS11000034,2026-10-06T07:45,0.6,1.2,197.0
TOS11000034,2026-10-06T08:00,0.5,1.3,237.0
TOS11000034,2026-10-06T08:15,0.6,1.3,209.0
TOS11000034,2026-10-06T08:30,0.6,1.4,123.0
TOS11000034,2026-10-06T08:45,0.7,1.5,198.0
TOS11000034,2026-10-06T09:00,1.1,1.7,227.0
TOS11000034,2026-10-06T09:15,0.8,1.4,201.0
TOS11000034,2026-10-06T09:30,0.9,2.0,161.0
TOS11000034,2026-10-06T09:45,1.1,1.9,147.0
TOS11000034,2026-10-06T10:00,1.1,2.3,152.0
TOS11000034,2026-10-06T10:15,1.1,2.6,117.0
TOS11000034,2026-10-06T10:30,1.4,3.0,123.0
TOS11000034,2026-10-06T10:45,1.6,3.3,128.0
TOS11000034,2026-10-06T11:00,1.5,3.6,125.0
TOS11000034,2026-10-06T11:15,1.8,3.7,130.0
TOS11000034,2026-10-06T11:30,2.0,3.6,117.0
TOS11000034,2026-10-06T11:45,2.3,4.3,133.0
TOS11000034,2026-10-06T12:00,2.2,4.4,141.0
TOS11000034,2026-10-06T12:15,2.1,4.0,159.0
TOS11000034,2026-10-06T12:30,1.6,2.8,149.0
TOS11000034,2026-10-06T12:45,2.1,3.5,196.0
TOS11000034,2026-10-06T13:00,1.9,4.5,186.0
TOS11000034,2026-10-06T13:15,2.1,3.6,154.0
TOS11000034,2026-10-06T13:30,1.4,3.3,84.0
TOS11000034,2026-10-06T13:45,1.1,3.5,349.0
TOS11000034,2026-10-06T14:00,0.9,2.8,354.0
TOS11000034,2026-10-06T14:15,1.1,3.2,350.0
TOS11000034,2026-10-06T14:30,0.8,2.5,354.0
TOS11000034,2026-10-06T14:45,1.0,3.7,351.0
TOS11000034,2026-10-06T15:00,0.9,2.1,348.0
TOS11000034,2026-10-06T15:15,1.1,2.5,201.0
TOS11000034,2026-10-06T15:30,1.1,3.5,133.0
TOS11000034,2026-10-06T15:45,0.5,1.9,11.0
TOS11000034,2026-10-06T16:00,0.6,1.9,348.0
TOS11000034,2026-10-06T16:15,0.7,3.5,343.0
TOS11000034,2026-10-06T16:30,0.7,1.9,333.0
TOS11000034,2026-10-06T16:45,0.5,1.9,277.0
TOS11000034,2026-10-06T17:00,0.4,1.4,307.0
TOS11000034,2026-10-06T17:15,1.2,2.4,244.0
TOS11000034,2026-10-06T17:30,0.6,2.1,278.0
TOS11000034,2026-10-06T17:45,0.4,2.3,332.0
TOS11000034,2026-10-06T18:00,0.6,1.8,5.0
TOS11000034,2026-10-06T18:15,0.6,1.7,346.0
TOS11000034,2026-10-06T18:30,0.8,2.0,248.0
TOS11000034,2026-10-06T18:45,0.7,1.7,273.0
TOS11000034,2026-10-06T19:00,0.4,1.0,284.0
TOS11000034,2026-10-06T19:15,0.6,1.5,259.0
TOS11000034,2026-10-06T19:30,0.4,1.2,287.0
TOS11000034,2026-10-06T19:45,0.7,1.6,269.0
TOS11000034,2026-10-06T20:00,0.5,1.8,300.0
TOS11000034,2026-10-06T20:15,0.5,1.5,277.0
TOS11000034,2026-10-06T20:30,0.3,1.0,301.0
TOS11000034,2026-10-06T20:45,0.4,1.2,296.0
TOS11000034,2026-10-06T21:00,0.5,1.1,284.0
TOS11000034,2026-10-06T21:15,0.4,0.9,317.0
TOS11000034,2026-10-06T21:30,0.4,1.1,286.0
TOS11000034,2026-10-06T21:45,0.3,0.7,334.0
TOS11000034,2026-10-06T22:00,0.4,1.2,290.0
TOS11000034,2026-10-06T22:15,0.4,1.1,307.0
TOS11000034,2026-10-06T22:30,0.4,1.7,295.0
TOS11000034,2026-10-06T22:45,0.4,0.9,306.0
TOS11000034,2026-10-06T23:00,0.5,1.4,321.0
TOS11000034,2026-10-06T23:15,0.4,1.2,310.0
TOS11000034,2026-10-06T23:30,0.4,1.3,306.0
TOS11000034,2026-10-06T23:45,0.4,1.4,313.0
TOS11000036,2026-10-06T00:00,1.2,1.5,173.0
TOS11000036,2026-10-06T00:15,1.1,1.6,190.0
TOS11000036,2026-10-06T00:30,0.7,1.1,197.0
TOS11000036,2026-10-06T00:45,1.2,1.9,189.0
TOS11000036,2026-10-06T01:00,1.0,1.7,191.0
TOS11000036,2026-10-06T01:15,0.8,1.4,190.0
TOS11000036,2026-10-06T01:30,1.3,1.9,188.0
TOS11000036,2026-10-06T01:45,1.3,2.0,188.0
TOS11000036,2026-10-06T02:00,0.9,1.4,183.0
TOS11000036,2026-10-06T02:15,0.8,1.1,165.0
TOS11000036,2026-10-06T02:30,0.9,1.5,159.0
TOS11000036,2026-10-06T02:45,0.9,1.4,195.0
TOS11000036,2026-10-06T03:00,0.7,1.5,175.0
TOS11000036,2026-10-06T03:15,1.1,1.7,174.0
TOS11000036,2026-10-06T03:30,1.2,1.7,183.0
TOS11000036,2026-10-06T03:45,1.7,2.4,200.0
TOS11000036,2026-10-06T04:00,1.0,1.6,196.0
TOS11000036,2026-10-06T04:15,0.4,0.9,218.0
TOS11000036,2026-10-06T04:30,0.6,0.8,202.0
TOS11000036,2026-10-06T04:45,0.4,0.9,199.0
TOS11000036,2026-10-06T05:00,0.5,1.1,222.0
TOS11000036,2026-10-06T05:15,0.4,0.8,222.0
TOS11000036,2026-10-06T05:30,0.5,1.0,235.0
TOS11000036,2026-10-06T05:45,0.7,1.3,192.0
TOS11000036,2026-10-06T06:00,1.0,1.5,170.0
TOS11000036,2026-10-06T06:15,1.1,1.5,186.0
TOS11000036,2026-10-06T06:30,1.0,1.5,184.0
TOS11000036,2026-10-06T06:45,1.0,1.7,180.0
TOS11000036,2026-10-06T07:00,0.9,1.4,184.0
TOS11000036,2026-10-06T07:15,0.4,1.2,92.0
TOS11000036,2026-10-06T07:30,0.9,2.1,113.0
TOS11000036,2026-10-06T07:45,0.4,1.8,71.0
TOS11000036,2026-10-06T08:00,0.5,1.3,78.0
TOS11000036,2026-10-06T08:15,0.5,1.4,65.0
TOS11000036,2026-10-06T08:30,0.9,2.4,101.0
TOS11000036,2026-10-06T08:45,0.7,2.0,90.0
TOS11000036,2026-10-06T09:00,0.7,2.4,77.0
TOS11000036,2026-10-06T09:15,0.9,3.1,82.0
TOS11000036,2026-10-06T09:30,0.8,2.0,77.0
TOS11000036,2026-10-06T09:45,0.8,2.2,79.0
TOS11000036,2026-10-06T10:00,0.7,1.7,75.0
TOS11000036,2026-10-06T10:15,0.6,1.4,78.0
TOS11000036,2026-10-06T10:30,0.7,2.2,72.0
TOS11000036,2026-10-06T10:45,0.7,1.9,73.0
TOS11000036,2026-10-06T11:00,0.9,2.8,80.0
TOS11000036,2026-10-06T11:15,0.8,2.9,73.0
TOS11000036,2026-10-06T11:30,1.1,3.0,101.0
TOS11000036,2026-10-06T11:45,1.0,3.0,107.0
TOS11000036,2026-10-06T12:00,1.2,3.7,74.0
TOS11000036,2026-10-06T12:15,1.1,3.7,141.0
TOS11000036,2026-10-06T12:30,1.7,4.0,145.0
TOS11000036,2026-10-06T12:45,0.9,3.9,106.0
TOS11000036,2026-10-06T13:00,1.2,2.8,42.0
TOS11000036,2026-10-06T13:15,1.1,3.2,29.0
TOS11000036,2026-10-06T13:30,1.2,2.7,154.0
TOS11000036,2026-10-06T13:45,1.0,3.2,157.0
TOS11000036,2026-10-06T14:00,2.0,4.1,141.0
TOS11000036,2026-10-06T14:15,1.5,3.7,201.0
TOS11000036,2026-10-06T14:30,1.0,2.6,33.0
TOS11000036,2026-10-06T14:45,1.2,2.7,358.0
TOS11000036,2026-10-06T15:00,1.2,2.7,353.0
TOS11000036,2026-10-06T15:15,0.6,1.8,250.0
TOS11000036,2026-10-06T15:30,1.1,4.2,357.0
TOS11000036,2026-10-06T15:45,0.8,2.0,284.0
TOS11000036,2026-10-06T16:00,0.7,1.8,307.0
TOS11000036,2026-10-06T16:15,0.7,2.0,280.0
TOS11000036,2026-10-06T16:30,0.8,1.8,272.0
TOS11000036,2026-10-06T16:45,1.2,3.0,298.0
TOS11000036,2026-10-06T17:00,0.6,2.1,284.0
TOS11000036,2026-10-06T17:15,0.6,1.4,286.0
TOS11000036,2026-10-06T17:30,0.5,1.2,187.0
TOS11000036,2026-10-06T17:45,0.6,1.5,326.0
TOS11000036,2026-10-06T18:00,0.3,0.9,304.0
TOS11000036,2026-10-06T18:15,0.5,1.0,206.0
TOS11000036,2026-10-06T18:30,0.5,0.8,342.0
TOS11000036,2026-10-06T18:45,0.6,1.3,181.0
TOS11000036,2026-10-06T19:00,0.5,1.1,203.0
TOS11000036,2026-10-06T19:15,0.6,1.2,5.0
TOS11000036,2026-10-06T19:30,0.6,1.1,240.0
TOS11000036,2026-10-06T19:45,0.9,1.3,171.0
TOS11000036,2026-10-06T20:00,1.1,1.5,191.0
TOS11000036,2026-10-06T20:15,1.0,1.5,175.0
TOS11000036,2026-10-06T20:30,1.2,1.6,179.0
TOS11000036,2026-10-06T20:45,0.9,1.3,187.0
TOS11000036,2026-10-06T21:00,1.0,1.4,169.0
TOS11000036,2026-10-06T21:15,1.0,1.5,181.0
TOS11000036,2026-10-06T21:30,0.9,1.5,184.0
TOS11000036,2026-10-06T21:45,0.9,1.3,167.0
TOS11000036,2026-10-06T22:00,0.9,1.1,194.0
TOS11000036,2026-10-06T22:15,1.1,1.4,176.0
TOS11000036,2026-10-06T22:30,1.0,1.3,186.0
TOS11000036,2026-10-06T22:45,1.2,1.9,175.0
TOS11000036,2026-10-06T23:00,1.1,1.7,192.0
TOS11000036,2026-10-06T23:15,1.0,1.7,203.0
TOS11000036,2026-10-06T23:30,1.1,1.9,183.0
TOS11000036,2026-10-06T23:45,0.9,1.6,200.0
TOS11000045,2026-10-06T00:00,0.6,0.9,145.0
TOS11000045,2026-10-06T00:15,0.9,1.5,93.0
TOS11000045,2026-10-06T00:30,1.0,1.7,107.0
TOS11000045,2026-10-06T00:45,1.8,2.5,119.0
TOS11000045,2026-10-06T01:00,1.9,2.6,128.0
TOS11000045,2026-10-06T01:15,2.0,2.7,122.0
TOS11000045,2026-10-06T01:30,1.8,2.4,116.0
TOS11000045,2026-10-06T01:45,1.9,2.6,93.0
TOS11000045,2026-10-06T02:00,2.1,2.7,116.0
TOS11000045,2026-10-06T02:15,2.1,2.6,120.0
TOS11000045,2026-10-06T02:30,2.0,2.7,150.0
TOS11000045,2026-10-06T02:45,1.8,2.5,135.0
TOS11000045,2026-10-06T03:00,1.8,2.5,130.0
TOS11000045,2026-10-06T03:15,1.9,2.7,139.0
TOS11000045,2026-10-06T03:30,2.3,2.9,130.0
TOS11000045,2026-10-06T03:45,2.4,3.3,118.0
TOS11000045,2026-10-06T04:00,1.9,2.8,123.0
TOS11000045,2026-10-06T04:15,2.2,3.0,124.0
TOS11000045,2026-10-06T04:30,2.7,3.2,124.0
TOS11000045,2026-10-06T04:45,2.6,3.3,131.0
TOS11000045,2026-10-06T05:00,2.4,3.2,134.0
TOS11000045,2026-10-06T05:15,2.1,3.2,136.0
TOS11000045,2026-10-06T05:30,1.6,2.3,111.0
TOS11000045,2026-10-06T05:45,1.7,2.3,31.0
TOS11000045,2026-10-06T06:00,1.9,2.8,123.0
TOS11000045,2026-10-06T06:15,1.8,2.4,117.0
TOS11000045,2026-10-06T06:30,1.7,2.3,81.0
TOS11000045,2026-10-06T06:45,2.3,3.2,127.0
TOS11000045,2026-10-06T07:00,3.1,4.0,128.0
TOS11000045,2026-10-06T07:15,3.0,4.4,126.0
TOS11000045,2026-10-06T07:30,2.6,3.7,117.0
TOS11000045,2026-10-06T07:45,2.0,2.7,114.0
TOS11000045,2026-10-06T08:00,1.4,2.2,95.0
TOS11000045,2026-10-06T08:15,1.7,2.5,111.0
TOS11000045,2026-10-06T08:30,1.5,2.9,109.0
TOS11000045,2026-10-06T08:45,1.8,2.9,114.0
TOS11000045,2026-10-06T09:00,1.8,2.9,109.0
TOS11000045,2026-10-06T09:15,1.8,2.8,110.0
TOS11000045,2026-10-06T09:30,1.0,2.2,179.0
TOS11000045,2026-10-06T09:45,0.9,2.5,203.0
TOS11000045,2026-10-06T10:00,1.2,2.4,118.0
TOS11000045,2026-10-06T10:15,1.4,2.7,119.0
TOS11000045,2026-10-06T10:30,1.6,2.8,141.0
TOS11000045,2026-10-06T10:45,1.2,2.8,157.0
TOS11000045,2026-10-06T11:00,1.7,3.2,112.0
TOS11000045,2026-10-06T11:15,1.2,2.6,118.0
TOS11000045,2026-10-06T11:30,1.8,3.0,111.0
TOS11000045,2026-10-06T11:45,2.4,5.2,146.0
TOS11000045,2026-10-06T12:00,2.3,4.9,123.0
TOS11000045,2026-10-06T12:15,2.2,4.6,147.0
TOS11000045,2026-10-06T12:30,2.2,4.0,146.0
TOS11000045,2026-10-06T12:45,2.3,4.5,158.0
TOS11000045,2026-10-06T13:00,1.3,3.6,132.0
TOS11000045,2026-10-06T13:15,1.9,4.5,73.0
TOS11000045,2026-10-06T13:30,1.4,3.4,112.0
TOS11000045,2026-10-06T13:45,2.0,3.9,129.0
TOS11000045,2026-10-06T14:00,2.1,4.0,138.0
TOS11000045,2026-10-06T14:15,2.0,3.6,140.0
TOS11000045,2026-10-06T14:30,1.7,3.8,135.0
TOS11000045,2026-10-06T14:45,2.1,4.4,164.0
TOS11000045,2026-10-06T15:00,1.7,3.9,145.0
TOS11000045,2026-10-06T15:15,1.7,3.6,107.0
TOS11000045,2026-10-06T15:30,2.0,3.5,161.0
TOS11000045,2026-10-06T15:45,1.5,4.1,152.0
TOS11000045,2026-10-06T16:00,1.5,2.5,162.0
TOS11000045,2026-10-06T16:15,1.1,3.7,122.0
TOS11000045,2026-10-06T16:30,1.2,2.4,159.0
TOS11000045,2026-10-06T16:45,0.9,2.4,144.0
TOS11000045,2026-10-06T17:00,0.4,1.0,211.0
TOS11000045,2026-10-06T17:15,1.6,3.0,156.0
TOS11000045,2026-10-06T17:30,1.9,3.2,155.0
TOS11000045,2026-10-06T17:45,2.0,3.4,158.0
TOS11000045,2026-10-06T18:00,1.6,2.7,145.0
TOS11000045,2026-10-06T18:15,1.4,4.1,169.0
TOS11000045,2026-10-06T18:30,2.9,4.9,273.0
TOS11000045,2026-10-06T18:45,2.0,4.6,259.0
TOS11000045,2026-10-06T19:00,2.8,4.5,281.0
TOS11000045,2026-10-06T19:15,2.5,4.3,304.0
TOS11000045,2026-10-06T19:30,2.1,4.4,293.0
TOS11000045,2026-10-06T19:45,1.7,2.6,296.0
TOS11000045,2026-10-06T20:00,1.4,2.7,310.0
TOS11000045,2026-10-06T20:15,1.7,2.7,302.0
TOS11000045,2026-10-06T20:30,0.9,2.0,278.0
TOS11000045,2026-10-06T20:45,0.7,1.3,236.0
TOS11000045,2026-10-06T21:00,0.9,1.4,242.0
TOS11000045,2026-10-06T21:15,1.4,2.1,135.0
TOS11000045,2026-10-06T21:30,1.4,1.9,142.0
TOS11000045,2026-10-06T21:45,1.1,1.6,132.0
TOS11000045,2026-10-06T22:00,0.5,1.1,229.0
TOS11000045,2026-10-06T22:15,1.1,1.9,343.0
TOS11000045,2026-10-06T22:30,0.9,1.4,81.0
TOS11000045,2026-10-06T22:45,0.7,1.4,112.0
TOS11000045,2026-10-06T23:00,0.8,1.4,93.0
TOS11000045,2026-10-06T23:15,1.0,1.4,354.0
TOS11000045,2026-10-06T23:30,0.7,1.1,315.0
TOS11000045,2026-10-06T23:45,0.6,0.9,317.0
TOS11000046,2026-10-06T00:00,0.7,1.7,135.0
TOS11000046,2026-10-06T00:15,0.6,1.4,135.0
TOS11000046,2026-10-06T00:30,0.8,1.6,138.0
TOS11000046,2026-10-06T00:45,0.7,1.8,128.0
TOS11000046,2026-10-06T01:00,0.7,1.9,135.0
TOS11000046,2026-10-06T01:15,0.6,2.3,127.0
TOS11000046,2026-10-06T01:30,0.7,1.7,145.0
TOS11000046,2026-10-06T01:45,0.5,0.9,118.0
TOS11000046,2026-10-06T02:00,0.7,1.6,118.0
TOS11000046,2026-10-06T02:15,0.8,1.5,140.0
TOS11000046,2026-10-06T02:30,0.6,1.2,139.0
TOS11000046,2026-10-06T02:45,0.4,1.0,133.0
TOS11000046,2026-10-06T03:00,0.5,1.4,118.0
TOS11000046,2026-10-06T03:15,0.5,1.1,138.0
TOS11000046,2026-10-06T03:30,0.5,1.1,147.0
TOS11000046,2026-10-06T03:45,0.6,1.1,142.0
TOS11000046,2026-10-06T04:00,0.8,1.7,119.0
TOS11000046,2026-10-06T04:15,0.5,1.6,128.0
TOS11000046,2026-10-06T04:30,0.5,0.8,143.0
TOS11000046,2026-10-06T04:45,0.6,1.1,120.0
TOS11000046,2026-10-06T05:00,0.4,0.7,108.0
TOS11000046,2026-10-06T05:15,0.4,0.7,94.0
TOS11000046,2026-10-06T05:30,0.4,0.8,120.0
TOS11000046,2026-10-06T05:45,0.4,0.7,99.0
TOS11000046,2026-10-06T06:00,0.6,1.4,103.0
TOS11000046,2026-10-06T06:15,0.5,1.1,107.0
TOS11000046,2026-10-06T06:30,0.6,1.2,119.0
TOS11000046,2026-10-06T06:45,0.8,2.4,115.0
TOS11000046,2026-10-06T07:00,1.2,3.5,133.0
TOS11000046,2026-10-06T07:15,0.6,1.3,103.0
TOS11000046,2026-10-06T07:30,0.7,1.6,154.0
TOS11000046,2026-10-06T07:45,0.5,1.0,166.0
TOS11000046,2026-10-06T08:00,0.5,1.6,93.0
TOS11000046,2026-10-06T08:15,1.1,2.5,48.0
TOS11000046,2026-10-06T08:30,1.3,2.5,55.0
TOS11000046,2026-10-06T08:45,1.5,2.8,38.0
TOS11000046,2026-10-06T09:00,1.3,2.4,52.0
TOS11000046,2026-10-06T09:15,1.1,2.4,69.0
TOS11000046,2026-10-06T09:30,0.7,1.6,105.0
TOS11000046,2026-10-06T09:45,0.8,2.0,86.0
TOS11000046,2026-10-06T10:00,0.7,2.1,89.0
TOS11000046,2026-10-06T10:15,1.0,2.7,46.0
TOS11000046,2026-10-06T10:30,0.9,2.5,63.0
TOS11000046,2026-10-06T10:45,0.9,2.4,55.0
TOS11000046,2026-10-06T11:00,1.0,1.9,140.0
TOS11000046,2026-10-06T11:15,1.0,2.8,67.0
TOS11000046,2026-10-06T11:30,1.2,2.8,122.0
TOS11000046,2026-10-06T11:45,1.0,2.4,115.0
TOS11000046,2026-10-06T12:00,1.5,4.1,69.0
TOS11000046,2026-10-06T12:15,0.9,2.4,119.0
TOS11000046,2026-10-06T12:30,1.0,2.9,91.0
TOS11000046,2026-10-06T12:45,1.1,3.8,106.0
TOS11000046,2026-10-06T13:00,1.4,3.4,125.0
TOS11000046,2026-10-06T13:15,1.1,2.9,149.0
TOS11000046,2026-10-06T13:30,0.8,2.4,69.0
TOS11000046,2026-10-06T13:45,1.1,2.6,103.0
TOS11000046,2026-10-06T14:00,1.2,3.1,110.0
TOS11000046,2026-10-06T14:15,1.1,2.5,90.0
TOS11000046,2026-10-06T14:30,1.0,3.1,147.0
TOS11000046,2026-10-06T14:45,0.8,1.9,111.0
TOS11000046,2026-10-06T15:00,0.8,2.5,121.0
TOS11000046,2026-10-06T15:15,0.6,1.7,2.0
TOS11000046,2026-10-06T15:30,1.1,3.0,68.0
TOS11000046,2026-10-06T15:45,0.8,2.4,99.0
TOS11000046,2026-10-06T16:00,0.4,1.5,133.0
TOS11000046,2026-10-06T16:15,0.3,0.7,2.0
TOS11000046,2026-10-06T16:30,0.5,1.0,200.0
TOS11000046,2026-10-06T16:45,0.5,1.1,153.0
TOS11000046,2026-10-06T17:00,0.3,0.7,118.0
TOS11000046,2026-10-06T17:15,0.4,0.9,114.0
TOS11000046,2026-10-06T17:30,0.6,2.2,128.0
TOS11000046,2026-10-06T17:45,0.6,1.2,170.0
TOS11000046,2026-10-06T18:00,0.7,2.5,202.0
TOS11000046,2026-10-06T18:15,0.4,1.6,232.0
TOS11000046,2026-10-06T18:30,0.8,1.9,238.0
TOS11000046,2026-10-06T18:45,0.6,2.1,163.0
TOS11000046,2026-10-06T19:00,0.4,0.9,143.0
TOS11000046,2026-10-06T19:15,0.4,1.0,109.0
TOS11000046,2026-10-06T19:30,0.5,1.1,123.0
TOS11000046,2026-10-06T19:45,0.5,1.0,92.0
TOS11000046,2026-10-06T20:00,0.5,1.1,153.0
TOS11000046,2026-10-06T20:15,0.4,0.7,129.0
TOS11000046,2026-10-06T20:30,0.4,0.8,160.0
TOS11000046,2026-10-06T20:45,0.6,1.4,136.0
TOS11000046,2026-10-06T21:00,0.8,1.8,138.0
TOS11000046,2026-10-06T21:15,0.7,1.7,143.0
TOS11000046,2026-10-06T21:30,0.8,1.6,141.0
TOS11000046,2026-10-06T21:45,0.6,1.1,139.0
TOS11000046,2026-10-06T22:00,0.7,1.6,162.0
TOS11000046,2026-10-06T22:15,0.6,1.7,136.0
TOS11000046,2026-10-06T22:30,0.6,1.2,139.0
TOS11000046,2026-10-06T22:45,0.7,1.5,140.0
TOS11000046,2026-10-06T23:00,0.7,1.4,139.0
TOS11000046,2026-10-06T23:15,0.5,1.0,160.0
TOS11000046,2026-10-06T23:30,0.6,1.6,145.0
TOS11000046,2026-10-06T23:45,0.7,1.9,139.0
