stazione,ora,vento_medio_ms,raffica_ms,direzione
TOS01001205,2026-10-07T00:00,1.0,2.2,270.0
TOS01001205,2026-10-07T00:15,1.0,2.5,263.0
TOS01001205,2026-10-07T00:30,1.2,3.5,39.0
TOS01001205,2026-10-07T00:45,1.1,2.7,28.0
TOS01001205,2026-10-07T01:00,1.4,3.5,44.0
TOS01001205,2026-10-07T01:15,2.1,4.4,49.0
TOS01001205,2026-10-07T01:30,1.0,2.5,45.0
TOS01001205,2026-10-07T01:45,1.0,2.2,271.0
TOS01001205,2026-10-07T02:00,1.3,4.9,13.0
TOS01001205,2026-10-07T02:15,2.3,4.6,47.0
TOS01001205,2026-10-07T02:30,1.4,3.8,49.0
TOS01001205,2026-10-07T02:45,1.9,4.3,51.0
TOS01001205,2026-10-07T03:00,1.0,2.5,332.0
TOS01001205,2026-10-07T03:15,0.9,2.0,244.0
TOS01001205,2026-10-07T03:30,1.6,4.6,26.0
TOS01001205,2026-10-07T03:45,1.7,4.4,53.0
TOS01001205,2026-10-07T04:00,1.3,3.2,42.0
TOS01001205,2026-10-07T04:15,1.8,3.5,41.0
TOS01001205,2026-10-07T04:30,1.7,3.0,52.0
TOS01001205,2026-10-07T04:45,1.2,2.4,52.0
TOS01001205,2026-10-07T05:00,1.3,2.5,53.0
TOS01001205,2026-10-07T05:15,0.8,2.8,129.0
TOS01001205,2026-10-07T05:30,1.0,1.8,61.0
TOS01001205,2026-10-07T05:45,1.0,1.8,58.0
TOS01001205,2026-10-07T06:00,0.7,1.5,61.0
TOS01001205,2026-10-07T06:15,0.8,1.7,71.0
TOS01001205,2026-10-07T06:30,0.9,1.7,67.0
TOS01001205,2026-10-07T06:45,0.7,1.9,67.0
TOS01001205,2026-10-07T07:00,0.9,2.3,320.0
TOS01001205,2026-10-07T07:15,0.6,1.7,194.0
TOS01001205,2026-10-07T07:30,0.7,1.9,236.0
TOS01001205,2026-10-07T07:45,1.0,2.3,271.0
TOS01001205,2026-10-07T08:00,0.9,2.2,62.0
TOS01001205,2026-10-07T08:15,0.9,2.1,71.0
TOS01001205,2026-10-07T08:30,0.7,1.6,202.0
TOS01001205,2026-10-07T08:45,0.8,1.7,130.0
TOS01001205,2026-10-07T09:00,0.8,1.8,53.0
TOS01001205,2026-10-07T09:15,0.8,1.6,59.0
TOS01001205,2026-10-07T09:30,0.6,1.4,111.0
TOS01001205,2026-10-07T09:45,0.9,2.4,233.0
TOS01001205,2026-10-07T10:00,0.8,2.2,239.0
TOS01001205,2026-10-07T10:15,1.0,2.1,237.0
TOS01001205,2026-10-07T10:30,0.8,1.7,229.0
TOS01001205,2026-10-07T10:45,0.9,2.1,215.0
TOS01001205,2026-10-07T11:00,1.0,2.2,223.0
TOS01001205,2026-10-07T11:15,1.0,2.2,215.0
TOS01001205,2026-10-07T11:30,0.9,2.2,164.0
TOS01001205,2026-10-07T11:45,1.0,2.6,186.0
TOS01001205,2026-10-07T12:00,1.1,2.5,202.0
TOS01001205,2026-10-07T12:15,0.6,1.8,176.0
TOS01001205,2026-10-07T12:30,1.2,2.7,115.0
TOS01001205,2026-10-07T12:45,1.1,2.9,109.0
TOS01001205,2026-10-07T13:00,1.5,3.0,127.0
TOS01001205,2026-10-07T13:15,1.8,3.4,111.0
TOS01001205,2026-10-07T13:30,1.6,3.3,119.0
TOS01001205,2026-10-07T13:45,1.2,2.6,167.0
TOS01001205,2026-10-07T14:00,1.4,3.5,152.0
TOS01001205,2026-10-07T14:15,1.5,3.1,116.0
TOS01001205,2026-10-07T14:30,1.7,3.6,158.0
TOS01001205,2026-10-07T14:45,1.6,3.2,126.0
TOS01001205,2026-10-07T15:00,1.7,3.3,133.0
TOS01001205,2026-10-07T15:15,1.3,3.2,102.0
TOS01001205,2026-10-07T15:30,1.8,4.1,113.0
TOS01001205,2026-10-07T15:45,1.9,3.5,110.0
TOS01001205,2026-10-07T16:00,1.5,3.7,118.0
TOS01001205,2026-10-07T16:15,1.3,2.9,171.0
TOS01001205,2026-10-07T16:30,1.1,2.6,146.0
TOS01001205,2026-10-07T16:45,0.7,2.2,179.0
TOS01001205,2026-10-07T17:00,0.7,1.7,196.0
TOS01001205,2026-10-07T17:15,0.7,1.6,175.0
TOS01001205,2026-10-07T17:30,0.5,1.6,166.0
TOS01001205,2026-10-07T17:45,0.7,2.3,153.0
TOS01001205,2026-10-07T18:00,0.7,1.3,91.0
TOS01001205,2026-10-07T18:15,0.3,0.7,132.0
TOS01001205,2026-10-07T18:30,0.6,1.0,52.0
TOS01001205,2026-10-07T18:45,0.7,1.7,295.0
TOS01001205,2026-10-07T19:00,1.3,2.6,58.0
TOS01001205,2026-10-07T19:15,0.8,1.9,51.0
TOS01001205,2026-10-07T19:30,1.4,3.1,52.0
TOS01001205,2026-10-07T19:45,1.7,3.8,43.0
TOS01001205,2026-10-07T20:00,1.1,2.5,38.0
TOS01001205,2026-10-07T20:15,0.9,2.1,270.0
TOS01001205,2026-10-07T20:30,0.9,2.1,266.0
TOS01001205,2026-10-07T20:45,0.9,2.3,265.0
TOS01001205,2026-10-07T21:00,1.3,3.2,253.0
TOS01001205,2026-10-07T21:15,1.2,3.5,345.0
TOS01001205,2026-10-07T21:30,0.6,1.4,247.0
TOS01001205,2026-10-07T21:45,0.8,1.8,54.0
TOS01001205,2026-10-07T22:00,1.1,2.8,55.0
TOS01001205,2026-10-07T22:15,0.7,1.9,241.0
TOS01001205,2026-10-07T22:30,0.7,1.7,279.0
TOS01001205,2026-10-07T22:45,0.6,1.6,34.0
TOS01001205,2026-10-07T23:00,0.6,1.2,49.0
TOS01001205,2026-10-07T23:15,0.9,1.6,90.0
TOS01001205,2026-10-07T23:30,0.9,2.1,168.0
TOS01001205,2026-10-07T23:45,0.9,2.5,194.0
TOS01001269,2026-10-07T00:00,0.6,1.3,238.0
TOS01001269,2026-10-07T00:15,1.4,2.2,204.0
TOS01001269,2026-10-07T00:30,0.9,1.4,215.0
TOS01001269,2026-10-07T00:45,0.9,1.3,222.0
TOS01001269,2026-10-07T01:00,0.6,1.0,352.0
TOS01001269,2026-10-07T01:15,0.5,0.8,13.0
TOS01001269,2026-10-07T01:30,0.5,0.7,25.0
TOS01001269,2026-10-07T01:45,1.1,2.2,272.0
TOS01001269,2026-10-07T02:00,0.4,0.9,291.0
TOS01001269,2026-10-07T02:15,0.5,0.8,278.0
TOS01001269,2026-10-07T02:30,0.8,1.4,314.0
TOS01001269,2026-10-07T02:45,1.0,1.5,337.0
TOS01001269,2026-10-07T03:00,1.1,1.8,309.0
TOS01001269,2026-10-07T03:15,0.8,1.1,249.0
TOS01001269,2026-10-07T03:30,0.5,0.7,255.0
TOS01001269,2026-10-07T03:45,0.6,1.0,225.0
TOS01001269,2026-10-07T04:00,0.6,1.1,81.0
TOS01001269,2026-10-07T04:15,1.1,1.3,48.0
TOS01001269,2026-10-07T04:30,1.0,2.0,238.0
TOS01001269,2026-10-07T04:45,1.1,2.0,267.0
TOS01001269,2026-10-07T05:00,0.5,1.1,294.0
TOS01001269,2026-10-07T05:15,0.4,0.6,239.0
TOS01001269,2026-10-07T05:30,0.4,0.7,337.0
TOS01001269,2026-10-07T05:45,0.5,1.0,74.0
TOS01001269,2026-10-07T06:00,0.6,1.0,69.0
TOS01001269,2026-10-07T06:15,0.9,1.4,203.0
TOS01001269,2026-10-07T06:30,0.6,1.0,247.0
TOS01001269,2026-10-07T06:45,0.6,1.2,260.0
TOS01001269,2026-10-07T07:00,1.1,1.6,341.0
TOS01001269,2026-10-07T07:15,0.5,1.0,306.0
TOS01001269,2026-10-07T07:30,1.2,2.4,267.0
TOS01001269,2026-10-07T07:45,1.3,2.0,241.0
TOS01001269,2026-10-07T08:00,1.4,2.1,244.0
TOS01001269,2026-10-07T08:15,0.7,1.3,217.0
TOS01001269,2026-10-07T08:30,0.3,0.9,215.0
TOS01001269,2026-10-07T08:45,0.5,1.3,208.0
TOS01001269,2026-10-07T09:00,0.9,1.9,201.0
TOS01001269,2026-10-07T09:15,1.1,2.1,224.0
TOS01001269,2026-10-07T09:30,0.7,1.3,171.0
TOS01001269,2026-10-07T09:45,0.7,1.5,359.0
TOS01001269,2026-10-07T10:00,0.7,1.7,21.0
TOS01001269,2026-10-07T10:15,0.9,1.8,326.0
TOS01001269,2026-10-07T10:30,0.9,1.7,2.0
TOS01001269,2026-10-07T10:45,1.0,1.9,11.0
TOS01001269,2026-10-07T11:00,1.1,2.2,340.0
TOS01001269,2026-10-07T11:15,0.8,1.6,348.0
TOS01001269,2026-10-07T11:30,0.3,0.8,82.0
TOS01001269,2026-10-07T11:45,0.8,1.9,229.0
TOS01001269,2026-10-07T12:00,0.6,1.4,206.0
TOS01001269,2026-10-07T12:15,0.7,1.8,144.0
TOS01001269,2026-10-07T12:30,0.9,1.9,91.0
TOS01001269,2026-10-07T12:45,1.3,2.8,97.0
TOS01001269,2026-10-07T13:00,1.4,2.4,156.0
TOS01001269,2026-10-07T13:15,1.2,2.2,140.0
TOS01001269,2026-10-07T13:30,1.0,2.5,81.0
TOS01001269,2026-10-07T13:45,1.5,2.8,178.0
TOS01001269,2026-10-07T14:00,1.4,3.1,126.0
TOS01001269,2026-10-07T14:15,1.8,3.4,134.0
TOS01001269,2026-10-07T14:30,0.9,1.8,158.0
TOS01001269,2026-10-07T14:45,1.5,3.0,138.0
TOS01001269,2026-10-07T15:00,1.7,3.1,146.0
TOS01001269,2026-10-07T15:15,1.6,3.8,115.0
TOS01001269,2026-10-07T15:30,1.0,1.9,105.0
TOS01001269,2026-10-07T15:45,2.3,3.4,180.0
TOS01001269,2026-10-07T16:00,2.3,3.3,199.0
TOS01001269,2026-10-07T16:15,1.9,2.6,202.0
TOS01001269,2026-10-07T16:30,1.4,1.9,190.0
TOS01001269,2026-10-07T16:45,1.0,1.9,218.0
TOS01001269,2026-10-07T17:00,0.8,1.3,215.0
TOS01001269,2026-10-07T17:15,0.5,0.9,44.0
TOS01001269,2026-10-07T17:30,0.4,0.8,69.0
TOS01001269,2026-10-07T17:45,0.5,0.8,78.0
TOS01001269,2026-10-07T18:00,1.0,1.5,297.0
TOS01001269,2026-10-07T18:15,1.0,1.2,5.0
TOS01001269,2026-10-07T18:30,0.9,1.3,78.0
TOS01001269,2026-10-07T18:45,0.7,1.2,96.0
TOS01001269,2026-10-07T19:00,1.6,2.4,49.0
TOS01001269,2026-10-07T19:15,2.0,3.3,49.0
TOS01001269,2026-10-07T19:30,1.8,2.9,44.0
TOS01001269,2026-10-07T19:45,1.0,2.6,263.0
TOS01001269,2026-10-07T20:00,1.4,2.4,114.0
TOS01001269,2026-10-07T20:15,1.4,2.5,112.0
TOS01001269,2026-10-07T20:30,1.7,2.4,220.0
TOS01001269,2026-10-07T20:45,3.3,4.7,219.0
TOS01001269,2026-10-07T21:00,1.0,2.5,311.0
TOS01001269,2026-10-07T21:15,1.8,3.0,38.0
TOS01001269,2026-10-07T21:30,1.2,2.3,71.0
TOS01001269,2026-10-07T21:45,1.4,1.7,54.0
TOS01001269,2026-10-07T22:00,1.2,2.0,43.0
TOS01001269,2026-10-07T22:15,0.8,1.3,161.0
TOS01001269,2026-10-07T22:30,1.7,2.4,209.0
TOS01001269,2026-10-07T22:45,1.2,2.5,199.0
TOS01001269,2026-10-07T23:00,1.6,2.6,221.0
TOS01001269,2026-10-07T23:15,1.4,2.7,224.0
TOS01001269,2026-10-07T23:30,1.5,1.9,177.0
TOS01001269,2026-10-07T23:45,0.9,1.7,154.0
TOS01004007,2026-10-07T00:00,1.8,3.4,312.0
TOS01004007,2026-10-07T00:15,1.9,2.9,319.0
TOS01004007,2026-10-07T00:30,1.6,3.0,294.0
TOS01004007,2026-10-07T00:45,2.0,3.1,280.0
TOS01004007,2026-10-07T01:00,1.8,2.8,306.0
TOS01004007,2026-10-07T01:15,2.1,3.0,297.0
TOS01004007,2026-10-07T01:30,2.1,3.3,290.0
TOS01004007,2026-10-07T01:45,2.2,3.6,297.0
TOS01004007,2026-10-07T02:00,1.8,3.4,300.0
TOS01004007,2026-10-07T02:15,2.2,3.5,293.0
TOS01004007,2026-10-07T02:30,2.0,3.3,302.0
TOS01004007,2026-10-07T02:45,2.1,3.6,310.0
TOS01004007,2026-10-07T03:00,1.7,2.7,291.0
TOS01004007,2026-10-07T03:15,1.8,2.9,285.0
TOS01004007,2026-10-07T03:30,1.9,3.1,296.0
TOS01004007,2026-10-07T03:45,2.0,3.0,309.0
TOS01004007,2026-10-07T04:00,1.9,3.0,309.0
TOS01004007,2026-10-07T04:15,2.1,3.1,302.0
TOS01004007,2026-10-07T04:30,1.6,2.7,297.0
TOS01004007,2026-10-07T04:45,1.8,2.9,294.0
TOS01004007,2026-10-07T05:00,2.0,3.1,291.0
TOS01004007,2026-10-07T05:15,2.1,3.6,299.0
TOS01004007,2026-10-07T05:30,2.1,3.2,300.0
TOS01004007,2026-10-07T05:45,2.1,3.2,294.0
TOS01004007,2026-10-07T06:00,2.0,3.0,305.0
TOS01004007,2026-10-07T06:15,1.6,2.7,295.0
TOS01004007,2026-10-07T06:30,1.4,2.1,294.0
TOS01004007,2026-10-07T06:45,1.5,2.8,280.0
TOS01004007,2026-10-07T07:00,1.6,3.4,288.0
TOS01004007,2026-10-07T07:15,1.5,2.6,311.0
TOS01004007,2026-10-07T07:30,1.4,2.3,312.0
TOS01004007,2026-10-07T07:45,1.3,2.2,297.0
TOS01004007,2026-10-07T08:00,1.5,2.6,307.0
TOS01004007,2026-10-07T08:15,1.1,2.0,323.0
TOS01004007,2026-10-07T08:30,1.4,2.3,301.0
TOS01004007,2026-10-07T08:45,1.7,3.0,288.0
TOS01004007,2026-10-07T09:00,1.6,2.7,279.0
TOS01004007,2026-10-07T09:15,1.9,3.5,285.0
TOS01004007,2026-10-07T09:30,2.0,3.4,286.0
TOS01004007,2026-10-07T09:45,1.5,2.8,290.0
TOS01004007,2026-10-07T10:00,1.6,2.3,304.0
TOS01004007,2026-10-07T10:15,1.3,2.7,294.0
TOS01004007,2026-10-07T10:30,1.6,2.5,294.0
TOS01004007,2026-10-07T10:45,1.2,2.2,300.0
TOS01004007,2026-10-07T11:00,0.7,1.3,28.0
TOS01004007,2026-10-07T11:15,1.2,2.5,75.0
TOS01004007,2026-10-07T11:30,1.3,3.1,125.0
TOS01004007,2026-10-07T11:45,1.3,3.1,159.0
TOS01004007,2026-10-07T12:00,1.6,3.5,160.0
TOS01004007,2026-10-07T12:15,1.5,3.2,185.0
TOS01004007,2026-10-07T12:30,1.3,2.5,205.0
TOS01004007,2026-10-07T12:45,1.8,3.1,167.0
TOS01004007,2026-10-07T13:00,2.0,4.0,161.0
TOS01004007,2026-10-07T13:15,2.0,3.7,156.0
TOS01004007,2026-10-07T13:30,1.9,4.0,156.0
TOS01004007,2026-10-07T13:45,2.3,4.4,159.0
TOS01004007,2026-10-07T14:00,2.1,4.6,148.0
TOS01004007,2026-10-07T14:15,1.8,4.4,128.0
TOS01004007,2026-10-07T14:30,1.7,3.2,131.0
TOS01004007,2026-10-07T14:45,1.5,3.4,136.0
TOS01004007,2026-10-07T15:00,2.0,4.8,150.0
TOS01004007,2026-10-07T15:15,2.6,4.6,152.0
TOS01004007,2026-10-07T15:30,2.2,4.2,151.0
TOS01004007,2026-10-07T15:45,2.3,5.5,146.0
TOS01004007,2026-10-07T16:00,1.8,4.1,139.0
TOS01004007,2026-10-07T16:15,1.7,3.7,142.0
TOS01004007,2026-10-07T16:30,1.7,3.1,149.0
TOS01004007,2026-10-07T16:45,1.6,3.3,146.0
TOS01004007,2026-10-07T17:00,1.8,3.8,137.0
TOS01004007,2026-10-07T17:15,1.4,3.2,131.0
TOS01004007,2026-10-07T17:30,1.4,2.5,113.0
TOS01004007,2026-10-07T17:45,0.7,1.8,118.0
TOS01004007,2026-10-07T18:00,0.8,2.1,127.0
TOS01004007,2026-10-07T18:15,0.4,1.1,83.0
TOS01004007,2026-10-07T18:30,1.1,2.2,41.0
TOS01004007,2026-10-07T18:45,1.4,2.4,10.0
TOS01004007,2026-10-07T19:00,1.9,5.0,338.0
TOS01004007,2026-10-07T19:15,0.7,1.9,224.0
TOS01004007,2026-10-07T19:30,0.7,1.8,49.0
TOS01004007,2026-10-07T19:45,1.3,2.8,72.0
TOS01004007,2026-10-07T20:00,0.8,1.5,358.0
TOS01004007,2026-10-07T20:15,2.1,3.7,303.0
TOS01004007,2026-10-07T20:30,2.9,5.4,295.0
TOS01004007,2026-10-07T20:45,2.8,5.2,296.0
TOS01004007,2026-10-07T21:00,3.0,9.4,266.0
TOS01004007,2026-10-07T21:15,5.0,8.4,298.0
TOS01004007,2026-10-07T21:30,3.0,5.8,322.0
TOS01004007,2026-10-07T21:45,2.3,4.2,319.0
TOS01004007,2026-10-07T22:00,2.5,4.8,351.0
TOS01004007,2026-10-07T22:15,1.9,3.9,59.0
TOS01004007,2026-10-07T22:30,1.4,2.7,50.0
TOS01004007,2026-10-07T22:45,1.8,3.1,54.0
TOS01004007,2026-10-07T23:00,1.9,3.5,74.0
TOS01004007,2026-10-07T23:15,1.3,2.3,80.0
TOS01004007,2026-10-07T23:30,1.0,1.8,13.0
TOS01004007,2026-10-07T23:45,0.6,1.7,292.0
TOS01004971,2026-10-07T00:00,0.9,1.6,170.0
TOS01004971,2026-10-07T00:15,1.0,1.6,165.0
TOS01004971,2026-10-07T00:30,1.0,1.9,164.0
TOS01004971,2026-10-07T00:45,0.8,1.5,176.0
TOS01004971,2026-10-07T01:00,0.7,1.1,186.0
TOS01004971,2026-10-07T01:15,0.7,1.3,166.0
TOS01004971,2026-10-07T01:30,0.8,1.9,163.0
TOS01004971,2026-10-07T01:45,0.3,0.6,107.0
TOS01004971,2026-10-07T02:00,0.7,2.3,248.0
TOS01004971,2026-10-07T02:15,0.8,1.4,170.0
TOS01004971,2026-10-07T02:30,0.5,1.2,171.0
TOS01004971,2026-10-07T02:45,0.6,1.1,146.0
TOS01004971,2026-10-07T03:00,0.3,0.9,209.0
TOS01004971,2026-10-07T03:15,0.6,1.4,183.0
TOS01004971,2026-10-07T03:30,0.8,1.3,160.0
TOS01004971,2026-10-07T03:45,0.7,1.4,172.0
TOS01004971,2026-10-07T04:00,0.9,1.7,167.0
TOS01004971,2026-10-07T04:15,0.9,1.7,164.0
TOS01004971,2026-10-07T04:30,1.1,1.6,165.0
TOS01004971,2026-10-07T04:45,0.7,1.6,157.0
TOS01004971,2026-10-07T05:00,1.3,2.5,120.0
TOS01004971,2026-10-07T05:15,1.5,2.5,120.0
TOS01004971,2026-10-07T05:30,0.8,1.6,111.0
TOS01004971,2026-10-07T05:45,0.7,1.5,185.0
TOS01004971,2026-10-07T06:00,1.0,1.6,173.0
TOS01004971,2026-10-07T06:15,0.7,1.3,161.0
TOS01004971,2026-10-07T06:30,0.7,1.4,160.0
TOS01004971,2026-10-07T06:45,0.5,1.4,329.0
TOS01004971,2026-10-07T07:00,0.8,1.5,333.0
TOS01004971,2026-10-07T07:15,0.7,1.3,208.0
TOS01004971,2026-10-07T07:30,0.3,0.7,35.0
TOS01004971,2026-10-07T07:45,0.3,0.9,146.0
TOS01004971,2026-10-07T08:00,0.6,1.1,151.0
TOS01004971,2026-10-07T08:15,0.5,1.0,151.0
TOS01004971,2026-10-07T08:30,0.6,1.3,170.0
TOS01004971,2026-10-07T08:45,1.0,1.6,161.0
TOS01004971,2026-10-07T09:00,0.6,1.7,142.0
TOS01004971,2026-10-07T09:15,0.4,1.7,139.0
TOS01004971,2026-10-07T09:30,1.0,2.7,148.0
TOS01004971,2026-10-07T09:45,0.9,2.1,178.0
TOS01004971,2026-10-07T10:00,1.0,2.0,180.0
TOS01004971,2026-10-07T10:15,0.6,1.5,166.0
TOS01004971,2026-10-07T10:30,0.7,1.6,185.0
TOS01004971,2026-10-07T10:45,0.5,1.0,241.0
TOS01004971,2026-10-07T11:00,0.6,1.7,194.0
TOS01004971,2026-10-07T11:15,1.0,2.1,180.0
TOS01004971,2026-10-07T11:30,0.7,1.9,194.0
TOS01004971,2026-10-07T11:45,0.7,1.8,176.0
TOS01004971,2026-10-07T12:00,0.8,2.2,165.0
TOS01004971,2026-10-07T12:15,0.9,1.9,168.0
TOS01004971,2026-10-07T12:30,1.3,3.4,166.0
TOS01004971,2026-10-07T12:45,1.5,2.8,160.0
TOS01004971,2026-10-07T13:00,1.3,2.4,163.0
TOS01004971,2026-10-07T13:15,1.4,3.4,146.0
TOS01004971,2026-10-07T13:30,1.2,2.6,166.0
TOS01004971,2026-10-07T13:45,1.2,2.7,167.0
TOS01004971,2026-10-07T14:00,1.3,2.6,163.0
TOS01004971,2026-10-07T14:15,1.4,3.1,148.0
TOS01004971,2026-10-07T14:30,1.7,3.7,133.0
TOS01004971,2026-10-07T14:45,1.2,3.5,136.0
TOS01004971,2026-10-07T15:00,1.7,3.5,109.0
TOS01004971,2026-10-07T15:15,1.8,3.3,130.0
TOS01004971,2026-10-07T15:30,1.8,3.4,150.0
TOS01004971,2026-10-07T15:45,1.9,3.7,143.0
TOS01004971,2026-10-07T16:00,0.8,2.1,173.0
TOS01004971,2026-10-07T16:15,1.1,2.2,178.0
TOS01004971,2026-10-07T16:30,1.0,2.0,159.0
TOS01004971,2026-10-07T16:45,0.7,1.5,172.0
TOS01004971,2026-10-07T17:00,0.9,1.9,157.0
TOS01004971,2026-10-07T17:15,0.6,1.2,164.0
TOS01004971,2026-10-07T17:30,0.6,1.1,154.0
TOS01004971,2026-10-07T17:45,0.4,0.8,158.0
TOS01004971,2026-10-07T18:00,0.3,0.6,176.0
TOS01004971,2026-10-07T18:15,0.4,0.8,139.0
TOS01004971,2026-10-07T18:30,0.5,0.9,168.0
TOS01004971,2026-10-07T18:45,0.7,1.3,107.0
TOS01004971,2026-10-07T19:00,0.8,1.3,157.0
TOS01004971,2026-10-07T19:15,0.6,1.5,169.0
TOS01004971,2026-10-07T19:30,0.8,1.2,173.0
TOS01004971,2026-10-07T19:45,0.6,1.2,171.0
TOS01004971,2026-10-07T20:00,0.9,1.4,167.0
TOS01004971,2026-10-07T20:15,0.8,1.6,172.0
TOS01004971,2026-10-07T20:30,0.4,2.0,200.0
TOS01004971,2026-10-07T20:45,1.2,2.9,100.0
TOS01004971,2026-10-07T21:00,1.9,3.6,132.0
TOS01004971,2026-10-07T21:15,0.7,1.8,242.0
TOS01004971,2026-10-07T21:30,0.4,0.8,355.0
TOS01004971,2026-10-07T21:45,0.7,1.4,155.0
TOS01004971,2026-10-07T22:00,0.4,0.7,193.0
TOS01004971,2026-10-07T22:15,0.4,0.8,201.0
TOS01004971,2026-10-07T22:30,0.4,0.9,314.0
TOS01004971,2026-10-07T22:45,0.4,1.3,228.0
TOS01004971,2026-10-07T23:00,0.5,1.2,177.0
TOS01004971,2026-10-07T23:15,0.5,1.4,323.0
TOS01004971,2026-10-07T23:30,0.6,1.2,175.0
TOS01004971,2026-10-07T23:45,0.9,1.7,152.0
TOS01005251,2026-10-07T00:00,1.8,2.3,97.0
TOS01005251,2026-10-07T00:15,2.1,2.7,114.0
TOS01005251,2026-10-07T00:30,2.1,2.7,110.0
TOS01005251,2026-10-07T00:45,1.9,2.6,114.0
TOS01005251,2026-10-07T01:00,1.7,2.3,108.0
TOS01005251,2026-10-07T01:15,2.3,4.2,106.0
TOS01005251,2026-10-07T01:30,1.6,2.5,124.0
TOS01005251,2026-10-07T01:45,2.0,2.9,123.0
TOS01005251,2026-10-07T02:00,1.9,2.6,115.0
TOS01005251,2026-10-07T02:15,1.8,2.6,111.0
TOS01005251,2026-10-07T02:30,1.8,3.0,119.0
TOS01005251,2026-10-07T02:45,2.2,4.1,110.0
TOS01005251,2026-10-07T03:00,3.7,4.9,100.0
TOS01005251,2026-10-07T03:15,3.8,5.0,105.0
TOS01005251,2026-10-07T03:30,2.3,3.9,133.0
TOS01005251,2026-10-07T03:45,2.1,3.3,123.0
TOS01005251,2026-10-07T04:00,2.3,3.5,127.0
TOS01005251,2026-10-07T04:15,2.8,3.5,133.0
TOS01005251,2026-10-07T04:30,2.4,3.6,127.0
TOS01005251,2026-10-07T04:45,2.5,4.3,120.0
TOS01005251,2026-10-07T05:00,2.8,4.5,120.0
TOS01005251,2026-10-07T05:15,3.0,4.2,114.0
TOS01005251,2026-10-07T05:30,3.0,4.4,110.0
TOS01005251,2026-10-07T05:45,3.4,4.6,115.0
TOS01005251,2026-10-07T06:00,3.8,5.3,115.0
TOS01005251,2026-10-07T06:15,3.9,5.0,113.0
TOS01005251,2026-10-07T06:30,4.2,5.5,94.0
TOS01005251,2026-10-07T06:45,3.6,4.6,105.0
TOS01005251,2026-10-07T07:00,3.8,4.9,99.0
TOS01005251,2026-10-07T07:15,3.7,4.7,109.0
TOS01005251,2026-10-07T07:30,2.9,4.2,105.0
TOS01005251,2026-10-07T07:45,3.2,4.1,91.0
TOS01005251,2026-10-07T08:00,3.4,4.5,96.0
TOS01005251,2026-10-07T08:15,3.8,4.5,98.0
TOS01005251,2026-10-07T08:30,3.7,4.6,96.0
TOS01005251,2026-10-07T08:45,4.6,5.9,91.0
TOS01005251,2026-10-07T09:00,4.9,6.8,94.0
TOS01005251,2026-10-07T09:15,5.7,7.6,100.0
TOS01005251,2026-10-07T09:30,5.6,7.4,98.0
TOS01005251,2026-10-07T09:45,5.1,6.6,98.0
TOS01005251,2026-10-07T10:00,4.5,5.8,100.0
TOS01005251,2026-10-07T10:15,3.7,5.4,115.0
TOS01005251,2026-10-07T10:30,3.7,5.5,113.0
TOS01005251,2026-10-07T10:45,4.0,5.9,104.0
TOS01005251,2026-10-07T11:00,3.6,5.3,114.0
TOS01005251,2026-10-07T11:15,4.1,5.6,107.0
TOS01005251,2026-10-07T11:30,5.5,7.3,99.0
TOS01005251,2026-10-07T11:45,5.4,7.2,104.0
TOS01005251,2026-10-07T12:00,4.6,6.5,114.0
TOS01005251,2026-10-07T12:15,4.3,6.2,113.0
TOS01005251,2026-10-07T12:30,3.9,5.6,122.0
TOS01005251,2026-10-07T12:45,4.5,6.5,114.0
TOS01005251,2026-10-07T13:00,4.1,5.7,114.0
TOS01005251,2026-10-07T13:15,3.9,5.4,113.0
TOS01005251,2026-10-07T13:30,3.8,5.7,115.0
TOS01005251,2026-10-07T13:45,3.9,5.9,106.0
TOS01005251,2026-10-07T14:00,3.8,5.7,102.0
TOS01005251,2026-10-07T14:15,4.5,5.8,96.0
TOS01005251,2026-10-07T14:30,4.3,5.9,96.0
TOS01005251,2026-10-07T14:45,4.4,6.0,107.0
TOS01005251,2026-10-07T15:00,3.3,5.5,125.0
TOS01005251,2026-10-07T15:15,3.9,5.8,115.0
TOS01005251,2026-10-07T15:30,3.8,5.8,109.0
TOS01005251,2026-10-07T15:45,3.7,5.1,120.0
TOS01005251,2026-10-07T16:00,3.0,4.5,124.0
TOS01005251,2026-10-07T16:15,2.5,3.8,127.0
TOS01005251,2026-10-07T16:30,2.7,3.9,126.0
TOS01005251,2026-10-07T16:45,2.3,4.6,126.0
TOS01005251,2026-10-07T17:00,2.4,4.0,124.0
TOS01005251,2026-10-07T17:15,2.5,3.6,112.0
TOS01005251,2026-10-07T17:30,2.2,3.0,117.0
TOS01005251,2026-10-07T17:45,1.4,2.4,157.0
TOS01005251,2026-10-07T18:00,1.4,2.5,135.0
TOS01005251,2026-10-07T18:15,1.9,3.2,111.0
TOS01005251,2026-10-07T18:30,1.3,1.9,115.0
TOS01005251,2026-10-07T18:45,1.6,2.6,85.0
TOS01005251,2026-10-07T19:00,0.7,1.2,306.0
TOS01005251,2026-10-07T19:15,0.5,0.9,332.0
TOS01005251,2026-10-07T19:30,1.8,3.3,121.0
TOS01005251,2026-10-07T19:45,3.8,6.0,111.0
TOS01005251,2026-10-07T20:00,3.6,5.7,135.0
TOS01005251,2026-10-07T20:15,2.9,4.1,132.0
TOS01005251,2026-10-07T20:30,2.7,4.3,128.0
TOS01005251,2026-10-07T20:45,2.3,3.2,127.0
TOS01005251,2026-10-07T21:00,2.4,3.1,110.0
TOS01005251,2026-10-07T21:15,3.0,3.7,104.0
TOS01005251,2026-10-07T21:30,2.8,4.6,109.0
TOS01005251,2026-10-07T21:45,3.6,4.3,98.0
TOS01005251,2026-10-07T22:00,2.4,3.7,109.0
TOS01005251,2026-10-07T22:15,2.6,3.5,109.0
TOS01005251,2026-10-07T22:30,2.3,3.2,117.0
TOS01005251,2026-10-07T22:45,2.4,3.3,115.0
TOS01005251,2026-10-07T23:00,2.5,3.8,124.0
TOS01005251,2026-10-07T23:15,2.8,4.1,128.0
TOS01005251,2026-10-07T23:30,2.6,3.9,130.0
TOS01005251,2026-10-07T23:45,2.5,3.4,137.0
TOS02000108,2026-10-07T00:00,0.8,1.2,10.0
TOS02000108,2026-10-07T00:15,0.7,1.0,31.0
TOS02000108,2026-10-07T00:30,0.9,1.4,18.0
TOS02000108,2026-10-07T00:45,1.1,1.3,2.0
TOS02000108,2026-10-07T01:00,1.1,1.5,6.0
TOS02000108,2026-10-07T01:15,1.0,1.4,5.0
TOS02000108,2026-10-07T01:30,0.9,1.3,9.0
TOS02000108,2026-10-07T01:45,0.9,1.3,2.0
TOS02000108,2026-10-07T02:00,1.1,1.4,357.0
TOS02000108,2026-10-07T02:15,1.0,1.4,358.0
TOS02000108,2026-10-07T02:30,0.9,1.3,8.0
TOS02000108,2026-10-07T02:45,0.8,1.3,26.0
TOS02000108,2026-10-07T03:00,1.0,1.4,15.0
TOS02000108,2026-10-07T03:15,0.9,1.4,5.0
TOS02000108,2026-10-07T03:30,1.0,1.5,0.0
TOS02000108,2026-10-07T03:45,0.9,1.3,19.0
TOS02000108,2026-10-07T04:00,0.9,1.4,16.0
TOS02000108,2026-10-07T04:15,1.1,1.7,2.0
TOS02000108,2026-10-07T04:30,1.0,1.5,4.0
TOS02000108,2026-10-07T04:45,0.9,1.4,2.0
TOS02000108,2026-10-07T05:00,0.8,1.3,7.0
TOS02000108,2026-10-07T05:15,1.0,1.4,7.0
TOS02000108,2026-10-07T05:30,0.9,1.5,357.0
TOS02000108,2026-10-07T05:45,0.9,2.0,351.0
TOS02000108,2026-10-07T06:00,0.7,1.6,341.0
TOS02000108,2026-10-07T06:15,0.8,2.0,6.0
TOS02000108,2026-10-07T06:30,0.8,2.3,355.0
TOS02000108,2026-10-07T06:45,0.8,1.9,97.0
TOS02000108,2026-10-07T07:00,0.8,3.1,18.0
TOS02000108,2026-10-07T07:15,1.0,3.0,12.0
TOS02000108,2026-10-07T07:30,0.9,2.2,280.0
TOS02000108,2026-10-07T07:45,1.0,3.0,314.0
TOS02000108,2026-10-07T08:00,1.2,3.0,313.0
TOS02000108,2026-10-07T08:15,1.1,3.5,241.0
TOS02000108,2026-10-07T08:30,1.1,2.8,296.0
TOS02000108,2026-10-07T08:45,1.5,3.2,270.0
TOS02000108,2026-10-07T09:00,1.0,3.6,212.0
TOS02000108,2026-10-07T09:15,1.6,3.6,219.0
TOS02000108,2026-10-07T09:30,1.2,2.8,230.0
TOS02000108,2026-10-07T09:45,1.0,2.2,218.0
TOS02000108,2026-10-07T10:00,0.9,2.0,182.0
TOS02000108,2026-10-07T10:15,0.7,1.7,193.0
TOS02000108,2026-10-07T10:30,0.8,2.3,198.0
TOS02000108,2026-10-07T10:45,1.1,2.5,212.0
TOS02000108,2026-10-07T11:00,1.0,2.5,90.0
TOS02000108,2026-10-07T11:15,1.2,3.6,201.0
TOS02000108,2026-10-07T11:30,1.3,3.2,199.0
TOS02000108,2026-10-07T11:45,1.4,3.3,197.0
TOS02000108,2026-10-07T12:00,1.8,4.4,115.0
TOS02000108,2026-10-07T12:15,1.7,4.1,136.0
TOS02000108,2026-10-07T12:30,1.5,5.0,170.0
TOS02000108,2026-10-07T12:45,1.1,2.7,222.0
TOS02000108,2026-10-07T13:00,1.0,3.3,192.0
TOS02000108,2026-10-07T13:15,1.5,5.1,192.0
TOS02000108,2026-10-07T13:30,1.8,3.7,176.0
TOS02000108,2026-10-07T13:45,1.4,4.1,178.0
TOS02000108,2026-10-07T14:00,1.2,2.9,175.0
TOS02000108,2026-10-07T14:15,1.3,3.9,182.0
TOS02000108,2026-10-07T14:30,1.2,3.4,204.0
TOS02000108,2026-10-07T14:45,1.4,3.3,181.0
TOS02000108,2026-10-07T15:00,1.7,4.7,170.0
TOS02000108,2026-10-07T15:15,1.7,3.7,218.0
TOS02000108,2026-10-07T15:30,1.0,2.1,179.0
TOS02000108,2026-10-07T15:45,1.0,2.8,170.0
TOS02000108,2026-10-07T16:00,1.3,3.7,189.0
TOS02000108,2026-10-07T16:15,1.4,3.4,207.0
TOS02000108,2026-10-07T16:30,1.1,3.3,187.0
TOS02000108,2026-10-07T16:45,0.7,1.9,195.0
TOS02000108,2026-10-07T17:00,0.7,2.3,199.0
TOS02000108,2026-10-07T17:15,0.9,2.0,189.0
TOS02000108,2026-10-07T17:30,0.7,2.5,120.0
TOS02000108,2026-10-07T17:45,0.9,2.7,110.0
TOS02000108,2026-10-07T18:00,0.9,2.3,196.0
TOS02000108,2026-10-07T18:15,1.0,3.0,224.0
TOS02000108,2026-10-07T18:30,1.0,2.3,144.0
TOS02000108,2026-10-07T18:45,0.8,2.3,308.0
TOS02000108,2026-10-07T19:00,0.9,2.2,353.0
TOS02000108,2026-10-07T19:15,1.1,3.7,29.0
TOS02000108,2026-10-07T19:30,1.3,3.2,36.0
TOS02000108,2026-10-07T19:45,1.1,2.4,354.0
TOS02000108,2026-10-07T20:00,0.8,2.3,25.0
TOS02000108,2026-10-07T20:15,1.1,3.5,45.0
TOS02000108,2026-10-07T20:30,1.2,3.1,69.0
TOS02000108,2026-10-07T20:45,1.5,4.7,61.0
TOS02000108,2026-10-07T21:00,0.9,2.6,74.0
TOS02000108,2026-10-07T21:15,1.2,2.9,53.0
TOS02000108,2026-10-07T21:30,1.4,4.9,80.0
TOS02000108,2026-10-07T21:45,1.0,2.9,191.0
TOS02000108,2026-10-07T22:00,0.9,2.5,217.0
TOS02000108,2026-10-07T22:15,0.9,2.6,340.0
TOS02000108,2026-10-07T22:30,0.9,2.8,207.0
TOS02000108,2026-10-07T22:45,1.6,4.1,172.0
TOS02000108,2026-10-07T23:00,1.5,4.7,211.0
TOS02000108,2026-10-07T23:15,1.2,4.8,333.0
TOS02000108,2026-10-07T23:30,1.5,3.8,276.0
TOS02000108,2026-10-07T23:45,1.1,3.3,248.0
TOS02000275,2026-10-07T00:00,2.1,4.3,238.0
TOS02000275,2026-10-07T00:15,2.6,4.1,247.0
TOS02000275,2026-10-07T00:30,1.9,3.3,249.0
TOS02000275,2026-10-07T00:45,2.4,4.4,247.0
TOS02000275,2026-10-07T01:00,1.6,3.1,236.0
TOS02000275,2026-10-07T01:15,1.6,3.0,196.0
TOS02000275,2026-10-07T01:30,1.6,2.7,172.0
TOS02000275,2026-10-07T01:45,1.5,2.8,158.0
TOS02000275,2026-10-07T02:00,2.3,3.4,190.0
TOS02000275,2026-10-07T02:15,2.6,3.9,202.0
TOS02000275,2026-10-07T02:30,2.3,3.4,199.0
TOS02000275,2026-10-07T02:45,1.7,2.2,195.0
TOS02000275,2026-10-07T03:00,1.4,1.9,198.0
TOS02000275,2026-10-07T03:15,1.2,1.9,218.0
TOS02000275,2026-10-07T03:30,2.4,3.7,66.0
TOS02000275,2026-10-07T03:45,3.4,3.8,62.0
TOS02000275,2026-10-07T04:00,3.7,4.1,73.0
TOS02000275,2026-10-07T04:15,3.7,4.5,77.0
TOS02000275,2026-10-07T04:30,3.1,4.3,78.0
TOS02000275,2026-10-07T04:45,2.1,2.9,85.0
TOS02000275,2026-10-07T05:00,1.6,1.9,74.0
TOS02000275,2026-10-07T05:15,1.9,2.2,82.0
TOS02000275,2026-10-07T05:30,1.7,2.1,77.0
TOS02000275,2026-10-07T05:45,1.0,1.6,92.0
TOS02000275,2026-10-07T06:00,1.2,2.3,134.0
TOS02000275,2026-10-07T06:15,2.0,2.5,118.0
TOS02000275,2026-10-07T06:30,1.9,2.8,119.0
TOS02000275,2026-10-07T06:45,0.9,1.7,247.0
TOS02000275,2026-10-07T07:00,2.1,3.5,118.0
TOS02000275,2026-10-07T07:15,1.8,3.2,121.0
TOS02000275,2026-10-07T07:30,1.5,3.4,152.0
TOS02000275,2026-10-07T07:45,1.3,3.5,148.0
TOS02000275,2026-10-07T08:00,2.0,4.0,121.0
TOS02000275,2026-10-07T08:15,1.4,3.0,115.0
TOS02000275,2026-10-07T08:30,1.1,3.5,141.0
TOS02000275,2026-10-07T08:45,1.3,3.0,142.0
TOS02000275,2026-10-07T09:00,1.6,3.8,137.0
TOS02000275,2026-10-07T09:15,1.2,2.4,226.0
TOS02000275,2026-10-07T09:30,1.3,2.7,252.0
TOS02000275,2026-10-07T09:45,1.7,3.0,245.0
TOS02000275,2026-10-07T10:00,1.9,3.7,254.0
TOS02000275,2026-10-07T10:15,1.2,2.3,266.0
TOS02000275,2026-10-07T10:30,1.5,3.3,244.0
TOS02000275,2026-10-07T10:45,1.2,2.5,263.0
TOS02000275,2026-10-07T11:00,1.5,3.2,257.0
TOS02000275,2026-10-07T11:15,2.4,4.1,246.0
TOS02000275,2026-10-07T11:30,2.2,4.4,256.0
TOS02000275,2026-10-07T11:45,2.2,4.3,247.0
TOS02000275,2026-10-07T12:00,1.6,4.1,127.0
TOS02000275,2026-10-07T12:15,1.5,5.1,115.0
TOS02000275,2026-10-07T12:30,1.3,2.9,244.0
TOS02000275,2026-10-07T12:45,1.1,2.7,155.0
TOS02000275,2026-10-07T13:00,2.1,3.6,258.0
TOS02000275,2026-10-07T13:15,2.0,3.5,260.0
TOS02000275,2026-10-07T13:30,1.4,3.7,251.0
TOS02000275,2026-10-07T13:45,1.9,3.8,111.0
TOS02000275,2026-10-07T14:00,2.0,3.8,252.0
TOS02000275,2026-10-07T14:15,1.4,3.6,143.0
TOS02000275,2026-10-07T14:30,1.0,2.6,222.0
TOS02000275,2026-10-07T14:45,0.9,2.5,280.0
TOS02000275,2026-10-07T15:00,0.9,1.7,165.0
TOS02000275,2026-10-07T15:15,1.8,4.3,79.0
TOS02000275,2026-10-07T15:30,1.3,2.5,120.0
TOS02000275,2026-10-07T15:45,1.8,3.2,253.0
TOS02000275,2026-10-07T16:00,2.8,5.0,254.0
TOS02000275,2026-10-07T16:15,2.2,4.4,239.0
TOS02000275,2026-10-07T16:30,2.1,5.1,253.0
TOS02000275,2026-10-07T16:45,2.7,6.2,260.0
TOS02000275,2026-10-07T17:00,3.1,7.2,244.0
TOS02000275,2026-10-07T17:15,2.6,6.1,255.0
TOS02000275,2026-10-07T17:30,3.0,8.1,239.0
TOS02000275,2026-10-07T17:45,3.4,7.1,249.0
TOS02000275,2026-10-07T18:00,3.4,6.8,256.0
TOS02000275,2026-10-07T18:15,3.1,5.3,244.0
TOS02000275,2026-10-07T18:30,2.6,5.5,254.0
TOS02000275,2026-10-07T18:45,2.9,7.3,242.0
TOS02000275,2026-10-07T19:00,2.3,5.1,248.0
TOS02000275,2026-10-07T19:15,1.9,4.1,228.0
TOS02000275,2026-10-07T19:30,2.6,4.6,246.0
TOS02000275,2026-10-07T19:45,2.1,8.9,222.0
TOS02000275,2026-10-07T20:00,3.3,8.2,254.0
TOS02000275,2026-10-07T20:15,3.0,6.7,256.0
TOS02000275,2026-10-07T20:30,2.5,7.0,190.0
TOS02000275,2026-10-07T20:45,3.7,7.5,263.0
TOS02000275,2026-10-07T21:00,3.0,7.7,254.0
TOS02000275,2026-10-07T21:15,3.6,7.9,266.0
TOS02000275,2026-10-07T21:30,3.1,7.6,262.0
TOS02000275,2026-10-07T21:45,4.5,8.9,266.0
TOS02000275,2026-10-07T22:00,5.4,10.2,262.0
TOS02000275,2026-10-07T22:15,5.0,11.5,259.0
TOS02000275,2026-10-07T22:30,5.0,9.3,260.0
TOS02000275,2026-10-07T22:45,4.6,8.7,263.0
TOS02000275,2026-10-07T23:00,3.5,7.2,249.0
TOS02000275,2026-10-07T23:15,3.3,9.2,261.0
TOS02000275,2026-10-07T23:30,2.4,5.0,253.0
TOS02000275,2026-10-07T23:45,5.4,10.8,254.0
TOS02000329,2026-10-07T00:00,0.7,1.4,6.0
TOS02000329,2026-10-07T00:15,0.6,1.1,348.0
TOS02000329,2026-10-07T00:30,0.5,1.4,16.0
TOS02000329,2026-10-07T00:45,1.0,1.6,349.0
TOS02000329,2026-10-07T01:00,0.5,1.1,346.0
TOS02000329,2026-10-07T01:15,0.6,1.2,31.0
TOS02000329,2026-10-07T01:30,0.3,0.7,86.0
TOS02000329,2026-10-07T01:45,0.5,1.1,354.0
TOS02000329,2026-10-07T02:00,0.6,0.9,359.0
TOS02000329,2026-10-07T02:15,0.7,1.1,332.0
TOS02000329,2026-10-07T02:30,0.7,1.1,342.0
TOS02000329,2026-10-07T02:45,0.5,1.4,347.0
TOS02000329,2026-10-07T03:00,0.5,1.1,43.0
TOS02000329,2026-10-07T03:15,0.6,1.6,332.0
TOS02000329,2026-10-07T03:30,0.6,1.2,333.0
TOS02000329,2026-10-07T03:45,0.4,0.7,302.0
TOS02000329,2026-10-07T04:00,0.4,0.8,31.0
TOS02000329,2026-10-07T04:15,0.7,1.2,332.0
TOS02000329,2026-10-07T04:30,0.9,1.8,342.0
TOS02000329,2026-10-07T04:45,1.0,1.7,354.0
TOS02000329,2026-10-07T05:00,0.5,1.1,13.0
TOS02000329,2026-10-07T05:15,0.6,0.9,330.0
TOS02000329,2026-10-07T05:30,0.7,0.9,8.0
TOS02000329,2026-10-07T05:45,0.5,0.7,49.0
TOS02000329,2026-10-07T06:00,0.2,0.7,305.0
TOS02000329,2026-10-07T06:15,0.7,1.1,346.0
TOS02000329,2026-10-07T06:30,0.6,1.2,69.0
TOS02000329,2026-10-07T06:45,0.7,1.2,96.0
TOS02000329,2026-10-07T07:00,0.6,1.1,87.0
TOS02000329,2026-10-07T07:15,0.4,1.0,88.0
TOS02000329,2026-10-07T07:30,0.6,1.5,83.0
TOS02000329,2026-10-07T07:45,0.5,1.1,89.0
TOS02000329,2026-10-07T08:00,0.8,1.5,108.0
TOS02000329,2026-10-07T08:15,0.8,1.4,120.0
TOS02000329,2026-10-07T08:30,0.4,0.7,251.0
TOS02000329,2026-10-07T08:45,0.6,1.1,134.0
TOS02000329,2026-10-07T09:00,0.8,1.7,121.0
TOS02000329,2026-10-07T09:15,1.0,1.9,118.0
TOS02000329,2026-10-07T09:30,0.7,1.7,158.0
TOS02000329,2026-10-07T09:45,1.0,1.6,128.0
TOS02000329,2026-10-07T10:00,1.0,1.9,112.0
TOS02000329,2026-10-07T10:15,1.2,2.3,110.0
TOS02000329,2026-10-07T10:30,1.8,3.1,112.0
TOS02000329,2026-10-07T10:45,1.6,3.1,105.0
TOS02000329,2026-10-07T11:00,1.2,3.2,132.0
TOS02000329,2026-10-07T11:15,1.3,3.3,84.0
TOS02000329,2026-10-07T11:30,1.9,4.0,96.0
TOS02000329,2026-10-07T11:45,1.7,4.1,93.0
TOS02000329,2026-10-07T12:00,1.8,3.8,89.0
TOS02000329,2026-10-07T12:15,1.5,3.8,78.0
TOS02000329,2026-10-07T12:30,1.3,3.4,91.0
TOS02000329,2026-10-07T12:45,1.1,2.0,97.0
TOS02000329,2026-10-07T13:00,0.8,2.2,81.0
TOS02000329,2026-10-07T13:15,2.0,4.6,101.0
TOS02000329,2026-10-07T13:30,1.8,3.7,107.0
TOS02000329,2026-10-07T13:45,2.0,4.6,110.0
TOS02000329,2026-10-07T14:00,1.5,2.9,110.0
TOS02000329,2026-10-07T14:15,1.7,3.7,137.0
TOS02000329,2026-10-07T14:30,1.9,3.7,105.0
TOS02000329,2026-10-07T14:45,1.9,3.9,97.0
TOS02000329,2026-10-07T15:00,1.5,2.6,95.0
TOS02000329,2026-10-07T15:15,1.7,3.3,111.0
TOS02000329,2026-10-07T15:30,1.4,2.5,111.0
TOS02000329,2026-10-07T15:45,1.4,3.2,110.0
TOS02000329,2026-10-07T16:00,1.4,2.6,106.0
TOS02000329,2026-10-07T16:15,1.5,4.2,89.0
TOS02000329,2026-10-07T16:30,1.1,3.0,93.0
TOS02000329,2026-10-07T16:45,1.0,2.7,98.0
TOS02000329,2026-10-07T17:00,0.9,2.2,68.0
TOS02000329,2026-10-07T17:15,1.1,2.5,101.0
TOS02000329,2026-10-07T17:30,1.0,2.0,102.0
TOS02000329,2026-10-07T17:45,1.7,3.3,95.0
TOS02000329,2026-10-07T18:00,1.1,2.5,86.0
TOS02000329,2026-10-07T18:15,1.1,2.8,80.0
TOS02000329,2026-10-07T18:30,0.9,2.7,64.0
TOS02000329,2026-10-07T18:45,0.9,1.8,61.0
TOS02000329,2026-10-07T19:00,0.9,2.5,18.0
TOS02000329,2026-10-07T19:15,0.7,1.5,50.0
TOS02000329,2026-10-07T19:30,1.0,2.8,39.0
TOS02000329,2026-10-07T19:45,1.2,3.0,80.0
TOS02000329,2026-10-07T20:00,1.2,3.9,106.0
TOS02000329,2026-10-07T20:15,1.9,3.7,100.0
TOS02000329,2026-10-07T20:30,1.2,3.6,97.0
TOS02000329,2026-10-07T20:45,3.3,7.4,102.0
TOS02000329,2026-10-07T21:00,2.6,5.3,110.0
TOS02000329,2026-10-07T21:15,4.5,9.4,112.0
TOS02000329,2026-10-07T21:30,3.3,5.9,109.0
TOS02000329,2026-10-07T21:45,2.2,6.1,92.0
TOS02000329,2026-10-07T22:00,2.2,4.9,323.0
TOS02000329,2026-10-07T22:15,1.9,5.6,132.0
TOS02000329,2026-10-07T22:30,2.7,6.1,113.0
TOS02000329,2026-10-07T22:45,2.0,4.2,104.0
TOS02000329,2026-10-07T23:00,2.3,6.9,243.0
TOS02000329,2026-10-07T23:15,1.0,3.0,89.0
TOS02000329,2026-10-07T23:30,0.9,2.1,317.0
TOS02000329,2026-10-07T23:45,1.1,2.6,261.0
TOS02000332,2026-10-07T00:00,0.6,1.1,197.0
TOS02000332,2026-10-07T00:15,0.9,2.1,205.0
TOS02000332,2026-10-07T00:30,0.4,1.0,255.0
TOS02000332,2026-10-07T00:45,0.4,0.9,241.0
TOS02000332,2026-10-07T01:00,0.2,0.5,351.0
TOS02000332,2026-10-07T01:15,0.3,0.6,247.0
TOS02000332,2026-10-07T01:30,0.2,0.8,38.0
TOS02000332,2026-10-07T01:45,0.5,1.4,263.0
TOS02000332,2026-10-07T02:00,0.5,1.7,253.0
TOS02000332,2026-10-07T02:15,0.5,1.1,204.0
TOS02000332,2026-10-07T02:30,0.4,1.2,231.0
TOS02000332,2026-10-07T02:45,0.3,0.8,204.0
TOS02000332,2026-10-07T03:00,0.4,1.1,282.0
TOS02000332,2026-10-07T03:15,0.3,0.7,302.0
TOS02000332,2026-10-07T03:30,0.4,0.9,183.0
TOS02000332,2026-10-07T03:45,0.4,0.9,210.0
TOS02000332,2026-10-07T04:00,0.4,1.3,190.0
TOS02000332,2026-10-07T04:15,0.6,1.6,233.0
TOS02000332,2026-10-07T04:30,0.4,0.9,253.0
TOS02000332,2026-10-07T04:45,0.3,0.6,313.0
TOS02000332,2026-10-07T05:00,0.5,1.2,257.0
TOS02000332,2026-10-07T05:15,0.5,0.9,214.0
TOS02000332,2026-10-07T05:30,0.5,1.4,197.0
TOS02000332,2026-10-07T05:45,0.6,1.3,224.0
TOS02000332,2026-10-07T06:00,0.4,1.0,239.0
TOS02000332,2026-10-07T06:15,0.4,0.7,201.0
TOS02000332,2026-10-07T06:30,0.3,0.6,82.0
TOS02000332,2026-10-07T06:45,0.4,1.1,236.0
TOS02000332,2026-10-07T07:00,0.3,0.9,7.0
TOS02000332,2026-10-07T07:15,0.4,0.9,62.0
TOS02000332,2026-10-07T07:30,0.4,0.8,191.0
TOS02000332,2026-10-07T07:45,0.4,0.8,173.0
TOS02000332,2026-10-07T08:00,0.3,0.8,150.0
TOS02000332,2026-10-07T08:15,0.5,1.0,71.0
TOS02000332,2026-10-07T08:30,0.3,0.9,91.0
TOS02000332,2026-10-07T08:45,0.6,1.1,83.0
TOS02000332,2026-10-07T09:00,0.5,0.9,146.0
TOS02000332,2026-10-07T09:15,0.4,0.8,92.0
TOS02000332,2026-10-07T09:30,0.3,0.8,80.0
TOS02000332,2026-10-07T09:45,0.8,1.9,72.0
TOS02000332,2026-10-07T10:00,0.7,1.5,67.0
TOS02000332,2026-10-07T10:15,0.8,1.7,79.0
TOS02000332,2026-10-07T10:30,0.8,1.6,83.0
TOS02000332,2026-10-07T10:45,0.6,1.4,78.0
TOS02000332,2026-10-07T11:00,0.4,0.9,158.0
TOS02000332,2026-10-07T11:15,0.5,1.3,156.0
TOS02000332,2026-10-07T11:30,0.7,1.3,59.0
TOS02000332,2026-10-07T11:45,0.7,1.6,62.0
TOS02000332,2026-10-07T12:00,1.4,2.9,66.0
TOS02000332,2026-10-07T12:15,1.1,2.1,65.0
TOS02000332,2026-10-07T12:30,0.8,1.5,74.0
TOS02000332,2026-10-07T12:45,0.4,1.1,134.0
TOS02000332,2026-10-07T13:00,0.5,1.3,187.0
TOS02000332,2026-10-07T13:15,0.6,1.3,133.0
TOS02000332,2026-10-07T13:30,0.6,1.4,71.0
TOS02000332,2026-10-07T13:45,1.2,3.6,193.0
TOS02000332,2026-10-07T14:00,0.7,4.2,269.0
TOS02000332,2026-10-07T14:15,1.0,2.0,66.0
TOS02000332,2026-10-07T14:30,0.5,1.6,245.0
TOS02000332,2026-10-07T14:45,0.7,1.5,218.0
TOS02000332,2026-10-07T15:00,0.4,1.2,244.0
TOS02000332,2026-10-07T15:15,0.6,1.2,216.0
TOS02000332,2026-10-07T15:30,0.5,1.1,246.0
TOS02000332,2026-10-07T15:45,0.6,1.6,198.0
TOS02000332,2026-10-07T16:00,0.4,1.2,184.0
TOS02000332,2026-10-07T16:15,0.9,2.2,320.0
TOS02000332,2026-10-07T16:30,0.6,1.3,255.0
TOS02000332,2026-10-07T16:45,0.7,2.3,201.0
TOS02000332,2026-10-07T17:00,0.5,1.2,186.0
TOS02000332,2026-10-07T17:15,0.3,1.0,189.0
TOS02000332,2026-10-07T17:30,0.7,1.4,186.0
TOS02000332,2026-10-07T17:45,0.5,1.1,191.0
TOS02000332,2026-10-07T18:00,0.5,1.7,168.0
TOS02000332,2026-10-07T18:15,0.4,0.8,91.0
TOS02000332,2026-10-07T18:30,0.3,0.6,91.0
TOS02000332,2026-10-07T18:45,0.6,1.3,197.0
TOS02000332,2026-10-07T19:00,0.7,1.3,227.0
TOS02000332,2026-10-07T19:15,0.7,1.6,207.0
TOS02000332,2026-10-07T19:30,0.6,1.5,238.0
TOS02000332,2026-10-07T19:45,0.6,1.7,32.0
TOS02000332,2026-10-07T20:00,0.5,1.0,171.0
TOS02000332,2026-10-07T20:15,0.5,1.7,78.0
TOS02000332,2026-10-07T20:30,0.7,1.8,59.0
TOS02000332,2026-10-07T20:45,0.6,1.2,73.0
TOS02000332,2026-10-07T21:00,0.7,1.6,218.0
TOS02000332,2026-10-07T21:15,1.6,6.0,278.0
TOS02000332,2026-10-07T21:30,0.7,2.0,252.0
TOS02000332,2026-10-07T21:45,0.8,1.8,263.0
TOS02000332,2026-10-07T22:00,1.2,3.2,298.0
TOS02000332,2026-10-07T22:15,1.3,3.3,283.0
TOS02000332,2026-10-07T22:30,1.5,3.1,310.0
TOS02000332,2026-10-07T22:45,0.8,1.8,330.0
TOS02000332,2026-10-07T23:00,1.0,3.5,350.0
TOS02000332,2026-10-07T23:15,0.6,1.9,74.0
TOS02000332,2026-10-07T23:30,0.7,1.8,42.0
TOS02000332,2026-10-07T23:45,0.4,1.2,151.0
TOS02000372,2026-10-07T00:00,1.5,4.8,158.0
TOS02000372,2026-10-07T00:15,0.9,2.3,159.0
TOS02000372,2026-10-07T00:30,2.0,3.8,157.0
TOS02000372,2026-10-07T00:45,2.0,4.4,160.0
TOS02000372,2026-10-07T01:00,1.3,2.6,159.0
TOS02000372,2026-10-07T01:15,1.0,2.0,164.0
TOS02000372,2026-10-07T01:30,0.7,1.9,154.0
TOS02000372,2026-10-07T01:45,0.8,3.0,152.0
TOS02000372,2026-10-07T02:00,1.1,3.1,160.0
TOS02000372,2026-10-07T02:15,1.5,2.3,160.0
TOS02000372,2026-10-07T02:30,0.6,1.7,162.0
TOS02000372,2026-10-07T02:45,0.5,1.2,162.0
TOS02000372,2026-10-07T03:00,0.4,1.1,153.0
TOS02000372,2026-10-07T03:15,1.1,2.7,320.0
TOS02000372,2026-10-07T03:30,1.5,2.1,318.0
TOS02000372,2026-10-07T03:45,1.5,2.1,320.0
TOS02000372,2026-10-07T04:00,1.6,2.7,333.0
TOS02000372,2026-10-07T04:15,2.1,2.5,344.0
TOS02000372,2026-10-07T04:30,1.6,2.0,8.0
TOS02000372,2026-10-07T04:45,1.1,1.6,27.0
TOS02000372,2026-10-07T05:00,0.8,1.2,55.0
TOS02000372,2026-10-07T05:15,1.2,1.6,112.0
TOS02000372,2026-10-07T05:30,1.0,1.7,113.0
TOS02000372,2026-10-07T05:45,1.3,1.9,135.0
TOS02000372,2026-10-07T06:00,1.6,2.3,129.0
TOS02000372,2026-10-07T06:15,2.1,3.7,134.0
TOS02000372,2026-10-07T06:30,2.0,2.8,123.0
TOS02000372,2026-10-07T06:45,1.6,2.6,150.0
TOS02000372,2026-10-07T07:00,2.7,4.8,142.0
TOS02000372,2026-10-07T07:15,3.9,6.4,141.0
TOS02000372,2026-10-07T07:30,3.4,5.2,150.0
TOS02000372,2026-10-07T07:45,2.5,3.8,152.0
TOS02000372,2026-10-07T08:00,2.3,4.8,157.0
TOS02000372,2026-10-07T08:15,3.0,4.3,154.0
TOS02000372,2026-10-07T08:30,2.6,5.1,154.0
TOS02000372,2026-10-07T08:45,2.3,4.3,158.0
TOS02000372,2026-10-07T09:00,2.0,4.0,155.0
TOS02000372,2026-10-07T09:15,2.3,3.9,158.0
TOS02000372,2026-10-07T09:30,2.5,4.4,154.0
TOS02000372,2026-10-07T09:45,2.6,4.0,157.0
TOS02000372,2026-10-07T10:00,2.5,4.2,156.0
TOS02000372,2026-10-07T10:15,2.7,4.7,155.0
TOS02000372,2026-10-07T10:30,2.8,5.1,156.0
TOS02000372,2026-10-07T10:45,2.7,5.0,157.0
TOS02000372,2026-10-07T11:00,2.8,5.1,155.0
TOS02000372,2026-10-07T11:15,2.6,5.1,159.0
TOS02000372,2026-10-07T11:30,2.6,4.5,159.0
TOS02000372,2026-10-07T11:45,2.1,4.0,160.0
TOS02000372,2026-10-07T12:00,2.7,4.7,159.0
TOS02000372,2026-10-07T12:15,3.0,4.5,151.0
TOS02000372,2026-10-07T12:30,2.9,5.0,154.0
TOS02000372,2026-10-07T12:45,2.7,5.2,156.0
TOS02000372,2026-10-07T13:00,2.2,4.0,160.0
TOS02000372,2026-10-07T13:15,2.2,4.2,158.0
TOS02000372,2026-10-07T13:30,2.5,4.4,157.0
TOS02000372,2026-10-07T13:45,2.5,4.9,156.0
TOS02000372,2026-10-07T14:00,3.3,5.5,153.0
TOS02000372,2026-10-07T14:15,2.6,4.5,160.0
TOS02000372,2026-10-07T14:30,2.5,4.2,158.0
TOS02000372,2026-10-07T14:45,2.3,4.8,156.0
TOS02000372,2026-10-07T15:00,2.5,3.8,156.0
TOS02000372,2026-10-07T15:15,1.6,3.0,163.0
TOS02000372,2026-10-07T15:30,1.7,3.1,159.0
TOS02000372,2026-10-07T15:45,2.0,3.6,162.0
TOS02000372,2026-10-07T16:00,2.9,5.1,159.0
TOS02000372,2026-10-07T16:15,3.6,5.5,160.0
TOS02000372,2026-10-07T16:30,4.3,6.0,159.0
TOS02000372,2026-10-07T16:45,4.9,8.4,156.0
TOS02000372,2026-10-07T17:00,4.4,6.0,160.0
TOS02000372,2026-10-07T17:15,4.0,6.0,161.0
TOS02000372,2026-10-07T17:30,4.2,5.7,161.0
TOS02000372,2026-10-07T17:45,3.6,5.0,162.0
TOS02000372,2026-10-07T18:00,4.0,5.9,162.0
TOS02000372,2026-10-07T18:15,4.9,7.3,158.0
TOS02000372,2026-10-07T18:30,4.8,6.8,160.0
TOS02000372,2026-10-07T18:45,5.0,7.2,158.0
TOS02000372,2026-10-07T19:00,4.7,7.3,156.0
TOS02000372,2026-10-07T19:15,4.1,7.1,157.0
TOS02000372,2026-10-07T19:30,4.5,7.0,158.0
TOS02000372,2026-10-07T19:45,4.8,7.1,158.0
TOS02000372,2026-10-07T20:00,4.9,6.9,159.0
TOS02000372,2026-10-07T20:15,5.7,8.0,155.0
TOS02000372,2026-10-07T20:30,6.2,9.6,153.0
TOS02000372,2026-10-07T20:45,7.1,14.6,152.0
TOS02000372,2026-10-07T21:00,7.2,11.4,153.0
TOS02000372,2026-10-07T21:15,7.8,12.0,155.0
TOS02000372,2026-10-07T21:30,7.5,10.2,154.0
TOS02000372,2026-10-07T21:45,6.5,8.5,159.0
TOS02000372,2026-10-07T22:00,6.2,8.2,160.0
TOS02000372,2026-10-07T22:15,6.4,9.3,161.0
TOS02000372,2026-10-07T22:30,5.8,8.1,159.0
TOS02000372,2026-10-07T22:45,6.7,9.0,158.0
TOS02000372,2026-10-07T23:00,6.3,8.1,161.0
TOS02000372,2026-10-07T23:15,6.1,8.0,160.0
TOS02000372,2026-10-07T23:30,6.3,8.8,159.0
TOS02000372,2026-10-07T23:45,6.9,9.1,158.0
TOS02004059,2026-10-07T00:00,1.6,2.5,52.0
TOS02004059,2026-10-07T00:15,2.3,3.4,45.0
TOS02004059,2026-10-07T00:30,1.5,2.6,57.0
TOS02004059,2026-10-07T00:45,2.3,3.3,47.0
TOS02004059,2026-10-07T01:00,2.3,2.9,46.0
TOS02004059,2026-10-07T01:15,2.0,2.9,51.0
TOS02004059,2026-10-07T01:30,2.2,3.1,44.0
TOS02004059,2026-10-07T01:45,1.9,2.7,46.0
TOS02004059,2026-10-07T02:00,1.3,2.6,65.0
TOS02004059,2026-10-07T02:15,2.1,3.2,49.0
TOS02004059,2026-10-07T02:30,2.2,3.1,44.0
TOS02004059,2026-10-07T02:45,2.0,2.8,46.0
TOS02004059,2026-10-07T03:00,2.3,3.1,45.0
TOS02004059,2026-10-07T03:15,2.2,3.1,48.0
TOS02004059,2026-10-07T03:30,1.9,2.8,45.0
TOS02004059,2026-10-07T03:45,1.3,2.6,61.0
TOS02004059,2026-10-07T04:00,1.9,2.8,52.0
TOS02004059,2026-10-07T04:15,1.6,2.7,51.0
TOS02004059,2026-10-07T04:30,1.5,2.2,57.0
TOS02004059,2026-10-07T04:45,1.3,2.0,60.0
TOS02004059,2026-10-07T05:00,1.6,2.4,62.0
TOS02004059,2026-10-07T05:15,2.1,3.1,51.0
TOS02004059,2026-10-07T05:30,1.6,2.4,52.0
TOS02004059,2026-10-07T05:45,0.9,1.9,71.0
TOS02004059,2026-10-07T06:00,1.3,1.9,43.0
TOS02004059,2026-10-07T06:15,1.2,2.1,58.0
TOS02004059,2026-10-07T06:30,1.3,1.9,58.0
TOS02004059,2026-10-07T06:45,1.4,2.0,59.0
TOS02004059,2026-10-07T07:00,1.2,2.5,50.0
TOS02004059,2026-10-07T07:15,1.1,1.6,60.0
TOS02004059,2026-10-07T07:30,1.4,2.4,58.0
TOS02004059,2026-10-07T07:45,1.6,2.7,46.0
TOS02004059,2026-10-07T08:00,1.2,1.9,56.0
TOS02004059,2026-10-07T08:15,1.0,2.0,40.0
TOS02004059,2026-10-07T08:30,0.5,1.1,93.0
TOS02004059,2026-10-07T08:45,0.4,1.0,116.0
TOS02004059,2026-10-07T09:00,0.6,1.1,80.0
TOS02004059,2026-10-07T09:15,0.5,1.0,85.0
TOS02004059,2026-10-07T09:30,0.2,0.6,144.0
TOS02004059,2026-10-07T09:45,0.8,2.0,70.0
TOS02004059,2026-10-07T10:00,1.3,2.8,21.0
TOS02004059,2026-10-07T10:15,0.9,1.8,20.0
TOS02004059,2026-10-07T10:30,0.9,1.8,263.0
TOS02004059,2026-10-07T10:45,1.1,2.5,22.0
TOS02004059,2026-10-07T11:00,0.7,1.7,211.0
TOS02004059,2026-10-07T11:15,1.3,3.4,28.0
TOS02004059,2026-10-07T11:30,1.8,4.3,29.0
TOS02004059,2026-10-07T11:45,2.7,4.7,32.0
TOS02004059,2026-10-07T12:00,2.3,4.7,28.0
TOS02004059,2026-10-07T12:15,1.2,2.8,14.0
TOS02004059,2026-10-07T12:30,1.1,2.4,314.0
TOS02004059,2026-10-07T12:45,1.0,2.4,16.0
TOS02004059,2026-10-07T13:00,1.5,2.8,16.0
TOS02004059,2026-10-07T13:15,1.4,3.8,15.0
TOS02004059,2026-10-07T13:30,1.9,6.1,23.0
TOS02004059,2026-10-07T13:45,1.5,3.3,27.0
TOS02004059,2026-10-07T14:00,1.8,3.8,30.0
TOS02004059,2026-10-07T14:15,2.2,3.9,27.0
TOS02004059,2026-10-07T14:30,2.0,3.8,28.0
TOS02004059,2026-10-07T14:45,2.2,4.1,38.0
TOS02004059,2026-10-07T15:00,1.6,3.4,33.0
TOS02004059,2026-10-07T15:15,1.2,3.6,36.0
TOS02004059,2026-10-07T15:30,0.8,2.4,63.0
TOS02004059,2026-10-07T15:45,0.9,2.2,11.0
TOS02004059,2026-10-07T16:00,2.3,4.3,33.0
TOS02004059,2026-10-07T16:15,2.1,4.2,28.0
TOS02004059,2026-10-07T16:30,1.6,4.0,13.0
TOS02004059,2026-10-07T16:45,0.8,2.5,13.0
TOS02004059,2026-10-07T17:00,1.6,3.6,26.0
TOS02004059,2026-10-07T17:15,1.0,3.1,10.0
TOS02004059,2026-10-07T17:30,1.1,2.4,30.0
TOS02004059,2026-10-07T17:45,1.2,3.1,29.0
TOS02004059,2026-10-07T18:00,1.6,3.2,14.0
TOS02004059,2026-10-07T18:15,1.3,3.7,39.0
TOS02004059,2026-10-07T18:30,0.7,1.3,237.0
TOS02004059,2026-10-07T18:45,0.8,2.0,349.0
TOS02004059,2026-10-07T19:00,1.0,1.7,74.0
TOS02004059,2026-10-07T19:15,1.5,3.1,62.0
TOS02004059,2026-10-07T19:30,1.5,3.0,69.0
TOS02004059,2026-10-07T19:45,1.9,3.3,45.0
TOS02004059,2026-10-07T20:00,1.5,2.6,49.0
TOS02004059,2026-10-07T20:15,1.4,2.5,58.0
TOS02004059,2026-10-07T20:30,1.7,2.6,53.0
TOS02004059,2026-10-07T20:45,0.7,1.6,83.0
TOS02004059,2026-10-07T21:00,1.4,3.1,19.0
TOS02004059,2026-10-07T21:15,1.0,2.0,56.0
TOS02004059,2026-10-07T21:30,1.1,2.0,52.0
TOS02004059,2026-10-07T21:45,1.6,3.2,37.0
TOS02004059,2026-10-07T22:00,1.6,2.7,39.0
TOS02004059,2026-10-07T22:15,1.1,2.8,35.0
TOS02004059,2026-10-07T22:30,1.1,1.8,35.0
TOS02004059,2026-10-07T22:45,1.2,2.1,12.0
TOS02004059,2026-10-07T23:00,1.6,3.3,13.0
TOS02004059,2026-10-07T23:15,1.4,3.0,44.0
TOS02004059,2026-10-07T23:30,0.9,1.8,55.0
TOS02004059,2026-10-07T23:45,0.6,1.5,69.0
TOS02004081,2026-10-07T00:00,0.6,0.8,183.0
TOS02004081,2026-10-07T00:15,0.2,0.8,146.0
TOS02004081,2026-10-07T00:30,0.6,0.8,157.0
TOS02004081,2026-10-07T00:45,0.9,1.3,151.0
TOS02004081,2026-10-07T01:00,0.7,1.2,164.0
TOS02004081,2026-10-07T01:15,1.1,1.8,157.0
TOS02004081,2026-10-07T01:30,1.0,1.7,151.0
TOS02004081,2026-10-07T01:45,1.0,1.6,157.0
TOS02004081,2026-10-07T02:00,0.9,1.6,174.0
TOS02004081,2026-10-07T02:15,0.9,1.4,168.0
TOS02004081,2026-10-07T02:30,0.7,1.2,166.0
TOS02004081,2026-10-07T02:45,0.9,1.7,158.0
TOS02004081,2026-10-07T03:00,1.0,1.7,168.0
TOS02004081,2026-10-07T03:15,0.7,1.2,170.0
TOS02004081,2026-10-07T03:30,0.5,1.3,159.0
TOS02004081,2026-10-07T03:45,0.5,1.1,161.0
TOS02004081,2026-10-07T04:00,0.9,2.7,161.0
TOS02004081,2026-10-07T04:15,0.5,1.8,296.0
TOS02004081,2026-10-07T04:30,0.9,2.1,165.0
TOS02004081,2026-10-07T04:45,0.9,2.5,174.0
TOS02004081,2026-10-07T05:00,1.8,3.4,145.0
TOS02004081,2026-10-07T05:15,3.3,4.1,134.0
TOS02004081,2026-10-07T05:30,2.0,3.4,140.0
TOS02004081,2026-10-07T05:45,1.1,2.4,170.0
TOS02004081,2026-10-07T06:00,1.4,3.3,177.0
TOS02004081,2026-10-07T06:15,1.7,3.2,167.0
TOS02004081,2026-10-07T06:30,2.3,3.9,145.0
TOS02004081,2026-10-07T06:45,2.3,4.7,67.0
TOS02004081,2026-10-07T07:00,1.7,3.8,80.0
TOS02004081,2026-10-07T07:15,1.7,4.1,86.0
TOS02004081,2026-10-07T07:30,2.6,4.6,90.0
TOS02004081,2026-10-07T07:45,2.0,4.8,74.0
TOS02004081,2026-10-07T08:00,2.5,4.2,64.0
TOS02004081,2026-10-07T08:15,2.7,5.1,84.0
TOS02004081,2026-10-07T08:30,2.7,5.1,86.0
TOS02004081,2026-10-07T08:45,2.5,5.3,84.0
TOS02004081,2026-10-07T09:00,2.3,4.7,83.0
TOS02004081,2026-10-07T09:15,3.7,5.4,94.0
TOS02004081,2026-10-07T09:30,3.3,4.7,99.0
TOS02004081,2026-10-07T09:45,3.4,4.8,96.0
TOS02004081,2026-10-07T10:00,4.6,6.4,95.0
TOS02004081,2026-10-07T10:15,4.4,5.9,98.0
TOS02004081,2026-10-07T10:30,4.1,5.3,97.0
TOS02004081,2026-10-07T10:45,3.4,4.9,96.0
TOS02004081,2026-10-07T11:00,2.9,4.8,90.0
TOS02004081,2026-10-07T11:15,3.8,5.1,95.0
TOS02004081,2026-10-07T11:30,4.6,6.6,96.0
TOS02004081,2026-10-07T11:45,4.7,6.5,93.0
TOS02004081,2026-10-07T12:00,3.7,6.4,85.0
TOS02004081,2026-10-07T12:15,3.6,5.8,87.0
TOS02004081,2026-10-07T12:30,4.2,5.4,100.0
TOS02004081,2026-10-07T12:45,3.6,5.0,94.0
TOS02004081,2026-10-07T13:00,2.6,4.4,84.0
TOS02004081,2026-10-07T13:15,3.0,5.1,86.0
TOS02004081,2026-10-07T13:30,2.5,4.6,86.0
TOS02004081,2026-10-07T13:45,2.1,4.1,84.0
TOS02004081,2026-10-07T14:00,2.0,3.7,78.0
TOS02004081,2026-10-07T14:15,2.1,3.9,81.0
TOS02004081,2026-10-07T14:30,3.0,4.6,84.0
TOS02004081,2026-10-07T14:45,3.9,6.0,90.0
TOS02004081,2026-10-07T15:00,3.6,5.5,94.0
TOS02004081,2026-10-07T15:15,3.6,5.0,95.0
TOS02004081,2026-10-07T15:30,2.9,4.6,92.0
TOS02004081,2026-10-07T15:45,2.6,4.5,87.0
TOS02004081,2026-10-07T16:00,1.8,3.6,78.0
TOS02004081,2026-10-07T16:15,2.3,3.7,86.0
TOS02004081,2026-10-07T16:30,2.8,3.8,96.0
TOS02004081,2026-10-07T16:45,2.7,3.6,100.0
TOS02004081,2026-10-07T17:00,2.5,3.7,105.0
TOS02004081,2026-10-07T17:15,2.0,3.2,134.0
TOS02004081,2026-10-07T17:30,1.8,2.4,143.0
TOS02004081,2026-10-07T17:45,2.0,3.1,121.0
TOS02004081,2026-10-07T18:00,1.9,2.8,90.0
TOS02004081,2026-10-07T18:15,1.5,2.5,158.0
TOS02004081,2026-10-07T18:30,1.2,2.4,175.0
TOS02004081,2026-10-07T18:45,2.2,3.3,58.0
TOS02004081,2026-10-07T19:00,1.0,2.7,13.0
TOS02004081,2026-10-07T19:15,0.6,1.1,291.0
TOS02004081,2026-10-07T19:30,1.6,2.3,44.0
TOS02004081,2026-10-07T19:45,2.7,4.3,91.0
TOS02004081,2026-10-07T20:00,3.4,5.6,98.0
TOS02004081,2026-10-07T20:15,2.6,3.9,128.0
TOS02004081,2026-10-07T20:30,2.9,4.5,150.0
TOS02004081,2026-10-07T20:45,4.3,6.2,127.0
TOS02004081,2026-10-07T21:00,4.3,6.3,127.0
TOS02004081,2026-10-07T21:15,2.2,4.5,153.0
TOS02004081,2026-10-07T21:30,1.4,2.5,166.0
TOS02004081,2026-10-07T21:45,2.0,3.6,162.0
TOS02004081,2026-10-07T22:00,2.8,4.1,147.0
TOS02004081,2026-10-07T22:15,3.8,4.6,128.0
TOS02004081,2026-10-07T22:30,2.8,4.0,142.0
TOS02004081,2026-10-07T22:45,2.8,4.1,143.0
TOS02004081,2026-10-07T23:00,1.9,3.0,154.0
TOS02004081,2026-10-07T23:15,1.8,3.2,159.0
TOS02004081,2026-10-07T23:30,1.4,2.7,173.0
TOS02004081,2026-10-07T23:45,2.2,3.8,160.0
TOS02004311,2026-10-07T00:00,1.6,2.8,48.0
TOS02004311,2026-10-07T00:15,1.3,2.0,41.0
TOS02004311,2026-10-07T00:30,2.0,2.8,46.0
TOS02004311,2026-10-07T00:45,1.9,2.6,44.0
TOS02004311,2026-10-07T01:00,1.7,2.6,45.0
TOS02004311,2026-10-07T01:15,2.2,2.8,56.0
TOS02004311,2026-10-07T01:30,2.0,2.9,45.0
TOS02004311,2026-10-07T01:45,1.9,2.8,36.0
TOS02004311,2026-10-07T02:00,2.0,2.7,52.0
TOS02004311,2026-10-07T02:15,2.3,3.0,46.0
TOS02004311,2026-10-07T02:30,2.1,3.0,40.0
TOS02004311,2026-10-07T02:45,2.1,3.3,33.0
TOS02004311,2026-10-07T03:00,1.8,3.0,28.0
TOS02004311,2026-10-07T03:15,1.8,2.9,30.0
TOS02004311,2026-10-07T03:30,2.3,3.3,35.0
TOS02004311,2026-10-07T03:45,2.9,3.8,42.0
TOS02004311,2026-10-07T04:00,2.7,3.7,33.0
TOS02004311,2026-10-07T04:15,2.6,4.1,43.0
TOS02004311,2026-10-07T04:30,1.3,2.2,19.0
TOS02004311,2026-10-07T04:45,1.2,2.0,15.0
TOS02004311,2026-10-07T05:00,1.6,2.5,50.0
TOS02004311,2026-10-07T05:15,2.0,2.8,44.0
TOS02004311,2026-10-07T05:30,1.5,2.9,74.0
TOS02004311,2026-10-07T05:45,2.2,3.9,54.0
TOS02004311,2026-10-07T06:00,2.4,3.9,36.0
TOS02004311,2026-10-07T06:15,2.1,3.0,46.0
TOS02004311,2026-10-07T06:30,2.0,3.3,54.0
TOS02004311,2026-10-07T06:45,2.9,4.8,39.0
TOS02004311,2026-10-07T07:00,3.0,4.9,28.0
TOS02004311,2026-10-07T07:15,3.3,5.5,36.0
TOS02004311,2026-10-07T07:30,3.7,5.5,33.0
TOS02004311,2026-10-07T07:45,3.4,6.7,31.0
TOS02004311,2026-10-07T08:00,3.1,5.3,25.0
TOS02004311,2026-10-07T08:15,3.3,5.5,26.0
TOS02004311,2026-10-07T08:30,3.2,5.9,25.0
TOS02004311,2026-10-07T08:45,2.8,5.3,24.0
TOS02004311,2026-10-07T09:00,2.9,5.2,21.0
TOS02004311,2026-10-07T09:15,2.6,5.7,13.0
TOS02004311,2026-10-07T09:30,2.8,5.9,9.0
TOS02004311,2026-10-07T09:45,2.9,5.8,10.0
TOS02004311,2026-10-07T10:00,2.8,4.9,4.0
TOS02004311,2026-10-07T10:15,2.5,4.4,6.0
TOS02004311,2026-10-07T10:30,2.3,3.4,358.0
TOS02004311,2026-10-07T10:45,2.1,3.9,9.0
TOS02004311,2026-10-07T11:00,2.3,4.7,21.0
TOS02004311,2026-10-07T11:15,2.0,4.1,18.0
TOS02004311,2026-10-07T11:30,1.9,3.6,8.0
TOS02004311,2026-10-07T11:45,2.1,3.2,1.0
TOS02004311,2026-10-07T12:00,2.9,5.2,12.0
TOS02004311,2026-10-07T12:15,2.9,6.5,21.0
TOS02004311,2026-10-07T12:30,1.9,4.2,18.0
TOS02004311,2026-10-07T12:45,1.7,3.5,6.0
TOS02004311,2026-10-07T13:00,2.0,3.8,11.0
TOS02004311,2026-10-07T13:15,1.6,3.2,10.0
TOS02004311,2026-10-07T13:30,1.7,3.2,24.0
TOS02004311,2026-10-07T13:45,1.8,3.2,9.0
TOS02004311,2026-10-07T14:00,1.6,4.1,12.0
TOS02004311,2026-10-07T14:15,2.1,6.6,19.0
TOS02004311,2026-10-07T14:30,2.8,4.7,21.0
TOS02004311,2026-10-07T14:45,2.6,5.6,14.0
TOS02004311,2026-10-07T15:00,2.6,5.9,8.0
TOS02004311,2026-10-07T15:15,2.2,4.1,358.0
TOS02004311,2026-10-07T15:30,2.0,3.7,15.0
TOS02004311,2026-10-07T15:45,1.9,3.8,21.0
TOS02004311,2026-10-07T16:00,2.0,5.0,22.0
TOS02004311,2026-10-07T16:15,1.3,2.5,7.0
TOS02004311,2026-10-07T16:30,1.3,3.2,12.0
TOS02004311,2026-10-07T16:45,1.3,3.6,42.0
TOS02004311,2026-10-07T17:00,0.9,1.9,9.0
TOS02004311,2026-10-07T17:15,0.6,1.4,139.0
TOS02004311,2026-10-07T17:30,0.7,1.2,41.0
TOS02004311,2026-10-07T17:45,0.8,1.4,34.0
TOS02004311,2026-10-07T18:00,0.8,1.5,57.0
TOS02004311,2026-10-07T18:15,1.2,1.8,32.0
TOS02004311,2026-10-07T18:30,1.5,2.6,41.0
TOS02004311,2026-10-07T18:45,2.1,3.3,39.0
TOS02004311,2026-10-07T19:00,2.2,3.5,36.0
TOS02004311,2026-10-07T19:15,1.4,2.6,46.0
TOS02004311,2026-10-07T19:30,1.3,2.6,8.0
TOS02004311,2026-10-07T19:45,2.4,4.6,7.0
TOS02004311,2026-10-07T20:00,2.7,5.4,10.0
TOS02004311,2026-10-07T20:15,1.5,2.6,0.0
TOS02004311,2026-10-07T20:30,1.2,1.9,356.0
TOS02004311,2026-10-07T20:45,1.5,3.3,19.0
TOS02004311,2026-10-07T21:00,1.2,2.0,14.0
TOS02004311,2026-10-07T21:15,1.3,2.2,7.0
TOS02004311,2026-10-07T21:30,1.3,2.0,6.0
TOS02004311,2026-10-07T21:45,1.4,2.0,37.0
TOS02004311,2026-10-07T22:00,1.8,2.8,25.0
TOS02004311,2026-10-07T22:15,1.5,3.1,46.0
TOS02004311,2026-10-07T22:30,1.2,2.5,18.0
TOS02004311,2026-10-07T22:45,1.2,1.8,50.0
TOS02004311,2026-10-07T23:00,0.7,1.6,95.0
TOS02004311,2026-10-07T23:15,0.7,1.0,46.0
TOS02004311,2026-10-07T23:30,0.9,1.5,84.0
TOS02004311,2026-10-07T23:45,0.8,1.7,116.0
TOS03000091,2026-10-07T00:00,0.5,0.7,260.0
TOS03000091,2026-10-07T00:15,0.2,0.3,146.0
TOS03000091,2026-10-07T00:30,0.3,0.7,173.0
TOS03000091,2026-10-07T00:45,0.5,0.6,299.0
TOS03000091,2026-10-07T01:00,0.4,0.9,236.0
TOS03000091,2026-10-07T01:15,0.4,0.7,232.0
TOS03000091,2026-10-07T01:30,0.2,0.5,352.0
TOS03000091,2026-10-07T01:45,0.3,0.6,241.0
TOS03000091,2026-10-07T02:00,0.4,0.9,287.0
TOS03000091,2026-10-07T02:15,0.3,0.8,285.0
TOS03000091,2026-10-07T02:30,0.4,0.8,206.0
TOS03000091,2026-10-07T02:45,0.2,0.4,258.0
TOS03000091,2026-10-07T03:00,0.3,0.7,188.0
TOS03000091,2026-10-07T03:15,0.3,0.6,296.0
TOS03000091,2026-10-07T03:30,0.4,0.6,279.0
TOS03000091,2026-10-07T03:45,0.3,0.8,140.0
TOS03000091,2026-10-07T04:00,0.5,0.9,259.0
TOS03000091,2026-10-07T04:15,0.6,1.3,260.0
TOS03000091,2026-10-07T04:30,0.5,0.8,224.0
TOS03000091,2026-10-07T04:45,0.5,0.7,296.0
TOS03000091,2026-10-07T05:00,0.5,0.9,254.0
TOS03000091,2026-10-07T05:15,0.7,1.1,221.0
TOS03000091,2026-10-07T05:30,0.8,1.3,210.0
TOS03000091,2026-10-07T05:45,0.6,1.2,147.0
TOS03000091,2026-10-07T06:00,0.5,1.0,93.0
TOS03000091,2026-10-07T06:15,0.3,0.6,177.0
TOS03000091,2026-10-07T06:30,0.4,0.9,232.0
TOS03000091,2026-10-07T06:45,0.5,1.2,127.0
TOS03000091,2026-10-07T07:00,0.5,1.2,247.0
TOS03000091,2026-10-07T07:15,0.3,0.6,104.0
TOS03000091,2026-10-07T07:30,0.3,0.7,88.0
TOS03000091,2026-10-07T07:45,0.5,1.2,165.0
TOS03000091,2026-10-07T08:00,0.3,0.5,289.0
TOS03000091,2026-10-07T08:15,0.3,0.5,329.0
TOS03000091,2026-10-07T08:30,0.4,0.7,208.0
TOS03000091,2026-10-07T08:45,0.6,1.1,305.0
TOS03000091,2026-10-07T09:00,0.4,1.2,318.0
TOS03000091,2026-10-07T09:15,0.6,1.3,313.0
TOS03000091,2026-10-07T09:30,0.7,1.6,327.0
TOS03000091,2026-10-07T09:45,1.2,2.3,348.0
TOS03000091,2026-10-07T10:00,1.1,2.3,322.0
TOS03000091,2026-10-07T10:15,1.1,1.9,312.0
TOS03000091,2026-10-07T10:30,1.3,2.0,250.0
TOS03000091,2026-10-07T10:45,1.0,1.7,235.0
TOS03000091,2026-10-07T11:00,0.5,1.4,134.0
TOS03000091,2026-10-07T11:15,1.1,3.8,108.0
TOS03000091,2026-10-07T11:30,2.2,4.5,119.0
TOS03000091,2026-10-07T11:45,1.8,4.5,120.0
TOS03000091,2026-10-07T12:00,2.1,4.4,112.0
TOS03000091,2026-10-07T12:15,2.4,5.2,135.0
TOS03000091,2026-10-07T12:30,2.4,4.6,162.0
TOS03000091,2026-10-07T12:45,2.7,4.2,155.0
TOS03000091,2026-10-07T13:00,2.8,5.1,162.0
TOS03000091,2026-10-07T13:15,2.7,5.2,155.0
TOS03000091,2026-10-07T13:30,2.5,4.7,141.0
TOS03000091,2026-10-07T13:45,2.4,5.3,142.0
TOS03000091,2026-10-07T14:00,2.0,4.1,130.0
TOS03000091,2026-10-07T14:15,2.1,4.3,146.0
TOS03000091,2026-10-07T14:30,1.8,3.8,135.0
TOS03000091,2026-10-07T14:45,1.7,3.8,130.0
TOS03000091,2026-10-07T15:00,2.5,4.9,159.0
TOS03000091,2026-10-07T15:15,3.1,5.3,157.0
TOS03000091,2026-10-07T15:30,2.4,4.0,152.0
TOS03000091,2026-10-07T15:45,1.9,4.4,122.0
TOS03000091,2026-10-07T16:00,2.0,5.0,120.0
TOS03000091,2026-10-07T16:15,2.0,4.7,133.0
TOS03000091,2026-10-07T16:30,1.7,3.6,129.0
TOS03000091,2026-10-07T16:45,1.3,2.8,137.0
TOS03000091,2026-10-07T17:00,1.8,2.9,145.0
TOS03000091,2026-10-07T17:15,1.5,2.9,160.0
TOS03000091,2026-10-07T17:30,1.5,3.4,145.0
TOS03000091,2026-10-07T17:45,1.5,2.5,156.0
TOS03000091,2026-10-07T18:00,1.2,2.3,150.0
TOS03000091,2026-10-07T18:15,1.0,2.6,169.0
TOS03000091,2026-10-07T18:30,0.9,2.1,167.0
TOS03000091,2026-10-07T18:45,0.7,1.7,116.0
TOS03000091,2026-10-07T19:00,0.5,1.9,127.0
TOS03000091,2026-10-07T19:15,0.5,1.3,127.0
TOS03000091,2026-10-07T19:30,0.9,3.0,78.0
TOS03000091,2026-10-07T19:45,1.1,3.6,138.0
TOS03000091,2026-10-07T20:00,1.4,2.8,146.0
TOS03000091,2026-10-07T20:15,1.3,2.9,133.0
TOS03000091,2026-10-07T20:30,1.9,3.5,126.0
TOS03000091,2026-10-07T20:45,1.7,3.4,145.0
TOS03000091,2026-10-07T21:00,2.3,4.5,150.0
TOS03000091,2026-10-07T21:15,2.3,4.0,161.0
TOS03000091,2026-10-07T21:30,1.8,4.5,157.0
TOS03000091,2026-10-07T21:45,1.7,3.0,136.0
TOS03000091,2026-10-07T22:00,1.7,3.9,152.0
TOS03000091,2026-10-07T22:15,1.5,3.4,111.0
TOS03000091,2026-10-07T22:30,1.9,4.3,135.0
TOS03000091,2026-10-07T22:45,1.2,2.6,247.0
TOS03000091,2026-10-07T23:00,0.7,1.6,59.0
TOS03000091,2026-10-07T23:15,0.9,1.7,25.0
TOS03000091,2026-10-07T23:30,0.8,1.6,331.0
TOS03000091,2026-10-07T23:45,0.4,1.6,358.0
TOS03000278,2026-10-07T00:00,0.5,0.9,74.0
TOS03000278,2026-10-07T00:15,0.5,1.1,187.0
TOS03000278,2026-10-07T00:30,0.3,0.8,62.0
TOS03000278,2026-10-07T00:45,0.7,1.1,16.0
TOS03000278,2026-10-07T01:00,0.6,1.0,43.0
TOS03000278,2026-10-07T01:15,0.6,1.1,72.0
TOS03000278,2026-10-07T01:30,0.5,1.0,108.0
TOS03000278,2026-10-07T01:45,0.5,1.0,79.0
TOS03000278,2026-10-07T02:00,0.3,0.9,100.0
TOS03000278,2026-10-07T02:15,0.6,1.1,108.0
TOS03000278,2026-10-07T02:30,0.4,0.8,40.0
TOS03000278,2026-10-07T02:45,0.5,1.0,176.0
TOS03000278,2026-10-07T03:00,0.5,0.9,64.0
TOS03000278,2026-10-07T03:15,0.7,1.3,41.0
TOS03000278,2026-10-07T03:30,0.7,1.3,47.0
TOS03000278,2026-10-07T03:45,0.6,1.1,119.0
TOS03000278,2026-10-07T04:00,0.8,1.1,145.0
TOS03000278,2026-10-07T04:15,0.4,0.8,41.0
TOS03000278,2026-10-07T04:30,0.4,1.1,81.0
TOS03000278,2026-10-07T04:45,0.4,1.0,142.0
TOS03000278,2026-10-07T05:00,0.7,1.2,92.0
TOS03000278,2026-10-07T05:15,0.5,0.9,100.0
TOS03000278,2026-10-07T05:30,0.4,0.9,123.0
TOS03000278,2026-10-07T05:45,0.6,1.1,177.0
TOS03000278,2026-10-07T06:00,0.7,1.5,163.0
TOS03000278,2026-10-07T06:15,0.4,0.8,59.0
TOS03000278,2026-10-07T06:30,0.4,1.1,181.0
TOS03000278,2026-10-07T06:45,0.4,0.9,59.0
TOS03000278,2026-10-07T07:00,0.4,0.7,17.0
TOS03000278,2026-10-07T07:15,0.4,0.8,173.0
TOS03000278,2026-10-07T07:30,0.5,1.2,220.0
TOS03000278,2026-10-07T07:45,0.6,1.5,159.0
TOS03000278,2026-10-07T08:00,0.5,1.2,356.0
TOS03000278,2026-10-07T08:15,0.4,0.9,11.0
TOS03000278,2026-10-07T08:30,0.8,2.0,21.0
TOS03000278,2026-10-07T08:45,0.8,1.7,2.0
TOS03000278,2026-10-07T09:00,0.5,1.1,7.0
TOS03000278,2026-10-07T09:15,0.5,1.3,346.0
TOS03000278,2026-10-07T09:30,0.5,1.6,320.0
TOS03000278,2026-10-07T09:45,0.9,2.3,309.0
TOS03000278,2026-10-07T10:00,0.9,2.1,262.0
TOS03000278,2026-10-07T10:15,0.9,2.5,255.0
TOS03000278,2026-10-07T10:30,0.9,2.4,236.0
TOS03000278,2026-10-07T10:45,0.9,2.2,240.0
TOS03000278,2026-10-07T11:00,0.8,1.8,230.0
TOS03000278,2026-10-07T11:15,0.7,2.0,248.0
TOS03000278,2026-10-07T11:30,0.6,1.9,300.0
TOS03000278,2026-10-07T11:45,0.9,1.8,320.0
TOS03000278,2026-10-07T12:00,0.9,1.8,270.0
TOS03000278,2026-10-07T12:15,0.7,1.6,237.0
TOS03000278,2026-10-07T12:30,0.5,1.4,255.0
TOS03000278,2026-10-07T12:45,1.0,2.3,256.0
TOS03000278,2026-10-07T13:00,0.8,1.8,285.0
TOS03000278,2026-10-07T13:15,0.9,2.0,236.0
TOS03000278,2026-10-07T13:30,0.7,1.7,287.0
TOS03000278,2026-10-07T13:45,0.8,1.5,238.0
TOS03000278,2026-10-07T14:00,0.8,1.9,263.0
TOS03000278,2026-10-07T14:15,1.2,2.6,252.0
TOS03000278,2026-10-07T14:30,0.8,1.9,232.0
TOS03000278,2026-10-07T14:45,0.8,1.7,228.0
TOS03000278,2026-10-07T15:00,0.5,1.1,254.0
TOS03000278,2026-10-07T15:15,0.6,1.4,329.0
TOS03000278,2026-10-07T15:30,0.9,1.9,266.0
TOS03000278,2026-10-07T15:45,0.9,2.0,254.0
TOS03000278,2026-10-07T16:00,0.8,1.5,232.0
TOS03000278,2026-10-07T16:15,0.8,1.6,243.0
TOS03000278,2026-10-07T16:30,1.0,2.5,240.0
TOS03000278,2026-10-07T16:45,1.1,2.4,245.0
TOS03000278,2026-10-07T17:00,0.6,1.2,298.0
TOS03000278,2026-10-07T17:15,0.9,2.0,2.0
TOS03000278,2026-10-07T17:30,1.0,2.7,8.0
TOS03000278,2026-10-07T17:45,0.7,1.8,213.0
TOS03000278,2026-10-07T18:00,0.7,1.9,209.0
TOS03000278,2026-10-07T18:15,1.0,2.1,11.0
TOS03000278,2026-10-07T18:30,1.2,3.1,20.0
TOS03000278,2026-10-07T18:45,1.0,2.9,60.0
TOS03000278,2026-10-07T19:00,1.1,2.5,22.0
TOS03000278,2026-10-07T19:15,1.0,2.3,36.0
TOS03000278,2026-10-07T19:30,1.1,2.9,245.0
TOS03000278,2026-10-07T19:45,1.1,3.1,233.0
TOS03000278,2026-10-07T20:00,1.0,2.3,355.0
TOS03000278,2026-10-07T20:15,1.3,3.0,21.0
TOS03000278,2026-10-07T20:30,0.8,2.2,311.0
TOS03000278,2026-10-07T20:45,0.9,2.5,221.0
TOS03000278,2026-10-07T21:00,1.2,3.3,209.0
TOS03000278,2026-10-07T21:15,2.2,5.4,222.0
TOS03000278,2026-10-07T21:30,2.4,6.6,220.0
TOS03000278,2026-10-07T21:45,1.2,2.9,248.0
TOS03000278,2026-10-07T22:00,1.2,3.1,276.0
TOS03000278,2026-10-07T22:15,1.4,3.3,243.0
TOS03000278,2026-10-07T22:30,1.0,2.9,336.0
TOS03000278,2026-10-07T22:45,0.9,3.2,5.0
TOS03000278,2026-10-07T23:00,1.1,3.5,10.0
TOS03000278,2026-10-07T23:15,1.2,2.1,7.0
TOS03000278,2026-10-07T23:30,0.7,2.7,350.0
TOS03000278,2026-10-07T23:45,0.8,3.1,246.0
TOS03000335,2026-10-07T00:00,6.0,6.7,159.0
TOS03000335,2026-10-07T00:15,6.2,6.7,161.0
TOS03000335,2026-10-07T00:30,6.1,7.0,162.0
TOS03000335,2026-10-07T00:45,5.7,6.3,159.0
TOS03000335,2026-10-07T01:00,5.3,6.4,156.0
TOS03000335,2026-10-07T01:15,3.8,5.5,167.0
TOS03000335,2026-10-07T01:30,3.2,3.9,174.0
TOS03000335,2026-10-07T01:45,3.3,3.9,172.0
TOS03000335,2026-10-07T02:00,3.7,4.7,169.0
TOS03000335,2026-10-07T02:15,4.6,5.1,168.0
TOS03000335,2026-10-07T02:30,3.6,4.1,169.0
TOS03000335,2026-10-07T02:45,4.0,4.7,167.0
TOS03000335,2026-10-07T03:00,2.8,4.4,170.0
TOS03000335,2026-10-07T03:15,1.1,1.6,323.0
TOS03000335,2026-10-07T03:30,1.8,2.8,350.0
TOS03000335,2026-10-07T03:45,2.7,3.1,331.0
TOS03000335,2026-10-07T04:00,2.4,3.3,328.0
TOS03000335,2026-10-07T04:15,2.2,2.7,326.0
TOS03000335,2026-10-07T04:30,2.0,2.9,311.0
TOS03000335,2026-10-07T04:45,1.0,2.5,311.0
TOS03000335,2026-10-07T05:00,2.0,3.9,164.0
TOS03000335,2026-10-07T05:15,2.9,3.7,179.0
TOS03000335,2026-10-07T05:30,2.7,4.3,177.0
TOS03000335,2026-10-07T05:45,3.8,4.7,177.0
TOS03000335,2026-10-07T06:00,4.6,6.3,173.0
TOS03000335,2026-10-07T06:15,3.4,4.5,168.0
TOS03000335,2026-10-07T06:30,4.8,6.3,169.0
TOS03000335,2026-10-07T06:45,5.7,6.7,162.0
TOS03000335,2026-10-07T07:00,5.7,7.6,164.0
TOS03000335,2026-10-07T07:15,6.0,7.7,162.0
TOS03000335,2026-10-07T07:30,6.5,8.8,159.0
TOS03000335,2026-10-07T07:45,6.5,7.9,155.0
TOS03000335,2026-10-07T08:00,6.4,8.2,164.0
TOS03000335,2026-10-07T08:15,6.0,8.8,163.0
TOS03000335,2026-10-07T08:30,6.4,8.4,157.0
TOS03000335,2026-10-07T08:45,7.0,8.6,155.0
TOS03000335,2026-10-07T09:00,7.0,8.8,158.0
TOS03000335,2026-10-07T09:15,6.7,8.0,155.0
TOS03000335,2026-10-07T09:30,7.3,8.7,151.0
TOS03000335,2026-10-07T09:45,7.2,9.0,152.0
TOS03000335,2026-10-07T10:00,7.1,9.7,154.0
TOS03000335,2026-10-07T10:15,8.3,10.0,151.0
TOS03000335,2026-10-07T10:30,8.6,10.8,151.0
TOS03000335,2026-10-07T10:45,7.5,9.8,151.0
TOS03000335,2026-10-07T11:00,6.6,8.3,152.0
TOS03000335,2026-10-07T11:15,6.7,9.4,152.0
TOS03000335,2026-10-07T11:30,7.2,8.7,151.0
TOS03000335,2026-10-07T11:45,7.4,8.8,151.0
TOS03000335,2026-10-07T12:00,6.8,8.0,152.0
TOS03000335,2026-10-07T12:15,6.2,7.2,155.0
TOS03000335,2026-10-07T12:30,6.1,7.9,154.0
TOS03000335,2026-10-07T12:45,6.0,7.3,153.0
TOS03000335,2026-10-07T13:00,7.0,9.2,149.0
TOS03000335,2026-10-07T13:15,6.8,8.9,152.0
TOS03000335,2026-10-07T13:30,6.8,8.3,150.0
TOS03000335,2026-10-07T13:45,7.1,8.6,152.0
TOS03000335,2026-10-07T14:00,7.1,8.4,153.0
TOS03000335,2026-10-07T14:15,7.5,9.1,152.0
TOS03000335,2026-10-07T14:30,6.5,7.9,153.0
TOS03000335,2026-10-07T14:45,7.0,8.6,151.0
TOS03000335,2026-10-07T15:00,6.4,7.9,151.0
TOS03000335,2026-10-07T15:15,6.0,7.7,154.0
TOS03000335,2026-10-07T15:30,6.0,7.3,155.0
TOS03000335,2026-10-07T15:45,6.7,8.1,151.0
TOS03000335,2026-10-07T16:00,7.5,9.2,149.0
TOS03000335,2026-10-07T16:15,8.7,10.7,146.0
TOS03000335,2026-10-07T16:30,8.4,11.0,151.0
TOS03000335,2026-10-07T16:45,9.5,13.3,148.0
TOS03000335,2026-10-07T17:00,7.6,10.3,150.0
TOS03000335,2026-10-07T17:15,8.5,11.0,148.0
TOS03000335,2026-10-07T17:30,8.5,12.5,149.0
TOS03000335,2026-10-07T17:45,9.4,12.2,148.0
TOS03000335,2026-10-07T18:00,9.1,12.2,150.0
TOS03000335,2026-10-07T18:15,9.1,12.1,152.0
TOS03000335,2026-10-07T18:30,9.1,11.5,151.0
TOS03000335,2026-10-07T18:45,8.8,12.0,151.0
TOS03000335,2026-10-07T19:00,7.8,9.3,155.0
TOS03000335,2026-10-07T19:15,8.4,11.0,153.0
TOS03000335,2026-10-07T19:30,11.0,15.3,147.0
TOS03000335,2026-10-07T19:45,10.0,13.1,152.0
TOS03000335,2026-10-07T20:00,10.1,13.6,149.0
TOS03000335,2026-10-07T20:15,11.2,15.0,153.0
TOS03000335,2026-10-07T20:30,11.2,15.4,150.0
TOS03000335,2026-10-07T20:45,11.4,15.6,150.0
TOS03000335,2026-10-07T21:00,12.2,15.2,152.0
TOS03000335,2026-10-07T21:15,12.8,16.9,150.0
TOS03000335,2026-10-07T21:30,11.9,15.2,151.0
TOS03000335,2026-10-07T21:45,11.5,16.1,150.0
TOS03000335,2026-10-07T22:00,11.6,21.2,145.0
TOS03000335,2026-10-07T22:15,11.4,16.7,142.0
TOS03000335,2026-10-07T22:30,10.7,14.4,143.0
TOS03000335,2026-10-07T22:45,7.9,14.7,141.0
TOS03000335,2026-10-07T23:00,9.0,12.2,147.0
TOS03000335,2026-10-07T23:15,9.2,12.7,143.0
TOS03000335,2026-10-07T23:30,8.5,13.3,151.0
TOS03000335,2026-10-07T23:45,8.0,11.8,149.0
TOS03000481,2026-10-07T00:00,2.3,2.7,93.0
TOS03000481,2026-10-07T00:15,2.3,2.9,100.0
TOS03000481,2026-10-07T00:30,2.6,3.2,100.0
TOS03000481,2026-10-07T00:45,2.6,3.1,95.0
TOS03000481,2026-10-07T01:00,2.3,3.0,91.0
TOS03000481,2026-10-07T01:15,2.3,2.9,80.0
TOS03000481,2026-10-07T01:30,2.5,3.0,91.0
TOS03000481,2026-10-07T01:45,2.1,2.9,99.0
TOS03000481,2026-10-07T02:00,1.9,2.7,112.0
TOS03000481,2026-10-07T02:15,2.4,3.4,108.0
TOS03000481,2026-10-07T02:30,2.2,2.9,86.0
TOS03000481,2026-10-07T02:45,2.5,3.2,88.0
TOS03000481,2026-10-07T03:00,2.5,2.9,73.0
TOS03000481,2026-10-07T03:15,2.3,2.7,82.0
TOS03000481,2026-10-07T03:30,2.1,2.6,96.0
TOS03000481,2026-10-07T03:45,2.1,2.6,84.0
TOS03000481,2026-10-07T04:00,2.1,3.1,105.0
TOS03000481,2026-10-07T04:15,1.9,3.1,111.0
TOS03000481,2026-10-07T04:30,2.2,3.1,116.0
TOS03000481,2026-10-07T04:45,1.9,2.6,111.0
TOS03000481,2026-10-07T05:00,2.5,3.5,123.0
TOS03000481,2026-10-07T05:15,2.3,3.4,123.0
TOS03000481,2026-10-07T05:30,1.5,2.8,112.0
TOS03000481,2026-10-07T05:45,2.2,3.5,120.0
TOS03000481,2026-10-07T06:00,1.8,3.0,127.0
TOS03000481,2026-10-07T06:15,1.1,2.9,112.0
TOS03000481,2026-10-07T06:30,2.6,4.4,115.0
TOS03000481,2026-10-07T06:45,3.0,5.2,106.0
TOS03000481,2026-10-07T07:00,2.6,4.4,131.0
TOS03000481,2026-10-07T07:15,2.9,5.0,118.0
TOS03000481,2026-10-07T07:30,2.0,4.1,96.0
TOS03000481,2026-10-07T07:45,2.1,3.5,105.0
TOS03000481,2026-10-07T08:00,3.0,4.7,118.0
TOS03000481,2026-10-07T08:15,2.8,4.3,116.0
TOS03000481,2026-10-07T08:30,3.0,4.7,113.0
TOS03000481,2026-10-07T08:45,3.0,5.8,121.0
TOS03000481,2026-10-07T09:00,3.7,5.6,122.0
TOS03000481,2026-10-07T09:15,3.2,5.6,113.0
TOS03000481,2026-10-07T09:30,3.7,5.9,106.0
TOS03000481,2026-10-07T09:45,3.7,5.7,111.0
TOS03000481,2026-10-07T10:00,4.1,6.6,116.0
TOS03000481,2026-10-07T10:15,4.4,7.0,118.0
TOS03000481,2026-10-07T10:30,4.1,7.0,123.0
TOS03000481,2026-10-07T10:45,4.4,6.2,121.0
TOS03000481,2026-10-07T11:00,3.9,5.9,112.0
TOS03000481,2026-10-07T11:15,4.7,7.2,109.0
TOS03000481,2026-10-07T11:30,5.0,7.6,105.0
TOS03000481,2026-10-07T11:45,4.8,7.3,108.0
TOS03000481,2026-10-07T12:00,4.6,6.6,115.0
TOS03000481,2026-10-07T12:15,4.3,7.0,121.0
TOS03000481,2026-10-07T12:30,4.3,6.6,122.0
TOS03000481,2026-10-07T12:45,5.1,7.7,125.0
TOS03000481,2026-10-07T13:00,5.2,8.1,120.0
TOS03000481,2026-10-07T13:15,5.2,7.8,115.0
TOS03000481,2026-10-07T13:30,4.7,6.9,110.0
TOS03000481,2026-10-07T13:45,4.4,7.1,121.0
TOS03000481,2026-10-07T14:00,4.5,6.7,120.0
TOS03000481,2026-10-07T14:15,4.2,7.2,113.0
TOS03000481,2026-10-07T14:30,4.9,7.7,115.0
TOS03000481,2026-10-07T14:45,5.2,8.3,118.0
TOS03000481,2026-10-07T15:00,5.1,7.1,125.0
TOS03000481,2026-10-07T15:15,4.7,7.5,122.0
TOS03000481,2026-10-07T15:30,4.7,8.3,120.0
TOS03000481,2026-10-07T15:45,4.6,6.8,109.0
TOS03000481,2026-10-07T16:00,4.1,6.3,113.0
TOS03000481,2026-10-07T16:15,4.1,6.7,111.0
TOS03000481,2026-10-07T16:30,3.3,5.9,110.0
TOS03000481,2026-10-07T16:45,3.4,5.2,116.0
TOS03000481,2026-10-07T17:00,3.3,5.1,122.0
TOS03000481,2026-10-07T17:15,3.5,6.1,125.0
TOS03000481,2026-10-07T17:30,3.7,5.8,130.0
TOS03000481,2026-10-07T17:45,3.7,5.6,118.0
TOS03000481,2026-10-07T18:00,3.2,4.9,121.0
TOS03000481,2026-10-07T18:15,3.2,4.1,129.0
TOS03000481,2026-10-07T18:30,3.3,4.7,105.0
TOS03000481,2026-10-07T18:45,2.9,4.6,87.0
TOS03000481,2026-10-07T19:00,2.3,3.6,93.0
TOS03000481,2026-10-07T19:15,2.6,4.2,85.0
TOS03000481,2026-10-07T19:30,2.3,4.0,79.0
TOS03000481,2026-10-07T19:45,3.3,5.8,96.0
TOS03000481,2026-10-07T20:00,3.5,5.3,102.0
TOS03000481,2026-10-07T20:15,3.5,5.1,120.0
TOS03000481,2026-10-07T20:30,4.4,6.2,126.0
TOS03000481,2026-10-07T20:45,3.5,6.2,137.0
TOS03000481,2026-10-07T21:00,4.3,6.6,136.0
TOS03000481,2026-10-07T21:15,3.8,6.0,139.0
TOS03000481,2026-10-07T21:30,3.9,5.2,141.0
TOS03000481,2026-10-07T21:45,4.0,5.8,126.0
TOS03000481,2026-10-07T22:00,4.3,6.6,134.0
TOS03000481,2026-10-07T22:15,4.1,6.7,128.0
TOS03000481,2026-10-07T22:30,3.8,5.1,132.0
TOS03000481,2026-10-07T22:45,3.2,5.0,127.0
TOS03000481,2026-10-07T23:00,3.3,4.2,124.0
TOS03000481,2026-10-07T23:15,2.7,4.2,120.0
TOS03000481,2026-10-07T23:30,3.5,5.2,137.0
TOS03000481,2026-10-07T23:45,3.7,5.7,144.0
TOS03000513,2026-10-07T00:00,0.4,1.0,229.0
TOS03000513,2026-10-07T00:15,0.4,0.7,281.0
TOS03000513,2026-10-07T00:30,0.5,0.8,91.0
TOS03000513,2026-10-07T00:45,0.3,0.6,183.0
TOS03000513,2026-10-07T01:00,0.5,1.0,203.0
TOS03000513,2026-10-07T01:15,0.7,1.5,195.0
TOS03000513,2026-10-07T01:30,0.4,0.8,20.0
TOS03000513,2026-10-07T01:45,0.8,1.9,39.0
TOS03000513,2026-10-07T02:00,1.0,2.3,334.0
TOS03000513,2026-10-07T02:15,0.8,1.9,280.0
TOS03000513,2026-10-07T02:30,0.5,1.3,162.0
TOS03000513,2026-10-07T02:45,0.8,1.8,43.0
TOS03000513,2026-10-07T03:00,0.4,1.1,9.0
TOS03000513,2026-10-07T03:15,0.5,1.1,96.0
TOS03000513,2026-10-07T03:30,0.5,0.9,150.0
TOS03000513,2026-10-07T03:45,0.5,0.9,49.0
TOS03000513,2026-10-07T04:00,0.6,1.0,81.0
TOS03000513,2026-10-07T04:15,0.5,1.0,99.0
TOS03000513,2026-10-07T04:30,0.4,0.8,109.0
TOS03000513,2026-10-07T04:45,0.7,1.1,71.0
TOS03000513,2026-10-07T05:00,0.7,1.3,74.0
TOS03000513,2026-10-07T05:15,0.6,0.9,77.0
TOS03000513,2026-10-07T05:30,0.8,1.2,128.0
TOS03000513,2026-10-07T05:45,0.5,0.8,77.0
TOS03000513,2026-10-07T06:00,0.7,1.4,51.0
TOS03000513,2026-10-07T06:15,1.0,1.6,61.0
TOS03000513,2026-10-07T06:30,0.6,1.0,65.0
TOS03000513,2026-10-07T06:45,0.4,0.8,123.0
TOS03000513,2026-10-07T07:00,1.0,1.8,63.0
TOS03000513,2026-10-07T07:15,0.6,1.1,85.0
TOS03000513,2026-10-07T07:30,0.4,0.8,78.0
TOS03000513,2026-10-07T07:45,0.4,0.8,59.0
TOS03000513,2026-10-07T08:00,0.4,0.9,22.0
TOS03000513,2026-10-07T08:15,0.4,0.7,28.0
TOS03000513,2026-10-07T08:30,0.6,1.2,351.0
TOS03000513,2026-10-07T08:45,0.6,1.3,316.0
TOS03000513,2026-10-07T09:00,0.5,1.3,232.0
TOS03000513,2026-10-07T09:15,0.5,1.1,14.0
TOS03000513,2026-10-07T09:30,0.6,1.1,322.0
TOS03000513,2026-10-07T09:45,0.9,2.0,344.0
TOS03000513,2026-10-07T10:00,1.3,2.2,9.0
TOS03000513,2026-10-07T10:15,1.0,1.8,28.0
TOS03000513,2026-10-07T10:30,0.7,1.6,42.0
TOS03000513,2026-10-07T10:45,0.8,1.6,338.0
TOS03000513,2026-10-07T11:00,0.9,1.6,6.0
TOS03000513,2026-10-07T11:15,1.1,2.1,359.0
TOS03000513,2026-10-07T11:30,1.4,1.9,8.0
TOS03000513,2026-10-07T11:45,1.5,2.7,51.0
TOS03000513,2026-10-07T12:00,1.6,2.6,68.0
TOS03000513,2026-10-07T12:15,1.9,3.3,77.0
TOS03000513,2026-10-07T12:30,2.1,3.8,86.0
TOS03000513,2026-10-07T12:45,1.5,3.2,133.0
TOS03000513,2026-10-07T13:00,1.9,3.9,135.0
TOS03000513,2026-10-07T13:15,1.5,2.3,150.0
TOS03000513,2026-10-07T13:30,1.6,4.0,116.0
TOS03000513,2026-10-07T13:45,2.4,4.0,99.0
TOS03000513,2026-10-07T14:00,2.3,3.9,81.0
TOS03000513,2026-10-07T14:15,2.0,4.0,96.0
TOS03000513,2026-10-07T14:30,2.3,4.2,112.0
TOS03000513,2026-10-07T14:45,2.3,4.7,80.0
TOS03000513,2026-10-07T15:00,2.5,4.4,84.0
TOS03000513,2026-10-07T15:15,2.0,3.6,102.0
TOS03000513,2026-10-07T15:30,1.7,3.1,118.0
TOS03000513,2026-10-07T15:45,1.9,3.3,124.0
TOS03000513,2026-10-07T16:00,1.6,3.2,96.0
TOS03000513,2026-10-07T16:15,0.9,2.0,115.0
TOS03000513,2026-10-07T16:30,0.8,1.4,107.0
TOS03000513,2026-10-07T16:45,0.7,1.8,50.0
TOS03000513,2026-10-07T17:00,1.0,2.0,111.0
TOS03000513,2026-10-07T17:15,1.2,2.5,134.0
TOS03000513,2026-10-07T17:30,0.9,1.8,122.0
TOS03000513,2026-10-07T17:45,0.7,1.0,48.0
TOS03000513,2026-10-07T18:00,0.8,1.6,71.0
TOS03000513,2026-10-07T18:15,1.0,1.5,104.0
TOS03000513,2026-10-07T18:30,1.1,1.6,81.0
TOS03000513,2026-10-07T18:45,0.8,1.8,80.0
TOS03000513,2026-10-07T19:00,0.8,1.9,92.0
TOS03000513,2026-10-07T19:15,0.6,1.1,167.0
TOS03000513,2026-10-07T19:30,0.9,2.1,285.0
TOS03000513,2026-10-07T19:45,1.4,2.6,293.0
TOS03000513,2026-10-07T20:00,1.5,2.6,22.0
TOS03000513,2026-10-07T20:15,1.4,2.7,48.0
TOS03000513,2026-10-07T20:30,0.9,1.8,23.0
TOS03000513,2026-10-07T20:45,1.9,3.4,21.0
TOS03000513,2026-10-07T21:00,2.2,4.2,48.0
TOS03000513,2026-10-07T21:15,2.1,3.7,74.0
TOS03000513,2026-10-07T21:30,1.7,3.0,62.0
TOS03000513,2026-10-07T21:45,1.1,2.0,91.0
TOS03000513,2026-10-07T22:00,1.5,2.4,143.0
TOS03000513,2026-10-07T22:15,1.0,1.6,154.0
TOS03000513,2026-10-07T22:30,0.8,1.8,204.0
TOS03000513,2026-10-07T22:45,0.6,0.9,168.0
TOS03000513,2026-10-07T23:00,0.6,1.5,108.0
TOS03000513,2026-10-07T23:15,0.6,1.1,136.0
TOS03000513,2026-10-07T23:30,0.9,1.8,91.0
TOS03000513,2026-10-07T23:45,0.7,1.3,41.0
TOS03001241,2026-10-07T00:00,1.3,1.4,36.0
TOS03001241,2026-10-07T00:15,1.3,1.4,36.0
TOS03001241,2026-10-07T00:30,1.3,1.4,37.0
TOS03001241,2026-10-07T00:45,1.3,1.5,36.0
TOS03001241,2026-10-07T01:00,1.4,1.5,34.0
TOS03001241,2026-10-07T01:15,1.2,1.4,38.0
TOS03001241,2026-10-07T01:30,1.2,1.4,39.0
TOS03001241,2026-10-07T01:45,1.3,1.5,34.0
TOS03001241,2026-10-07T02:00,1.4,1.5,36.0
TOS03001241,2026-10-07T02:15,1.3,1.6,36.0
TOS03001241,2026-10-07T02:30,1.3,1.5,34.0
TOS03001241,2026-10-07T02:45,1.3,1.4,35.0
TOS03001241,2026-10-07T03:00,1.4,1.5,37.0
TOS03001241,2026-10-07T03:15,1.3,1.5,38.0
TOS03001241,2026-10-07T03:30,1.4,1.6,33.0
TOS03001241,2026-10-07T03:45,1.3,1.6,40.0
TOS03001241,2026-10-07T04:00,1.5,2.1,32.0
TOS03001241,2026-10-07T04:15,1.4,2.1,35.0
TOS03001241,2026-10-07T04:30,1.3,1.9,29.0
TOS03001241,2026-10-07T04:45,1.5,2.2,22.0
TOS03001241,2026-10-07T05:00,1.6,2.4,24.0
TOS03001241,2026-10-07T05:15,1.2,1.6,40.0
TOS03001241,2026-10-07T05:30,1.4,1.7,32.0
TOS03001241,2026-10-07T05:45,1.4,2.2,28.0
TOS03001241,2026-10-07T06:00,1.3,1.9,37.0
TOS03001241,2026-10-07T06:15,1.2,1.4,38.0
TOS03001241,2026-10-07T06:30,1.0,1.4,41.0
TOS03001241,2026-10-07T06:45,1.3,2.1,35.0
TOS03001241,2026-10-07T07:00,1.1,1.4,35.0
TOS03001241,2026-10-07T07:15,1.0,1.2,37.0
TOS03001241,2026-10-07T07:30,1.0,1.2,38.0
TOS03001241,2026-10-07T07:45,0.9,1.1,42.0
TOS03001241,2026-10-07T08:00,0.8,1.1,46.0
TOS03001241,2026-10-07T08:15,0.7,1.3,55.0
TOS03001241,2026-10-07T08:30,0.4,0.7,84.0
TOS03001241,2026-10-07T08:45,0.4,0.7,79.0
TOS03001241,2026-10-07T09:00,0.2,0.6,91.0
TOS03001241,2026-10-07T09:15,0.3,0.8,174.0
TOS03001241,2026-10-07T09:30,0.4,0.8,206.0
TOS03001241,2026-10-07T09:45,0.6,1.1,194.0
TOS03001241,2026-10-07T10:00,0.6,1.3,198.0
TOS03001241,2026-10-07T10:15,1.2,2.5,212.0
TOS03001241,2026-10-07T10:30,1.2,2.8,202.0
TOS03001241,2026-10-07T10:45,1.6,3.7,216.0
TOS03001241,2026-10-07T11:00,1.3,3.3,199.0
TOS03001241,2026-10-07T11:15,1.6,3.5,223.0
TOS03001241,2026-10-07T11:30,1.3,3.0,225.0
TOS03001241,2026-10-07T11:45,1.4,3.1,238.0
TOS03001241,2026-10-07T12:00,1.2,3.7,240.0
TOS03001241,2026-10-07T12:15,1.3,3.0,209.0
TOS03001241,2026-10-07T12:30,1.3,2.7,217.0
TOS03001241,2026-10-07T12:45,1.5,2.9,238.0
TOS03001241,2026-10-07T13:00,1.3,2.8,232.0
TOS03001241,2026-10-07T13:15,1.5,2.5,229.0
TOS03001241,2026-10-07T13:30,1.5,3.8,219.0
TOS03001241,2026-10-07T13:45,1.3,3.0,214.0
TOS03001241,2026-10-07T14:00,1.8,4.3,226.0
TOS03001241,2026-10-07T14:15,1.9,5.0,221.0
TOS03001241,2026-10-07T14:30,1.5,3.3,209.0
TOS03001241,2026-10-07T14:45,1.4,4.1,209.0
TOS03001241,2026-10-07T15:00,1.6,3.2,227.0
TOS03001241,2026-10-07T15:15,1.5,3.6,233.0
TOS03001241,2026-10-07T15:30,0.9,2.4,220.0
TOS03001241,2026-10-07T15:45,0.8,1.5,215.0
TOS03001241,2026-10-07T16:00,1.0,2.3,214.0
TOS03001241,2026-10-07T16:15,0.9,2.7,263.0
TOS03001241,2026-10-07T16:30,0.9,2.6,254.0
TOS03001241,2026-10-07T16:45,0.7,1.5,220.0
TOS03001241,2026-10-07T17:00,0.7,1.7,240.0
TOS03001241,2026-10-07T17:15,0.5,1.1,62.0
TOS03001241,2026-10-07T17:30,0.5,0.9,40.0
TOS03001241,2026-10-07T17:45,0.5,1.1,36.0
TOS03001241,2026-10-07T18:00,0.5,1.0,45.0
TOS03001241,2026-10-07T18:15,0.5,0.7,31.0
TOS03001241,2026-10-07T18:30,0.6,1.2,39.0
TOS03001241,2026-10-07T18:45,0.8,1.2,35.0
TOS03001241,2026-10-07T19:00,0.8,1.5,37.0
TOS03001241,2026-10-07T19:15,0.8,1.8,40.0
TOS03001241,2026-10-07T19:30,0.7,1.2,15.0
TOS03001241,2026-10-07T19:45,0.7,1.4,45.0
TOS03001241,2026-10-07T20:00,0.8,1.6,41.0
TOS03001241,2026-10-07T20:15,0.6,1.1,48.0
TOS03001241,2026-10-07T20:30,0.5,1.2,350.0
TOS03001241,2026-10-07T20:45,0.5,1.3,352.0
TOS03001241,2026-10-07T21:00,0.8,2.1,207.0
TOS03001241,2026-10-07T21:15,1.1,2.9,203.0
TOS03001241,2026-10-07T21:30,1.1,2.6,205.0
TOS03001241,2026-10-07T21:45,1.2,4.6,170.0
TOS03001241,2026-10-07T22:00,1.1,3.3,214.0
TOS03001241,2026-10-07T22:15,1.8,3.9,231.0
TOS03001241,2026-10-07T22:30,1.3,3.5,216.0
TOS03001241,2026-10-07T22:45,1.8,3.8,239.0
TOS03001241,2026-10-07T23:00,1.7,4.1,243.0
TOS03001241,2026-10-07T23:15,1.7,3.4,250.0
TOS03001241,2026-10-07T23:30,1.3,2.6,258.0
TOS03001241,2026-10-07T23:45,2.3,4.2,242.0
TOS03001841,2026-10-07T00:00,1.0,1.8,79.0
TOS03001841,2026-10-07T00:15,0.9,1.9,115.0
TOS03001841,2026-10-07T00:30,1.0,2.0,135.0
TOS03001841,2026-10-07T00:45,1.2,2.3,71.0
TOS03001841,2026-10-07T01:00,1.1,2.5,85.0
TOS03001841,2026-10-07T01:15,1.2,2.5,72.0
TOS03001841,2026-10-07T01:30,1.0,2.2,94.0
TOS03001841,2026-10-07T01:45,0.8,1.6,106.0
TOS03001841,2026-10-07T02:00,1.3,2.2,68.0
TOS03001841,2026-10-07T02:15,1.5,2.7,66.0
TOS03001841,2026-10-07T02:30,1.2,2.7,79.0
TOS03001841,2026-10-07T02:45,1.1,2.3,92.0
TOS03001841,2026-10-07T03:00,1.0,2.5,73.0
TOS03001841,2026-10-07T03:15,1.2,2.4,59.0
TOS03001841,2026-10-07T03:30,1.1,2.8,58.0
TOS03001841,2026-10-07T03:45,1.3,2.4,67.0
TOS03001841,2026-10-07T04:00,1.6,4.2,49.0
TOS03001841,2026-10-07T04:15,1.2,2.2,72.0
TOS03001841,2026-10-07T04:30,1.0,2.9,84.0
TOS03001841,2026-10-07T04:45,1.3,4.0,70.0
TOS03001841,2026-10-07T05:00,1.3,2.8,73.0
TOS03001841,2026-10-07T05:15,1.2,3.0,73.0
TOS03001841,2026-10-07T05:30,1.1,2.6,69.0
TOS03001841,2026-10-07T05:45,1.2,2.7,66.0
TOS03001841,2026-10-07T06:00,1.2,3.2,78.0
TOS03001841,2026-10-07T06:15,1.2,3.8,76.0
TOS03001841,2026-10-07T06:30,1.2,3.0,92.0
TOS03001841,2026-10-07T06:45,1.2,2.5,64.0
TOS03001841,2026-10-07T07:00,1.2,3.2,74.0
TOS03001841,2026-10-07T07:15,1.2,3.5,59.0
TOS03001841,2026-10-07T07:30,1.2,3.0,57.0
TOS03001841,2026-10-07T07:45,1.3,3.3,64.0
TOS03001841,2026-10-07T08:00,1.3,4.0,50.0
TOS03001841,2026-10-07T08:15,1.2,2.6,51.0
TOS03001841,2026-10-07T08:30,1.1,3.4,60.0
TOS03001841,2026-10-07T08:45,0.9,2.2,118.0
TOS03001841,2026-10-07T09:00,1.2,2.8,180.0
TOS03001841,2026-10-07T09:15,1.3,3.2,211.0
TOS03001841,2026-10-07T09:30,1.2,2.7,165.0
TOS03001841,2026-10-07T09:45,1.2,3.2,165.0
TOS03001841,2026-10-07T10:00,1.4,3.4,162.0
TOS03001841,2026-10-07T10:15,1.7,3.7,160.0
TOS03001841,2026-10-07T10:30,1.7,3.9,171.0
TOS03001841,2026-10-07T10:45,1.6,4.0,178.0
TOS03001841,2026-10-07T11:00,1.3,3.1,200.0
TOS03001841,2026-10-07T11:15,1.9,4.0,218.0
TOS03001841,2026-10-07T11:30,1.6,3.2,115.0
TOS03001841,2026-10-07T11:45,1.3,2.8,129.0
TOS03001841,2026-10-07T12:00,1.8,5.0,170.0
TOS03001841,2026-10-07T12:15,1.5,4.0,106.0
TOS03001841,2026-10-07T12:30,1.9,5.5,132.0
TOS03001841,2026-10-07T12:45,1.3,3.1,188.0
TOS03001841,2026-10-07T13:00,1.8,4.4,148.0
TOS03001841,2026-10-07T13:15,1.8,3.9,233.0
TOS03001841,2026-10-07T13:30,1.3,3.1,181.0
TOS03001841,2026-10-07T13:45,2.1,4.1,166.0
TOS03001841,2026-10-07T14:00,1.6,4.9,186.0
TOS03001841,2026-10-07T14:15,1.8,4.5,176.0
TOS03001841,2026-10-07T14:30,1.6,3.7,138.0
TOS03001841,2026-10-07T14:45,1.7,3.5,156.0
TOS03001841,2026-10-07T15:00,1.5,3.5,141.0
TOS03001841,2026-10-07T15:15,1.6,3.6,196.0
TOS03001841,2026-10-07T15:30,1.4,3.6,242.0
TOS03001841,2026-10-07T15:45,1.7,3.5,220.0
TOS03001841,2026-10-07T16:00,1.3,2.7,196.0
TOS03001841,2026-10-07T16:15,1.1,3.2,107.0
TOS03001841,2026-10-07T16:30,1.1,2.1,116.0
TOS03001841,2026-10-07T16:45,1.0,2.4,116.0
TOS03001841,2026-10-07T17:00,1.3,3.7,111.0
TOS03001841,2026-10-07T17:15,1.6,3.9,144.0
TOS03001841,2026-10-07T17:30,2.2,4.7,161.0
TOS03001841,2026-10-07T17:45,1.7,3.5,116.0
TOS03001841,2026-10-07T18:00,1.8,3.8,132.0
TOS03001841,2026-10-07T18:15,1.8,4.7,126.0
TOS03001841,2026-10-07T18:30,1.6,3.9,139.0
TOS03001841,2026-10-07T18:45,1.5,3.1,123.0
TOS03001841,2026-10-07T19:00,2.5,7.1,158.0
TOS03001841,2026-10-07T19:15,4.1,7.9,168.0
TOS03001841,2026-10-07T19:30,3.3,7.4,176.0
TOS03001841,2026-10-07T19:45,2.7,7.0,172.0
TOS03001841,2026-10-07T20:00,2.7,5.4,165.0
TOS03001841,2026-10-07T20:15,2.9,7.5,147.0
TOS03001841,2026-10-07T20:30,3.4,7.4,160.0
TOS03001841,2026-10-07T20:45,4.5,10.7,178.0
TOS03001841,2026-10-07T21:00,3.8,7.8,170.0
TOS03001841,2026-10-07T21:15,3.8,6.9,179.0
TOS03001841,2026-10-07T21:30,3.9,7.4,193.0
TOS03001841,2026-10-07T21:45,3.0,6.3,187.0
TOS03001841,2026-10-07T22:00,3.5,5.8,195.0
TOS03001841,2026-10-07T22:15,3.7,6.4,199.0
TOS03001841,2026-10-07T22:30,3.0,5.8,202.0
TOS03001841,2026-10-07T22:45,3.5,6.7,199.0
TOS03001841,2026-10-07T23:00,3.8,6.8,188.0
TOS03001841,2026-10-07T23:15,4.2,7.7,188.0
TOS03001841,2026-10-07T23:30,4.3,7.3,195.0
TOS03001841,2026-10-07T23:45,4.8,8.8,213.0
TOS03001963,2026-10-07T00:00,0.6,0.0,80.0
TOS03001963,2026-10-07T00:15,1.1,0.0,84.0
TOS03001963,2026-10-07T00:30,1.3,0.0,89.0
TOS03001963,2026-10-07T00:45,1.8,0.0,96.0
TOS03001963,2026-10-07T01:00,2.2,0.0,105.0
TOS03001963,2026-10-07T01:15,2.4,0.0,98.0
TOS03001963,2026-10-07T01:30,2.1,0.0,100.0
TOS03001963,2026-10-07T01:45,1.9,0.0,101.0
TOS03001963,2026-10-07T02:00,2.0,0.0,97.0
TOS03001963,2026-10-07T02:15,2.4,0.0,105.0
TOS03001963,2026-10-07T02:30,2.4,0.0,106.0
TOS03001963,2026-10-07T02:45,1.9,0.0,98.0
TOS03001963,2026-10-07T03:00,2.1,0.0,93.0
TOS03001963,2026-10-07T03:15,2.2,0.0,95.0
TOS03001963,2026-10-07T03:30,2.3,0.0,101.0
TOS03001963,2026-10-07T03:45,2.5,0.0,97.0
TOS03001963,2026-10-07T04:00,2.4,0.0,94.0
TOS03001963,2026-10-07T04:15,2.7,0.0,97.0
TOS03001963,2026-10-07T04:30,2.4,0.0,94.0
TOS03001963,2026-10-07T04:45,2.2,0.0,96.0
TOS03001963,2026-10-07T05:00,2.2,0.0,107.0
TOS03001963,2026-10-07T05:15,1.5,0.0,98.0
TOS03001963,2026-10-07T05:30,1.7,0.0,80.0
TOS03001963,2026-10-07T05:45,2.0,0.0,101.0
TOS03001963,2026-10-07T06:00,1.6,0.0,92.0
TOS03001963,2026-10-07T06:15,2.2,0.0,85.0
TOS03001963,2026-10-07T06:30,3.4,0.0,95.0
TOS03001963,2026-10-07T06:45,3.0,0.0,95.0
TOS03001963,2026-10-07T07:00,3.1,0.0,92.0
TOS03001963,2026-10-07T07:15,3.1,0.0,92.0
TOS03001963,2026-10-07T07:30,3.3,0.0,94.0
TOS03001963,2026-10-07T07:45,2.9,0.0,90.0
TOS03001963,2026-10-07T08:00,2.8,0.0,85.0
TOS03001963,2026-10-07T08:15,3.1,0.0,77.0
TOS03001963,2026-10-07T08:30,3.0,0.0,84.0
TOS03001963,2026-10-07T08:45,3.0,0.0,80.0
TOS03001963,2026-10-07T09:00,3.2,0.0,80.0
TOS03001963,2026-10-07T09:15,3.1,0.0,80.0
TOS03001963,2026-10-07T09:30,3.1,0.0,68.0
TOS03001963,2026-10-07T09:45,2.9,0.0,73.0
TOS03001963,2026-10-07T10:00,2.4,0.0,85.0
TOS03001963,2026-10-07T10:15,2.5,0.0,82.0
TOS03001963,2026-10-07T10:30,2.8,0.0,86.0
TOS03001963,2026-10-07T10:45,2.5,0.0,83.0
TOS03001963,2026-10-07T11:00,2.5,0.0,86.0
TOS03001963,2026-10-07T11:15,2.7,0.0,80.0
TOS03001963,2026-10-07T11:30,3.0,0.0,82.0
TOS03001963,2026-10-07T11:45,2.6,0.0,84.0
TOS03001963,2026-10-07T12:00,2.4,0.0,91.0
TOS03001963,2026-10-07T12:15,2.2,0.0,75.0
TOS03001963,2026-10-07T12:30,1.8,0.0,62.0
TOS03001963,2026-10-07T12:45,1.9,0.0,64.0
TOS03001963,2026-10-07T13:00,1.0,0.0,39.0
TOS03001963,2026-10-07T13:15,1.4,0.0,66.0
TOS03001963,2026-10-07T13:30,2.5,0.0,81.0
TOS03001963,2026-10-07T13:45,2.3,0.0,95.0
TOS03001963,2026-10-07T14:00,2.1,0.0,81.0
TOS03001963,2026-10-07T14:15,2.2,0.0,58.0
TOS03001963,2026-10-07T14:30,2.4,0.0,59.0
TOS03001963,2026-10-07T14:45,1.1,0.0,49.0
TOS03001963,2026-10-07T15:00,1.2,0.0,69.0
TOS03001963,2026-10-07T15:15,1.2,0.0,56.0
TOS03001963,2026-10-07T15:30,1.2,0.0,56.0
TOS03001963,2026-10-07T15:45,1.5,0.0,53.0
TOS03001963,2026-10-07T16:00,1.5,0.0,74.0
TOS03001963,2026-10-07T16:15,1.4,0.0,66.0
TOS03001963,2026-10-07T16:30,1.2,0.0,57.0
TOS03001963,2026-10-07T16:45,0.5,0.0,60.0
TOS03001963,2026-10-07T17:00,1.0,0.0,85.0
TOS03001963,2026-10-07T17:15,1.2,0.0,100.0
TOS03001963,2026-10-07T17:30,1.2,0.0,110.0
TOS03001963,2026-10-07T17:45,1.4,0.0,100.0
TOS03001963,2026-10-07T18:00,1.1,0.0,117.0
TOS03001963,2026-10-07T18:15,1.4,0.0,96.0
TOS03001963,2026-10-07T18:30,1.5,0.0,94.0
TOS03001963,2026-10-07T18:45,1.7,0.0,80.0
TOS03001963,2026-10-07T19:00,0.9,0.0,59.0
TOS03001963,2026-10-07T19:15,0.4,0.0,71.0
TOS03001963,2026-10-07T19:30,1.0,0.0,146.0
TOS03001963,2026-10-07T19:45,2.7,0.0,151.0
TOS03001963,2026-10-07T20:00,4.4,0.0,102.0
TOS03001963,2026-10-07T20:15,3.8,0.0,105.0
TOS03001963,2026-10-07T20:30,2.3,0.0,140.0
TOS03001963,2026-10-07T20:45,1.8,0.0,175.0
TOS03001963,2026-10-07T21:00,1.8,0.0,179.0
TOS03001963,2026-10-07T21:15,1.2,0.0,150.0
TOS03001963,2026-10-07T21:30,1.9,0.0,178.0
TOS03001963,2026-10-07T21:45,1.9,0.0,170.0
TOS03001963,2026-10-07T22:00,1.5,0.0,206.0
TOS03001963,2026-10-07T22:15,2.0,0.0,169.0
TOS03001963,2026-10-07T22:30,1.5,0.0,187.0
TOS03001963,2026-10-07T22:45,1.7,0.0,206.0
TOS03001963,2026-10-07T23:00,1.4,0.0,203.0
TOS03001963,2026-10-07T23:15,2.1,0.0,216.0
TOS03001963,2026-10-07T23:30,2.1,0.0,227.0
TOS03001963,2026-10-07T23:45,2.5,0.0,228.0
TOS11000001,2026-10-07T00:00,0.4,0.8,183.0
TOS11000001,2026-10-07T00:15,1.2,1.8,132.0
TOS11000001,2026-10-07T00:30,0.9,1.3,157.0
TOS11000001,2026-10-07T00:45,0.5,1.0,184.0
TOS11000001,2026-10-07T01:00,1.1,1.9,197.0
TOS11000001,2026-10-07T01:15,0.9,1.3,164.0
TOS11000001,2026-10-07T01:30,1.7,2.9,113.0
TOS11000001,2026-10-07T01:45,2.2,3.0,111.0
TOS11000001,2026-10-07T02:00,1.0,1.7,111.0
TOS11000001,2026-10-07T02:15,0.9,1.3,185.0
TOS11000001,2026-10-07T02:30,0.5,1.0,218.0
TOS11000001,2026-10-07T02:45,0.4,0.9,198.0
TOS11000001,2026-10-07T03:00,1.1,1.3,224.0
TOS11000001,2026-10-07T03:15,0.7,1.1,181.0
TOS11000001,2026-10-07T03:30,0.7,1.3,132.0
TOS11000001,2026-10-07T03:45,0.9,1.6,219.0
TOS11000001,2026-10-07T04:00,1.5,2.0,235.0
TOS11000001,2026-10-07T04:15,1.0,1.4,246.0
TOS11000001,2026-10-07T04:30,1.0,1.4,220.0
TOS11000001,2026-10-07T04:45,0.6,1.2,215.0
TOS11000001,2026-10-07T05:00,0.5,0.9,284.0
TOS11000001,2026-10-07T05:15,0.8,1.3,231.0
TOS11000001,2026-10-07T05:30,0.5,0.8,218.0
TOS11000001,2026-10-07T05:45,0.3,0.8,196.0
TOS11000001,2026-10-07T06:00,0.5,0.8,184.0
TOS11000001,2026-10-07T06:15,0.5,0.9,94.0
TOS11000001,2026-10-07T06:30,0.3,0.7,36.0
TOS11000001,2026-10-07T06:45,1.0,1.9,223.0
TOS11000001,2026-10-07T07:00,1.2,1.7,239.0
TOS11000001,2026-10-07T07:15,1.0,1.4,223.0
TOS11000001,2026-10-07T07:30,0.4,0.9,346.0
TOS11000001,2026-10-07T07:45,0.6,1.2,255.0
TOS11000001,2026-10-07T08:00,0.6,0.9,204.0
TOS11000001,2026-10-07T08:15,0.7,1.2,211.0
TOS11000001,2026-10-07T08:30,0.7,1.6,278.0
TOS11000001,2026-10-07T08:45,0.7,1.1,237.0
TOS11000001,2026-10-07T09:00,1.1,2.7,20.0
TOS11000001,2026-10-07T09:15,0.9,1.8,24.0
TOS11000001,2026-10-07T09:30,0.8,3.5,43.0
TOS11000001,2026-10-07T09:45,2.3,3.9,75.0
TOS11000001,2026-10-07T10:00,1.9,3.1,67.0
TOS11000001,2026-10-07T10:15,1.7,3.2,58.0
TOS11000001,2026-10-07T10:30,1.5,2.4,39.0
TOS11000001,2026-10-07T10:45,1.6,2.3,54.0
TOS11000001,2026-10-07T11:00,2.2,3.1,42.0
TOS11000001,2026-10-07T11:15,1.7,2.8,36.0
TOS11000001,2026-10-07T11:30,2.4,3.7,47.0
TOS11000001,2026-10-07T11:45,3.1,4.4,61.0
TOS11000001,2026-10-07T12:00,3.5,5.0,82.0
TOS11000001,2026-10-07T12:15,2.8,4.9,79.0
TOS11000001,2026-10-07T12:30,2.2,3.5,90.0
TOS11000001,2026-10-07T12:45,1.6,3.4,62.0
TOS11000001,2026-10-07T13:00,2.1,3.5,73.0
TOS11000001,2026-10-07T13:15,2.5,4.0,90.0
TOS11000001,2026-10-07T13:30,3.4,5.8,84.0
TOS11000001,2026-10-07T13:45,2.9,4.5,95.0
TOS11000001,2026-10-07T14:00,3.3,5.2,118.0
TOS11000001,2026-10-07T14:15,3.4,4.9,121.0
TOS11000001,2026-10-07T14:30,3.3,5.2,108.0
TOS11000001,2026-10-07T14:45,3.1,4.7,112.0
TOS11000001,2026-10-07T15:00,2.3,3.3,96.0
TOS11000001,2026-10-07T15:15,3.0,4.5,124.0
TOS11000001,2026-10-07T15:30,3.4,4.3,147.0
TOS11000001,2026-10-07T15:45,3.2,4.9,136.0
TOS11000001,2026-10-07T16:00,2.9,4.2,127.0
TOS11000001,2026-10-07T16:15,2.4,3.5,124.0
TOS11000001,2026-10-07T16:30,2.9,4.0,145.0
TOS11000001,2026-10-07T16:45,1.9,2.7,140.0
TOS11000001,2026-10-07T17:00,1.4,2.2,143.0
TOS11000001,2026-10-07T17:15,1.6,2.3,139.0
TOS11000001,2026-10-07T17:30,1.3,2.1,119.0
TOS11000001,2026-10-07T17:45,1.2,2.1,77.0
TOS11000001,2026-10-07T18:00,2.1,2.6,83.0
TOS11000001,2026-10-07T18:15,1.7,2.5,64.0
TOS11000001,2026-10-07T18:30,1.6,2.8,41.0
TOS11000001,2026-10-07T18:45,1.7,2.6,47.0
TOS11000001,2026-10-07T19:00,0.9,2.0,14.0
TOS11000001,2026-10-07T19:15,1.0,1.2,302.0
TOS11000001,2026-10-07T19:30,0.8,1.4,38.0
TOS11000001,2026-10-07T19:45,2.2,3.2,76.0
TOS11000001,2026-10-07T20:00,2.0,2.9,64.0
TOS11000001,2026-10-07T20:15,1.4,3.6,108.0
TOS11000001,2026-10-07T20:30,3.7,5.4,129.0
TOS11000001,2026-10-07T20:45,3.3,5.2,116.0
TOS11000001,2026-10-07T21:00,1.2,2.1,141.0
TOS11000001,2026-10-07T21:15,1.9,3.4,123.0
TOS11000001,2026-10-07T21:30,1.8,2.7,125.0
TOS11000001,2026-10-07T21:45,0.9,1.4,115.0
TOS11000001,2026-10-07T22:00,0.9,1.6,112.0
TOS11000001,2026-10-07T22:15,1.1,2.2,74.0
TOS11000001,2026-10-07T22:30,1.6,2.5,82.0
TOS11000001,2026-10-07T22:45,1.5,2.3,100.0
TOS11000001,2026-10-07T23:00,1.7,2.3,108.0
TOS11000001,2026-10-07T23:15,1.8,2.3,92.0
TOS11000001,2026-10-07T23:30,2.5,3.5,106.0
TOS11000001,2026-10-07T23:45,2.9,4.2,129.0
TOS11000011,2026-10-07T00:00,0.4,0.8,162.0
TOS11000011,2026-10-07T00:15,0.4,0.9,97.0
TOS11000011,2026-10-07T00:30,0.5,0.9,58.0
TOS11000011,2026-10-07T00:45,0.6,0.8,30.0
TOS11000011,2026-10-07T01:00,0.4,0.7,85.0
TOS11000011,2026-10-07T01:15,0.4,0.7,126.0
TOS11000011,2026-10-07T01:30,0.5,0.7,101.0
TOS11000011,2026-10-07T01:45,0.3,0.5,123.0
TOS11000011,2026-10-07T02:00,0.6,0.8,140.0
TOS11000011,2026-10-07T02:15,0.3,0.6,102.0
TOS11000011,2026-10-07T02:30,0.7,1.3,4.0
TOS11000011,2026-10-07T02:45,0.5,0.9,59.0
TOS11000011,2026-10-07T03:00,0.5,0.8,122.0
TOS11000011,2026-10-07T03:15,0.2,0.3,187.0
TOS11000011,2026-10-07T03:30,0.2,0.5,62.0
TOS11000011,2026-10-07T03:45,0.6,1.0,106.0
TOS11000011,2026-10-07T04:00,0.6,1.2,143.0
TOS11000011,2026-10-07T04:15,0.5,0.8,206.0
TOS11000011,2026-10-07T04:30,0.7,1.1,27.0
TOS11000011,2026-10-07T04:45,0.7,1.0,21.0
TOS11000011,2026-10-07T05:00,0.6,1.4,192.0
TOS11000011,2026-10-07T05:15,0.4,1.3,142.0
TOS11000011,2026-10-07T05:30,0.8,1.4,0.0
TOS11000011,2026-10-07T05:45,0.9,2.1,29.0
TOS11000011,2026-10-07T06:00,0.6,1.1,33.0
TOS11000011,2026-10-07T06:15,0.3,0.7,71.0
TOS11000011,2026-10-07T06:30,0.5,0.9,91.0
TOS11000011,2026-10-07T06:45,0.5,1.1,132.0
TOS11000011,2026-10-07T07:00,0.4,1.2,344.0
TOS11000011,2026-10-07T07:15,0.7,1.3,67.0
TOS11000011,2026-10-07T07:30,0.8,1.4,25.0
TOS11000011,2026-10-07T07:45,0.4,0.8,357.0
TOS11000011,2026-10-07T08:00,0.3,0.8,289.0
TOS11000011,2026-10-07T08:15,0.6,1.1,4.0
TOS11000011,2026-10-07T08:30,0.8,1.3,30.0
TOS11000011,2026-10-07T08:45,0.6,0.9,53.0
TOS11000011,2026-10-07T09:00,0.7,1.3,85.0
TOS11000011,2026-10-07T09:15,0.9,3.1,87.0
TOS11000011,2026-10-07T09:30,1.6,2.7,103.0
TOS11000011,2026-10-07T09:45,1.5,2.6,92.0
TOS11000011,2026-10-07T10:00,1.8,3.4,109.0
TOS11000011,2026-10-07T10:15,2.4,4.1,114.0
TOS11000011,2026-10-07T10:30,2.3,3.8,115.0
TOS11000011,2026-10-07T10:45,2.1,3.6,94.0
TOS11000011,2026-10-07T11:00,2.2,3.8,102.0
TOS11000011,2026-10-07T11:15,1.7,4.0,97.0
TOS11000011,2026-10-07T11:30,2.6,5.0,83.0
TOS11000011,2026-10-07T11:45,2.3,4.8,88.0
TOS11000011,2026-10-07T12:00,2.1,4.3,102.0
TOS11000011,2026-10-07T12:15,2.5,5.0,105.0
TOS11000011,2026-10-07T12:30,2.6,5.0,119.0
TOS11000011,2026-10-07T12:45,2.9,4.7,116.0
TOS11000011,2026-10-07T13:00,3.1,5.1,119.0
TOS11000011,2026-10-07T13:15,3.2,6.2,110.0
TOS11000011,2026-10-07T13:30,2.7,5.3,97.0
TOS11000011,2026-10-07T13:45,2.2,4.3,94.0
TOS11000011,2026-10-07T14:00,2.6,5.4,103.0
TOS11000011,2026-10-07T14:15,3.1,5.6,108.0
TOS11000011,2026-10-07T14:30,2.9,5.2,104.0
TOS11000011,2026-10-07T14:45,2.3,4.9,97.0
TOS11000011,2026-10-07T15:00,3.1,5.1,112.0
TOS11000011,2026-10-07T15:15,3.4,6.8,119.0
TOS11000011,2026-10-07T15:30,2.9,4.9,119.0
TOS11000011,2026-10-07T15:45,2.4,5.0,97.0
TOS11000011,2026-10-07T16:00,2.6,4.5,100.0
TOS11000011,2026-10-07T16:15,2.5,4.6,105.0
TOS11000011,2026-10-07T16:30,1.5,3.9,96.0
TOS11000011,2026-10-07T16:45,1.1,2.0,97.0
TOS11000011,2026-10-07T17:00,1.3,2.5,111.0
TOS11000011,2026-10-07T17:15,1.2,2.3,126.0
TOS11000011,2026-10-07T17:30,1.2,2.3,120.0
TOS11000011,2026-10-07T17:45,1.0,1.7,112.0
TOS11000011,2026-10-07T18:00,1.1,1.9,96.0
TOS11000011,2026-10-07T18:15,1.1,1.7,143.0
TOS11000011,2026-10-07T18:30,1.2,2.2,100.0
TOS11000011,2026-10-07T18:45,1.4,2.8,83.0
TOS11000011,2026-10-07T19:00,1.1,2.0,106.0
TOS11000011,2026-10-07T19:15,1.1,2.0,109.0
TOS11000011,2026-10-07T19:30,0.7,1.5,95.0
TOS11000011,2026-10-07T19:45,1.7,3.0,123.0
TOS11000011,2026-10-07T20:00,1.8,2.9,112.0
TOS11000011,2026-10-07T20:15,2.3,3.3,122.0
TOS11000011,2026-10-07T20:30,2.0,3.1,117.0
TOS11000011,2026-10-07T20:45,1.8,4.0,131.0
TOS11000011,2026-10-07T21:00,2.6,4.2,119.0
TOS11000011,2026-10-07T21:15,2.5,3.7,150.0
TOS11000011,2026-10-07T21:30,2.2,3.1,121.0
TOS11000011,2026-10-07T21:45,2.0,3.7,148.0
TOS11000011,2026-10-07T22:00,2.2,3.6,130.0
TOS11000011,2026-10-07T22:15,2.1,3.5,117.0
TOS11000011,2026-10-07T22:30,2.3,4.0,115.0
TOS11000011,2026-10-07T22:45,2.2,3.5,135.0
TOS11000011,2026-10-07T23:00,1.7,3.2,153.0
TOS11000011,2026-10-07T23:15,1.0,1.9,121.0
TOS11000011,2026-10-07T23:30,0.6,1.2,96.0
TOS11000011,2026-10-07T23:45,0.7,1.2,67.0
TOS11000020,2026-10-07T00:00,0.4,0.8,11.0
TOS11000020,2026-10-07T00:15,0.5,0.8,38.0
TOS11000020,2026-10-07T00:30,0.3,0.7,60.0
TOS11000020,2026-10-07T00:45,0.3,0.6,79.0
TOS11000020,2026-10-07T01:00,0.3,0.6,25.0
TOS11000020,2026-10-07T01:15,0.3,0.6,352.0
TOS11000020,2026-10-07T01:30,0.3,0.5,23.0
TOS11000020,2026-10-07T01:45,0.2,0.5,44.0
TOS11000020,2026-10-07T02:00,0.4,0.9,39.0
TOS11000020,2026-10-07T02:15,0.3,0.7,28.0
TOS11000020,2026-10-07T02:30,0.4,0.8,45.0
TOS11000020,2026-10-07T02:45,0.3,0.6,35.0
TOS11000020,2026-10-07T03:00,0.3,0.5,52.0
TOS11000020,2026-10-07T03:15,0.6,1.2,72.0
TOS11000020,2026-10-07T03:30,0.8,1.3,114.0
TOS11000020,2026-10-07T03:45,1.3,1.9,104.0
TOS11000020,2026-10-07T04:00,1.3,1.9,103.0
TOS11000020,2026-10-07T04:15,0.8,1.4,109.0
TOS11000020,2026-10-07T04:30,0.6,1.6,123.0
TOS11000020,2026-10-07T04:45,1.3,2.0,105.0
TOS11000020,2026-10-07T05:00,0.6,1.7,99.0
TOS11000020,2026-10-07T05:15,0.5,1.3,106.0
TOS11000020,2026-10-07T05:30,0.7,1.5,107.0
TOS11000020,2026-10-07T05:45,0.7,1.9,104.0
TOS11000020,2026-10-07T06:00,0.6,1.8,104.0
TOS11000020,2026-10-07T06:15,0.7,1.7,96.0
TOS11000020,2026-10-07T06:30,0.6,1.3,104.0
TOS11000020,2026-10-07T06:45,0.6,1.8,114.0
TOS11000020,2026-10-07T07:00,0.8,1.7,108.0
TOS11000020,2026-10-07T07:15,0.8,1.6,101.0
TOS11000020,2026-10-07T07:30,0.7,1.8,93.0
TOS11000020,2026-10-07T07:45,0.9,2.0,107.0
TOS11000020,2026-10-07T08:00,0.8,1.8,103.0
TOS11000020,2026-10-07T08:15,1.3,3.1,102.0
TOS11000020,2026-10-07T08:30,1.8,4.8,98.0
TOS11000020,2026-10-07T08:45,1.6,2.4,99.0
TOS11000020,2026-10-07T09:00,1.5,3.5,102.0
TOS11000020,2026-10-07T09:15,1.7,4.4,111.0
TOS11000020,2026-10-07T09:30,1.7,4.1,99.0
TOS11000020,2026-10-07T09:45,2.0,4.4,101.0
TOS11000020,2026-10-07T10:00,1.9,4.3,110.0
TOS11000020,2026-10-07T10:15,1.7,3.7,105.0
TOS11000020,2026-10-07T10:30,1.4,2.8,127.0
TOS11000020,2026-10-07T10:45,1.4,2.8,99.0
TOS11000020,2026-10-07T11:00,1.1,2.2,110.0
TOS11000020,2026-10-07T11:15,1.1,2.9,129.0
TOS11000020,2026-10-07T11:30,1.5,2.7,109.0
TOS11000020,2026-10-07T11:45,1.2,2.3,106.0
TOS11000020,2026-10-07T12:00,1.5,2.8,101.0
TOS11000020,2026-10-07T12:15,1.6,3.4,98.0
TOS11000020,2026-10-07T12:30,2.0,4.1,99.0
TOS11000020,2026-10-07T12:45,1.9,4.5,99.0
TOS11000020,2026-10-07T13:00,1.7,3.7,98.0
TOS11000020,2026-10-07T13:15,1.4,3.5,112.0
TOS11000020,2026-10-07T13:30,1.6,3.8,102.0
TOS11000020,2026-10-07T13:45,1.8,4.3,96.0
TOS11000020,2026-10-07T14:00,1.7,3.6,101.0
TOS11000020,2026-10-07T14:15,1.5,3.4,124.0
TOS11000020,2026-10-07T14:30,1.8,3.6,99.0
TOS11000020,2026-10-07T14:45,1.7,3.5,103.0
TOS11000020,2026-10-07T15:00,1.8,3.5,99.0
TOS11000020,2026-10-07T15:15,1.5,2.7,107.0
TOS11000020,2026-10-07T15:30,1.3,3.0,112.0
TOS11000020,2026-10-07T15:45,1.0,1.9,158.0
TOS11000020,2026-10-07T16:00,1.2,2.8,104.0
TOS11000020,2026-10-07T16:15,0.7,1.8,75.0
TOS11000020,2026-10-07T16:30,0.9,2.7,91.0
TOS11000020,2026-10-07T16:45,0.7,1.9,84.0
TOS11000020,2026-10-07T17:00,0.8,2.1,109.0
TOS11000020,2026-10-07T17:15,0.7,1.5,92.0
TOS11000020,2026-10-07T17:30,0.8,2.4,113.0
TOS11000020,2026-10-07T17:45,0.7,1.9,83.0
TOS11000020,2026-10-07T18:00,0.7,1.6,78.0
TOS11000020,2026-10-07T18:15,0.7,1.6,71.0
TOS11000020,2026-10-07T18:30,1.0,3.5,73.0
TOS11000020,2026-10-07T18:45,1.5,4.4,84.0
TOS11000020,2026-10-07T19:00,1.2,2.9,75.0
TOS11000020,2026-10-07T19:15,1.4,3.5,89.0
TOS11000020,2026-10-07T19:30,1.2,3.3,128.0
TOS11000020,2026-10-07T19:45,1.4,4.3,158.0
TOS11000020,2026-10-07T20:00,1.7,3.7,130.0
TOS11000020,2026-10-07T20:15,2.6,5.6,93.0
TOS11000020,2026-10-07T20:30,2.3,5.6,170.0
TOS11000020,2026-10-07T20:45,2.3,4.6,229.0
TOS11000020,2026-10-07T21:00,2.5,5.8,228.0
TOS11000020,2026-10-07T21:15,1.9,5.0,229.0
TOS11000020,2026-10-07T21:30,1.8,3.8,189.0
TOS11000020,2026-10-07T21:45,1.9,5.6,204.0
TOS11000020,2026-10-07T22:00,2.0,4.6,188.0
TOS11000020,2026-10-07T22:15,1.7,3.9,228.0
TOS11000020,2026-10-07T22:30,1.2,3.7,270.0
TOS11000020,2026-10-07T22:45,1.4,2.8,295.0
TOS11000020,2026-10-07T23:00,1.6,4.7,296.0
TOS11000020,2026-10-07T23:15,1.9,3.4,311.0
TOS11000020,2026-10-07T23:30,1.7,3.5,292.0
TOS11000020,2026-10-07T23:45,1.8,4.9,295.0
TOS11000027,2026-10-07T00:00,0.3,0.7,1.0
TOS11000027,2026-10-07T00:15,0.2,0.8,354.0
TOS11000027,2026-10-07T00:30,0.6,1.1,358.0
TOS11000027,2026-10-07T00:45,0.5,1.1,28.0
TOS11000027,2026-10-07T01:00,0.4,0.9,35.0
TOS11000027,2026-10-07T01:15,0.6,0.9,36.0
TOS11000027,2026-10-07T01:30,0.3,0.6,72.0
TOS11000027,2026-10-07T01:45,0.6,1.3,47.0
TOS11000027,2026-10-07T02:00,1.0,1.3,24.0
TOS11000027,2026-10-07T02:15,0.6,0.7,44.0
TOS11000027,2026-10-07T02:30,0.6,1.0,6.0
TOS11000027,2026-10-07T02:45,0.8,1.1,358.0
TOS11000027,2026-10-07T03:00,1.0,1.5,8.0
TOS11000027,2026-10-07T03:15,0.6,1.3,12.0
TOS11000027,2026-10-07T03:30,0.1,0.3,61.0
TOS11000027,2026-10-07T03:45,0.2,0.8,158.0
TOS11000027,2026-10-07T04:00,0.7,1.0,9.0
TOS11000027,2026-10-07T04:15,0.4,0.7,231.0
TOS11000027,2026-10-07T04:30,0.3,0.7,281.0
TOS11000027,2026-10-07T04:45,0.2,0.7,347.0
TOS11000027,2026-10-07T05:00,0.4,1.0,2.0
TOS11000027,2026-10-07T05:15,0.7,1.1,11.0
TOS11000027,2026-10-07T05:30,0.7,1.0,38.0
TOS11000027,2026-10-07T05:45,0.4,1.0,52.0
TOS11000027,2026-10-07T06:00,0.4,1.0,17.0
TOS11000027,2026-10-07T06:15,0.9,1.3,12.0
TOS11000027,2026-10-07T06:30,0.5,1.0,33.0
TOS11000027,2026-10-07T06:45,0.5,1.1,350.0
TOS11000027,2026-10-07T07:00,0.8,1.4,194.0
TOS11000027,2026-10-07T07:15,0.6,1.5,38.0
TOS11000027,2026-10-07T07:30,1.2,1.7,22.0
TOS11000027,2026-10-07T07:45,0.8,1.5,6.0
TOS11000027,2026-10-07T08:00,0.6,1.0,7.0
TOS11000027,2026-10-07T08:15,0.5,1.4,3.0
TOS11000027,2026-10-07T08:30,0.5,1.1,20.0
TOS11000027,2026-10-07T08:45,0.4,0.7,202.0
TOS11000027,2026-10-07T09:00,0.3,0.8,174.0
TOS11000027,2026-10-07T09:15,0.2,0.6,189.0
TOS11000027,2026-10-07T09:30,0.4,1.2,194.0
TOS11000027,2026-10-07T09:45,0.2,0.7,169.0
TOS11000027,2026-10-07T10:00,0.2,0.7,88.0
TOS11000027,2026-10-07T10:15,0.2,0.5,53.0
TOS11000027,2026-10-07T10:30,0.1,0.5,251.0
TOS11000027,2026-10-07T10:45,0.2,0.6,185.0
TOS11000027,2026-10-07T11:00,0.1,0.4,155.0
TOS11000027,2026-10-07T11:15,1.1,2.2,43.0
TOS11000027,2026-10-07T11:30,0.8,2.6,154.0
TOS11000027,2026-10-07T11:45,0.5,1.9,193.0
TOS11000027,2026-10-07T12:00,0.3,1.0,206.0
TOS11000027,2026-10-07T12:15,0.3,1.0,250.0
TOS11000027,2026-10-07T12:30,0.2,1.0,191.0
TOS11000027,2026-10-07T12:45,0.6,1.3,57.0
TOS11000027,2026-10-07T13:00,0.4,1.7,160.0
TOS11000027,2026-10-07T13:15,0.7,2.0,165.0
TOS11000027,2026-10-07T13:30,0.4,1.1,172.0
TOS11000027,2026-10-07T13:45,0.7,1.2,155.0
TOS11000027,2026-10-07T14:00,0.6,1.9,163.0
TOS11000027,2026-10-07T14:15,0.9,1.8,158.0
TOS11000027,2026-10-07T14:30,0.5,1.2,137.0
TOS11000027,2026-10-07T14:45,0.5,1.7,157.0
TOS11000027,2026-10-07T15:00,0.5,1.6,165.0
TOS11000027,2026-10-07T15:15,0.4,1.1,156.0
TOS11000027,2026-10-07T15:30,0.2,0.6,164.0
TOS11000027,2026-10-07T15:45,0.8,1.8,163.0
TOS11000027,2026-10-07T16:00,0.8,1.6,157.0
TOS11000027,2026-10-07T16:15,0.5,1.4,170.0
TOS11000027,2026-10-07T16:30,0.8,1.4,171.0
TOS11000027,2026-10-07T16:45,0.7,1.3,169.0
TOS11000027,2026-10-07T17:00,0.4,1.0,54.0
TOS11000027,2026-10-07T17:15,0.3,0.7,166.0
TOS11000027,2026-10-07T17:30,1.0,1.9,50.0
TOS11000027,2026-10-07T17:45,0.3,1.3,68.0
TOS11000027,2026-10-07T18:00,0.7,1.2,146.0
TOS11000027,2026-10-07T18:15,0.8,1.6,184.0
TOS11000027,2026-10-07T18:30,0.7,1.2,227.0
TOS11000027,2026-10-07T18:45,2.0,4.0,5.0
TOS11000027,2026-10-07T19:00,1.6,3.0,3.0
TOS11000027,2026-10-07T19:15,0.6,1.2,167.0
TOS11000027,2026-10-07T19:30,0.9,1.8,43.0
TOS11000027,2026-10-07T19:45,1.3,2.8,22.0
TOS11000027,2026-10-07T20:00,1.1,1.8,12.0
TOS11000027,2026-10-07T20:15,1.6,3.2,22.0
TOS11000027,2026-10-07T20:30,1.1,2.2,160.0
TOS11000027,2026-10-07T20:45,1.0,2.7,228.0
TOS11000027,2026-10-07T21:00,0.9,2.9,168.0
TOS11000027,2026-10-07T21:15,2.1,9.6,233.0
TOS11000027,2026-10-07T21:30,3.9,7.6,287.0
TOS11000027,2026-10-07T21:45,5.5,9.1,315.0
TOS11000027,2026-10-07T22:00,3.1,6.9,349.0
TOS11000027,2026-10-07T22:15,1.6,4.0,332.0
TOS11000027,2026-10-07T22:30,1.7,3.3,18.0
TOS11000027,2026-10-07T22:45,2.2,3.0,18.0
TOS11000027,2026-10-07T23:00,0.8,2.7,36.0
TOS11000027,2026-10-07T23:15,1.5,3.4,45.0
TOS11000027,2026-10-07T23:30,1.9,3.4,32.0
TOS11000027,2026-10-07T23:45,0.9,2.0,43.0
TOS11000029,2026-10-07T00:00,1.0,1.9,26.0
TOS11000029,2026-10-07T00:15,1.0,1.8,24.0
TOS11000029,2026-10-07T00:30,1.1,2.4,28.0
TOS11000029,2026-10-07T00:45,0.9,2.0,14.0
TOS11000029,2026-10-07T01:00,0.9,1.9,35.0
TOS11000029,2026-10-07T01:15,0.8,1.7,301.0
TOS11000029,2026-10-07T01:30,0.6,1.3,29.0
TOS11000029,2026-10-07T01:45,0.7,1.8,94.0
TOS11000029,2026-10-07T02:00,0.7,1.9,109.0
TOS11000029,2026-10-07T02:15,0.5,1.0,53.0
TOS11000029,2026-10-07T02:30,0.7,1.6,61.0
TOS11000029,2026-10-07T02:45,0.6,1.0,35.0
TOS11000029,2026-10-07T03:00,1.1,2.3,34.0
TOS11000029,2026-10-07T03:15,1.5,2.2,55.0
TOS11000029,2026-10-07T03:30,1.4,2.5,30.0
TOS11000029,2026-10-07T03:45,1.3,2.3,34.0
TOS11000029,2026-10-07T04:00,0.9,1.7,31.0
TOS11000029,2026-10-07T04:15,1.0,1.8,25.0
TOS11000029,2026-10-07T04:30,1.3,2.6,44.0
TOS11000029,2026-10-07T04:45,1.4,3.0,51.0
TOS11000029,2026-10-07T05:00,0.8,1.8,67.0
TOS11000029,2026-10-07T05:15,0.6,1.6,76.0
TOS11000029,2026-10-07T05:30,1.4,2.8,99.0
TOS11000029,2026-10-07T05:45,2.0,4.0,115.0
TOS11000029,2026-10-07T06:00,2.8,4.4,118.0
TOS11000029,2026-10-07T06:15,2.3,4.4,118.0
TOS11000029,2026-10-07T06:30,2.2,4.1,92.0
TOS11000029,2026-10-07T06:45,1.2,2.7,71.0
TOS11000029,2026-10-07T07:00,0.8,2.1,51.0
TOS11000029,2026-10-07T07:15,1.0,2.1,52.0
TOS11000029,2026-10-07T07:30,0.9,1.5,127.0
TOS11000029,2026-10-07T07:45,1.2,2.6,107.0
TOS11000029,2026-10-07T08:00,0.9,2.1,132.0
TOS11000029,2026-10-07T08:15,1.2,2.2,117.0
TOS11000029,2026-10-07T08:30,1.6,2.9,128.0
TOS11000029,2026-10-07T08:45,2.2,3.9,137.0
TOS11000029,2026-10-07T09:00,2.3,4.3,119.0
TOS11000029,2026-10-07T09:15,1.7,4.3,142.0
TOS11000029,2026-10-07T09:30,1.8,4.6,155.0
TOS11000029,2026-10-07T09:45,2.1,4.2,158.0
TOS11000029,2026-10-07T10:00,1.3,3.3,173.0
TOS11000029,2026-10-07T10:15,0.7,2.0,166.0
TOS11000029,2026-10-07T10:30,1.1,2.1,164.0
TOS11000029,2026-10-07T10:45,1.7,3.0,158.0
TOS11000029,2026-10-07T11:00,2.6,5.2,155.0
TOS11000029,2026-10-07T11:15,2.7,4.4,149.0
TOS11000029,2026-10-07T11:30,1.5,4.2,190.0
TOS11000029,2026-10-07T11:45,1.1,2.3,213.0
TOS11000029,2026-10-07T12:00,0.8,2.1,186.0
TOS11000029,2026-10-07T12:15,1.2,2.1,195.0
TOS11000029,2026-10-07T12:30,1.2,2.5,199.0
TOS11000029,2026-10-07T12:45,1.0,2.5,136.0
TOS11000029,2026-10-07T13:00,1.7,3.3,166.0
TOS11000029,2026-10-07T13:15,0.9,2.2,204.0
TOS11000029,2026-10-07T13:30,0.9,2.3,177.0
TOS11000029,2026-10-07T13:45,1.0,2.5,168.0
TOS11000029,2026-10-07T14:00,0.9,2.0,135.0
TOS11000029,2026-10-07T14:15,0.7,1.5,99.0
TOS11000029,2026-10-07T14:30,0.5,1.2,117.0
TOS11000029,2026-10-07T14:45,0.7,1.7,183.0
TOS11000029,2026-10-07T15:00,0.8,2.5,194.0
TOS11000029,2026-10-07T15:15,1.3,2.5,209.0
TOS11000029,2026-10-07T15:30,1.2,3.1,165.0
TOS11000029,2026-10-07T15:45,2.5,4.6,156.0
TOS11000029,2026-10-07T16:00,2.6,5.7,165.0
TOS11000029,2026-10-07T16:15,1.8,3.6,200.0
TOS11000029,2026-10-07T16:30,4.2,9.2,128.0
TOS11000029,2026-10-07T16:45,3.7,7.8,153.0
TOS11000029,2026-10-07T17:00,4.0,8.1,149.0
TOS11000029,2026-10-07T17:15,4.4,8.0,144.0
TOS11000029,2026-10-07T17:30,6.1,10.2,144.0
TOS11000029,2026-10-07T17:45,5.4,10.4,144.0
TOS11000029,2026-10-07T18:00,5.0,10.9,146.0
TOS11000029,2026-10-07T18:15,5.1,9.6,150.0
TOS11000029,2026-10-07T18:30,4.1,9.0,151.0
TOS11000029,2026-10-07T18:45,4.9,10.2,160.0
TOS11000029,2026-10-07T19:00,6.0,10.5,137.0
TOS11000029,2026-10-07T19:15,5.0,9.5,140.0
TOS11000029,2026-10-07T19:30,5.8,9.2,131.0
TOS11000029,2026-10-07T19:45,5.2,9.1,138.0
TOS11000029,2026-10-07T20:00,4.7,10.2,139.0
TOS11000029,2026-10-07T20:15,5.5,9.8,141.0
TOS11000029,2026-10-07T20:30,7.4,13.7,139.0
TOS11000029,2026-10-07T20:45,7.5,13.2,171.0
TOS11000029,2026-10-07T21:00,7.0,13.7,159.0
TOS11000029,2026-10-07T21:15,4.3,10.9,184.0
TOS11000029,2026-10-07T21:30,4.3,14.8,163.0
TOS11000029,2026-10-07T21:45,2.0,7.4,256.0
TOS11000029,2026-10-07T22:00,1.0,3.5,11.0
TOS11000029,2026-10-07T22:15,1.4,5.6,239.0
TOS11000029,2026-10-07T22:30,1.8,3.8,190.0
TOS11000029,2026-10-07T22:45,3.6,6.9,165.0
TOS11000029,2026-10-07T23:00,3.8,7.0,139.0
TOS11000029,2026-10-07T23:15,3.9,7.4,136.0
TOS11000029,2026-10-07T23:30,4.5,8.0,153.0
TOS11000029,2026-10-07T23:45,3.1,7.6,167.0
TOS11000031,2026-10-07T00:00,0.6,1.1,333.0
TOS11000031,2026-10-07T00:15,0.8,1.4,328.0
TOS11000031,2026-10-07T00:30,0.9,1.3,311.0
TOS11000031,2026-10-07T00:45,0.5,1.1,354.0
TOS11000031,2026-10-07T01:00,0.3,1.0,347.0
TOS11000031,2026-10-07T01:15,0.7,1.8,38.0
TOS11000031,2026-10-07T01:30,0.3,0.8,37.0
TOS11000031,2026-10-07T01:45,0.4,0.7,356.0
TOS11000031,2026-10-07T02:00,0.2,0.5,56.0
TOS11000031,2026-10-07T02:15,1.0,2.5,35.0
TOS11000031,2026-10-07T02:30,0.7,1.5,49.0
TOS11000031,2026-10-07T02:45,0.4,0.8,355.0
TOS11000031,2026-10-07T03:00,0.3,0.8,326.0
TOS11000031,2026-10-07T03:15,0.6,1.4,344.0
TOS11000031,2026-10-07T03:30,0.3,0.8,339.0
TOS11000031,2026-10-07T03:45,0.4,0.9,339.0
TOS11000031,2026-10-07T04:00,0.4,1.2,359.0
TOS11000031,2026-10-07T04:15,0.3,0.9,136.0
TOS11000031,2026-10-07T04:30,0.4,0.9,336.0
TOS11000031,2026-10-07T04:45,0.4,0.8,338.0
TOS11000031,2026-10-07T05:00,0.3,0.8,322.0
TOS11000031,2026-10-07T05:15,0.5,0.8,335.0
TOS11000031,2026-10-07T05:30,0.4,0.9,340.0
TOS11000031,2026-10-07T05:45,0.3,0.9,359.0
TOS11000031,2026-10-07T06:00,0.5,0.9,329.0
TOS11000031,2026-10-07T06:15,0.5,1.0,18.0
TOS11000031,2026-10-07T06:30,0.3,0.7,20.0
TOS11000031,2026-10-07T06:45,0.4,0.8,16.0
TOS11000031,2026-10-07T07:00,0.4,0.9,43.0
TOS11000031,2026-10-07T07:15,0.6,1.2,16.0
TOS11000031,2026-10-07T07:30,0.3,0.9,47.0
TOS11000031,2026-10-07T07:45,0.5,1.1,348.0
TOS11000031,2026-10-07T08:00,0.4,0.9,331.0
TOS11000031,2026-10-07T08:15,0.6,1.1,317.0
TOS11000031,2026-10-07T08:30,0.9,1.9,316.0
TOS11000031,2026-10-07T08:45,0.9,1.6,252.0
TOS11000031,2026-10-07T09:00,0.8,1.6,240.0
TOS11000031,2026-10-07T09:15,0.8,2.0,312.0
TOS11000031,2026-10-07T09:30,0.7,1.5,239.0
TOS11000031,2026-10-07T09:45,0.9,1.8,295.0
TOS11000031,2026-10-07T10:00,0.9,1.9,325.0
TOS11000031,2026-10-07T10:15,0.8,1.7,294.0
TOS11000031,2026-10-07T10:30,0.5,1.3,232.0
TOS11000031,2026-10-07T10:45,0.9,1.6,284.0
TOS11000031,2026-10-07T11:00,1.2,2.0,260.0
TOS11000031,2026-10-07T11:15,1.6,3.4,290.0
TOS11000031,2026-10-07T11:30,1.6,2.6,314.0
TOS11000031,2026-10-07T11:45,1.0,1.9,268.0
TOS11000031,2026-10-07T12:00,1.1,2.7,153.0
TOS11000031,2026-10-07T12:15,1.8,3.4,122.0
TOS11000031,2026-10-07T12:30,1.6,3.4,115.0
TOS11000031,2026-10-07T12:45,1.7,3.6,118.0
TOS11000031,2026-10-07T13:00,1.3,3.6,80.0
TOS11000031,2026-10-07T13:15,0.9,2.1,52.0
TOS11000031,2026-10-07T13:30,0.9,2.2,90.0
TOS11000031,2026-10-07T13:45,1.4,3.4,88.0
TOS11000031,2026-10-07T14:00,1.1,2.8,97.0
TOS11000031,2026-10-07T14:15,1.0,2.7,98.0
TOS11000031,2026-10-07T14:30,1.6,3.6,97.0
TOS11000031,2026-10-07T14:45,1.5,5.5,137.0
TOS11000031,2026-10-07T15:00,1.2,2.4,78.0
TOS11000031,2026-10-07T15:15,1.2,2.9,80.0
TOS11000031,2026-10-07T15:30,1.2,2.2,151.0
TOS11000031,2026-10-07T15:45,1.5,3.3,134.0
TOS11000031,2026-10-07T16:00,1.1,2.5,136.0
TOS11000031,2026-10-07T16:15,0.8,2.1,92.0
TOS11000031,2026-10-07T16:30,0.8,2.6,136.0
TOS11000031,2026-10-07T16:45,0.4,1.1,34.0
TOS11000031,2026-10-07T17:00,0.5,1.3,21.0
TOS11000031,2026-10-07T17:15,0.3,0.9,71.0
TOS11000031,2026-10-07T17:30,0.8,1.4,41.0
TOS11000031,2026-10-07T17:45,0.8,1.6,44.0
TOS11000031,2026-10-07T18:00,0.8,1.4,45.0
TOS11000031,2026-10-07T18:15,1.2,2.1,36.0
TOS11000031,2026-10-07T18:30,1.4,2.1,34.0
TOS11000031,2026-10-07T18:45,1.2,2.2,31.0
TOS11000031,2026-10-07T19:00,1.1,2.3,35.0
TOS11000031,2026-10-07T19:15,0.8,1.6,42.0
TOS11000031,2026-10-07T19:30,0.8,1.9,37.0
TOS11000031,2026-10-07T19:45,0.6,1.4,43.0
TOS11000031,2026-10-07T20:00,0.9,1.4,350.0
TOS11000031,2026-10-07T20:15,1.2,2.8,71.0
TOS11000031,2026-10-07T20:30,1.2,2.9,76.0
TOS11000031,2026-10-07T20:45,1.4,3.3,96.0
TOS11000031,2026-10-07T21:00,0.9,1.5,88.0
TOS11000031,2026-10-07T21:15,0.9,1.8,69.0
TOS11000031,2026-10-07T21:30,0.8,2.0,79.0
TOS11000031,2026-10-07T21:45,0.9,2.4,89.0
TOS11000031,2026-10-07T22:00,0.9,1.9,148.0
TOS11000031,2026-10-07T22:15,1.4,2.4,131.0
TOS11000031,2026-10-07T22:30,0.6,1.8,67.0
TOS11000031,2026-10-07T22:45,0.7,1.1,117.0
TOS11000031,2026-10-07T23:00,0.5,1.0,105.0
TOS11000031,2026-10-07T23:15,0.5,1.0,112.0
TOS11000031,2026-10-07T23:30,0.7,1.2,130.0
TOS11000031,2026-10-07T23:45,0.8,1.3,110.0
TOS11000032,2026-10-07T00:00,2.1,3.6,4.0
TOS11000032,2026-10-07T00:15,2.0,3.0,6.0
TOS11000032,2026-10-07T00:30,1.8,3.3,11.0
TOS11000032,2026-10-07T00:45,2.0,3.2,15.0
TOS11000032,2026-10-07T01:00,2.1,3.3,4.0
TOS11000032,2026-10-07T01:15,2.0,3.4,5.0
TOS11000032,2026-10-07T01:30,1.8,3.1,357.0
TOS11000032,2026-10-07T01:45,1.5,2.8,356.0
TOS11000032,2026-10-07T02:00,1.6,2.6,10.0
TOS11000032,2026-10-07T02:15,1.6,3.3,355.0
TOS11000032,2026-10-07T02:30,0.8,1.8,281.0
TOS11000032,2026-10-07T02:45,0.9,1.5,324.0
TOS11000032,2026-10-07T03:00,0.7,1.5,304.0
TOS11000032,2026-10-07T03:15,0.8,1.6,324.0
TOS11000032,2026-10-07T03:30,0.8,1.4,281.0
TOS11000032,2026-10-07T03:45,0.8,1.7,315.0
TOS11000032,2026-10-07T04:00,1.1,2.2,321.0
TOS11000032,2026-10-07T04:15,0.7,1.7,296.0
TOS11000032,2026-10-07T04:30,0.8,1.4,301.0
TOS11000032,2026-10-07T04:45,0.5,1.1,348.0
TOS11000032,2026-10-07T05:00,0.5,1.1,337.0
TOS11000032,2026-10-07T05:15,0.7,1.4,273.0
TOS11000032,2026-10-07T05:30,0.7,1.7,297.0
TOS11000032,2026-10-07T05:45,0.5,0.7,274.0
TOS11000032,2026-10-07T06:00,0.7,1.6,317.0
TOS11000032,2026-10-07T06:15,0.9,1.6,336.0
TOS11000032,2026-10-07T06:30,0.9,1.9,318.0
TOS11000032,2026-10-07T06:45,0.7,1.2,286.0
TOS11000032,2026-10-07T07:00,0.7,1.3,338.0
TOS11000032,2026-10-07T07:15,0.4,1.4,293.0
TOS11000032,2026-10-07T07:30,0.9,1.7,307.0
TOS11000032,2026-10-07T07:45,0.4,0.9,345.0
TOS11000032,2026-10-07T08:00,0.5,1.6,216.0
TOS11000032,2026-10-07T08:15,0.6,1.2,267.0
TOS11000032,2026-10-07T08:30,0.9,1.6,241.0
TOS11000032,2026-10-07T08:45,0.8,1.4,229.0
TOS11000032,2026-10-07T09:00,0.7,1.9,265.0
TOS11000032,2026-10-07T09:15,0.9,1.9,243.0
TOS11000032,2026-10-07T09:30,0.8,1.6,169.0
TOS11000032,2026-10-07T09:45,0.8,1.7,208.0
TOS11000032,2026-10-07T10:00,0.7,1.4,217.0
TOS11000032,2026-10-07T10:15,1.0,2.2,216.0
TOS11000032,2026-10-07T10:30,1.1,2.4,176.0
TOS11000032,2026-10-07T10:45,0.6,1.1,209.0
TOS11000032,2026-10-07T11:00,0.7,1.6,208.0
TOS11000032,2026-10-07T11:15,0.7,1.5,238.0
TOS11000032,2026-10-07T11:30,0.7,1.4,214.0
TOS11000032,2026-10-07T11:45,1.7,4.9,86.0
TOS11000032,2026-10-07T12:00,2.4,5.1,110.0
TOS11000032,2026-10-07T12:15,2.2,4.1,107.0
TOS11000032,2026-10-07T12:30,2.3,4.8,107.0
TOS11000032,2026-10-07T12:45,1.9,4.4,114.0
TOS11000032,2026-10-07T13:00,1.9,4.2,104.0
TOS11000032,2026-10-07T13:15,1.6,4.0,135.0
TOS11000032,2026-10-07T13:30,1.9,4.0,130.0
TOS11000032,2026-10-07T13:45,2.5,5.0,130.0
TOS11000032,2026-10-07T14:00,2.6,5.4,127.0
TOS11000032,2026-10-07T14:15,2.1,4.3,128.0
TOS11000032,2026-10-07T14:30,2.3,5.6,112.0
TOS11000032,2026-10-07T14:45,2.1,4.3,122.0
TOS11000032,2026-10-07T15:00,1.9,3.8,101.0
TOS11000032,2026-10-07T15:15,1.8,3.7,117.0
TOS11000032,2026-10-07T15:30,1.5,3.0,101.0
TOS11000032,2026-10-07T15:45,1.3,2.9,110.0
TOS11000032,2026-10-07T16:00,1.3,2.6,140.0
TOS11000032,2026-10-07T16:15,1.3,2.7,102.0
TOS11000032,2026-10-07T16:30,1.3,2.2,92.0
TOS11000032,2026-10-07T16:45,0.9,1.8,60.0
TOS11000032,2026-10-07T17:00,1.0,2.2,35.0
TOS11000032,2026-10-07T17:15,0.9,2.3,77.0
TOS11000032,2026-10-07T17:30,0.9,2.0,74.0
TOS11000032,2026-10-07T17:45,1.3,2.6,39.0
TOS11000032,2026-10-07T18:00,1.6,4.4,49.0
TOS11000032,2026-10-07T18:15,2.7,4.5,30.0
TOS11000032,2026-10-07T18:30,2.3,4.1,39.0
TOS11000032,2026-10-07T18:45,2.1,4.5,50.0
TOS11000032,2026-10-07T19:00,2.7,5.2,46.0
TOS11000032,2026-10-07T19:15,2.2,4.2,47.0
TOS11000032,2026-10-07T19:30,1.5,3.0,60.0
TOS11000032,2026-10-07T19:45,1.6,3.4,4.0
TOS11000032,2026-10-07T20:00,1.1,2.2,44.0
TOS11000032,2026-10-07T20:15,2.5,5.1,70.0
TOS11000032,2026-10-07T20:30,2.4,5.0,69.0
TOS11000032,2026-10-07T20:45,1.6,3.3,118.0
TOS11000032,2026-10-07T21:00,1.9,4.6,82.0
TOS11000032,2026-10-07T21:15,1.8,3.5,64.0
TOS11000032,2026-10-07T21:30,1.6,3.3,63.0
TOS11000032,2026-10-07T21:45,1.7,3.3,39.0
TOS11000032,2026-10-07T22:00,1.2,2.3,36.0
TOS11000032,2026-10-07T22:15,1.0,1.9,46.0
TOS11000032,2026-10-07T22:30,0.8,1.6,79.0
TOS11000032,2026-10-07T22:45,1.1,3.9,62.0
TOS11000032,2026-10-07T23:00,1.2,1.8,35.0
TOS11000032,2026-10-07T23:15,1.0,2.0,59.0
TOS11000032,2026-10-07T23:30,1.4,2.4,94.0
TOS11000032,2026-10-07T23:45,1.3,3.1,80.0
TOS11000033,2026-10-07T00:00,1.0,2.0,260.0
TOS11000033,2026-10-07T00:15,1.2,2.3,253.0
TOS11000033,2026-10-07T00:30,1.1,1.9,262.0
TOS11000033,2026-10-07T00:45,1.2,1.8,261.0
TOS11000033,2026-10-07T01:00,0.8,1.8,255.0
TOS11000033,2026-10-07T01:15,0.6,1.6,238.0
TOS11000033,2026-10-07T01:30,0.7,1.7,253.0
TOS11000033,2026-10-07T01:45,0.8,1.3,238.0
TOS11000033,2026-10-07T02:00,0.4,1.1,213.0
TOS11000033,2026-10-07T02:15,0.7,1.3,240.0
TOS11000033,2026-10-07T02:30,0.7,1.5,238.0
TOS11000033,2026-10-07T02:45,0.7,1.5,232.0
TOS11000033,2026-10-07T03:00,0.6,1.5,259.0
TOS11000033,2026-10-07T03:15,0.8,1.5,270.0
TOS11000033,2026-10-07T03:30,0.9,1.7,263.0
TOS11000033,2026-10-07T03:45,0.7,1.5,266.0
TOS11000033,2026-10-07T04:00,0.8,1.7,252.0
TOS11000033,2026-10-07T04:15,0.7,1.5,237.0
TOS11000033,2026-10-07T04:30,0.8,1.4,250.0
TOS11000033,2026-10-07T04:45,0.5,0.9,214.0
TOS11000033,2026-10-07T05:00,0.5,1.6,201.0
TOS11000033,2026-10-07T05:15,0.6,1.3,258.0
TOS11000033,2026-10-07T05:30,0.4,1.0,204.0
TOS11000033,2026-10-07T05:45,0.6,1.5,249.0
TOS11000033,2026-10-07T06:00,0.5,1.4,228.0
TOS11000033,2026-10-07T06:15,0.5,0.9,236.0
TOS11000033,2026-10-07T06:30,0.6,1.3,212.0
TOS11000033,2026-10-07T06:45,0.5,1.1,252.0
TOS11000033,2026-10-07T07:00,0.4,1.0,170.0
TOS11000033,2026-10-07T07:15,0.5,0.8,225.0
TOS11000033,2026-10-07T07:30,0.3,0.7,239.0
TOS11000033,2026-10-07T07:45,0.3,0.9,246.0
TOS11000033,2026-10-07T08:00,0.4,1.1,278.0
TOS11000033,2026-10-07T08:15,0.7,1.3,327.0
TOS11000033,2026-10-07T08:30,0.6,1.5,311.0
TOS11000033,2026-10-07T08:45,0.4,1.2,43.0
TOS11000033,2026-10-07T09:00,0.4,0.9,70.0
TOS11000033,2026-10-07T09:15,0.4,1.2,23.0
TOS11000033,2026-10-07T09:30,0.6,1.3,38.0
TOS11000033,2026-10-07T09:45,0.7,2.5,47.0
TOS11000033,2026-10-07T10:00,1.1,2.5,123.0
TOS11000033,2026-10-07T10:15,0.6,1.9,46.0
TOS11000033,2026-10-07T10:30,1.1,2.3,98.0
TOS11000033,2026-10-07T10:45,0.6,2.5,118.0
TOS11000033,2026-10-07T11:00,0.5,1.6,118.0
TOS11000033,2026-10-07T11:15,0.6,1.2,123.0
TOS11000033,2026-10-07T11:30,0.6,1.3,127.0
TOS11000033,2026-10-07T11:45,0.6,1.7,97.0
TOS11000033,2026-10-07T12:00,0.7,1.8,112.0
TOS11000033,2026-10-07T12:15,0.9,2.2,96.0
TOS11000033,2026-10-07T12:30,1.1,2.2,100.0
TOS11000033,2026-10-07T12:45,0.7,2.6,119.0
TOS11000033,2026-10-07T13:00,0.8,1.5,179.0
TOS11000033,2026-10-07T13:15,0.8,1.7,168.0
TOS11000033,2026-10-07T13:30,1.0,2.0,106.0
TOS11000033,2026-10-07T13:45,1.2,2.3,116.0
TOS11000033,2026-10-07T14:00,1.1,2.8,119.0
TOS11000033,2026-10-07T14:15,1.5,3.8,119.0
TOS11000033,2026-10-07T14:30,1.7,3.1,129.0
TOS11000033,2026-10-07T14:45,1.0,2.4,114.0
TOS11000033,2026-10-07T15:00,1.1,2.8,119.0
TOS11000033,2026-10-07T15:15,1.1,2.2,130.0
TOS11000033,2026-10-07T15:30,1.3,2.5,118.0
TOS11000033,2026-10-07T15:45,0.9,3.0,134.0
TOS11000033,2026-10-07T16:00,1.0,2.6,140.0
TOS11000033,2026-10-07T16:15,0.8,2.0,136.0
TOS11000033,2026-10-07T16:30,0.7,1.3,170.0
TOS11000033,2026-10-07T16:45,0.8,1.0,187.0
TOS11000033,2026-10-07T17:00,0.8,1.0,195.0
TOS11000033,2026-10-07T17:15,0.9,1.5,187.0
TOS11000033,2026-10-07T17:30,0.8,1.2,194.0
TOS11000033,2026-10-07T17:45,0.8,1.4,182.0
TOS11000033,2026-10-07T18:00,0.6,1.5,191.0
TOS11000033,2026-10-07T18:15,0.7,1.1,185.0
TOS11000033,2026-10-07T18:30,0.5,1.1,188.0
TOS11000033,2026-10-07T18:45,0.6,1.1,188.0
TOS11000033,2026-10-07T19:00,0.5,0.9,197.0
TOS11000033,2026-10-07T19:15,0.5,1.0,239.0
TOS11000033,2026-10-07T19:30,0.7,1.3,185.0
TOS11000033,2026-10-07T19:45,0.6,1.6,231.0
TOS11000033,2026-10-07T20:00,0.7,1.6,332.0
TOS11000033,2026-10-07T20:15,1.1,2.1,102.0
TOS11000033,2026-10-07T20:30,1.9,4.6,127.0
TOS11000033,2026-10-07T20:45,1.9,4.8,94.0
TOS11000033,2026-10-07T21:00,0.8,2.1,157.0
TOS11000033,2026-10-07T21:15,0.7,2.3,106.0
TOS11000033,2026-10-07T21:30,0.8,1.7,109.0
TOS11000033,2026-10-07T21:45,0.6,1.0,165.0
TOS11000033,2026-10-07T22:00,0.6,1.0,206.0
TOS11000033,2026-10-07T22:15,0.7,1.1,162.0
TOS11000033,2026-10-07T22:30,0.6,1.2,164.0
TOS11000033,2026-10-07T22:45,0.7,1.5,243.0
TOS11000033,2026-10-07T23:00,0.8,1.5,177.0
TOS11000033,2026-10-07T23:15,0.5,1.2,254.0
TOS11000033,2026-10-07T23:30,0.6,1.4,138.0
TOS11000033,2026-10-07T23:45,0.7,1.1,168.0
TOS11000034,2026-10-07T00:00,0.4,1.2,294.0
TOS11000034,2026-10-07T00:15,0.3,0.6,330.0
TOS11000034,2026-10-07T00:30,0.3,1.1,334.0
TOS11000034,2026-10-07T00:45,0.4,0.8,359.0
TOS11000034,2026-10-07T01:00,0.3,1.1,294.0
TOS11000034,2026-10-07T01:15,0.3,0.6,324.0
TOS11000034,2026-10-07T01:30,0.4,0.9,315.0
TOS11000034,2026-10-07T01:45,0.2,0.5,317.0
TOS11000034,2026-10-07T02:00,0.3,0.8,323.0
TOS11000034,2026-10-07T02:15,0.2,0.6,344.0
TOS11000034,2026-10-07T02:30,0.4,0.8,0.0
TOS11000034,2026-10-07T02:45,0.5,1.2,303.0
TOS11000034,2026-10-07T03:00,0.3,0.5,329.0
TOS11000034,2026-10-07T03:15,0.4,0.7,340.0
TOS11000034,2026-10-07T03:30,0.3,0.7,320.0
TOS11000034,2026-10-07T03:45,0.3,1.1,303.0
TOS11000034,2026-10-07T04:00,0.6,1.4,315.0
TOS11000034,2026-10-07T04:15,0.3,0.7,346.0
TOS11000034,2026-10-07T04:30,0.3,0.6,350.0
TOS11000034,2026-10-07T04:45,0.3,1.1,317.0
TOS11000034,2026-10-07T05:00,0.4,1.9,340.0
TOS11000034,2026-10-07T05:15,0.4,1.0,296.0
TOS11000034,2026-10-07T05:30,0.3,0.7,355.0
TOS11000034,2026-10-07T05:45,0.3,1.1,48.0
TOS11000034,2026-10-07T06:00,0.4,0.8,2.0
TOS11000034,2026-10-07T06:15,0.3,0.9,328.0
TOS11000034,2026-10-07T06:30,0.4,1.3,323.0
TOS11000034,2026-10-07T06:45,0.3,0.7,356.0
TOS11000034,2026-10-07T07:00,0.3,0.7,339.0
TOS11000034,2026-10-07T07:15,0.4,1.0,342.0
TOS11000034,2026-10-07T07:30,0.6,1.2,8.0
TOS11000034,2026-10-07T07:45,0.5,1.1,20.0
TOS11000034,2026-10-07T08:00,0.4,1.0,17.0
TOS11000034,2026-10-07T08:15,0.5,0.8,336.0
TOS11000034,2026-10-07T08:30,0.7,1.1,15.0
TOS11000034,2026-10-07T08:45,0.4,0.9,51.0
TOS11000034,2026-10-07T09:00,0.6,1.2,197.0
TOS11000034,2026-10-07T09:15,0.6,1.4,105.0
TOS11000034,2026-10-07T09:30,0.7,1.6,129.0
TOS11000034,2026-10-07T09:45,0.7,1.3,189.0
TOS11000034,2026-10-07T10:00,0.6,1.5,162.0
TOS11000034,2026-10-07T10:15,0.8,1.7,148.0
TOS11000034,2026-10-07T10:30,1.1,2.4,132.0
TOS11000034,2026-10-07T10:45,1.3,3.1,123.0
TOS11000034,2026-10-07T11:00,1.2,2.5,125.0
TOS11000034,2026-10-07T11:15,1.2,3.0,124.0
TOS11000034,2026-10-07T11:30,1.1,2.8,115.0
TOS11000034,2026-10-07T11:45,1.2,3.6,104.0
TOS11000034,2026-10-07T12:00,1.4,4.4,116.0
TOS11000034,2026-10-07T12:15,1.6,3.7,122.0
TOS11000034,2026-10-07T12:30,1.1,2.6,118.0
TOS11000034,2026-10-07T12:45,0.7,1.7,95.0
TOS11000034,2026-10-07T13:00,0.8,2.1,108.0
TOS11000034,2026-10-07T13:15,0.6,2.2,28.0
TOS11000034,2026-10-07T13:30,0.7,2.7,32.0
TOS11000034,2026-10-07T13:45,1.4,3.1,128.0
TOS11000034,2026-10-07T14:00,1.3,4.0,121.0
TOS11000034,2026-10-07T14:15,0.9,2.1,108.0
TOS11000034,2026-10-07T14:30,0.9,2.8,105.0
TOS11000034,2026-10-07T14:45,1.1,3.8,118.0
TOS11000034,2026-10-07T15:00,1.0,2.4,121.0
TOS11000034,2026-10-07T15:15,0.6,2.5,99.0
TOS11000034,2026-10-07T15:30,0.9,2.3,115.0
TOS11000034,2026-10-07T15:45,1.0,2.0,121.0
TOS11000034,2026-10-07T16:00,0.9,2.4,104.0
TOS11000034,2026-10-07T16:15,0.6,1.7,123.0
TOS11000034,2026-10-07T16:30,1.2,3.2,114.0
TOS11000034,2026-10-07T16:45,0.9,2.4,128.0
TOS11000034,2026-10-07T17:00,1.0,2.8,118.0
TOS11000034,2026-10-07T17:15,0.8,2.8,113.0
TOS11000034,2026-10-07T17:30,0.8,2.0,105.0
TOS11000034,2026-10-07T17:45,0.7,1.7,119.0
TOS11000034,2026-10-07T18:00,0.6,1.4,100.0
TOS11000034,2026-10-07T18:15,0.7,2.0,64.0
TOS11000034,2026-10-07T18:30,0.5,1.4,19.0
TOS11000034,2026-10-07T18:45,0.4,0.9,331.0
TOS11000034,2026-10-07T19:00,0.3,1.4,28.0
TOS11000034,2026-10-07T19:15,0.4,0.8,147.0
TOS11000034,2026-10-07T19:30,0.3,0.7,13.0
TOS11000034,2026-10-07T19:45,0.4,1.0,2.0
TOS11000034,2026-10-07T20:00,0.8,2.2,87.0
TOS11000034,2026-10-07T20:15,0.8,1.9,156.0
TOS11000034,2026-10-07T20:30,1.0,1.9,141.0
TOS11000034,2026-10-07T20:45,0.4,1.1,75.0
TOS11000034,2026-10-07T21:00,0.4,1.5,269.0
TOS11000034,2026-10-07T21:15,0.6,1.9,41.0
TOS11000034,2026-10-07T21:30,1.2,2.3,114.0
TOS11000034,2026-10-07T21:45,0.9,2.8,74.0
TOS11000034,2026-10-07T22:00,1.3,3.1,123.0
TOS11000034,2026-10-07T22:15,1.7,3.8,115.0
TOS11000034,2026-10-07T22:30,2.5,4.9,118.0
TOS11000034,2026-10-07T22:45,3.1,5.9,137.0
TOS11000034,2026-10-07T23:00,3.1,5.8,134.0
TOS11000034,2026-10-07T23:15,2.5,4.6,125.0
TOS11000034,2026-10-07T23:30,1.6,3.2,133.0
TOS11000034,2026-10-07T23:45,1.2,2.2,157.0
TOS11000036,2026-10-07T00:00,1.0,1.8,176.0
TOS11000036,2026-10-07T00:15,0.8,1.3,174.0
TOS11000036,2026-10-07T00:30,0.7,1.2,183.0
TOS11000036,2026-10-07T00:45,0.7,1.3,175.0
TOS11000036,2026-10-07T01:00,0.9,1.4,171.0
TOS11000036,2026-10-07T01:15,1.0,1.5,187.0
TOS11000036,2026-10-07T01:30,0.7,1.2,176.0
TOS11000036,2026-10-07T01:45,0.7,1.6,186.0
TOS11000036,2026-10-07T02:00,0.7,1.0,181.0
TOS11000036,2026-10-07T02:15,0.5,1.1,220.0
TOS11000036,2026-10-07T02:30,0.4,0.7,177.0
TOS11000036,2026-10-07T02:45,0.6,1.0,174.0
TOS11000036,2026-10-07T03:00,0.8,1.0,171.0
TOS11000036,2026-10-07T03:15,0.7,1.1,188.0
TOS11000036,2026-10-07T03:30,0.9,1.5,186.0
TOS11000036,2026-10-07T03:45,0.8,1.3,192.0
TOS11000036,2026-10-07T04:00,0.8,1.3,193.0
TOS11000036,2026-10-07T04:15,0.9,1.3,193.0
TOS11000036,2026-10-07T04:30,0.9,1.6,194.0
TOS11000036,2026-10-07T04:45,0.6,1.2,197.0
TOS11000036,2026-10-07T05:00,0.7,1.4,188.0
TOS11000036,2026-10-07T05:15,0.2,0.5,2.0
TOS11000036,2026-10-07T05:30,0.5,0.7,221.0
TOS11000036,2026-10-07T05:45,0.6,1.0,209.0
TOS11000036,2026-10-07T06:00,0.5,1.1,246.0
TOS11000036,2026-10-07T06:15,0.5,1.5,130.0
TOS11000036,2026-10-07T06:30,0.8,1.9,189.0
TOS11000036,2026-10-07T06:45,0.9,1.7,212.0
TOS11000036,2026-10-07T07:00,0.7,2.0,169.0
TOS11000036,2026-10-07T07:15,0.7,2.1,131.0
TOS11000036,2026-10-07T07:30,0.7,2.3,87.0
TOS11000036,2026-10-07T07:45,0.6,1.6,68.0
TOS11000036,2026-10-07T08:00,0.7,2.0,61.0
TOS11000036,2026-10-07T08:15,0.6,2.5,68.0
TOS11000036,2026-10-07T08:30,0.8,2.2,103.0
TOS11000036,2026-10-07T08:45,0.8,2.1,101.0
TOS11000036,2026-10-07T09:00,0.7,1.9,79.0
TOS11000036,2026-10-07T09:15,0.6,2.0,85.0
TOS11000036,2026-10-07T09:30,0.6,3.2,71.0
TOS11000036,2026-10-07T09:45,0.7,2.0,86.0
TOS11000036,2026-10-07T10:00,0.6,1.8,93.0
TOS11000036,2026-10-07T10:15,0.9,2.2,108.0
TOS11000036,2026-10-07T10:30,0.6,1.6,112.0
TOS11000036,2026-10-07T10:45,0.6,2.0,77.0
TOS11000036,2026-10-07T11:00,1.1,2.3,123.0
TOS11000036,2026-10-07T11:15,1.5,2.7,139.0
TOS11000036,2026-10-07T11:30,0.9,2.2,119.0
TOS11000036,2026-10-07T11:45,0.8,2.8,88.0
TOS11000036,2026-10-07T12:00,1.2,3.2,97.0
TOS11000036,2026-10-07T12:15,1.4,3.6,111.0
TOS11000036,2026-10-07T12:30,1.1,3.2,123.0
TOS11000036,2026-10-07T12:45,1.1,2.2,132.0
TOS11000036,2026-10-07T13:00,1.0,2.1,131.0
TOS11000036,2026-10-07T13:15,0.6,1.6,105.0
TOS11000036,2026-10-07T13:30,1.0,2.3,107.0
TOS11000036,2026-10-07T13:45,1.3,3.1,108.0
TOS11000036,2026-10-07T14:00,1.5,3.4,110.0
TOS11000036,2026-10-07T14:15,0.9,2.1,92.0
TOS11000036,2026-10-07T14:30,1.6,3.4,103.0
TOS11000036,2026-10-07T14:45,0.8,2.5,81.0
TOS11000036,2026-10-07T15:00,0.9,2.1,92.0
TOS11000036,2026-10-07T15:15,0.6,1.9,90.0
TOS11000036,2026-10-07T15:30,0.9,1.9,94.0
TOS11000036,2026-10-07T15:45,0.8,1.9,111.0
TOS11000036,2026-10-07T16:00,0.8,2.0,109.0
TOS11000036,2026-10-07T16:15,0.7,1.8,113.0
TOS11000036,2026-10-07T16:30,0.5,1.4,104.0
TOS11000036,2026-10-07T16:45,0.3,1.0,105.0
TOS11000036,2026-10-07T17:00,0.4,1.2,132.0
TOS11000036,2026-10-07T17:15,0.4,1.1,107.0
TOS11000036,2026-10-07T17:30,0.4,0.9,125.0
TOS11000036,2026-10-07T17:45,0.7,1.2,148.0
TOS11000036,2026-10-07T18:00,0.8,1.1,151.0
TOS11000036,2026-10-07T18:15,0.8,1.2,151.0
TOS11000036,2026-10-07T18:30,0.6,1.2,153.0
TOS11000036,2026-10-07T18:45,0.7,1.7,106.0
TOS11000036,2026-10-07T19:00,0.6,1.9,105.0
TOS11000036,2026-10-07T19:15,0.3,0.7,56.0
TOS11000036,2026-10-07T19:30,0.8,1.2,255.0
TOS11000036,2026-10-07T19:45,3.0,9.0,220.0
TOS11000036,2026-10-07T20:00,2.7,6.2,143.0
TOS11000036,2026-10-07T20:15,3.3,4.6,171.0
TOS11000036,2026-10-07T20:30,2.9,4.1,175.0
TOS11000036,2026-10-07T20:45,2.6,3.7,153.0
TOS11000036,2026-10-07T21:00,2.3,3.3,168.0
TOS11000036,2026-10-07T21:15,1.3,2.2,165.0
TOS11000036,2026-10-07T21:30,1.3,1.9,178.0
TOS11000036,2026-10-07T21:45,1.5,2.5,166.0
TOS11000036,2026-10-07T22:00,1.6,2.7,164.0
TOS11000036,2026-10-07T22:15,1.5,2.5,165.0
TOS11000036,2026-10-07T22:30,1.5,2.4,149.0
TOS11000036,2026-10-07T22:45,1.4,2.3,142.0
TOS11000036,2026-10-07T23:00,0.4,1.8,94.0
TOS11000036,2026-10-07T23:15,0.3,0.6,320.0
TOS11000036,2026-10-07T23:30,0.6,1.9,152.0
TOS11000036,2026-10-07T23:45,1.7,2.3,169.0
TOS11000045,2026-10-07T00:00,0.6,1.3,107.0
TOS11000045,2026-10-07T00:15,0.5,0.9,300.0
TOS11000045,2026-10-07T00:30,0.6,1.4,291.0
TOS11000045,2026-10-07T00:45,1.7,2.3,100.0
TOS11000045,2026-10-07T01:00,1.6,2.3,130.0
TOS11000045,2026-10-07T01:15,1.9,2.5,134.0
TOS11000045,2026-10-07T01:30,1.8,2.6,133.0
TOS11000045,2026-10-07T01:45,1.8,2.4,130.0
TOS11000045,2026-10-07T02:00,1.7,2.4,110.0
TOS11000045,2026-10-07T02:15,1.4,1.7,73.0
TOS11000045,2026-10-07T02:30,0.9,1.4,3.0
TOS11000045,2026-10-07T02:45,2.0,3.1,146.0
TOS11000045,2026-10-07T03:00,2.2,3.5,135.0
TOS11000045,2026-10-07T03:15,2.8,3.7,144.0
TOS11000045,2026-10-07T03:30,2.7,3.4,130.0
TOS11000045,2026-10-07T03:45,2.2,3.0,126.0
TOS11000045,2026-10-07T04:00,2.5,3.4,134.0
TOS11000045,2026-10-07T04:15,2.4,3.2,131.0
TOS11000045,2026-10-07T04:30,2.6,3.5,124.0
TOS11000045,2026-10-07T04:45,2.8,4.2,135.0
TOS11000045,2026-10-07T05:00,3.1,4.3,132.0
TOS11000045,2026-10-07T05:15,3.4,4.7,135.0
TOS11000045,2026-10-07T05:30,2.8,4.1,127.0
TOS11000045,2026-10-07T05:45,2.1,3.1,117.0
TOS11000045,2026-10-07T06:00,2.3,3.3,132.0
TOS11000045,2026-10-07T06:15,2.1,2.6,131.0
TOS11000045,2026-10-07T06:30,1.6,2.2,100.0
TOS11000045,2026-10-07T06:45,1.7,2.7,107.0
TOS11000045,2026-10-07T07:00,2.0,2.6,110.0
TOS11000045,2026-10-07T07:15,1.7,2.5,102.0
TOS11000045,2026-10-07T07:30,2.1,2.9,110.0
TOS11000045,2026-10-07T07:45,2.0,2.7,120.0
TOS11000045,2026-10-07T08:00,2.0,3.1,102.0
TOS11000045,2026-10-07T08:15,2.0,3.0,89.0
TOS11000045,2026-10-07T08:30,2.3,3.2,109.0
TOS11000045,2026-10-07T08:45,2.3,3.6,111.0
TOS11000045,2026-10-07T09:00,2.1,3.8,109.0
TOS11000045,2026-10-07T09:15,2.5,3.9,119.0
TOS11000045,2026-10-07T09:30,2.5,3.7,120.0
TOS11000045,2026-10-07T09:45,1.5,2.8,116.0
TOS11000045,2026-10-07T10:00,1.8,3.3,74.0
TOS11000045,2026-10-07T10:15,1.6,3.5,102.0
TOS11000045,2026-10-07T10:30,1.4,3.3,98.0
TOS11000045,2026-10-07T10:45,1.1,2.5,89.0
TOS11000045,2026-10-07T11:00,1.1,2.1,95.0
TOS11000045,2026-10-07T11:15,1.5,2.7,115.0
TOS11000045,2026-10-07T11:30,1.3,2.6,124.0
TOS11000045,2026-10-07T11:45,1.5,2.6,129.0
TOS11000045,2026-10-07T12:00,2.1,3.3,115.0
TOS11000045,2026-10-07T12:15,2.6,4.2,124.0
TOS11000045,2026-10-07T12:30,3.0,5.3,134.0
TOS11000045,2026-10-07T12:45,3.0,4.5,138.0
TOS11000045,2026-10-07T13:00,3.1,5.2,146.0
TOS11000045,2026-10-07T13:15,2.5,4.5,150.0
TOS11000045,2026-10-07T13:30,2.1,4.1,156.0
TOS11000045,2026-10-07T13:45,1.7,3.1,156.0
TOS11000045,2026-10-07T14:00,1.8,3.9,146.0
TOS11000045,2026-10-07T14:15,2.9,3.9,125.0
TOS11000045,2026-10-07T14:30,2.4,4.0,131.0
TOS11000045,2026-10-07T14:45,2.0,4.0,124.0
TOS11000045,2026-10-07T15:00,2.4,4.4,142.0
TOS11000045,2026-10-07T15:15,2.8,4.6,139.0
TOS11000045,2026-10-07T15:30,2.3,4.0,128.0
TOS11000045,2026-10-07T15:45,1.6,3.1,155.0
TOS11000045,2026-10-07T16:00,2.1,3.4,142.0
TOS11000045,2026-10-07T16:15,2.5,3.6,133.0
TOS11000045,2026-10-07T16:30,2.5,4.2,142.0
TOS11000045,2026-10-07T16:45,2.4,4.0,152.0
TOS11000045,2026-10-07T17:00,2.2,3.5,146.0
TOS11000045,2026-10-07T17:15,2.1,3.2,156.0
TOS11000045,2026-10-07T17:30,2.1,3.6,148.0
TOS11000045,2026-10-07T17:45,2.0,2.8,146.0
TOS11000045,2026-10-07T18:00,1.6,2.4,143.0
TOS11000045,2026-10-07T18:15,1.3,2.1,129.0
TOS11000045,2026-10-07T18:30,1.5,2.1,122.0
TOS11000045,2026-10-07T18:45,1.9,2.6,134.0
TOS11000045,2026-10-07T19:00,2.3,2.8,125.0
TOS11000045,2026-10-07T19:15,2.2,2.9,128.0
TOS11000045,2026-10-07T19:30,2.0,2.6,132.0
TOS11000045,2026-10-07T19:45,1.6,2.3,137.0
TOS11000045,2026-10-07T20:00,1.5,2.3,154.0
TOS11000045,2026-10-07T20:15,1.9,3.0,201.0
TOS11000045,2026-10-07T20:30,2.9,5.3,213.0
TOS11000045,2026-10-07T20:45,2.4,5.3,124.0
TOS11000045,2026-10-07T21:00,2.0,3.8,129.0
TOS11000045,2026-10-07T21:15,1.1,15.2,317.0
TOS11000045,2026-10-07T21:30,1.5,2.5,71.0
TOS11000045,2026-10-07T21:45,1.9,2.9,82.0
TOS11000045,2026-10-07T22:00,1.4,2.8,108.0
TOS11000045,2026-10-07T22:15,1.0,5.6,161.0
TOS11000045,2026-10-07T22:30,0.8,7.8,97.0
TOS11000045,2026-10-07T22:45,0.8,1.1,36.0
TOS11000045,2026-10-07T23:00,1.3,1.6,113.0
TOS11000045,2026-10-07T23:15,1.8,4.3,139.0
TOS11000045,2026-10-07T23:30,2.1,2.7,150.0
TOS11000045,2026-10-07T23:45,2.6,3.6,152.0
TOS11000046,2026-10-07T00:00,0.7,1.5,135.0
TOS11000046,2026-10-07T00:15,0.7,1.8,141.0
TOS11000046,2026-10-07T00:30,0.7,1.2,143.0
TOS11000046,2026-10-07T00:45,0.8,2.4,137.0
TOS11000046,2026-10-07T01:00,0.6,1.5,133.0
TOS11000046,2026-10-07T01:15,0.7,1.6,120.0
TOS11000046,2026-10-07T01:30,0.5,1.1,132.0
TOS11000046,2026-10-07T01:45,0.6,1.7,140.0
TOS11000046,2026-10-07T02:00,0.5,1.0,126.0
TOS11000046,2026-10-07T02:15,0.6,1.0,140.0
TOS11000046,2026-10-07T02:30,0.8,1.8,137.0
TOS11000046,2026-10-07T02:45,0.6,1.2,150.0
TOS11000046,2026-10-07T03:00,0.6,1.4,124.0
TOS11000046,2026-10-07T03:15,0.7,1.5,131.0
TOS11000046,2026-10-07T03:30,0.5,1.2,128.0
TOS11000046,2026-10-07T03:45,0.6,1.3,122.0
TOS11000046,2026-10-07T04:00,0.6,1.3,124.0
TOS11000046,2026-10-07T04:15,0.6,1.5,126.0
TOS11000046,2026-10-07T04:30,0.6,1.6,132.0
TOS11000046,2026-10-07T04:45,0.6,1.3,155.0
TOS11000046,2026-10-07T05:00,0.6,1.0,161.0
TOS11000046,2026-10-07T05:15,0.3,0.5,356.0
TOS11000046,2026-10-07T05:30,0.4,0.5,101.0
TOS11000046,2026-10-07T05:45,0.4,0.6,128.0
TOS11000046,2026-10-07T06:00,0.4,0.7,109.0
TOS11000046,2026-10-07T06:15,0.5,0.9,116.0
TOS11000046,2026-10-07T06:30,0.5,0.9,125.0
TOS11000046,2026-10-07T06:45,0.4,0.9,147.0
TOS11000046,2026-10-07T07:00,0.4,1.2,115.0
TOS11000046,2026-10-07T07:15,0.6,1.1,124.0
TOS11000046,2026-10-07T07:30,0.4,0.8,119.0
TOS11000046,2026-10-07T07:45,0.4,0.8,149.0
TOS11000046,2026-10-07T08:00,0.4,1.0,118.0
TOS11000046,2026-10-07T08:15,0.6,1.8,92.0
TOS11000046,2026-10-07T08:30,0.4,1.0,170.0
TOS11000046,2026-10-07T08:45,0.9,2.9,84.0
TOS11000046,2026-10-07T09:00,1.6,2.8,56.0
TOS11000046,2026-10-07T09:15,1.1,2.7,69.0
TOS11000046,2026-10-07T09:30,1.1,2.2,67.0
TOS11000046,2026-10-07T09:45,1.4,2.5,58.0
TOS11000046,2026-10-07T10:00,1.3,3.4,58.0
TOS11000046,2026-10-07T10:15,1.4,2.9,53.0
TOS11000046,2026-10-07T10:30,1.3,2.9,55.0
TOS11000046,2026-10-07T10:45,1.1,2.7,56.0
TOS11000046,2026-10-07T11:00,1.1,2.8,57.0
TOS11000046,2026-10-07T11:15,0.6,1.5,104.0
TOS11000046,2026-10-07T11:30,0.6,1.8,89.0
TOS11000046,2026-10-07T11:45,0.5,1.2,108.0
TOS11000046,2026-10-07T12:00,0.6,1.5,83.0
TOS11000046,2026-10-07T12:15,1.0,2.4,88.0
TOS11000046,2026-10-07T12:30,0.7,1.7,109.0
TOS11000046,2026-10-07T12:45,0.8,2.4,120.0
TOS11000046,2026-10-07T13:00,0.8,2.5,117.0
TOS11000046,2026-10-07T13:15,0.7,1.8,117.0
TOS11000046,2026-10-07T13:30,0.6,1.7,97.0
TOS11000046,2026-10-07T13:45,0.7,1.7,112.0
TOS11000046,2026-10-07T14:00,0.7,2.0,95.0
TOS11000046,2026-10-07T14:15,0.7,1.8,108.0
TOS11000046,2026-10-07T14:30,0.8,1.9,100.0
TOS11000046,2026-10-07T14:45,0.7,1.8,111.0
TOS11000046,2026-10-07T15:00,1.1,2.9,99.0
TOS11000046,2026-10-07T15:15,0.9,2.4,93.0
TOS11000046,2026-10-07T15:30,0.7,1.5,90.0
TOS11000046,2026-10-07T15:45,0.7,1.4,97.0
TOS11000046,2026-10-07T16:00,0.5,1.2,128.0
TOS11000046,2026-10-07T16:15,0.5,1.9,88.0
TOS11000046,2026-10-07T16:30,0.2,0.5,150.0
TOS11000046,2026-10-07T16:45,0.3,0.7,115.0
TOS11000046,2026-10-07T17:00,0.3,0.8,149.0
TOS11000046,2026-10-07T17:15,0.5,0.8,107.0
TOS11000046,2026-10-07T17:30,0.4,0.7,111.0
TOS11000046,2026-10-07T17:45,0.6,1.1,109.0
TOS11000046,2026-10-07T18:00,0.5,1.4,116.0
TOS11000046,2026-10-07T18:15,0.5,1.1,116.0
TOS11000046,2026-10-07T18:30,0.5,1.2,124.0
TOS11000046,2026-10-07T18:45,0.6,1.7,110.0
TOS11000046,2026-10-07T19:00,0.7,2.1,119.0
TOS11000046,2026-10-07T19:15,0.6,1.5,117.0
TOS11000046,2026-10-07T19:30,0.6,1.7,116.0
TOS11000046,2026-10-07T19:45,0.6,1.5,123.0
TOS11000046,2026-10-07T20:00,0.9,2.3,146.0
TOS11000046,2026-10-07T20:15,2.0,8.5,180.0
TOS11000046,2026-10-07T20:30,0.8,1.8,88.0
TOS11000046,2026-10-07T20:45,0.7,1.5,151.0
TOS11000046,2026-10-07T21:00,0.7,1.5,164.0
TOS11000046,2026-10-07T21:15,0.8,1.9,113.0
TOS11000046,2026-10-07T21:30,0.5,1.1,106.0
TOS11000046,2026-10-07T21:45,0.7,1.6,194.0
TOS11000046,2026-10-07T22:00,0.4,0.8,143.0
TOS11000046,2026-10-07T22:15,0.5,0.8,143.0
TOS11000046,2026-10-07T22:30,0.4,0.8,150.0
TOS11000046,2026-10-07T22:45,0.4,1.3,141.0
TOS11000046,2026-10-07T23:00,0.4,0.9,119.0
TOS11000046,2026-10-07T23:15,0.6,1.3,146.0
TOS11000046,2026-10-07T23:30,0.6,1.3,131.0
TOS11000046,2026-10-07T23:45,0.8,1.6,139.0
TOS11000048,2026-10-07T00:00,0.4,0.9,68.0
TOS11000048,2026-10-07T00:15,0.5,1.0,56.0
TOS11000048,2026-10-07T00:30,0.5,0.9,106.0
TOS11000048,2026-10-07T00:45,0.4,0.9,125.0
TOS11000048,2026-10-07T01:00,0.6,1.5,90.0
TOS11000048,2026-10-07T01:15,0.5,0.8,74.0
TOS11000048,2026-10-07T01:30,0.6,0.9,35.0
TOS11000048,2026-10-07T01:45,0.5,0.7,105.0
TOS11000048,2026-10-07T02:00,0.6,1.0,74.0
TOS11000048,2026-10-07T02:15,0.4,0.8,80.0
TOS11000048,2026-10-07T02:30,0.5,1.0,94.0
TOS11000048,2026-10-07T02:45,0.6,0.9,55.0
TOS11000048,2026-10-07T03:00,0.6,1.0,86.0
TOS11000048,2026-10-07T03:15,0.5,0.9,68.0
TOS11000048,2026-10-07T03:30,0.7,1.0,79.0
TOS11000048,2026-10-07T03:45,0.6,0.9,68.0
TOS11000048,2026-10-07T04:00,0.5,0.9,106.0
TOS11000048,2026-10-07T04:15,0.4,0.9,58.0
TOS11000048,2026-10-07T04:30,0.8,1.1,92.0
TOS11000048,2026-10-07T04:45,0.5,1.2,68.0
TOS11000048,2026-10-07T05:00,0.5,0.9,71.0
TOS11000048,2026-10-07T05:15,0.8,1.1,59.0
TOS11000048,2026-10-07T05:30,0.6,1.0,83.0
TOS11000048,2026-10-07T05:45,0.3,0.9,100.0
TOS11000048,2026-10-07T06:00,0.7,1.3,78.0
TOS11000048,2026-10-07T06:15,0.5,1.0,126.0
TOS11000048,2026-10-07T06:30,0.5,1.0,68.0
TOS11000048,2026-10-07T06:45,0.3,0.5,88.0
TOS11000048,2026-10-07T07:00,0.4,0.9,43.0
TOS11000048,2026-10-07T07:15,0.6,1.2,39.0
TOS11000048,2026-10-07T07:30,0.5,0.9,90.0
TOS11000048,2026-10-07T07:45,0.3,0.6,356.0
TOS11000048,2026-10-07T08:00,0.5,1.3,45.0
TOS11000048,2026-10-07T08:15,0.5,1.1,335.0
TOS11000048,2026-10-07T08:30,0.8,1.3,345.0
TOS11000048,2026-10-07T08:45,0.5,1.1,255.0
TOS11000048,2026-10-07T09:00,0.4,0.7,257.0
TOS11000048,2026-10-07T09:15,0.6,1.3,4.0
TOS11000048,2026-10-07T09:30,0.5,1.1,238.0
TOS11000048,2026-10-07T09:45,0.5,1.2,218.0
TOS11000048,2026-10-07T10:00,0.9,2.0,321.0
TOS11000048,2026-10-07T10:15,0.7,1.9,291.0
TOS11000048,2026-10-07T10:30,0.6,1.2,237.0
TOS11000048,2026-10-07T10:45,0.4,0.9,199.0
TOS11000048,2026-10-07T11:00,0.5,1.1,231.0
TOS11000048,2026-10-07T11:15,0.5,1.0,237.0
TOS11000048,2026-10-07T11:30,0.5,1.1,218.0
TOS11000048,2026-10-07T11:45,0.8,1.6,209.0
TOS11000048,2026-10-07T12:00,0.7,1.3,201.0
TOS11000048,2026-10-07T12:15,0.5,1.5,200.0
TOS11000048,2026-10-07T12:30,0.4,0.9,348.0
TOS11000048,2026-10-07T12:45,0.5,1.1,220.0
TOS11000048,2026-10-07T13:00,0.5,1.0,173.0
TOS11000048,2026-10-07T13:15,0.5,1.1,43.0
TOS11000048,2026-10-07T13:30,1.2,2.1,125.0
TOS11000048,2026-10-07T13:45,1.0,1.8,211.0
TOS11000048,2026-10-07T14:00,0.4,0.8,194.0
TOS11000048,2026-10-07T14:15,0.4,0.8,252.0
TOS11000048,2026-10-07T14:30,0.4,0.8,239.0
TOS11000048,2026-10-07T14:45,0.3,0.7,240.0
TOS11000048,2026-10-07T15:00,0.6,1.1,215.0
TOS11000048,2026-10-07T15:15,0.5,0.7,208.0
TOS11000048,2026-10-07T15:30,0.5,1.1,204.0
TOS11000048,2026-10-07T15:45,0.7,1.1,102.0
TOS11000048,2026-10-07T16:00,1.2,2.5,90.0
TOS11000048,2026-10-07T16:15,0.7,1.4,109.0
TOS11000048,2026-10-07T16:30,0.6,1.4,234.0
TOS11000048,2026-10-07T16:45,0.2,0.5,120.0
TOS11000048,2026-10-07T17:00,0.2,0.4,23.0
TOS11000048,2026-10-07T17:15,0.3,1.1,228.0
TOS11000048,2026-10-07T17:30,0.4,1.0,31.0
TOS11000048,2026-10-07T17:45,0.8,1.1,80.0
TOS11000048,2026-10-07T18:00,0.8,1.1,144.0
TOS11000048,2026-10-07T18:15,0.6,1.1,182.0
TOS11000048,2026-10-07T18:30,0.5,1.3,63.0
TOS11000048,2026-10-07T18:45,0.6,1.3,64.0
TOS11000048,2026-10-07T19:00,0.8,1.6,163.0
TOS11000048,2026-10-07T19:15,0.6,1.9,23.0
TOS11000048,2026-10-07T19:30,0.8,1.6,10.0
TOS11000048,2026-10-07T19:45,1.0,2.0,53.0
TOS11000048,2026-10-07T20:00,1.0,2.1,156.0
TOS11000048,2026-10-07T20:15,0.6,1.6,239.0
TOS11000048,2026-10-07T20:30,0.3,0.6,240.0
TOS11000048,2026-10-07T20:45,0.8,2.0,63.0
TOS11000048,2026-10-07T21:00,1.1,2.3,53.0
TOS11000048,2026-10-07T21:15,0.7,1.7,169.0
TOS11000048,2026-10-07T21:30,0.9,1.6,95.0
TOS11000048,2026-10-07T21:45,0.4,0.9,292.0
TOS11000048,2026-10-07T22:00,0.7,1.8,355.0
TOS11000048,2026-10-07T22:15,1.0,1.9,348.0
TOS11000048,2026-10-07T22:30,0.7,2.1,340.0
TOS11000048,2026-10-07T22:45,0.4,0.7,319.0
TOS11000048,2026-10-07T23:00,0.6,1.4,336.0
TOS11000048,2026-10-07T23:15,0.4,1.2,323.0
TOS11000048,2026-10-07T23:30,0.9,2.0,116.0
TOS11000048,2026-10-07T23:45,0.5,1.2,132.0
